source,cls,subject,tgt_mean,tgt_std,ring_mean,ring_std,contrast_z,contrast_abs
hu_lwk1,l1_center,19927245_20220630115323,184.0046838407494,28.663287547018886,195.64827930174565,85.08872402317515,-0.13684063849616898,-11.643595460996238
hu_lwk1,l1_center,20856602_20240828100450,226.3584779706275,46.986295315582815,230.4222378606615,93.77326577753287,-0.04333601707270005,-4.063759890034021
hu_lwk1,l1_center,20985852_20201128161159,137.8401913875598,21.448019102200252,140.78822733423544,36.04570391518638,-0.08178605339005623,-2.9480359466756454
hu_lwk1,l1_center,21443565_20230618201728,176.2097902097902,24.896134770871857,165.16356132075472,52.713906256211864,0.20955056196737892,11.04622888903549
hu_lwk1,l1_center,21711659_20210810001648,247.29137931034484,24.711359837007244,243.17688937568457,53.03993651655313,0.07757343102782101,4.11448993466027
hu_lwk1,l1_center,21711659_20230815221838,243.67023172905525,27.217156461112072,241.39580123266563,52.39664716508404,0.04340793879073438,2.2744304963896127
hu_lwk1,l1_center,21962171_20240605135713,138.13861386138615,115.85608217222106,148.92226328533198,118.64976017453301,-0.09088639806095483,-10.783649423945832
hu_lwk1,l1_center,23942151_20211012012728,167.48496993987976,21.584648912745166,174.47368421052633,45.05521910583263,-0.1551144185785887,-6.988714270646568
hu_lwk1,l1_center,24168972_20220508154531,156.01268742791234,39.003901565087936,153.81582071831403,34.642799296756884,0.06341481320157517,2.1968667095983108
hu_lwk1,l1_center,24876713_20230403123149,148.02147131291798,25.48683802363037,152.8307722423412,48.81768260971523,-0.09851554956749557,-4.809300929423216
hu_lwk1,l1_center,25203011_20241005201011,226.64931506849314,28.0169116733718,226.539373088685,71.77868515388421,0.0015316800250763265,0.10994197980812714
hu_lwk1,l1_center,26183839_20201217114443,240.02626711061782,36.23610828791056,273.0331369032368,117.54232820148886,-0.28080836934955783,-33.006869792619
hu_lwk1,l1_center,26245249_20230417165056,152.03973509933775,25.524748185001798,149.26943779904306,35.15693726991412,0.07879802498801196,2.7702973002946862
hu_lwk1,l1_center,26535115_20240510012711,134.47074468085106,19.913755415907854,130.55668016194332,34.128268197979956,0.11468687428014687,3.914064518907736
hu_lwk1,l1_center,27441734_20211016160607,163.9632796780684,36.69063060172121,175.19682501790405,67.44297825402518,-0.16656359882211455,-11.233545339835644
hu_lwk1,l1_center,27441734_20240726125039,131.1410352588147,29.158406458435035,152.63646308113036,85.29061169055747,-0.2520257170657589,-21.495427822315662
hu_lwk1,l1_center,28077955_20230612231845,168.38929440389293,63.187289282852994,181.20878977569117,100.19677609300906,-0.12794319082637123,-12.81949537179824
hu_lwk1,l1_center,28279914_20210712083038,181.8802197802198,37.20170656542879,178.66250528988573,54.662475080797584,0.058865143349487115,3.2177144903340604
hu_lwk1,l1_center,29541000_20221009144137,165.44278283485045,24.51895401337354,182.37448078920042,50.392837141468405,-0.33599413287295743,-16.93169795434997
hu_lwk1,l1_center,33839529_20240907143657,201.96156991005725,27.067209795331227,209.35426813637528,81.02183286642241,-0.09124328435352488,-7.392698226318032
hu_lwk1,l1_center,43503901_20220812204636,214.18085106382978,23.052266899477985,222.56002759889606,48.97703152048495,-0.17108379384891553,-8.379176535066279
hu_lwk1,l1_center,43517015_20220821155224,216.1830624465355,18.32948198582385,210.23783783783784,56.358905995239354,0.10548864280139165,5.945224608697657
hu_lwk1,l1_center,43560590_20220910080841,189.85573770491803,25.098863697028616,179.4550468836183,46.969195287249676,0.22143642309083125,10.400690821299719
hu_lwk1,l1_center,43787241_20221229165954,178.77626459143968,18.66160201959557,179.61807029959897,33.47236629599032,-0.025149273151652034,-0.8418057081592849
hu_lwk1,l1_center,43797212_20230110192527,146.3548387096774,22.605989726569465,146.63239481176842,33.009958151483524,-0.008408253424892166,-0.2775561020910118
hu_lwk1,l1_center,43921940_20230303205949,165.57120253164558,20.62399962614512,175.47840589887642,48.81649409259692,-0.20294786318514857,-9.907203367230835
hu_lwk1,l1_center,43942832_20230325194821,148.70964187327823,23.356525049890887,164.65534554046073,39.485239110002176,-0.40383960241242717,-15.9457036671825
hu_lwk1,l1_center,44043319_20230502105149,175.28256070640177,23.2597309138456,164.82332506203474,32.51975619204603,0.321627113714282,10.459235644367027
hu_lwk1,l1_center,44085976_20230611061626,192.3584288052373,23.44490718296327,194.7233581164808,44.09307056663699,-0.053634941436760994,-2.364929311243486
hu_lwk1,l1_center,44151758_20230622162215,172.79296235679215,30.60214870396732,192.81114050558494,60.42026087411467,-0.3313156469017063,-20.0181781487928
hu_lwk1,l1_center,44203820_20230714171443,132.9423197492163,49.97493223279102,147.5351724137931,62.3148391986792,-0.23417941244894847,-14.59285266457681
hu_lwk1,l1_center,44316900_20230905181914,126.91612903225807,24.534916777686657,141.04625948680882,44.81033963866324,-0.315331913419087,-14.130130454550752
hu_lwk1,l1_center,44348934_20231121083650,273.9708576186511,29.140190306595866,271.4096515572001,75.75668298119967,0.03380831798401591,2.561206061451003
hu_lwk1,l1_center,44498502_20231228212147,157.0,19.422903772055076,161.4091586001489,27.036001856563406,-0.16308470684595014,-4.409158600148913
hu_lwk1,l1_center,44618370_20240409025456,168.63974719101122,23.924656289856557,165.77700590482806,41.87696727625642,0.06836075781078677,2.862741286183166
hu_lwk1,l1_center,44667428_20240316141920,192.41476407914763,23.348184340687954,197.78636363636363,66.39102345850505,-0.08090852040659949,-5.371599557216001
isles22,stroke_lesion,sub-strokecase0197,146.689448928833,45.25002322315584,65.4258724639049,35.13333858600431,2.3130046110760336,81.26357646492811
isles22,stroke_lesion,sub-strokecase0021,445.3597001534283,124.93615585564632,217.88715328296217,86.98972971072149,2.6149356367927017,227.47254687046615
isles22,stroke_lesion,sub-strokecase0245,154.69701787086652,40.6364803394533,89.08560510014378,24.455085205161005,2.682935247918942,65.61141277072274
isles22,stroke_lesion,sub-strokecase0044,326.8624982462301,84.20680994312664,160.5326346630106,116.93484379242643,1.4224148830784802,166.32986358321946
isles22,stroke_lesion,sub-strokecase0016,410.9860346867488,126.2218737608427,261.42261471674993,124.47837470816366,1.2015213013435075,149.56341996999885
isles22,stroke_lesion,sub-strokecase0218,524.9315542268924,148.0394888413854,279.78030380626427,123.43350568259606,1.9860996986095845,245.15125042062817
isles22,stroke_lesion,sub-strokecase0222,541.568263930597,124.64390525427822,174.38941140579792,129.31615527687896,2.83938885206758,367.17885252479914
isles22,stroke_lesion,sub-strokecase0023,321.39397008755805,193.2359106027882,95.14425135525832,107.67979761884679,2.101134304059704,226.24971873229973
isles22,stroke_lesion,sub-strokecase0108,318.92884991847046,98.45927665972127,189.4138842099791,54.25916980161004,2.386969129735544,129.51496570849136
isles22,stroke_lesion,sub-strokecase0152,383.3032934425851,93.3410604888,224.57157522776305,58.79543009179434,2.699728792990772,158.73171821482202
isles22,stroke_lesion,sub-strokecase0129,377.3656800446687,151.51043633414704,182.4353067069996,65.28821103915502,2.985690176670244,194.9303733376691
isles22,stroke_lesion,sub-strokecase0019,458.78977559561827,112.02663000566915,209.97603599477003,112.13889585031944,2.2187996011139597,248.81373960084824
isles22,stroke_lesion,sub-strokecase0103,327.5505377451579,80.94647287070539,209.33139366016053,60.397497826823894,1.957351651662992,118.21914408499737
isles22,stroke_lesion,sub-strokecase0153,158.5781419585472,62.97695700295109,86.70299104972456,38.824026921267475,1.8513058731201368,71.87515090882265
isles22,stroke_lesion,sub-strokecase0092,280.8374372499101,76.66062569572603,196.35084490927733,80.41563968528078,1.0506238788954543,84.4865923406328
isles22,stroke_lesion,sub-strokecase0029,417.52014744031374,163.1611844681575,196.36675320016457,95.75717441041131,2.3095229500274503,221.15339424014917
isles22,stroke_lesion,sub-strokecase0055,317.49888173625936,71.27229001960339,135.7682622132917,55.95359136542696,3.247881178675791,181.73061952296766
isles22,stroke_lesion,sub-strokecase0159,163.20847037487232,56.15572727207598,77.1227831050798,36.80776235381827,2.3387915870433456,86.08568726979252
isles22,stroke_lesion,sub-strokecase0231,450.7627409226454,135.26321482191184,205.75520441151144,95.23497490365652,2.57266339584097,245.00753651113394
isles22,stroke_lesion,sub-strokecase0193,401.8964968504269,83.10772459072855,178.18266932643098,72.0729555776122,3.1039912631180644,223.71382752399592
isles22,stroke_lesion,sub-strokecase0162,166.7065112505812,41.26362002607725,79.656199790366,36.1283616644225,2.4094729193453936,87.0503114602152
isles22,stroke_lesion,sub-strokecase0227,207.0548786114513,41.647155533220285,106.3348139758032,33.98873812494808,2.9633363057507056,100.7200646356481
isles22,stroke_lesion,sub-strokecase0093,201.43590981619698,22.743842958440215,144.18948535732804,15.999892615360384,3.577925318447783,57.246424458868944
isles22,stroke_lesion,sub-strokecase0213,505.5005416680331,166.6923779953852,214.42948572191142,122.66129026859583,2.3729658552896935,291.0710559461217
isles22,stroke_lesion,sub-strokecase0164,108.25454554281944,28.910707610974836,53.03813157047902,20.84480422544473,2.64892923561306,55.216413972340426
isles22,stroke_lesion,sub-strokecase0206,589.9356945616987,198.50846027235454,226.19419039154508,103.47447155858241,3.5152776832394115,363.74150417015363
isles22,stroke_lesion,sub-strokecase0223,401.3877171001429,134.10370481695037,175.8122666399758,115.05564182187013,1.9605770297542418,225.57545046016708
isles22,stroke_lesion,sub-strokecase0115,290.4391184488932,49.44287792055584,184.54535383648343,53.62188534674125,1.9748235622979955,105.8937646124098
isles22,stroke_lesion,sub-strokecase0186,175.03756403590975,45.7419214113373,89.75106203870932,46.919933853206544,1.8177029073895206,85.28650199720043
isles22,stroke_lesion,sub-strokecase0042,437.28771756901654,153.86335475410803,204.61363287353942,60.47258414484212,3.8475961320023466,232.67408469547712
isles22,stroke_lesion,sub-strokecase0185,371.30966133217623,78.75942294737202,158.52947030251855,84.28852163104476,2.524426628771964,212.7801910296577
isles22,stroke_lesion,sub-strokecase0085,366.3122221206837,53.67567117098599,207.66147718694603,106.21315264379335,1.4937014813231522,158.65074493373768
isles22,stroke_lesion,sub-strokecase0069,243.42850539263557,64.34560469225215,151.67635915645215,25.511535685851456,3.5964962583797866,91.75214623618342
isles22,stroke_lesion,sub-strokecase0179,380.3323184004775,105.69729820280806,148.19426465494823,99.89672725137636,2.323780346052834,232.13805374552928
isles22,stroke_lesion,sub-strokecase0134,230.95531378851996,46.36463489408176,124.11053725741557,43.28683138694946,2.468297416082518,106.84477653110439
isles22,stroke_lesion,sub-strokecase0138,343.2807287597656,82.02711537584993,239.75584022919713,45.028990972912716,2.299071864474428,103.52488853056849
isles22,stroke_lesion,sub-strokecase0172,388.4755086689205,59.60759652295692,209.57366397150696,118.31841255351713,1.5120372165613398,178.90184469741354
isles22,stroke_lesion,sub-strokecase0095,371.22767402895033,129.22023506740553,166.3281780677066,67.56940475196399,3.0324300425757125,204.89949596124373
isles22,stroke_lesion,sub-strokecase0106,446.64225855897655,94.13353614871956,246.97011955202208,82.97122980601401,2.4065225629084153,199.67213900695447
isles22,stroke_lesion,sub-strokecase0217,471.01602376552637,136.34471101981097,170.72796170921677,138.47099133797045,2.1685990472530685,300.2880620563096
shifts_ms,ms_lesion,ljubljana_dev_out_0013,153.20406925551166,18.84033270224785,117.07453484089885,17.888434554453674,2.019714597435417,36.129534414612806
shifts_ms,ms_lesion,best_train_0028,652.0172018559953,58.351217467219016,482.9424992717585,100.78094179769077,1.6776455735648352,169.07470258423677
shifts_ms,ms_lesion,ljubljana_dev_out_0016,172.3358549274715,20.611293198483494,118.64010964925275,33.995396452658404,1.579500441287525,53.69574527821875
shifts_ms,ms_lesion,best_eval_in_0026,840.624600027214,90.4598622523687,649.0448621100634,125.87844994874388,1.521942290147497,191.57973791715062
shifts_ms,ms_lesion,best_eval_in_0025,724.3397276964955,71.68685397659681,587.9799689771726,95.56113417438989,1.4269374099677603,136.35975871932294
shifts_ms,ms_lesion,ljubljana_dev_out_0009,165.15318213770195,21.14858014448912,109.63918035713692,29.777196477180787,1.8643125103733207,55.514001780565025
shifts_ms,ms_lesion,best_train_0030,852.5432171015245,81.5866281495935,624.746101094918,145.8909447744659,1.5614205172044062,227.79711600660653
shifts_ms,ms_lesion,ljubljana_dev_out_0018,138.7868573714605,15.09453996448975,95.9958988942403,30.73380036563168,1.3923093329115983,42.790958477220215
shifts_ms,ms_lesion,best_train_0029,791.5711700011735,75.58422417161535,594.8113965267445,121.43385566951923,1.6203040805160984,196.75977347442904
shifts_ms,ms_lesion,best_eval_in_0032,825.83412838839,97.4932278993222,636.4894057556943,138.36271012081232,1.368466410486624,189.34472263269572
shifts_ms,ms_lesion,ljubljana_dev_out_0014,113.87902818428601,13.615992387520443,73.89683664747908,23.994795172100076,1.6662859417533284,39.98219153680694
shifts_ms,ms_lesion,best_dev_in_0006,872.897186655159,82.623754238769,646.6248451094573,148.15294996598092,1.5272887922270184,226.2723415457017
shifts_ms,ms_lesion,ljubljana_dev_out_0005,151.6875697041851,14.24056603109928,114.48895554621332,25.67979690483264,1.4485555647994972,37.19861415797179
shifts_ms,ms_lesion,ljubljana_dev_out_0011,172.77493359741928,23.172852608761445,118.84405827950584,33.91894022090172,1.5899928882414482,53.93087531791343
shifts_ms,ms_lesion,best_eval_in_0033,865.137899428762,91.55550344467115,666.9623120830693,139.0357295148889,1.4253572560937544,198.17558734569275
shifts_ms,ms_lesion,ljubljana_dev_out_0003,140.47638350318067,17.225757236509544,107.34135535946538,17.03653509892343,1.944939273530442,33.13502814371529
shifts_ms,ms_lesion,ljubljana_dev_out_0017,141.51325028722425,17.50746776505819,99.55421854324491,27.853023707325878,1.50644435155164,41.95903174397934
shifts_ms,ms_lesion,ljubljana_dev_out_0025,170.56416713336043,19.642599779272334,123.86935379018637,24.910292033494745,1.8745188296415274,46.69481334317406
shifts_ms,ms_lesion,ljubljana_dev_out_0006,132.22292100633348,16.162962278780608,93.2451895116761,25.123138534411368,1.551467380948518,38.97773149465738
shifts_ms,ms_lesion,ljubljana_dev_out_0004,171.8514566658948,18.586916271297294,113.52688273226889,42.551065659298864,1.3706959310943618,58.32457393362591
shifts_ms,ms_lesion,best_train_0033,756.9124898326359,103.68618292966475,608.2096385077168,119.62274516962133,1.2430984581649969,148.70285132491904
shifts_ms,ms_lesion,ljubljana_dev_out_0002,114.32845492695652,14.797255912673013,86.88565692328574,20.57426017035663,1.3338412386448333,27.442798003670788
shifts_ms,ms_lesion,best_eval_in_0027,902.0806806002777,93.0087182000589,693.2106866331557,133.9720414850466,1.559056576975269,208.869993967122
shifts_ms,ms_lesion,ljubljana_dev_out_0022,74.90040885470357,10.537243142028576,58.25320340813329,13.990954878648955,1.1898547598148692,16.647205446570283
shifts_ms,ms_lesion,best_eval_in_0029,848.6213733558586,92.05654175086697,656.8344065626974,139.24802347059668,1.3773047590607548,191.78696679316124
shifts_ms,ms_lesion,ljubljana_dev_out_0023,151.86253652200494,17.538264930302656,107.70198479627575,28.724912160401058,1.5373606694347486,44.16055172572919
shifts_ms,ms_lesion,best_train_0026,784.9433210786334,79.94879582245353,574.6984637201773,186.20079161886616,1.1291297657835735,210.2448573584561
shifts_ms,ms_lesion,best_eval_in_0031,817.3536774488333,86.01096498841484,636.5469608105224,127.7309530255743,1.4155278023063214,180.80671663831095
shifts_ms,ms_lesion,best_train_0024,679.595257256251,77.78156775664227,509.66070491529496,143.06729984228087,1.1877944949020458,169.93455234095603
shifts_ms,ms_lesion,ljubljana_dev_out_0008,128.6065652978292,13.939574471527513,86.63025490477779,27.031905382532237,1.55284314021508,41.97631039305142
shifts_ms,ms_lesion,ljubljana_dev_out_0010,108.69302180053079,15.150342438246033,69.79047699585038,19.506495998566006,1.994337825368659,38.9025448046804
shifts_ms,ms_lesion,ljubljana_dev_out_0007,221.42939527425685,22.482080848354673,145.4227188863399,51.14954410329422,1.485969742925863,76.00667638791694
shifts_ms,ms_lesion,best_train_0025,783.3075928680399,75.08544091851543,573.1739284007398,181.46899121783693,1.157959064516399,210.13366446730015
shifts_ms,ms_lesion,ljubljana_dev_out_0001,141.50327998225185,18.68496837010537,99.58282552513202,32.082037938778214,1.3066642845586016,41.92045445711983
shifts_ms,ms_lesion,ljubljana_dev_out_0019,136.61556512873491,19.197958602593754,100.94017214356658,21.790168846694417,1.6372241811864678,35.67539298516833
shifts_ms,ms_lesion,best_eval_in_0028,838.4788778647915,87.15264499670604,652.1208188733689,137.19823159079607,1.3583123883763821,186.35805899142258
shifts_ms,ms_lesion,best_train_0032,724.0440191617153,95.77938759773518,584.8879598922283,114.61835326596655,1.2140818122949297,139.15605926948695
shifts_ms,ms_lesion,ljubljana_dev_out_0012,176.97732021477526,21.92211347534057,137.47839323267314,34.69064718313003,1.138604466932686,39.49892698210212
shifts_ms,ms_lesion,ljubljana_dev_out_0015,182.8019140398094,23.244544084405607,132.8914366442487,35.19611101572286,1.4180679210608436,49.91047739556069
shifts_ms,ms_lesion,best_dev_in_0007,691.1458391348059,78.53866107535488,563.65788471706,91.8764758427544,1.387601688688391,127.48795441774587
msd_hippocampus,hippocampus_anterior,hippocampus_318,513.756897247149,138.53635986760258,666.1377582360822,318.34884576811436,-0.4786600062664198,-152.38086098893314
msd_hippocampus,hippocampus_anterior,hippocampus_038,290.18829588664244,82.83067004681936,344.6325838625531,153.60229245638152,-0.35444970742817195,-54.44428797591064
msd_hippocampus,hippocampus_anterior,hippocampus_386,436.0273285067891,103.90769092743001,586.1231437219597,263.7733800107874,-0.5690332157096328,-150.09581521517055
msd_hippocampus,hippocampus_anterior,hippocampus_077,353.1415421943511,87.86307470309781,428.2882389362529,194.19012659683273,-0.3869748564042218,-75.14669674190185
msd_hippocampus,hippocampus_anterior,hippocampus_033,50.17035040431267,9.914246039931104,66.3380930014091,29.471005730996417,-0.5485982458852298,-16.167742597096435
msd_hippocampus,hippocampus_anterior,hippocampus_370,400.6208079224015,114.73052247944523,509.30071845992865,234.78432216369094,-0.4628925350427073,-108.67991053752712
msd_hippocampus,hippocampus_anterior,hippocampus_353,362.9641846242305,87.85297906470639,468.87935274520703,190.45228994855137,-0.5561244109664629,-105.91516812097655
msd_hippocampus,hippocampus_anterior,hippocampus_040,429.69120584029594,103.72377214733447,589.391405843175,281.7801365237955,-0.5667546385855279,-159.70020000287906
msd_hippocampus,hippocampus_anterior,hippocampus_178,55.15277777777778,9.58486477770169,70.59735480161012,24.53959572579241,-0.629373709617619,-15.444577023832345
msd_hippocampus,hippocampus_anterior,hippocampus_248,374.16451676231753,110.07736481694604,462.0411160388915,228.0043073331161,-0.3854163981330808,-87.87659927657398
msd_hippocampus,hippocampus_anterior,hippocampus_219,47.68985695708712,8.968484836672499,57.276427176036464,24.82001400660144,-0.3862435303282281,-9.58657021894934
msd_hippocampus,hippocampus_anterior,hippocampus_036,456.1670206419644,104.74647726858232,638.2707205174665,282.48088120599965,-0.6446584931815056,-182.10369987550212
msd_hippocampus,hippocampus_anterior,hippocampus_173,48.49252761533463,9.827910556413196,56.0573690489101,23.28701510091587,-0.32485232976147355,-7.564841433575467
msd_hippocampus,hippocampus_anterior,hippocampus_373,364.86222164790513,81.29158185654073,446.36302172523483,200.57064630632493,-0.4063446031205963,-81.5008000773297
msd_hippocampus,hippocampus_anterior,hippocampus_160,141426.23035727558,35262.08412366724,189619.84171306735,89754.78359934471,-0.5369475522372791,-48193.61135579177
msd_hippocampus,hippocampus_anterior,hippocampus_049,572.2549173766962,127.6119109555658,760.0721251712362,326.5324417565115,-0.5751869744060666,-187.81720779453997
msd_hippocampus,hippocampus_anterior,hippocampus_095,344.1150996331372,89.37509832267823,502.7261344387889,208.1020257943321,-0.7621791928168363,-158.61103480565168
msd_hippocampus,hippocampus_anterior,hippocampus_257,280.5431030864266,64.75131552021627,345.3925092781618,167.97734538683585,-0.38606042771025334,-64.84940619173523
msd_hippocampus,hippocampus_anterior,hippocampus_190,188068.45803068695,41565.245116978534,253684.05608223935,111631.01893470822,-0.5877900128219959,-65615.5980515524
msd_hippocampus,hippocampus_anterior,hippocampus_311,317.6261533889527,83.84825071691444,435.71703508933683,186.11291660210713,-0.6345120114276643,-118.09088170038416
msd_hippocampus,hippocampus_anterior,hippocampus_263,53.25136612021858,11.14936768489854,69.19795121951219,27.393432285638546,-0.5821316712299027,-15.946585099293614
msd_hippocampus,hippocampus_anterior,hippocampus_359,293.75232521516585,77.08060474180806,362.63510701738187,160.3906745678442,-0.4294687428576797,-68.88278180221602
msd_hippocampus,hippocampus_anterior,hippocampus_161,45.267605633802816,8.75969924636279,56.894389745495076,25.793181557459842,-0.4507696592225913,-11.62678411169226
msd_hippocampus,hippocampus_anterior,hippocampus_336,428.40011542603855,103.08023950211873,490.9650532906953,228.41357669497086,-0.2739107652707386,-62.56493786465677
msd_hippocampus,hippocampus_anterior,hippocampus_268,309.2166316723276,83.91286591711295,381.18359025286316,175.95421975052173,-0.40900956097310426,-71.96695858053556
msd_hippocampus,hippocampus_anterior,hippocampus_329,367.9784912775027,111.99757287964007,442.46460225947726,213.14028383507505,-0.3494698857121771,-74.48611098197455
msd_hippocampus,hippocampus_anterior,hippocampus_354,348.0362423733998,86.94621261500731,443.7175412116014,196.7242395843297,-0.48637269384799553,-95.6812988382016
msd_hippocampus,hippocampus_anterior,hippocampus_193,192533.52791913398,41908.754436170304,260734.85125134545,110236.92618339555,-0.6186794724131706,-68201.32333221147
msd_hippocampus,hippocampus_anterior,hippocampus_303,386.12569024755413,94.35441672009351,516.5074531296491,239.52263075448818,-0.5443400564157832,-130.38176288209496
msd_hippocampus,hippocampus_anterior,hippocampus_074,381.65930536559296,87.26707231718554,529.05413936111,191.62899744565104,-0.7691676896037238,-147.394833995517
msd_hippocampus,hippocampus_anterior,hippocampus_300,528.7585419564955,139.26718037663863,671.7974557699775,309.0626565180966,-0.4628152587638533,-143.03891381348205
msd_hippocampus,hippocampus_anterior,hippocampus_149,48.8358024691358,9.509784547181974,65.75354483321432,24.76051274431785,-0.6832549008786571,-16.91774236407852
msd_hippocampus,hippocampus_anterior,hippocampus_123,54.029205607476634,11.895095876494505,66.05240516229956,29.860502015950836,-0.40264557996227984,-12.02319955482293
msd_hippocampus,hippocampus_anterior,hippocampus_294,345.98457718332475,86.27320492245497,454.7605631077452,205.83506452914267,-0.5284618810929457,-108.77598592442047
msd_hippocampus,hippocampus_anterior,hippocampus_224,510.33190991147893,136.7581858371691,643.589911016187,328.7643345801777,-0.4053298569309372,-133.25800110470806
msd_hippocampus,hippocampus_anterior,hippocampus_229,328.7818317387166,69.76150335453228,449.6139439104412,203.90032307469542,-0.5926038260118695,-120.83211217172459
msd_hippocampus,hippocampus_anterior,hippocampus_282,313.7369243591524,77.09680814520294,396.6298427160621,184.02343720393108,-0.45044761235821196,-82.89291835690972
msd_hippocampus,hippocampus_anterior,hippocampus_162,41.52111111111111,8.557167164228078,53.064575645756456,24.482313061967897,-0.4715021833895009,-11.543464534645345
msd_hippocampus,hippocampus_anterior,hippocampus_175,330.71207737029545,82.25786029226042,364.0592703871305,191.4191280800103,-0.17421034761315007,-33.347193016835035
msd_hippocampus,hippocampus_anterior,hippocampus_345,380.46960269011095,104.36082107496728,502.60929159889486,213.93397136634917,-0.5709223624363268,-122.13968890878391
msd_hippocampus,hippocampus_posterior,hippocampus_380,409.8627780187165,120.05208322270029,557.5368827201974,287.7080246742814,-0.513277668759456,-147.67410470148087
msd_hippocampus,hippocampus_posterior,hippocampus_226,417.28200209564363,122.69711421454389,590.6928745352096,292.659311842821,-0.5925349538857834,-173.410872439566
msd_hippocampus,hippocampus_posterior,hippocampus_301,433.7678998440904,112.62876761775762,539.2458847013469,244.2565718868739,-0.4318327388721206,-105.4779848572565
msd_hippocampus,hippocampus_posterior,hippocampus_259,423.32983010216094,118.26814253590878,466.5359652555607,256.62023733305904,-0.1683660471756087,-43.20613515339977
msd_hippocampus,hippocampus_posterior,hippocampus_109,53.04907975460123,11.854642993479038,66.22298440979955,28.34867986151428,-0.46470961804374483,-13.17390465519832
msd_hippocampus,hippocampus_posterior,hippocampus_322,310.55961435656417,102.61523962097245,434.9962184807176,193.32789327523503,-0.6436557155430287,-124.4366041241534
msd_hippocampus,hippocampus_posterior,hippocampus_302,397.67101704285375,119.20923366826285,544.1257473803739,249.4461322792291,-0.5871196655254595,-146.45473033752017
msd_hippocampus,hippocampus_posterior,hippocampus_084,362.7804989294572,118.3306785729466,524.2209662544525,245.90847137490292,-0.656506324348472,-161.44046732499527
msd_hippocampus,hippocampus_posterior,hippocampus_052,399.67692853658014,129.5104558706062,532.1870307266072,279.7199166270454,-0.47372422855745544,-132.51010219002706
msd_hippocampus,hippocampus_posterior,hippocampus_354,333.63307311857255,93.47118757170857,441.97589230607406,214.79076661456074,-0.5044109688267482,-108.3428191875015
msd_hippocampus,hippocampus_posterior,hippocampus_279,318.54690684472524,78.21311804955414,363.02301826484876,188.65951091306744,-0.23574804667478255,-44.476111420123516
msd_hippocampus,hippocampus_posterior,hippocampus_303,388.59060633182526,115.1049119398981,551.6627290815342,246.09958161186375,-0.6626265718089344,-163.0721227497089
msd_hippocampus,hippocampus_posterior,hippocampus_314,240.6008787384768,62.27119955037159,295.98946075620967,149.99436385436826,-0.3692710860938706,-55.38858201773286
msd_hippocampus,hippocampus_posterior,hippocampus_163,50.832988624612206,11.065122995743687,63.30938758211485,28.013683578579357,-0.445368010141826,-12.476398957502646
msd_hippocampus,hippocampus_posterior,hippocampus_017,410.2176396930209,129.51662560873478,503.9073535269654,249.57291406145157,-0.37540016636370804,-93.6897138339445
msd_hippocampus,hippocampus_posterior,hippocampus_248,357.838178087403,116.36811469078053,483.5650730705007,252.28582984435323,-0.4983509956239455,-125.72689498309774
msd_hippocampus,hippocampus_posterior,hippocampus_102,349.5655707763452,110.430980797333,499.34256634503834,235.73847447684784,-0.6353523550439814,-149.7769955686931
msd_hippocampus,hippocampus_posterior,hippocampus_056,517.8115689031679,159.02886051685573,705.8269670514444,332.0651391047213,-0.5662003487899491,-188.01539814827652
msd_hippocampus,hippocampus_posterior,hippocampus_253,548.3329827385979,136.82226025018696,781.0247355838877,315.91791409049296,-0.7365576364310853,-232.69175284528978
msd_hippocampus,hippocampus_posterior,hippocampus_123,58.06657877389585,15.190642514473474,74.42910814920833,32.95656151079668,-0.4964877441314477,-16.362529375312484
msd_hippocampus,hippocampus_posterior,hippocampus_370,375.5580711724823,118.69512059572251,539.0121533963012,246.8363756238259,-0.662196084951125,-163.4540822238189
msd_hippocampus,hippocampus_posterior,hippocampus_232,337.13436365657776,95.82720521983983,478.6805687172438,232.03343367718338,-0.610025039096595,-141.546205060666
msd_hippocampus,hippocampus_posterior,hippocampus_305,404.9007766889489,117.21452332987019,519.6738505661565,229.29446751383017,-0.5005488122810294,-114.7730738772076
msd_hippocampus,hippocampus_posterior,hippocampus_039,487.89331351386176,150.8308930698774,654.4117894134665,286.505632089603,-0.5812048932647934,-166.51847589960477
msd_hippocampus,hippocampus_posterior,hippocampus_386,421.7761930369491,129.82447921700233,592.6405489128698,293.0210690836936,-0.5831128656622471,-170.8643558759207
msd_hippocampus,hippocampus_posterior,hippocampus_152,45.8328884143086,12.54435151683571,70.01084875558392,30.816037267715487,-0.7845901582555287,-24.177960341275323
msd_hippocampus,hippocampus_posterior,hippocampus_308,47.3134510042605,11.607906846584402,66.48549946294307,28.959743177893614,-0.6620240959627511,-19.172048458682568
msd_hippocampus,hippocampus_posterior,hippocampus_327,171299.87171079143,41274.648278229215,213453.11421335785,103433.87277527609,-0.40753808564958643,-42153.24250256643
msd_hippocampus,hippocampus_posterior,hippocampus_207,198187.26040668425,53662.61158080237,265374.6095820884,115446.19926144797,-0.5819797412530211,-67187.34917540418
msd_hippocampus,hippocampus_posterior,hippocampus_225,448.0521082695255,127.47306151594834,570.7919141799512,299.97307730557856,-0.40916940481369557,-122.73980591042567
msd_hippocampus,hippocampus_posterior,hippocampus_057,322.27092999439697,82.78416067929184,401.4146475798565,207.18363003977885,-0.38199792709620034,-79.14371758545951
msd_hippocampus,hippocampus_posterior,hippocampus_230,330.12635824086135,95.85301610317975,483.8051331168312,213.74459462447027,-0.7189832071636068,-153.67877487596985
msd_hippocampus,hippocampus_posterior,hippocampus_160,147083.44672131148,46363.336138153725,191914.55100556504,94314.09649893749,-0.47533832107783874,-44831.10428425355
msd_hippocampus,hippocampus_posterior,hippocampus_236,287.26604406007004,94.25127251935946,322.2102136634989,197.06756084542872,-0.17732075881081616,-34.94416960342886
msd_hippocampus,hippocampus_posterior,hippocampus_185,162577.87301616548,50099.22670419034,213936.41295022648,93857.94479744049,-0.5471943802344409,-51358.539934061
msd_hippocampus,hippocampus_posterior,hippocampus_108,347.9186978763497,120.56993720523677,535.3457212359153,260.43869533812995,-0.7196588909208308,-187.42702335956562
msd_hippocampus,hippocampus_posterior,hippocampus_003,354.2629195566119,92.30469294185266,529.9126113850888,201.6020686846663,-0.8712692885703874,-175.64969182847688
msd_hippocampus,hippocampus_posterior,hippocampus_373,363.8928486624012,100.0517500523153,474.4316938542065,217.1291700551701,-0.5090925583818428,-110.53884519180531
msd_hippocampus,hippocampus_posterior,hippocampus_095,364.71096119946486,106.88170411390729,490.1222014131235,216.47066563307288,-0.579345193343152,-125.41124021365863
msd_hippocampus,hippocampus_posterior,hippocampus_296,339.56144726302597,105.97406520560327,460.55057461041093,227.26556989320602,-0.5323689235983693,-120.98912734738497
msd_prostate,prostate_pz,prostate_35_adc,1470.1070229230545,218.4642499209688,1140.7613028848618,565.8928783890077,0.5819930450331623,329.34572003819267
msd_prostate,prostate_pz,prostate_01_t2,473.29976370895463,151.77862743231907,377.69029119466256,208.66870151940006,0.4581878899898905,95.60947251429207
msd_prostate,prostate_pz,prostate_44_adc,1582.3608210810428,327.15739311738344,979.7783392042502,768.2391120382315,0.7843683973518347,602.5824818767926
msd_prostate,prostate_pz,prostate_04_adc,1730.425371070342,251.62229002176298,1087.887819437331,489.2919617883295,1.3131986635778368,642.5375516330109
msd_prostate,prostate_pz,prostate_44_t2,451.07713616023864,136.73114940847125,300.3288242767223,205.50149060363668,0.7335631031538878,150.74831188351635
msd_prostate,prostate_pz,prostate_38_t2,284.8560606060606,89.98156990371612,299.36227564310246,143.12206804051692,-0.10135554309891388,-14.50621503704184
msd_prostate,prostate_pz,prostate_29_t2,411.3447724547479,110.14456592099914,331.3859612209886,145.88052215303998,0.5481116293357156,79.95881123375932
msd_prostate,prostate_pz,prostate_43_adc,1752.4535614670497,325.77411468672193,1203.5427528407631,687.7057157933438,0.7981768876166472,548.9108086262866
msd_prostate,prostate_pz,prostate_20_adc,1593.79153893317,222.82384074335457,1355.3774797193753,355.94743042875075,0.6698013194162281,238.41405921379464
msd_prostate,prostate_pz,prostate_18_adc,1104.1430279413719,285.4885433175448,571.869054913976,620.8781897265986,0.857292108141999,532.2739730273959
msd_prostate,prostate_pz,prostate_41_adc,1467.0387663680222,209.4666943706807,1171.601101988489,476.13530347436756,0.6204909856572877,295.4376643795331
msd_prostate,prostate_pz,prostate_01_adc,1504.2861566039273,259.1442530924848,1042.9983737577315,629.8831952896073,0.732338607480656,461.2877828461958
msd_prostate,prostate_pz,prostate_16_t2,355.1787270087125,109.29393823392734,389.10474832245444,170.24648299361138,-0.19927589996522369,-33.926021313741956
msd_prostate,prostate_pz,prostate_28_adc,1522.2708015002083,340.2573920875003,1208.5215347043115,577.8280483715344,0.5429803332274044,313.7492667958968
msd_prostate,prostate_pz,prostate_24_adc,1226.279441860465,491.25341999464257,893.4510947013862,614.4688181529682,0.5416521339811441,332.82834715907893
msd_prostate,prostate_pz,prostate_02_t2,526.0774542992552,198.23290320432497,364.33806364329814,214.97993305328276,0.7523464520919891,161.7393906559571
msd_prostate,prostate_pz,prostate_42_t2,267.79454194615454,102.52618825151932,281.8052848885219,145.23795117253306,-0.09646750544736078,-14.010742942367358
msd_prostate,prostate_pz,prostate_34_adc,1407.3262162876786,239.38640537626085,1016.5965575484597,645.89917484709,0.6049390885609678,390.72965873921885
msd_prostate,prostate_pz,prostate_37_adc,1195.1897731364782,179.34914236874314,920.42364843503,480.4718977074456,0.5718672110494237,274.7661247014481
msd_prostate,prostate_pz,prostate_31_adc,1740.335448514566,323.06461634480974,1007.2374225220293,651.3821395388055,1.1254499937412132,733.0980259925367
msd_prostate,prostate_pz,prostate_32_adc,1248.468545624416,411.0901424360216,716.6152152767112,740.1748838263264,0.7185509009434955,531.8533303477049
msd_prostate,prostate_pz,prostate_17_t2,521.9180514454814,150.80033333466594,274.1562253005533,166.2640272844043,1.4901709570101183,247.76182614492814
msd_prostate,prostate_pz,prostate_10_adc,1075.0541709253873,490.58204973030803,414.0726370587278,534.1992402816393,1.237331472580992,660.9815338666594
msd_prostate,prostate_pz,prostate_46_adc,1086.3757985719653,350.7155688871506,743.7653177750556,551.4366432674237,0.6213052475902526,342.61048079690977
msd_prostate,prostate_pz,prostate_17_adc,1708.4628575764473,418.7811639690853,997.9794916593868,725.8603163125433,0.9788155502805069,710.4833659170605
msd_prostate,prostate_pz,prostate_40_t2,483.120913841293,153.7325700218338,348.60326592774345,199.70802757615894,0.6735715578016986,134.51764791354952
msd_prostate,prostate_pz,prostate_21_t2,335.25168554945435,115.19362204563856,249.72860039230554,122.35860657154703,0.6989543837947053,85.52308515714881
msd_prostate,prostate_pz,prostate_16_adc,1585.0670377541142,203.93297937105564,1426.5702009397912,350.7185112222276,0.4519203614604003,158.49683681432293
msd_prostate,prostate_pz,prostate_20_t2,505.32311465358674,164.20238141787462,343.7223136080532,172.06824074231847,0.939166922432668,161.60080104553356
msd_prostate,prostate_pz,prostate_06_adc,1474.3957129543337,223.35984528308376,1270.915110526228,331.33235666410775,0.6141283750933453,203.4806024281056
msd_prostate,prostate_pz,prostate_39_adc,1530.0979154714094,226.27748044785022,1048.9926972495482,542.0299350902137,0.8875989796655577,481.10521822186115
msd_prostate,prostate_pz,prostate_37_t2,373.30536550234063,125.06591571381861,358.86084639356847,208.05334313492367,0.06942699800780334,14.44451910877217
msd_prostate,prostate_pz,prostate_47_adc,1315.2202084894734,322.3626069455942,775.7806658842424,617.0190739544423,0.8742672058316198,539.439542605231
msd_prostate,prostate_pz,prostate_25_t2,457.08890860692105,137.83680953047985,429.5267662792843,229.9273624968502,0.1198732587042183,27.562142327636764
msd_prostate,prostate_pz,prostate_43_t2,571.7791099454644,205.1373578351628,354.200897218366,223.57577649784858,0.9731743535105993,217.5782127270984
msd_prostate,prostate_pz,prostate_14_t2,441.61808061024635,103.40761246098393,399.83068498847666,207.77694517890285,0.2011166127438862,41.78739562176969
msd_prostate,prostate_pz,prostate_31_t2,543.7505047591578,162.77243987231776,374.6033834254534,227.6650885341153,0.7429646841324697,169.14712133370443
msd_prostate,prostate_pz,prostate_40_adc,1615.463725847612,264.86362550739904,1161.747846687537,722.9213056350037,0.6276144789147181,453.715879160075
msd_prostate,prostate_pz,prostate_18_t2,310.1215294690696,86.20364834670275,355.07101107706814,232.70488447421457,-0.19316088493973302,-44.94948160799851
msd_prostate,prostate_pz,prostate_25_adc,1376.55421472937,221.0683482210065,950.7684375576462,561.9616947447472,0.7576775790873888,425.7857771717238
msd_prostate,prostate_tz,prostate_42_adc,1205.5284986890604,367.03776546577404,560.2876073047024,613.6764392750811,1.0514350055464539,645.240891384358
msd_prostate,prostate_tz,prostate_14_adc,1324.8496906466091,278.1973405580791,1170.8413678012532,655.3742314551939,0.23499294787407593,154.0083228453559
msd_prostate,prostate_tz,prostate_21_t2,292.8903039073806,85.11216060730933,296.7934947571744,178.44974296260932,-0.02187277360628578,-3.903190849793816
msd_prostate,prostate_tz,prostate_41_adc,1384.5649416691595,184.4240779232672,1467.0611564384533,581.4140273944391,-0.14188893067665592,-82.49621476929383
msd_prostate,prostate_tz,prostate_42_t2,273.40527035756355,85.67509882774769,280.7417195770445,163.36393489158004,-0.04490862184141987,-7.336449219480926
msd_prostate,prostate_tz,prostate_17_adc,1472.6190306803023,299.16028796422216,1294.8484009908723,753.4184946251346,0.2359520382386263,177.77062968943005
msd_prostate,prostate_tz,prostate_40_t2,368.6722088759641,134.81839294841015,365.5612588635983,207.63121900207372,0.014983055112495636,3.1109500123657767
msd_prostate,prostate_tz,prostate_06_adc,1330.7998279939798,286.4614803068192,1725.6870290349482,709.0186122307558,-0.5569489907205711,-394.8872010409684
msd_prostate,prostate_tz,prostate_02_t2,387.0673656033906,123.92034735433968,476.9948241218811,266.84332111640896,-0.33700471799425474,-89.92745851849048
msd_prostate,prostate_tz,prostate_24_adc,1310.1502054115315,332.96110784812913,616.3792613636364,635.7355887087994,1.0912885093717641,693.7709440478951
msd_prostate,prostate_tz,prostate_20_t2,386.53641298407956,137.94008576658442,432.9075075956945,267.0427898395951,-0.1736466821134621,-46.37109461161492
msd_prostate,prostate_tz,prostate_40_adc,1282.130800354027,369.98579237313453,1274.590906553014,768.6156352108194,0.009809706498014758,7.539893801013022
msd_prostate,prostate_tz,prostate_37_t2,292.49134998190374,89.58210807588637,324.4740562444776,223.27396237794517,-0.1432442268623834,-31.982706262573856
msd_prostate,prostate_tz,prostate_10_t2,322.85682326621924,98.28812334258218,372.7916972275194,206.90314276436123,-0.24134420121798747,-49.934873961300184
msd_prostate,prostate_tz,prostate_46_t2,253.6955213435969,79.33314534638377,283.0925015492667,169.0401690727192,-0.17390529241081282,-29.396980205669763
msd_prostate,prostate_tz,prostate_16_adc,1454.7019808075993,218.22222437083397,1502.6449939954632,668.4428193589059,-0.07172343202388196,-47.943013187863926
msd_prostate,prostate_tz,prostate_47_t2,259.8322456605919,78.87073204633,291.8853425798261,198.24614442677503,-0.1616833298333835,-32.05309691923418
msd_prostate,prostate_tz,prostate_01_t2,433.65354351224596,152.05156349623255,440.5963007540959,276.2448114424213,-0.02513262486439294,-6.942757241849961
msd_prostate,prostate_tz,prostate_35_adc,1427.1541107161663,434.18727012013954,920.2494846366841,849.2184952784995,0.5969071897289951,506.9046260794822
msd_prostate,prostate_tz,prostate_06_t2,230.46788709033387,84.50540180979893,347.5157304222576,206.8384031093577,-0.565890284427254,-117.04784333192373
msd_prostate,prostate_tz,prostate_31_t2,378.86027368253883,114.1771858843476,393.4780460639984,248.2145977760748,-0.05889167056868769,-14.617772381459588
msd_prostate,prostate_tz,prostate_13_adc,1389.0374260453366,290.5948450195682,1368.8843654331597,676.7768198502702,0.02977800065146667,20.153060612176887
msd_prostate,prostate_tz,prostate_25_adc,1370.3410633752671,265.5563432267616,889.8052473738549,648.8351621369178,0.7406130914332231,480.5358160014123
msd_prostate,prostate_tz,prostate_01_adc,1368.3128973423659,357.5883663446991,1048.5639753383607,917.9602929381657,0.34832543860066306,319.7489220040052
msd_prostate,prostate_tz,prostate_44_adc,1229.4075687936488,408.6995358917248,1159.1706988849783,828.8958478538282,0.08473545862944294,70.23686990867054
msd_prostate,prostate_tz,prostate_31_adc,1316.491305153384,308.09986860261114,895.9826795939057,741.728289178884,0.5669308170220438,420.50862555947833
msd_prostate,prostate_tz,prostate_43_adc,1345.2813374576522,227.32106511254685,1579.1114783169435,774.0368784605488,-0.30209173111009263,-233.8301408592913
msd_prostate,prostate_tz,prostate_29_adc,1344.6479871553884,278.82455970349787,1213.7470163934427,719.6742457524063,0.1818891968868525,130.9009707619457
msd_prostate,prostate_tz,prostate_44_t2,308.7023816629857,125.40822853900177,388.6577001567537,249.42977664594943,-0.3205524185939811,-79.955318493768
msd_prostate,prostate_tz,prostate_28_adc,1366.7131088227109,264.76383538094103,1412.4685587089593,617.9090521709162,-0.07404884206089196,-45.75544988624847
msd_prostate,prostate_tz,prostate_47_adc,1218.5695794632945,357.8790732299957,953.5158560058974,810.0879967803411,0.3271912732735828,265.05372345739715
msd_prostate,prostate_tz,prostate_46_adc,1061.1517844646605,310.42480045502725,908.0006816773393,692.702072456291,0.22109231176855268,153.15110278732118
msd_prostate,prostate_tz,prostate_07_adc,1376.7774632938263,506.6973859639046,1711.0849382716049,832.4242336210824,-0.401607090559965,-334.3074749777786
msd_prostate,prostate_tz,prostate_35_t2,382.7778436018957,142.57911911688245,410.132176967834,260.7867047367787,-0.10489159441105875,-27.354333365938317
msd_prostate,prostate_tz,prostate_41_t2,282.9572838767574,74.34404725122498,324.14863426747075,169.59243291899807,-0.24288436364081817,-41.19135039071335
msd_prostate,prostate_tz,prostate_34_adc,1332.5601800167458,298.9550761084865,1166.7769678986863,688.4404991211072,0.24080978979141365,165.7832121180595
msd_prostate,prostate_tz,prostate_00_adc,1400.4958014278845,338.77190329582214,1213.1132857142857,843.240359240508,0.22221720466529124,187.38251571359888
msd_prostate,prostate_tz,prostate_39_t2,365.84134752991014,125.75766343748829,330.42326467691515,188.30589611058812,0.18808801740390893,35.418082852994985
msd_prostate,prostate_tz,prostate_34_t2,288.9839519955345,99.62834239420279,266.73944827882775,166.96662482477217,0.13322724590512988,22.24450371670673
msd_prostate,prostate_tz,prostate_21_adc,1608.4553648955964,555.2964006181221,1365.2865273178809,836.691170061963,0.290631532861851,243.16883757771552
atlas_v2,stroke_lesion,sub-r040s063,39.106286668005886,4.544491489615693,40.6671061358663,7.1176578599913265,-0.2192883219837701,-1.5608194678604121
atlas_v2,stroke_lesion,sub-r003s009,26.999750392775642,10.239186979688819,36.18381910015596,10.761399514545397,-0.853426902471187,-9.184068707380316
atlas_v2,stroke_lesion,sub-r047s015,28.14427685213613,4.678557654463157,30.540970648175666,8.754001938011601,-0.2737826127099661,-2.3966937960395356
atlas_v2,stroke_lesion,sub-r009s006,25.786238729254055,5.838010760419357,29.94696922471833,8.21940906750657,-0.5062079226236329,-4.160730495464275
atlas_v2,stroke_lesion,sub-r002s004,38.31949476005319,7.6858013333476185,47.70081701276533,14.45102126358018,-0.6491805272735048,-9.381322252712138
atlas_v2,stroke_lesion,sub-r047s044,18.133694321664102,8.581144858620462,25.51162650782213,11.52915902442131,-0.639936662387367,-7.377932186158027
atlas_v2,stroke_lesion,sub-r048s032,35.63570634621919,7.701351895124128,39.80934355232093,13.4064861274869,-0.3113147513150307,-4.173637206101745
atlas_v2,stroke_lesion,sub-r003s010,30.410684855779014,8.571509435350162,41.74874614537763,11.55500960489895,-0.9812246545919782,-11.338061289598617
atlas_v2,stroke_lesion,sub-r014s015,36.71743204564224,1.7727625508588172,37.984884778128205,2.214901698185268,-0.5722385608742196,-1.267452732485964
atlas_v2,stroke_lesion,sub-r034s039,26.570126718517184,10.684900871965707,37.71970768825915,15.214891524440443,-0.7328070804201763,-11.149580969741965
atlas_v2,stroke_lesion,sub-r027s031,25.44986286506863,8.51087421787758,32.589094850601334,13.668260933619699,-0.5223218592242808,-7.139231985532703
atlas_v2,stroke_lesion,sub-r003s005,19.5944282646471,7.6056323738625,32.46874649370694,13.446263170157655,-0.9574643236321967,-12.874318229059838
atlas_v2,stroke_lesion,sub-r011s034,37.94212916561815,7.467944621082721,44.24003552826265,8.575579628851306,-0.7343999940314369,-6.297906362644504
atlas_v2,stroke_lesion,sub-r031s036,27.84128048155662,9.720379214816456,39.82923750973508,14.757010456577278,-0.8123566931863677,-11.98795702817846
atlas_v2,stroke_lesion,sub-r011s017,31.279193405958,8.38164695794524,41.48250770764433,6.095028633088979,-1.6740385061122764,-10.20331430168633
atlas_v2,stroke_lesion,sub-r004s016,32.6235830267415,6.689718973513206,42.05099562412232,11.551546056434018,-0.8161168847189098,-9.427412597380822
atlas_v2,stroke_lesion,sub-r009s029,35.69058478287894,4.578470478604191,35.30755484333924,7.699937743436517,0.04974454372980576,0.38302993953970343
atlas_v2,stroke_lesion,sub-r031s037,29.576124391130666,13.084132130759077,46.26340547542929,18.747916075735322,-0.8900872036550823,-16.687281084298622
atlas_v2,stroke_lesion,sub-r019s001,38.51969339877744,3.251427177561661,38.02669100278307,5.7124374223349506,0.08630331909868709,0.4930023959943739
atlas_v2,stroke_lesion,sub-r040s069,31.720169920784144,8.026230314490865,38.34280381528648,10.304837836164705,-0.6426722435736001,-6.622633894502336
atlas_v2,stroke_lesion,sub-r038s016,30.499901414736783,8.907910940705886,18.981134363961118,8.30173648720154,1.387512803016681,11.518767050775665
atlas_v2,stroke_lesion,sub-r019s012,28.093327835933692,5.936532912030052,34.98816809863756,5.475971765737083,-1.259107843969673,-6.894840262703866
atlas_v2,stroke_lesion,sub-r011s020,27.992954194224055,8.50914035561139,39.88269282896762,9.79389017141397,-1.2139953800433145,-11.889738634743566
atlas_v2,stroke_lesion,sub-r042s035,31.67277003436933,15.654527865188468,40.56740761210309,23.900084860046626,-0.3721592311349298,-8.89463757773376
atlas_v2,stroke_lesion,sub-r038s060,13.517653883522097,6.600060352360183,21.40968374225953,9.68304338049465,-0.8150360102278367,-7.892029858737434
atlas_v2,stroke_lesion,sub-r040s085,35.51059406186327,6.9170146373326435,32.94652760724227,13.016092202152901,0.19699201709748837,2.564066454621006
atlas_v2,stroke_lesion,sub-r038s028,25.955015896321108,11.755643940291307,19.997771994017917,10.674588036637214,0.5580771195834144,5.9572439023031905
atlas_v2,stroke_lesion,sub-r023s009,22.4772828943987,6.807379653998693,28.67022793442537,10.009283981347062,-0.6187200236148351,-6.192945040026668
atlas_v2,stroke_lesion,sub-r040s070,29.2157307912428,6.784192376086024,31.06283113490171,10.936109536808052,-0.1688992020921934,-1.8471003436589086
atlas_v2,stroke_lesion,sub-r005s075,10.674715107074347,4.543015147149367,19.261163945664915,8.7212847631561,-0.9845393296094983,-8.586448838590568
atlas_v2,stroke_lesion,sub-r040s008,25.484849332295852,6.599977324883815,32.06525864109499,8.900433467274969,-0.7393357406308564,-6.58040930879914
atlas_v2,stroke_lesion,sub-r010s005,33.15255976431204,3.6231461728867536,38.29827758193887,6.115620279744441,-0.8414055714453692,-5.1457178176268314
atlas_v2,stroke_lesion,sub-r009s067,15.111311861550206,5.99691339619233,22.970957323020816,8.75828997863261,-0.8973948776816845,-7.85964546147061
atlas_v2,stroke_lesion,sub-r039s003,46.845742630802725,1.999580561360574,48.46141853537366,6.067939989462411,-0.26626427438511985,-1.615675904570935
atlas_v2,stroke_lesion,sub-r028s002,27.894140067438805,13.498996000793259,37.34706754520012,21.217624399390214,-0.44552240412506233,-9.452927477761314
atlas_v2,stroke_lesion,sub-r031s027,30.10942004727829,14.807661542656799,51.585486548169804,18.678514352387076,-1.1497737424910977,-21.476066500891513
atlas_v2,stroke_lesion,sub-r038s061,19.624373215568767,8.482281952588494,30.263914270382763,20.69625608670704,-0.514080445089158,-10.639541054813996
atlas_v2,stroke_lesion,sub-r011s001,28.001636863969058,6.785181183005841,36.94393114946713,9.443445443303903,-0.9469312225346309,-8.942294285498075
atlas_v2,stroke_lesion,sub-r052s015,25.650756508556764,6.949870081484453,33.57739530098689,6.360526781641171,-1.2462234368835448,-7.926638792430129
atlas_v2,stroke_lesion,sub-r003s004,21.693232454847283,10.135932203614882,32.23331024165537,13.790429894996835,-0.7643037311206876,-10.540077786808084
gnc_kidney,hyper_r,130598_v30,149.61363636363637,24.181337572120768,128.76237623762376,22.536943714205286,0.9252034998723602,20.85126012601262
gnc_kidney,hyper_r,100228_v30,232.32592592592593,68.79123863568347,127.47123893805309,43.25137369140599,2.424308770206728,104.85468698787284
gnc_kidney,hyper_r,130952_v30,41.916666666666664,31.625565431923725,129.82645502645502,69.83572211411834,-1.2588083066904778,-87.90978835978837
gnc_kidney,hyper_r,100399_v30,181.65,7.485151969065158,154.90381426202322,37.89565015331728,0.7057850947003851,26.746185737976788
gnc_kidney,hyper_r,131057_v30,133.53097345132744,52.94171820130845,74.17422541535699,57.60639558327245,1.0303846717815062,59.356748035970455
gnc_kidney,hyper_r,130454_v30,154.4848484848485,58.3872242211408,116.51698670605613,61.847910549743716,0.6138907657092861,37.96786177879237
gnc_kidney,hyper_r,126242_v30,159.48181818181817,13.722398291699342,132.67791842475387,26.325086657208175,1.0181884332576958,26.8038997570643
gnc_kidney,hyper_r,130844_v30,160.2982456140351,13.214777629582834,137.0844017094017,26.457600580706526,0.8773978939028791,23.213843904633393
gnc_kidney,hyper_r,130712_v30,200.39622641509433,21.076983442681637,183.02639751552795,50.262085645959154,0.34558511312746787,17.369828899566386
gnc_kidney,hyper_r,104990_v30,198.75714285714287,18.886454491653698,152.5114254624592,29.946554315618435,1.5442750228626303,46.24571739468368
gnc_kidney,hyper_r,130619_v30,201.11337868480726,43.278781231811735,161.36927838410165,25.76903138740877,1.5423202432748433,39.74410030070561
gnc_kidney,hyper_r,100045_v30,175.45045045045046,29.672913221933126,149.73652694610777,19.212743620115305,1.338378457257002,25.713923504342688
gnc_kidney,hyper_r,130193_v30,250.97201017811705,162.5690747072624,82.25847846012832,44.64266012152684,3.7791997044870276,168.71353171798873
gnc_kidney,hyper_r,130537_v30,155.8930817610063,45.148057090601455,113.6023080337328,34.53631516600389,1.2245305354513398,42.2907737272735
gnc_kidney,hyper_r,111225_v30,204.71428571428572,29.290940300261262,172.57514124293786,27.021821127941134,1.189377397244996,32.13914447134786
gnc_kidney,hyper_r,100246_v30,250.53164556962025,60.94100393481584,120.30419075144509,51.17365973472773,2.5448141279797,130.22745481817515
gnc_kidney,hyper_r,130816_v30,177.36974789915968,11.382476245644602,149.6574712643678,19.54383793599229,1.417954616058385,27.712276634791863
gnc_kidney,hyper_r,131218_v30,221.90225563909775,56.633748096726926,159.04470938897168,36.20321964748453,1.7362418350062878,62.85754625012606
gnc_kidney,hyper_r,130265_v30,160.05668016194332,26.881747828342757,131.86977299880525,36.71538208257919,0.7677138244680953,28.186907163138073
gnc_kidney,hyper_r,127233_v30,211.22321428571428,124.53941643837595,81.85487528344672,73.52796340789942,1.7594440434198797,129.36833900226756
gnc_kidney,hyper_r,127857_v30,167.97619047619048,18.428094616693667,162.96790757381257,19.885622808110018,0.25185445277987056,5.008282902377914
gnc_kidney,hyper_r,106141_v30,235.98809523809524,61.608948673787175,106.53351573187415,61.86027010240575,2.092693374911294,129.45457950622108
gnc_kidney,hyper_r,100510_v30,216.73924731182797,62.06010152734201,140.75010570824523,68.74395706664852,1.1053937500937883,75.98914160358274
gnc_kidney,hyper_r,131072_v30,188.5759162303665,54.923871597702764,138.24627791563276,39.050733906705155,1.2888269179818161,50.32963831473373
gnc_kidney,hyper_r,100720_v30,165.65625,41.58658841426524,103.91641490433031,37.1165397782828,1.6634048809794848,61.73983509566969
gnc_kidney,hyper_r,131094_v30,317.4580152671756,66.61823095292667,180.6626984126984,76.75831813062594,1.7821562327554537,136.7953168544772
gnc_kidney,hyper_r,126366_v30,188.93333333333334,29.08371059927227,178.6534090909091,30.842558218620713,0.3333032181135572,10.279924242424244
gnc_kidney,hyper_r,101477_v30,236.8861788617886,68.1627400525343,93.77082385070551,66.45715903624179,2.153497906516566,143.1153550110831
gnc_kidney,hyper_r,106242_v30,187.16666666666666,34.283539944281,80.38628762541806,68.03045953108737,1.5695965925800834,106.7803790412486
gnc_kidney,hyper_r,100482_v30,129.29770992366412,13.548721613162263,115.60859896219422,15.119571365919459,0.9053900884343844,13.689110961469893
gnc_kidney,hyper_r,129022_v30,195.73863636363637,27.297808069755767,159.08033573141486,28.33673877487806,1.2936668411205487,36.65830063222151
gnc_kidney,hyper_r,130387_v30,175.88135593220338,37.777261901910194,160.85180995475113,26.664616917679464,0.5636512784039254,15.029545977452244
gnc_kidney,hyper_r,131192_v30,66.35909090909091,6.984603788522627,61.81791221826809,14.588525916113175,0.3112842521342604,4.541178690822818
gnc_kidney,hyper_r,120142_v30,222.42857142857142,9.707981147446862,157.72270742358077,61.998059270984825,1.0436756202076387,64.70586400499064
gnc_kidney,hyper_r,130923_v30,214.69753086419752,57.24811598670148,137.77850589777196,65.09068749285035,1.1817208689515466,76.91902496642555
gnc_kidney,hyper_r,100705_v30,196.40425531914894,38.98781019234585,140.44748455428066,36.3024721467257,1.5414038194782138,55.95677076486828
gnc_kidney,hyper_r,116520_v30,143.9255319148936,39.46968655350534,94.69597989949749,50.40720815275371,0.9766371287529761,49.22955201539612
gnc_kidney,hyper_r,130565_v30,165.53030303030303,28.22325480927713,123.17857142857143,36.905535254389214,1.1475712291457265,42.3517316017316
gnc_kidney,hyper_r,130700_v30,233.31034482758622,73.21417335694548,139.88353909465022,44.76047842267855,2.0872610601574557,93.426805732936
gnc_kidney,hyper_r,116352_v30,178.21621621621622,46.99001339280457,99.9086229086229,65.45477490269964,1.1963617967923343,78.30759330759332
gnc_kidney,hyper_l,130619_v30,193.73632538569424,58.10033191182637,149.52880132350728,39.32857820211649,1.1240559653832578,44.20752406218696
gnc_kidney,hyper_l,110611_v30,241.94230769230768,26.486145479606197,199.29092920353983,33.770020047430194,1.2629953185064273,42.65137848876785
gnc_kidney,hyper_l,121366_v30,242.94573643410854,30.858594741480132,198.67967599410898,40.846489251055004,1.0837176013881937,44.26606043999956
gnc_kidney,hyper_l,130540_v30,171.418410041841,42.706263393522114,111.50622171945702,17.06621274327741,3.510572949784139,59.912188322384
gnc_kidney,hyper_l,130642_v30,191.21428571428572,54.997516388518676,132.35104895104894,45.24528158706396,1.3009806414617537,58.863236763236785
gnc_kidney,hyper_l,119061_v30,266.33898305084745,54.020432471330174,191.16370967741935,45.86695140729961,1.6389855751886437,75.1752733734281
gnc_kidney,hyper_l,130522_v30,249.6,32.41152058553666,229.3921568627451,25.79569454457922,0.7833804326901127,20.207843137254883
gnc_kidney,hyper_l,100723_v30,285.5735294117647,86.87640243074041,157.16908713692945,87.71703042247631,1.4638484703887658,128.40444227483525
gnc_kidney,hyper_l,100555_v30,141.0793650793651,14.55073399916087,149.25964546402503,44.32196107877051,-0.18456494254748163,-8.180280384659937
gnc_kidney,hyper_l,121794_v30,288.2276422764228,58.604616068381844,186.11166965888688,88.835830412485,1.1494908191199134,102.1159726175359
gnc_kidney,hyper_l,120747_v30,211.75757575757575,14.89158864274953,199.01963534361852,21.432490478567114,0.5943284954385918,12.737940413957233
gnc_kidney,hyper_l,130489_v30,186.96,14.687355105668276,217.2191909689558,16.896228252681997,-1.7908842568617864,-30.259190968955778
gnc_kidney,hyper_l,130401_v30,288.3179487179487,71.61228540853355,168.77990580847722,81.7774917196257,1.461747467843113,119.53804290947147
gnc_kidney,hyper_l,101045_v30,209.3658536585366,20.799238240360655,162.63722923113545,46.1388028727234,1.0127836117361169,46.728624427401144
gnc_kidney,hyper_l,130952_v30,264.59090909090907,46.62665295558132,201.24839822572696,69.25604384681594,0.9146134608940824,63.342510865182106
gnc_kidney,hyper_l,115043_v30,255.13114754098362,58.71170894749708,187.5803642121932,41.71987032096516,1.6191512866638367,67.55078332879043
gnc_kidney,hyper_l,131156_v30,222.14285714285714,30.17675818728509,177.5934819897084,37.93536651974302,1.1743493754202732,44.54937515314873
gnc_kidney,hyper_l,100404_v30,183.34615384615384,15.24906632120928,162.83604135893648,29.91620005922407,0.6855854607546658,20.510112487217356
gnc_kidney,hyper_l,130265_v30,178.0726643598616,28.75547031143783,136.9906402096593,38.783991098879106,1.05925207610048,41.0820241502023
gnc_kidney,hyper_l,100783_v30,306.8203883495146,105.32516351637958,196.81341853035144,26.138871182899354,4.208558389567099,110.00696981916315
gnc_kidney,hyper_l,130008_v30,220.28735632183907,24.458851853820416,183.1220145379024,38.85099692261974,0.956612282082421,37.16534178393667
gnc_kidney,hyper_l,101777_v30,155.7058823529412,21.010542748210824,107.12770137524558,37.6164256698854,1.2914087083286374,48.57818097769561
gnc_kidney,hyper_l,122892_v30,264.25210084033614,49.324975944129875,178.39873780837635,61.56888346327261,1.394427782481157,85.85336303195979
gnc_kidney,hyper_l,100337_v30,186.4318181818182,70.60401666634475,125.07178217821782,75.60560639665566,0.8115804914003584,61.36003600360037
gnc_kidney,hyper_l,130790_v30,228.1059850374065,85.73094832287188,94.61634554308702,82.88447559302487,1.6105505515800442,133.48963949431948
gnc_kidney,hyper_l,129199_v30,158.76480836236934,51.02809312213268,101.5968085106383,81.33451757205943,0.702875001357293,57.16799985173104
gnc_kidney,hyper_l,130649_v30,265.26428571428573,63.944687114756306,165.13523573200993,73.86370201638134,1.3555920688144947,100.1290499822758
gnc_kidney,hyper_l,129022_v30,215.875,16.320520059115765,181.0523465703971,21.275631471089344,1.6367388126732347,34.822653429602894
gnc_kidney,hyper_l,130800_v30,244.47457627118644,56.64141023698133,176.06079027355622,29.376298653456818,2.3288769111387966,68.41378599763021
gnc_kidney,hyper_l,124263_v30,243.58064516129033,24.642965617442975,175.46998535871157,47.27716684283226,1.4406670896405038,68.11065980257877
gnc_kidney,hyper_l,131146_v30,247.83695652173913,53.07793227966842,137.5286849073257,63.81248952766234,1.7286313494784449,110.30827161441343
gnc_kidney,hyper_l,130836_v30,260.73585467540204,143.95551053099203,116.6375974805039,72.92172376999345,1.9760675937027907,144.09825719489814
gnc_kidney,hyper_l,100789_v30,282.11442786069654,102.11729594023382,149.46678060243536,82.98805915859475,1.598394359438746,132.64764725826117
gnc_kidney,hyper_l,130311_v30,224.52380952380952,45.57423984959575,125.49376558603491,78.02413838427434,1.2692231496466078,99.03004393777461
gnc_kidney,hyper_l,130565_v30,182.53086419753086,73.43613777529377,118.8786078098472,71.8131514935365,0.8863593113171386,63.652256387683664
gnc_kidney,hyper_l,130068_v30,173.0505617977528,20.9837477163568,151.9703947368421,33.293043644391254,0.6331702998650798,21.080167060910696
gnc_kidney,hyper_l,100089_v30,239.77305699481866,67.8620003208421,130.42106652587117,52.40344719029855,2.08673272933959,109.35199046894749
gnc_kidney,hyper_l,130477_v30,262.748987854251,103.50003299979845,84.54738706820194,58.83437227673453,3.0288688544000717,178.20160078604908
gnc_kidney,hyper_l,130251_v30,267.465,65.9599785855029,158.26847290640393,76.74310572929878,1.4228838490833118,109.19652709359605
gnc_kidney,hyper_l,120793_v30,307.8448275862069,106.11230253419349,183.6420792079208,45.49433771354108,2.730070419538113,124.20274837828612
gnc_kidney,hypo_r,115910_v30,112.77685950413223,25.71305022981048,124.9382084095064,59.98831256438371,-0.20272863467518132,-12.161348905374169
gnc_kidney,hypo_r,114389_v30,106.68656716417911,22.46581191791343,123.63287849252761,48.96949479654819,-0.3460585217939497,-16.9463113283485
gnc_kidney,hypo_r,129909_v30,122.14285714285714,25.43708957217136,109.44969378827646,55.68692055661354,0.22793796101076086,12.693163354580676
gnc_kidney,hypo_r,131062_v30,59.05857740585774,17.666266925911792,72.01062045835663,39.73046977042273,-0.32599772419865236,-12.952043052498887
gnc_kidney,hypo_r,130856_v30,113.31,11.571253173273844,120.53116769095698,17.92339673755828,-0.40289055661723655,-7.221167690956975
gnc_kidney,hypo_r,117622_v30,106.73214285714286,11.896114418805247,130.765737874097,25.11044381412302,-0.957115463101505,-24.033595016954138
gnc_kidney,hypo_r,131087_v30,160.3774834437086,29.23454858131107,208.0875,48.71290887238026,-0.9794121657130263,-47.71001655629141
gnc_kidney,hypo_r,101151_v30,150.76190476190476,15.105674625639585,175.65511551155114,26.379276017443672,-0.9436653905709923,-24.893210749646386
gnc_kidney,hypo_r,122686_v30,141.2258064516129,24.553706345832552,145.6568894952251,49.32321232256935,-0.08983767976821225,-4.431083043612205
gnc_kidney,hypo_r,130619_v30,155.30506912442397,27.920658194739605,167.90633704735376,45.04992254807349,-0.27971785367144475,-12.601267922929793
gnc_kidney,hypo_r,103067_v30,163.67391304347825,21.17017420789065,185.6415770609319,37.10491556119217,-0.5920418654284081,-21.967664017453643
gnc_kidney,hypo_r,101727_v30,133.41935483870967,13.743677006110229,169.4507628294036,29.124690139141936,-1.2371430075792207,-36.031407990693936
gnc_kidney,hypo_r,130834_v30,171.7,19.05107171088633,175.26850507982584,31.189488910848326,-0.11441370442498507,-3.5685050798258544
gnc_kidney,hypo_r,110941_v30,153.76,16.560869542388165,175.1906906906907,32.363058275824116,-0.6621960707744303,-21.43069069069071
gnc_kidney,hypo_r,124311_v30,138.12704918032787,27.838458293251843,139.61239547466798,68.0896900175547,-0.02181455477536469,-1.4853462943401041
gnc_kidney,hypo_r,111397_v30,142.94736842105263,24.44429474757599,127.66553767993226,64.21802727755244,0.23796792195287897,15.281830741120373
gnc_kidney,hypo_r,120747_v30,131.225,29.15160444412394,186.0230855855856,38.19859831200203,-1.4345574595026578,-54.798085585585596
gnc_kidney,hypo_r,130106_v30,106.59328358208955,28.942784851755682,113.71147784164658,69.83508833177625,-0.10192861966195152,-7.118194259557029
gnc_kidney,hypo_r,130952_v30,215.04498269896195,11.399085622425263,205.74132492113566,28.248024134981602,0.32935604288686665,9.303657777826288
gnc_kidney,hypo_r,130189_v30,152.71666666666667,19.30810854422451,192.5415259959487,27.967518733093236,-1.4239682213277676,-39.82485932928202
gnc_kidney,hypo_r,130592_v30,113.84180790960453,24.06812020683761,152.66480251660258,34.85642166498821,-1.1137974478945625,-38.82299460699805
gnc_kidney,hypo_r,128970_v30,127.49452917771883,31.47683935361754,153.3127383851845,61.22333447996237,-0.42170536781544105,-25.81820920746567
gnc_kidney,hypo_r,115713_v30,76.99319727891157,17.757016698608865,92.52149667206332,42.24445341607631,-0.3675819609411832,-15.528299393151755
gnc_kidney,hypo_r,116352_v30,111.92380952380952,20.99116756272167,141.72833211944646,40.56794241569423,-0.734681625100736,-29.80452259563694
gnc_kidney,hypo_r,100172_v30,128.79166666666666,11.049054132468635,168.38212634822804,21.853315187696783,-1.8116453970427815,-39.590459681561384
gnc_kidney,hypo_r,130655_v30,113.52222222222223,27.589139480671566,117.67367788461539,54.04833244271787,-0.07681005866338145,-4.151455662393161
gnc_kidney,hypo_r,102032_v30,98.84579710144928,22.152841699861487,131.71975469243634,41.37570952173623,-0.794523095227987,-32.87395759098706
gnc_kidney,hypo_r,116520_v30,104.97651663405088,21.63899313447808,119.17614879649891,33.64617195152694,-0.42202815110369385,-14.199632162448026
gnc_kidney,hypo_r,130933_v30,103.82029844427981,19.195516822889378,148.77836171256394,49.40812458214484,-0.9099325817073926,-44.95806326828412
gnc_kidney,hypo_r,130125_v30,115.3125,12.45350728710591,92.46270718232044,44.18544535954617,0.5171339139984247,22.849792817679557
gnc_kidney,hypo_r,107619_v30,100.27232142857143,21.717791052093627,96.28202308960968,53.81572370350776,0.07414744223822854,3.9902983389617503
gnc_kidney,hypo_r,131125_v30,101.39145907473309,22.901222169889966,106.12654958677686,62.18542318825943,-0.07614470068916489,-4.735090512043769
gnc_kidney,hypo_r,109293_v30,127.67587939698493,21.856153098081133,120.7395053324257,61.814604839650166,0.11221254217089881,6.9363740645592316
gnc_kidney,hypo_r,129584_v30,121.66666666666667,23.43726851737539,162.65661538461538,33.89863978559626,-1.2091915123442232,-40.98994871794871
gnc_kidney,hypo_r,122981_v30,95.92424242424242,13.296514245949787,130.93099897013388,24.01699486100309,-1.4575826530716391,-35.00675654589146
gnc_kidney,hypo_r,119732_v30,110.36548054539408,23.303033545539662,161.23808981080464,52.98026352803061,-0.9602181060929785,-50.87260926541056
gnc_kidney,hypo_r,131115_v30,145.35897435897436,16.57923814321994,133.81985294117646,35.69180644121557,0.3232988813133894,11.539121417797901
gnc_kidney,hypo_r,101398_v30,171.1627906976744,13.468188587925011,194.3783102143758,29.69441901647448,-0.7818142096670488,-23.21551951670139
gnc_kidney,hypo_r,131183_v30,138.7890625,32.076118536554475,151.2709923664122,51.629957556982546,-0.24175750311006436,-12.481929866412202
gnc_kidney,hypo_r,100824_v30,125.75,9.028888820521235,111.47667342799188,37.54043071982072,0.3802121051386854,14.273326572008116
gnc_kidney,hypo_l,129022_v30,143.94117647058823,22.28602988483327,183.2822033898305,39.003596382106785,-1.008651241418318,-39.34102691924227
gnc_kidney,hypo_l,131166_v30,109.59958932238193,29.50282483665992,145.63841201716738,58.7560639263905,-0.6133634500529406,-36.03882269478545
gnc_kidney,hypo_l,129955_v30,149.6219512195122,22.472009822466593,173.92723880597015,46.80587016526929,-0.5192786071780855,-24.30528758645795
gnc_kidney,hypo_l,130612_v30,170.92397660818713,30.185199473045117,161.3046004842615,83.51642023320444,0.11517945790643103,9.619376123925633
gnc_kidney,hypo_l,125495_v30,134.9318181818182,13.272318642526646,146.2880820836622,36.70565797770869,-0.30938727755141693,-11.356263901844017
gnc_kidney,hypo_l,131107_v30,187.28571428571428,26.379587810677112,180.3618940248027,71.29756334486817,0.09711159595047154,6.923820260911583
gnc_kidney,hypo_l,131213_v30,166.9298245614035,32.92727747208395,180.51854714064916,37.92299868299209,-0.3583240432676005,-13.588722579245655
gnc_kidney,hypo_l,127117_v30,77.12827988338192,38.17965647014422,77.42804257288293,69.26026490416517,-0.004328061487892461,-0.2997626895010086
gnc_kidney,hypo_l,122464_v30,156.375,11.376373543445204,212.10294117647058,25.153668721938164,-2.215499439744436,-55.72794117647058
gnc_kidney,hypo_l,101172_v30,192.2,23.04430515333452,207.86976047904193,62.27964351014714,-0.25160324215545077,-15.66976047904194
gnc_kidney,hypo_l,119079_v30,141.0,22.675050049268734,164.71303258145363,42.617393293163786,-0.556416763031836,-23.713032581453632
gnc_kidney,hypo_l,107750_v30,154.98134328358208,30.994758025531688,132.4764254385965,67.93180188540526,0.33128692142838195,22.504917844985584
gnc_kidney,hypo_l,130842_v30,154.15642458100558,20.721836930249815,154.44660846205508,34.1079352358491,-0.00850781117458826,-0.29018388104950077
gnc_kidney,hypo_l,124914_v30,121.15094339622641,15.411826170264716,127.63058823529411,34.62195843011097,-0.18715419189799837,-6.479644839067703
gnc_kidney,hypo_l,100714_v30,109.45934065934065,42.500342540370035,153.52118457704148,64.93688723656446,-0.6785333439012962,-44.06184391770083
gnc_kidney,hypo_l,130919_v30,111.24,25.58449530477394,107.10537951363301,57.43785165120844,0.07198424550225582,4.134620486366984
gnc_kidney,hypo_l,109414_v30,110.35106382978724,25.389710366313505,115.24795918367347,63.977441383968696,-0.07654096774448878,-4.8968953538862365
gnc_kidney,hypo_l,114481_v30,142.24166666666667,23.464865875507485,188.89915492957746,27.512711005851273,-1.6958520211670842,-46.65748826291079
gnc_kidney,hypo_l,100639_v30,143.54545454545453,12.657470926213257,164.50632911392404,18.589312004460563,-1.1275766115423351,-20.960874568469507
gnc_kidney,hypo_l,100633_v30,181.55645161290323,43.12496889561381,168.2383498854087,73.03329522544112,0.18235657454627086,13.318101727494536
gnc_kidney,hypo_l,131036_v30,170.2093023255814,13.739364833385796,189.99257425742573,24.24661749007132,-0.8159188028609153,-19.783271931844325
gnc_kidney,hypo_l,130144_v30,119.1080459770115,19.688956110812942,132.7207023274806,53.49977374044193,-0.2544432460979865,-13.61265635046911
gnc_kidney,hypo_l,100461_v30,186.03658536585365,16.303108428696493,194.3593339176161,31.859280222228936,-0.2612346616895892,-8.322748551762459
gnc_kidney,hypo_l,124311_v30,133.6485507246377,33.32888970853888,136.8315980081485,69.97484950255951,-0.04548844707277187,-3.1830472835108026
gnc_kidney,hypo_l,100172_v30,163.44210526315788,31.02060971591007,172.19283631820076,43.17819357222131,-0.2026655153541936,-8.750731055042877
gnc_kidney,hypo_l,124563_v30,122.26164874551971,31.55423729372092,153.06898839137645,58.96206625607351,-0.5224942251780252,-30.807339645856743
gnc_kidney,hypo_l,101628_v30,222.75,32.84337832805876,189.60862865947612,76.20423647961746,0.43490194819400013,33.141371340523875
gnc_kidney,hypo_l,101520_v30,229.1851851851852,42.199734102231496,219.9844192634561,92.8110025455025,0.09913442986550874,9.2007659217291
gnc_kidney,hypo_l,102196_v30,169.91071428571428,20.229289926202732,219.96153846153845,30.534247640179665,-1.639169994507835,-50.050824175824175
gnc_kidney,hypo_l,131118_v30,141.81951219512194,25.587947043645137,160.7501611863314,40.31677986310154,-0.4695476321755404,-18.930648991209466
gnc_kidney,hypo_l,121516_v30,96.67059553349876,24.950473103371497,121.60254154447703,52.76791985642952,-0.47248300873579785,-24.93194601097828
gnc_kidney,hypo_l,111838_v30,177.42105263157896,23.171933543731836,210.30060240963854,32.025808487462996,-1.0266578832591506,-32.879549778059584
gnc_kidney,hypo_l,119807_v30,153.74285714285713,12.900371771260495,162.04172099087353,34.5177365916578,-0.2404231686963764,-8.298863848016396
gnc_kidney,hypo_l,110115_v30,182.44,23.79290650593155,191.97475570032574,47.504124777419655,-0.20071426521984212,-9.534755700325746
gnc_kidney,hypo_l,130301_v30,77.83091787439614,52.49233126073267,124.00264200792603,60.6937000371166,-0.7607333766858946,-46.17172413352989
gnc_kidney,hypo_l,127690_v30,118.18858560794045,29.98443216806319,140.79628064243448,49.04670177381924,-0.4609421990862523,-22.60769503449403
gnc_kidney,hypo_l,115043_v30,255.13114754098362,58.71170894749708,187.5803642121932,41.71987032096516,1.6191512866638367,67.55078332879043
gnc_kidney,hypo_l,100906_v30,70.56441717791411,29.280751609963286,55.99227799227799,61.376472438076995,0.23742222987669725,14.572139185636118
gnc_kidney,hypo_l,124027_v30,129.01340033500838,36.66148753775267,121.21174183514775,87.7275164387542,0.08893057421016458,7.801658499860636
gnc_kidney,hypo_l,128332_v30,156.69413919413918,46.50967683085992,155.94052044609666,91.23988777232411,0.00825975084124744,0.7536187480425269
gnc_kidney,complex_r,100012_v30,199.1974025974026,28.94890247129346,204.27027027027026,60.24151922963674,-0.0842088256327234,-5.072867672867659
gnc_kidney,complex_r,100789_v30,87.45302218821729,25.800397166067462,97.42359445964625,63.91181822240486,-0.15600513946775107,-9.970572271428964
gnc_kidney,complex_r,101198_v30,81.21784002948765,27.211261088368875,59.802475166910924,51.90849018789653,0.4125599564252049,21.415364862576723
gnc_kidney,complex_r,106817_v30,113.75207783182766,29.857511877047546,130.21736319158566,76.63426764075577,-0.2148553858710854,-16.465285359758
gnc_kidney,complex_r,115910_v30,123.93032258064517,29.377152355888803,121.89792231255646,62.02942060082021,0.03276510107039002,2.0324002680887077
gnc_kidney,complex_r,120142_v30,171.60493827160494,43.21713166604922,136.08279069767443,71.72945054810427,0.4952240231490983,35.52214757393051
gnc_kidney,complex_r,124632_v30,106.15505090054816,29.56753415315449,122.94161296621753,49.984636464606865,-0.33583442667870916,-16.786562065669372
gnc_kidney,complex_r,124681_v30,113.64179104477611,30.758146628153355,115.98766859344894,60.90943909498036,-0.03851418671744052,-2.3458775486728314
gnc_kidney,complex_r,126242_v30,126.23515439429929,23.545766810933973,138.98227535037097,27.119185491055884,-0.47004068356828405,-12.747120956071683
gnc_kidney,complex_r,129199_v30,128.15039948865453,30.32640420754781,125.08207448399641,73.34027992128969,0.041836831903481676,3.0683250046581207
gnc_kidney,complex_r,131146_v30,62.60384435067979,21.73995231622705,45.684482123110946,44.36381571445977,0.3813775161967572,16.919362227568847
gnc_kidney,complex_r,131156_v30,147.2412626832018,47.3107262017633,155.96756917584054,62.20136380610583,-0.14029123830064494,-8.726306492638741
gnc_kidney,complex_l,100404_v30,159.75824175824175,26.860380013897856,170.66893039049236,27.932353448010076,-0.39061113349962867,-10.910688632250611
gnc_kidney,complex_l,101121_v30,224.73882352941177,36.60421092496663,167.01570576540755,72.42776034805092,0.7969750367765246,57.72311776400423
gnc_kidney,complex_l,101777_v30,112.66864490603363,52.72046166512109,106.70619307832422,39.75198403689839,0.1499912978477673,5.962451827709415
gnc_kidney,complex_l,106817_v30,115.63046599219687,25.381258550330354,110.98656845098543,59.1120366348482,0.07856094506330699,4.6438975412114445
gnc_kidney,complex_l,114808_v30,203.3783783783784,24.38580818044763,206.78721374045801,26.800819399433156,-0.12719145575676952,-3.4088353620796283
gnc_kidney,complex_l,121907_v30,165.81995230524643,80.66714923669652,137.35843646242077,45.89017867532515,0.62020929192677,28.461515842825662
gnc_kidney,complex_l,122686_v30,155.6523178807947,30.726549415746142,130.25436092610212,61.04848255688539,0.41602928483926366,25.397956954692575
gnc_kidney,complex_l,124027_v30,129.01340033500838,36.66148753775267,121.21174183514775,87.7275164387542,0.08893057421016458,7.801658499860636
gnc_kidney,complex_l,124168_v30,207.01926216127978,38.665529032142445,160.1403606878233,81.01676760573986,0.5786320817309817,46.878901473456494
gnc_kidney,complex_l,124563_v30,145.77325581395348,38.44806112601573,149.7753386268099,67.14995710237474,-0.05959918555354834,-4.002082812856429
gnc_kidney,complex_l,124681_v30,160.58383233532933,41.448949651702556,108.32271279016841,86.97837220284588,0.600851885597821,52.26111954516092
gnc_kidney,complex_l,127233_v30,147.8659793814433,64.99197644059574,89.05847797062751,72.68615379945982,0.8090605641894933,58.8075014108158
gnc_kidney,complex_l,128332_v30,154.08563535911603,44.14630201389915,120.86232846392208,92.94384721858238,0.3574556846092754,33.22330689519394
gnc_kidney,complex_l,130619_v30,123.907326007326,23.400021551286635,126.21607428266991,38.21374024231419,-0.06041670352829569,-2.308748275343902
gnc_kidney,complex_l,130780_v30,190.0568181818182,42.722374900615726,160.57615480649187,76.5890064618121,0.3849202953834545,29.480663375326316
gnc_kidney,complex_l,130871_v30,143.874251497006,28.680498839129356,161.2108953613808,23.782302621246636,-0.7289724385188072,-17.33664386437482
gnc_kidney,complex_l,130895_v30,136.5270083102493,22.543770086659254,140.70313415348565,44.38623163787723,-0.09408606216497477,-4.176125843236349
gnc_kidney,complex_l,131156_v30,185.7087912087912,58.3471783329575,159.8,41.41670610156966,0.6255637645275107,25.9087912087912
gnc_kidney,hyper_cyst_r,100246_v30,259.0774647887324,58.28850947858141,121.21502976190476,50.985050157692775,2.7039775757099846,137.86243502682765
gnc_kidney,hyper_cyst_r,118834_v30,179.64406779661016,36.19779125758376,111.171875,35.21145099754902,1.9446000920773256,68.47219279661016
gnc_kidney,hyper_cyst_r,100415_v30,134.7,12.146741675582525,99.78631284916202,14.890489722312084,2.344696880843752,34.91368715083797
gnc_kidney,hyper_cyst_r,126242_v30,167.5,14.07176982054329,133.3745963401507,21.254965619373785,1.6055260998972438,34.1254036598493
gnc_kidney,hyper_cyst_r,130387_v30,198.8181818181818,32.57481323507896,161.92561983471074,26.301441356953625,1.4026820842286372,36.89256198347107
gnc_kidney,hyper_cyst_r,120142_v30,222.42857142857142,9.707981147446862,157.72270742358077,61.998059270984825,1.0436756202076387,64.70586400499064
gnc_kidney,hyper_cyst_r,100678_v30,199.78571428571428,16.29276163308888,128.32183908045977,46.856331825296074,1.525170044179678,71.46387520525451
gnc_kidney,hyper_cyst_r,130397_v30,213.93142857142857,36.523118091176734,137.64570904084442,55.57382451534024,1.3726915292078774,76.28571953058415
gnc_kidney,hyper_cyst_r,130923_v30,254.98461538461538,48.34093417756595,144.1499522445081,65.453406931842,1.6933367817229887,110.83466314010727
gnc_kidney,hyper_cyst_r,100045_v30,192.39823008849558,31.656211856123953,147.31936295054484,15.109084290378053,2.983560306371319,45.07886713795074
gnc_kidney,hyper_cyst_r,130537_v30,189.632,46.98332231760542,117.69258459323254,31.553989222734963,2.2798833015716156,71.93941540676747
gnc_kidney,hyper_cyst_r,104638_v30,235.21333333333334,37.07048901155144,165.35535535535536,28.26254801799226,2.471750794081086,69.85797797797798
gnc_kidney,hyper_cyst_r,131072_v30,235.88059701492537,59.979479672077225,143.62203913491246,35.042482506066314,2.632763110640881,92.25855788001292
gnc_kidney,hyper_cyst_r,110440_v30,203.79591836734693,19.190749888929783,161.57644394110986,27.485022999439167,1.536090142293438,42.21947442623707
gnc_kidney,hyper_cyst_r,130161_v30,248.25531914893617,57.05912129336101,137.47911338448424,67.92580789288442,1.6308411717133973,110.77620576445193
gnc_kidney,hyper_cyst_r,106389_v30,196.38888888888889,18.07434919341308,160.8091216216216,21.266386001217406,1.6730518101279022,35.57976726726727
gnc_kidney,hyper_cyst_r,100705_v30,169.624,54.87391569771562,116.20195578231292,45.546861712100146,1.1729028309889449,53.42204421768707
gnc_kidney,hyper_cyst_r,131218_v30,241.51111111111112,57.935643307312105,159.83380547686497,30.108879377034604,2.7127314138371315,81.67730563424615
gnc_kidney,hyper_cyst_r,103374_v30,214.67857142857142,35.38265673969641,167.25693430656935,25.171550954655885,1.8839377566956363,47.42163712200207
gnc_kidney,hyper_cyst_r,100720_v30,183.86046511627907,33.53622227435329,105.64380264741276,36.867808961826974,2.121543496883923,78.21666246886632
gnc_kidney,hyper_cyst_r,118328_v30,194.96296296296296,23.157242657906114,150.82658959537574,15.717759494077042,2.80805738096208,44.136373367587225
gnc_kidney,hyper_cyst_r,130193_v30,302.4247491638796,151.71125382772553,87.10041407867494,42.68772036321259,5.044174957316105,215.32433508520467
gnc_kidney,hyper_cyst_r,130471_v30,206.61016949152543,19.432645038481294,154.71858774662513,38.5559530198689,1.3458772597912942,51.89158174490029
gnc_kidney,hyper_cyst_r,130433_v30,232.88571428571427,14.758574125032595,194.34816753926702,29.682380309378313,1.2983306947233069,38.53754674644725
gnc_kidney,hyper_cyst_r,100228_v30,250.46226415094338,66.27389914650539,131.7244480784955,41.076102903816036,2.8906786376450118,118.73781607244788
gnc_kidney,hyper_cyst_r,124027_v30,181.33333333333334,16.954186634706026,154.59197324414717,41.22238492837636,0.6487096631342282,26.741360089186173
gnc_kidney,hyper_cyst_r,130265_v30,181.09259259259258,25.055322875380686,139.12351945854485,32.04277447527989,1.3097827048854025,41.96907313404773
gnc_kidney,hyper_cyst_r,109095_v30,227.2889733840304,38.55981665105256,128.44795321637426,55.32922658526981,1.7864160495522696,98.84102016765615
gnc_kidney,hyper_cyst_r,100589_v30,175.35371838429597,48.4926880567513,89.82789951897381,69.84944902005064,1.2244308128520918,85.52581886532217
gnc_kidney,hyper_cyst_r,128970_v30,222.79076923076923,35.358636081757034,150.2541935483871,57.33634690109355,1.2651063127967153,72.53657568238214
gnc_kidney,hyper_cyst_r,101587_v30,273.42028985507244,57.8523622698835,111.72131147540983,80.96352774249365,1.9971829401600059,161.6989783796626
gnc_kidney,hyper_cyst_r,131077_v30,178.04545454545453,14.943765111325838,154.74013157894737,22.468506496721435,1.0372439277467733,23.305322966507163
gnc_kidney,hyper_cyst_r,102229_v30,180.82790697674417,42.67991372008779,97.08882175226586,41.70116637289018,2.008075324982794,83.73908522447832
gnc_kidney,hyper_cyst_r,119955_v30,197.6986301369863,24.78714035322749,121.96542783059637,50.10328672486196,1.5115415723270005,75.73320230638994
gnc_kidney,hyper_cyst_r,130598_v30,167.36363636363637,20.114548001939145,128.22765598650926,22.43860901299693,1.7441356819543947,39.13598037712711
gnc_kidney,hyper_cyst_r,130700_v30,258.46153846153845,67.82231920428939,142.31275510204082,41.489962402544,2.7994428973725207,116.14878335949763
gnc_kidney,hyper_cyst_r,116520_v30,168.71794871794873,30.347516028920314,103.15519399249061,47.77899104117106,1.372208829122281,65.56275472545812
gnc_kidney,hyper_cyst_r,111446_v30,169.37209302325581,20.873955348671306,140.30359355638166,20.347617818873964,1.4285946540295376,29.068499466874158
gnc_kidney,hyper_cyst_r,130952_v30,91.33333333333333,62.09695440222287,133.05304212168485,60.99169013969452,-0.6840228235809578,-41.719708788351525
gnc_kidney,hyper_cyst_r,122723_v30,194.1078431372549,47.20707550464108,120.54537953795379,24.535864907725227,2.9981604837569487,73.5624635993011
gnc_kidney,hyper_cyst_l,129022_v30,217.72222222222223,14.794163847633204,178.50973451327434,22.589182016560592,1.7358966758647452,39.21248770894789
gnc_kidney,hyper_cyst_l,128460_v30,221.625,73.01958213383585,139.2558962264151,24.933673112021737,3.303528529470542,82.3691037735849
gnc_kidney,hyper_cyst_l,117447_v30,185.40625,46.25598567685592,83.84818941504179,79.1220844745412,1.2835614730811937,101.55806058495821
gnc_kidney,hyper_cyst_l,130068_v30,181.17924528301887,20.332981465576044,147.10032102728732,38.27207301585125,0.8904383975014522,34.07892425573155
gnc_kidney,hyper_cyst_l,100654_v30,185.75815738963533,45.46757566987453,86.54265554842848,61.676356929613334,1.6086472219133654,99.21550184120684
gnc_kidney,hyper_cyst_l,100847_v30,245.52830188679246,39.678235930423796,153.98454746136866,41.29150909922591,2.2170115407607716,91.5437544254238
gnc_kidney,hyper_cyst_l,121907_v30,297.0,97.07254447709711,145.81454405540592,39.649952609228734,3.813004611168193,151.18545594459408
gnc_kidney,hyper_cyst_l,130540_v30,188.52662721893492,38.53040988955975,113.0506241331484,17.283860502458147,4.366848407981755,75.47600308578652
gnc_kidney,hyper_cyst_l,124168_v30,282.171875,85.15712585558754,137.2593085106383,91.22818476362733,1.5884626585124784,144.9125664893617
gnc_kidney,hyper_cyst_l,120379_v30,235.1818181818182,51.24832860272619,131.46610169491527,65.86227483457536,1.5747362989308646,103.71571648690292
gnc_kidney,hyper_cyst_l,130008_v30,234.8031496062992,22.643084626847173,192.5731707317073,24.045669870892688,1.7562404102316533,42.22997887459189
gnc_kidney,hyper_cyst_l,121318_v30,189.04562737642587,72.57667906426991,156.8119387216059,49.95064680048752,0.6453107231675453,32.23368865481996
gnc_kidney,hyper_cyst_l,130435_v30,238.17021276595744,35.08974460651538,170.5243810952738,47.22562766324921,1.4323966368567442,67.64583167068363
gnc_kidney,hyper_cyst_l,100723_v30,311.29824561403507,67.17141333076113,162.55798687089717,86.66400211935387,1.716286501770435,148.7402587431379
gnc_kidney,hyper_cyst_l,130619_v30,227.9546925566343,67.91986439619882,152.90345569450048,40.85687800678151,1.8369302474052578,75.05123686213383
gnc_kidney,hyper_cyst_l,100337_v30,246.73684210526315,43.46546373152047,131.7013422818792,74.74972603175506,1.5389420723170637,115.03549982338396
gnc_kidney,hyper_cyst_l,126722_v30,227.36764705882354,14.275549244367928,184.03699897225076,21.713368416076065,1.9955745815521284,43.33064808657278
gnc_kidney,hyper_cyst_l,113326_v30,204.86206896551724,31.041378544231538,154.8035190615836,29.854575965692078,1.676746247701293,50.05854990393365
gnc_kidney,hyper_cyst_l,130800_v30,256.9148936170213,56.52746641263198,175.30578512396696,29.172406170258995,2.797475985329523,81.60910849305432
gnc_kidney,hyper_cyst_l,101207_v30,238.16666666666666,19.16304313573975,196.43143297380587,18.465275734794602,2.260200824080692,41.73523369286079
gnc_kidney,hyper_cyst_l,100510_v30,199.1818181818182,9.833321660356333,158.23417721518987,32.90040611015798,1.2445937471085504,40.94764096662831
gnc_kidney,hyper_cyst_l,115043_v30,278.1764705882353,53.68605393901895,187.73583180987202,41.62572259907243,2.1727103088816606,90.44063877836328
gnc_kidney,hyper_cyst_l,103374_v30,364.375,74.49208402170362,234.07778399552322,36.53496526123171,3.5663702293531023,130.29721600447678
gnc_kidney,hyper_cyst_l,100622_v30,349.7087667161961,142.84744363120691,117.30696202531645,65.93016438628662,3.5249692356940288,232.40180469087966
gnc_kidney,hyper_cyst_l,130311_v30,224.52380952380952,45.57423984959575,125.49376558603491,78.02413838427434,1.2692231496466078,99.03004393777461
gnc_kidney,hyper_cyst_l,100783_v30,341.0394736842105,101.83829297230226,195.36704384724186,26.206428164038098,5.558652379732389,145.67242983696866
gnc_kidney,hyper_cyst_l,130385_v30,216.54166666666666,25.432884170345726,174.3926014319809,21.84218275831942,1.92970930475904,42.149065234685764
gnc_kidney,hyper_cyst_l,121943_v30,232.4820143884892,87.04107626341322,118.87929773226043,30.06079044631675,3.7790993247500855,113.60271665622878
gnc_kidney,hyper_cyst_l,106242_v30,285.2073170731707,48.81616530659622,143.00927643784786,84.46421724955695,1.6835299441851963,142.19804063532285
gnc_kidney,hyper_cyst_l,129175_v30,187.65384615384616,25.243342317548738,163.90825688073394,21.195337877138485,1.120321284352026,23.745589273112216
gnc_kidney,hyper_cyst_l,130251_v30,303.3545454545455,63.62955093402841,172.10434782608695,69.85218852667376,1.8789704162149323,131.25019762845852
gnc_kidney,hyper_cyst_l,100606_v30,255.9090909090909,80.86590607815026,145.55049786628734,77.9676954415677,1.4154399588489956,110.35859304280356
gnc_kidney,hyper_cyst_l,131197_v30,243.1304347826087,22.0647354841357,182.79152348224514,42.94022133805341,1.4051839514322102,60.33891130036355
gnc_kidney,hyper_cyst_l,110303_v30,205.75,7.372527834241568,206.32130584192439,32.99262949575128,-0.017316165256903555,-0.571305841924385
gnc_kidney,hyper_cyst_l,128158_v30,214.27586206896552,62.11940479305194,110.44421906693712,56.03502809202941,1.8529774086759194,103.8316430020284
gnc_kidney,hyper_cyst_l,100089_v30,262.57954545454544,64.25558811760143,134.58688147295743,51.98763562890695,2.461982738227027,127.99266398158801
gnc_kidney,hyper_cyst_l,100566_v30,344.4375,103.28988171732297,163.39670070699137,52.60734110271179,3.441359932983126,181.04079929300863
gnc_kidney,hyper_cyst_l,100482_v30,183.57142857142858,9.312415821653055,165.7715179968701,19.132625071853834,0.9303433050805335,17.79991057455848
gnc_kidney,hyper_cyst_l,130220_v30,213.83333333333334,11.208875451573583,154.50787401574803,54.696387631082544,1.0846321083047188,59.32545931758531
gnc_kidney,hyper_cyst_l,100678_v30,375.7769784172662,108.84726565142049,143.9474074074074,116.14688422639966,1.9960033414410066,231.8295710098588
gnc_kidney,hyper_mask_r,111225_v30,218.71428571428572,30.37134121745266,173.17226277372262,26.704210362492177,1.7054247482676035,45.5420229405631
gnc_kidney,hyper_mask_l,115482_v30,221.9185185185185,49.249937296722905,112.03410852713178,62.39086905978097,1.761225799321262,109.88440999138673
gnc_kidney,hyper_mask_l,130565_v30,227.275,37.94007610693474,127.47342995169082,69.22787073356412,1.4416385705516621,99.80157004830919
gnc_kidney,hypo_mask_r,119732_v30,109.75283018867924,25.301287190565347,162.6611549224116,52.21346236448676,-1.0133080880767282,-52.90832473373237
gnc_kidney,hypo_mask_r,122248_v30,97.01741293532338,21.942874618903677,121.23519790644423,44.81001910806245,-0.5404546776082223,-24.21778497112085
gnc_kidney,hypo_mask_r,117819_v30,106.66369047619048,18.89908956485432,147.81409001956948,31.3420882238348,-1.3129437303779112,-41.150399543378995
gnc_kidney,hypo_mask_r,118567_v30,84.00882088208822,16.383767118166634,101.44774291379913,48.45496193289231,-0.35989960524503856,-17.438922031710916
gnc_kidney,hypo_mask_r,131125_v30,97.07782101167315,18.58898502134006,105.71144545943041,61.26622890290091,-0.14091979319505119,-8.633624447757256
gnc_kidney,hypo_mask_r,130631_v30,94.76282051282051,15.061034875860521,134.95940594059405,39.23391813622953,-1.0245365824454449,-40.19658542777354
gnc_kidney,hypo_mask_r,121013_v30,77.63582443653618,15.22310155647769,117.95700308959836,26.08559456776185,-1.5457258220660877,-40.32117865306218
gnc_kidney,hypo_mask_r,117217_v30,146.94258373205741,24.510451925890923,198.37027707808565,42.279702249913775,-1.2163683610086151,-51.427693346028235
gnc_kidney,hypo_mask_r,129058_v30,148.7012089810017,36.2297244625885,168.699287103046,56.32600270016284,-0.35504166474332133,-19.99807812204429
gnc_kidney,hypo_mask_r,122020_v30,93.76190476190476,12.954516630649978,114.57333333333334,32.841480545865224,-0.6336933534001532,-20.81142857142858
gnc_kidney,hypo_mask_r,130537_v30,95.66698024459077,15.452780957771534,117.78232577665827,43.07857345767473,-0.513372269404971,-22.115345532067494
gnc_kidney,hypo_mask_r,130856_v30,102.09375,9.715835575878176,122.63636363636364,13.3559401608048,-1.5380880605141711,-20.54261363636364
gnc_kidney,hypo_mask_r,130612_v30,163.54347826086956,20.929183413035588,155.22890625,37.62792690514202,0.22096810730131505,8.314572010869568
gnc_kidney,hypo_mask_r,130425_v30,124.54054054054055,22.68521573261381,176.01920903954803,28.475515767838832,-1.8078220991988863,-51.47866849900748
gnc_kidney,hypo_mask_r,121617_v30,100.78,22.681525521886748,148.0547798066595,46.233403632197366,-1.0225243021306052,-47.274779806659495
gnc_kidney,hypo_mask_r,110372_v30,107.89719626168224,16.6261445839929,128.41996699669966,41.89348071874171,-0.48987980690648186,-20.522770735017417
gnc_kidney,hypo_mask_r,126242_v30,105.77124183006536,16.744327585812318,145.97428769979152,19.063480665849426,-2.1089036396612912,-40.203045869726154
gnc_kidney,hypo_mask_r,131067_v30,115.5,7.842193570679061,153.66203703703704,25.049703249490147,-1.5234525987592757,-38.16203703703704
gnc_kidney,hypo_mask_r,131166_v30,117.35692307692308,20.983553774184266,143.68612637362637,40.35720961565668,-0.6524039420724683,-26.329203296703284
gnc_kidney,hypo_mask_r,109916_v30,87.58823529411765,9.242222953440761,106.14159292035399,28.035754854559645,-0.6617748321994634,-18.553357626236334
gnc_kidney,hypo_mask_r,102112_v30,135.47826086956522,27.29262187056473,192.8010936431989,41.33970697396407,-1.386628875311259,-57.32283277363368
gnc_kidney,hypo_mask_r,103067_v30,153.96,19.83628997569858,187.95639097744362,33.47502121913551,-1.0155748592157787,-33.99639097744361
gnc_kidney,hypo_mask_r,102868_v30,96.66283783783784,17.902452573960158,119.71716818287847,41.448385270992176,-0.5562178028912864,-23.054330345040626
gnc_kidney,hypo_mask_r,127476_v30,124.27272727272727,12.643773715711013,173.85283018867923,33.52052372589003,-1.4790968614419724,-49.58010291595197
gnc_kidney,hypo_mask_r,124085_v30,128.54237288135593,16.059552343950255,157.22805755395683,44.45565817428551,-0.6452650844775588,-28.6856846726009
gnc_kidney,hypo_mask_r,115317_v30,134.04761904761904,16.99713194427418,169.62568008705114,24.122674192013683,-1.4748804084221538,-35.5780610394321
gnc_kidney,hypo_mask_r,100172_v30,127.25,12.621905561364338,165.56137184115522,22.213698466534,-1.7246731864214302,-38.31137184115522
gnc_kidney,hypo_mask_r,111307_v30,102.2956204379562,21.150646203698713,107.78781423093311,55.665519389674,-0.0986641956192996,-5.492193792976906
gnc_kidney,hypo_mask_r,110273_v30,94.78238993710691,19.837558985153855,127.3047132498352,39.21163523376923,-0.8294049021274947,-32.52232331272829
gnc_kidney,hypo_mask_r,127813_v30,82.57128469113698,13.951402382203074,81.01869121312002,59.21291513359475,0.026220520443783507,1.5525934780169592
gnc_kidney,hypo_mask_r,117494_v30,104.83060109289617,16.608600812535737,140.30040322580646,29.4382294759063,-1.20488906974013,-35.46980213291029
gnc_kidney,hypo_mask_r,111128_v30,94.85362232779097,17.562805823641376,154.04204161979752,56.137561575818445,-1.054346084443329,-59.18841929200654
gnc_kidney,hypo_mask_r,130337_v30,123.3231418811398,45.56946976702461,104.98976403656035,68.33200618358292,0.26829854119935964,18.33337784457946
gnc_kidney,hypo_mask_r,113456_v30,89.16666666666667,17.014049251713608,126.73917093619004,21.844135336302866,-1.7200269990570172,-37.572504269523364
gnc_kidney,hypo_mask_r,111499_v30,135.18867924528303,14.095438314379404,156.79010494752623,36.172844575684564,-0.5971724192128173,-21.601425702243205
gnc_kidney,hypo_mask_r,130206_v30,76.86666666666666,7.163487667020552,112.59045725646124,21.731857413251237,-1.6438442543879084,-35.723790589794575
gnc_kidney,hypo_mask_r,128970_v30,120.75884590540444,18.780222127152975,158.37272173286797,54.59471514876709,-0.688965498510298,-37.61387582746353
gnc_kidney,hypo_mask_r,110418_v30,105.38792731457065,17.646046424298184,92.69744685637161,69.87958010300655,0.18160498757845345,12.690480458199033
gnc_kidney,hypo_mask_r,122981_v30,96.01694915254237,15.257664398449705,129.87742594484166,26.615088056797287,-1.2722285738003793,-33.860476792299295
gnc_kidney,hypo_mask_r,131202_v30,139.96802325581396,61.28651375454069,148.93133408071748,63.99262100304271,-0.14006787883261496,-8.963310824903516
gnc_kidney,hypo_mask_l,124930_v30,146.03149606299212,20.308229978223352,148.53789551140545,74.03214999944431,-0.033855553493672585,-2.506399448413333
gnc_kidney,hypo_mask_l,110941_v30,198.8,16.219564905208948,241.3342776203966,21.46850616731568,-1.9812405813270555,-42.53427762039658
gnc_kidney,hypo_mask_l,130551_v30,163.85416666666666,19.693473520574155,180.72519954389966,54.48402915899336,-0.3096509716333494,-16.871032877233006
gnc_kidney,hypo_mask_l,131183_v30,142.9060773480663,22.965432023765985,161.4673469387755,53.573650319980295,-0.3464626571716753,-18.561269590709202
gnc_kidney,hypo_mask_l,103067_v30,113.68351648351648,20.155281424959693,114.81638252008622,77.3428136742328,-0.014647333968143756,-1.1328660365697374
gnc_kidney,hypo_mask_l,128549_v30,153.9156626506024,21.196842694692638,199.37155963302752,46.36323003633814,-0.9804298787286443,-45.45589698242512
gnc_kidney,hypo_mask_l,118645_v30,92.41577335375192,22.080932075175383,131.25124792013312,34.191282216973065,-1.135829688518467,-38.83547456638121
gnc_kidney,hypo_mask_l,125350_v30,122.54011065006915,30.38092841909236,145.36574394463668,70.76732039727979,-0.32254482498252246,-22.825633294567524
gnc_kidney,hypo_mask_l,130435_v30,127.15241635687732,23.667127055964198,177.36377649325627,50.1533932023275,-1.0011557729037759,-50.21136013637894
gnc_kidney,hypo_mask_l,102196_v30,169.58490566037736,20.60356624403242,219.98131868131867,30.50841502392526,-1.6518855971224307,-50.39641302094131
gnc_kidney,hypo_mask_l,116538_v30,96.83847549909255,15.733639520401175,140.99718598106932,41.80506042657187,-1.0563005764155842,-44.15871048197677
gnc_kidney,hypo_mask_l,130447_v30,166.48888888888888,16.063239222553705,205.55346650998825,24.91429061678217,-1.5679585926812234,-39.064577621099374
gnc_kidney,hypo_mask_l,126969_v30,149.25,15.95501488560885,182.73826714801444,17.10664409191577,-1.9576174619908537,-33.488267148014444
gnc_kidney,hypo_mask_l,130411_v30,119.97368421052632,14.710338008398368,172.19495412844037,25.029268596301126,-2.086408063846634,-52.22126991791406
gnc_kidney,hypo_mask_l,112670_v30,155.49122807017545,12.192351365720107,143.52058823529413,73.32164661161704,0.16326201367281748,11.970639834881325
gnc_kidney,hypo_mask_l,130080_v30,133.93333333333334,10.945115602658364,174.6868495742668,27.484120248887876,-1.4828022286716742,-40.753516240933465
gnc_kidney,hypo_mask_l,103522_v30,126.26213301378071,28.527070981675838,131.24135932778674,77.91344910940494,-0.06390714705887456,-4.979226314006027
gnc_kidney,hypo_mask_l,130068_v30,145.39285714285714,13.267412509373393,161.9268292682927,18.606908063394155,-0.8885931601591613,-16.533972125435554
gnc_kidney,hypo_mask_l,130243_v30,156.8095238095238,12.91222767700316,204.5366269165247,25.66558499270059,-1.85957581956534,-47.727103107000914
gnc_kidney,hypo_mask_l,119860_v30,112.8,17.676134031108564,137.64955252001883,39.37388727434991,-0.6311175657042501,-24.849552520018833
gnc_kidney,hypo_mask_l,121013_v30,133.1209677419355,14.835437489844661,151.3276515151515,43.96112082834807,-0.41415421208554193,-18.206683773216014
gnc_kidney,hypo_mask_l,109073_v30,144.0681818181818,15.882949301448917,196.0203139427516,29.083468777539707,-1.7863113487473519,-51.9521321245698
gnc_kidney,hypo_mask_l,111684_v30,148.578125,14.940302757453578,184.25129802699897,28.40332542136883,-1.2559505354330882,-35.67317302699897
gnc_kidney,hypo_mask_l,130477_v30,109.75,15.504434849422923,122.07375,43.97403564533849,-0.28025059649160944,-12.323750000000004
gnc_kidney,hypo_mask_l,116703_v30,93.50846953937592,15.259586503993033,77.10152223420832,55.07507109093493,0.2979015130126013,16.406947305167606
gnc_kidney,hypo_mask_l,110283_v30,159.87692307692308,20.039965985160517,179.51976856316298,52.957943000563844,-0.3709140499493479,-19.642845486239906
gnc_kidney,hypo_mask_l,100648_v30,140.02272727272728,18.595562320524994,171.00238663484487,34.65940647661373,-0.8938311880553921,-30.979659362117587
gnc_kidney,hypo_mask_l,123151_v30,98.19407407407408,18.693852279066242,113.72992879941076,54.32158863489854,-0.28599779258587404,-15.535854725336677
gnc_kidney,hypo_mask_l,130800_v30,116.52307692307693,16.509305247747815,150.98481561822126,32.253668297967764,-1.0684594790371866,-34.461738695144334
gnc_kidney,hypo_mask_l,129145_v30,151.53023255813955,20.38348094155544,169.92764032987498,57.206482344967775,-0.32159655157956457,-18.39740777173543
gnc_kidney,hypo_mask_l,115046_v30,115.0551948051948,26.36852103523115,120.52874067573497,64.42007769013648,-0.08496645738152804,-5.473545870540164
gnc_kidney,hypo_mask_l,120145_v30,173.20454545454547,17.05016601552679,219.6230303030303,24.540770342413495,-1.8914843466334073,-46.41848484848484
gnc_kidney,hypo_mask_l,100678_v30,225.69230769230768,18.76733912283463,225.203125,78.26109240219162,0.006250649857314415,0.4891826923076792
gnc_kidney,hypo_mask_l,103047_v30,131.54361054766736,47.39406184755537,125.16083964690345,77.11749883799632,0.0827668287246401,6.3827709007639015
gnc_kidney,hypo_mask_l,130113_v30,111.59068058778035,22.239409876694953,81.40474848527546,77.55674706351097,0.38921090499805033,30.185932102504893
gnc_kidney,hypo_mask_l,129641_v30,115.0198563582594,27.56288708969988,109.92945616411845,66.03155462407025,0.07709041754402299,5.090400194140955
gnc_kidney,hypo_mask_l,100063_v30,152.08163265306123,17.410806794999804,203.16780821917808,24.91062407888951,-2.050778549487696,-51.08617556611685
gnc_kidney,hypo_mask_l,100705_v30,142.82,13.341199346385617,180.61092530657749,26.76915671659682,-1.4117338209392818,-37.79092530657749
gnc_kidney,hypo_mask_l,110418_v30,159.79834905660377,27.08948565631032,190.93243841274526,74.24546055987068,-0.41933996640367466,-31.134089356141487
gnc_kidney,hypo_mask_l,111028_v30,112.59447004608295,22.918842324055316,132.44506065857885,45.68008922779601,-0.4345567294964966,-19.850590612495907
gnc_kidney,complex_cyst_r,109288_v30,260.23275862068965,63.262501525679205,165.8976848394324,70.50655816626794,1.3379616718892369,94.33507378125725
gnc_kidney,complex_cyst_r,130619_v30,144.66412213740458,27.152742218420467,177.62331323571632,30.966644030022536,-1.0643449126102429,-32.95919109831175
gnc_kidney,complex_cyst_r,109293_v30,122.52890792291221,13.537983660467816,128.1373134328358,59.06987500759198,-0.09494527310676557,-5.6084055099236
gnc_kidney,complex_cyst_r,122723_v30,79.28021978021978,25.172668414701924,74.50291639662994,52.25608546846484,0.09142099430796094,4.777303383589839
gnc_kidney,complex_cyst_r,130598_v30,138.23809523809524,33.72988608666654,131.42662116040955,22.224294045201106,0.3064877452280085,6.811474077685688
gnc_kidney,complex_cyst_r,109904_v30,156.61760461760463,44.86996870103477,129.75169535732917,50.40759862486424,0.5329733901279338,26.86590926027546
gnc_kidney,complex_cyst_r,131057_v30,160.96577017114913,35.78356293043048,85.37412935323383,57.309858615748354,1.3189988829974948,75.5916408179153
gnc_kidney,complex_cyst_r,128518_v30,359.608,152.20927151786776,106.7082066869301,86.46213374043091,2.9249774374910316,252.8997933130699
gnc_kidney,complex_cyst_r,124027_v30,138.09459459459458,26.775426874190185,159.494140625,33.1132049289664,-0.6462541282263994,-21.399546030405418
gnc_kidney,complex_cyst_r,121445_v30,113.97849462365592,20.353847484229153,147.1187863137508,34.10565499435696,-0.9716948911810463,-33.140291690094884
gnc_kidney,complex_cyst_r,115019_v30,87.64291564291564,42.31809180138359,116.7056142034549,49.81067753122693,-0.5834632134617379,-29.06269856053926
gnc_kidney,complex_cyst_r,119828_v30,221.42,39.63992431879758,219.0569514237856,37.75307820548233,0.06259220773364746,2.3630485762143962
gnc_kidney,complex_cyst_r,120142_v30,166.66666666666666,43.36088867478003,144.86522911051213,69.65609129958548,0.31298680182040967,21.801437556154525
gnc_kidney,complex_cyst_r,109916_v30,142.05343511450383,34.05435999640683,92.18575624082231,37.002877251216944,1.3476702686511008,49.86767887368151
gnc_kidney,complex_cyst_r,117837_v30,159.89743589743588,22.760508840009425,153.95066185318893,22.77929943424025,0.2610604334147231,5.9467740442469506
gnc_kidney,complex_cyst_r,111647_v30,202.46756756756756,85.1008640158573,151.21997510889858,45.447698550601686,1.1276168643389675,51.247592458668976
gnc_kidney,complex_cyst_r,124188_v30,217.18050541516246,37.557223474634235,164.89891891891892,51.8455403374805,1.0084104659246331,52.281586496243534
gnc_kidney,complex_cyst_r,109788_v30,199.85263157894738,56.55290367547385,88.07187222715173,68.49556607356988,1.6319415128242376,111.78075935179565
gnc_kidney,complex_cyst_r,130537_v30,109.32815665091155,34.734475747410364,112.55324123273114,43.17877945634008,-0.07469142360518052,-3.225084581819587
gnc_kidney,complex_cyst_r,118057_v30,180.0185185185185,54.035907382906984,87.52476349471341,65.09165725496915,1.420977088362072,92.4937550238051
gnc_kidney,complex_cyst_r,126032_v30,116.04069767441861,26.22783838767493,112.78026315789474,32.8853531615874,0.0991454889159232,3.2604345165238726
gnc_kidney,complex_cyst_r,130397_v30,211.3101604278075,36.813884463325465,136.42390824878694,56.38126256561381,1.3282116689682117,74.88625217902054
gnc_kidney,complex_cyst_r,114917_v30,123.75949367088607,43.86271693929109,96.66363636363636,43.439395419137284,0.6237622881728762,27.095857307249716
gnc_kidney,complex_cyst_r,123934_v30,170.4047619047619,27.537039578590043,188.64277035236938,32.5256973737997,-0.5607261137949516,-18.238008447607484
gnc_kidney,complex_cyst_r,125350_v30,255.8901098901099,61.326714783540865,155.1573896353167,55.96489898321975,1.7999267448882503,100.73272025479321
gnc_kidney,complex_cyst_r,122351_v30,117.06903216899074,39.735876368341415,164.13253529772868,63.9438063118002,-0.7360134641224723,-47.063503128737935
gnc_kidney,complex_cyst_r,127813_v30,92.96083550913838,31.5925600411658,78.61323202372128,53.3346460830188,0.2690109388571398,14.347603485417096
gnc_kidney,complex_cyst_r,121943_v30,116.55495251017639,28.16466468953125,49.59325396825397,47.427826337550115,1.411865191828147,66.96169854192243
gnc_kidney,complex_cyst_r,110111_v30,100.20801232665639,17.89198537706993,102.74846511627906,59.42264844995486,-0.04275226387813993,-2.5404527896226767
gnc_kidney,complex_cyst_r,130036_v30,113.8080808080808,23.02443882454878,106.79614147909967,45.713833608466445,0.15338768644191753,7.0119393289811285
gnc_kidney,complex_cyst_r,106242_v30,127.36507936507937,46.936059710889424,63.886546184738954,64.70796444309114,0.981000294873558,63.47853318034041
gnc_kidney,complex_cyst_r,106141_v30,149.13709677419354,76.33082469713366,87.78813559322033,66.34291931237365,0.9247250632337778,61.348961180973205
gnc_kidney,complex_cyst_r,100510_v30,244.10280373831776,56.18260191993774,152.5587358378056,60.430178541396074,1.5148733396994516,91.54406790051215
gnc_kidney,complex_cyst_r,124018_v30,77.63431151241535,23.553634987831078,78.04434850863423,45.89311685315202,-0.008934607527231141,-0.4100369962188779
gnc_kidney,complex_cyst_r,102769_v30,221.63076923076923,92.62556039166414,110.65784114052953,55.09306174803806,2.0142813369763437,110.9729280902397
gnc_kidney,complex_cyst_r,107221_v30,225.19117647058823,77.04377238506562,200.90881147540983,81.88758590675751,0.2965329168000501,24.282364995178398
gnc_kidney,complex_cyst_r,100903_v30,165.09375,12.230493078265487,192.66476462196863,35.03167956320075,-0.7870308868633262,-27.57101462196863
gnc_kidney,complex_cyst_r,117948_v30,146.10344827586206,52.18425236607252,109.16515276630884,24.525134471554754,1.5061403249900804,36.93829550955323
gnc_kidney,complex_cyst_r,115910_v30,117.31743421052632,27.17770876919245,122.20324395895399,60.668244997517846,-0.08053322900793228,-4.8858097484276755
gnc_kidney,complex_cyst_r,128970_v30,164.14234234234235,60.888522490614015,134.49207336027354,63.48260428572496,0.4670613130733645,29.65026898206881
gnc_kidney,complex_cyst_l,130265_v30,187.2111111111111,30.564501720657884,137.66758494031222,35.69529328970432,1.3879567925313017,49.543526170798884
gnc_kidney,complex_cyst_l,110703_v30,109.74486154479635,26.79498955894488,117.55396085340438,79.98995062723505,-0.09762600363855174,-7.809099308608026
gnc_kidney,complex_cyst_l,127476_v30,224.14285714285714,18.358115594016322,175.9059633027523,33.70936713035308,1.4309640469549674,48.23689384010484
gnc_kidney,complex_cyst_l,119860_v30,123.41158059467918,39.06021903369526,102.22559171597634,64.02496505112518,0.3309019931660006,21.185988878702844
gnc_kidney,complex_cyst_l,107788_v30,194.74074074074073,22.441021618971696,150.97193500738553,43.902377044307435,0.9969575153578829,43.76880573335521
gnc_kidney,complex_cyst_l,121907_v30,178.6353591160221,94.688508761174,138.09419562161077,42.12252907607645,0.9624579392831095,40.541163494411336
gnc_kidney,complex_cyst_l,114767_v30,168.2289719626168,34.85469037302173,159.45721125074806,66.35993781537788,0.132184581065889,8.771760711868751
gnc_kidney,complex_cyst_l,120679_v30,110.73048327137546,24.769491970571448,148.4233776387803,21.211088478432107,-1.7770371675501053,-37.69289436740483
gnc_kidney,complex_cyst_l,130435_v30,138.44954128440367,34.63686310453505,173.1538193233345,50.256215408560486,-0.6905469714791225,-34.70427803893082
gnc_kidney,complex_cyst_l,124563_v30,122.09457364341085,25.932327883731976,161.85066941297632,55.84396645559417,-0.7119138840050824,-39.75609576956546
gnc_kidney,complex_cyst_l,126961_v30,123.20391061452514,21.79245131754949,125.77808344795965,52.75280649865081,-0.048796887890759914,-2.5741728334345026
gnc_kidney,complex_cyst_l,123181_v30,291.14912280701753,68.6417386777478,206.87810745789895,29.78893235826671,2.828936985947252,84.27101534911858
gnc_kidney,complex_cyst_l,122686_v30,150.33846153846153,19.77938081248864,139.12239841427154,56.079825802488905,0.20000174329518794,11.216063124189986
gnc_kidney,complex_cyst_l,118548_v30,121.14772727272727,27.530096384791733,129.34976525821597,50.679265907298245,-0.1618420803223485,-8.202037985488701
gnc_kidney,complex_cyst_l,123682_v30,166.86552567237163,19.547172202267177,185.7380538662033,51.71988581187391,-0.36489886883315636,-18.87252819383167
gnc_kidney,complex_cyst_l,121794_v30,286.9158878504673,62.90864485937921,203.3197086199919,79.4010139473046,1.0528351468297348,83.5961792304754
gnc_kidney,complex_cyst_l,126032_v30,141.45631067961165,68.37202299286228,103.83556931544548,52.917949618806496,0.710925894223805,37.620741364166165
gnc_kidney,complex_cyst_l,101198_v30,246.98529411764707,35.16118040206324,168.84516129032258,65.31611883610887,1.1963376425818562,78.14013282732449
gnc_kidney,complex_cyst_l,114034_v30,107.78865979381443,17.86350525102316,125.40446768060836,50.37636296736097,-0.34968398866991035,-17.61580788679393
gnc_kidney,complex_cyst_l,121943_v30,77.13245033112582,19.057833034113358,79.73388952819333,37.47141161063544,-0.06942463643148443,-2.6014391970675064
gnc_kidney,complex_cyst_l,124681_v30,170.078125,36.38816850569235,129.1237113402062,82.56133257439743,0.4960483544380867,40.9544136597938
gnc_kidney,complex_cyst_l,116203_v30,152.56068911511355,56.986820294088005,98.28031994047619,68.62805277418418,0.7909355750236357,54.28036917463736
gnc_kidney,complex_cyst_l,103107_v30,201.29787234042553,40.92074066716853,163.06872852233678,24.48507215907989,1.5613244677568825,38.229143818088744
gnc_kidney,complex_cyst_l,122351_v30,146.30829694323145,41.537042669086155,137.5598349381018,62.40686574440839,0.14018428518386575,8.748462005129653
gnc_kidney,complex_cyst_l,112112_v30,107.91743119266054,16.726690444249353,137.58375959079285,19.790753664843344,-1.4989993509864539,-29.666328398132308
gnc_kidney,complex_cyst_l,111579_v30,151.1,32.10825439042116,123.29166666666667,59.124650307548535,0.47033399298513906,27.808333333333323
gnc_kidney,complex_cyst_l,101533_v30,260.18367346938777,32.97102838912118,241.46618852459017,46.58509405305169,0.4017912794528357,18.717484944797604
gnc_kidney,complex_cyst_l,111499_v30,202.62091503267973,60.580094072686336,160.4104774535809,87.61647387904573,0.4817637052548645,42.21043757909882
gnc_kidney,complex_cyst_l,129058_v30,149.79577464788733,22.34226044662244,146.04117009750811,46.1291398860475,0.08139333354709959,3.754604550379213
gnc_kidney,complex_cyst_l,100833_v30,126.76811594202898,45.08257960018312,94.28145386766076,69.53790360765285,0.4671791918043066,32.486662074368226
gnc_kidney,complex_cyst_l,130952_v30,208.51546391752578,43.29879725051819,228.9445324881141,62.36267820004809,-0.3275848445358739,-20.429068570588328
gnc_kidney,complex_cyst_l,109095_v30,139.8422131147541,65.29444423196463,134.8226673180264,40.37350427814428,0.1243277184417517,5.019545796727698
gnc_kidney,complex_cyst_l,121013_v30,173.26126126126127,83.71107665754859,155.00964912280702,42.46159834244366,0.4298380753692042,18.25161213845425
gnc_kidney,complex_cyst_l,122020_v30,278.0165562913907,74.14726971833768,148.38134765625,58.52120161795059,2.2151836058710264,129.6352086351407
gnc_kidney,complex_cyst_l,122395_v30,124.78550295857988,39.266106783163465,78.10808597748209,48.69447693582939,0.9585772136752401,46.67741698109779
gnc_kidney,complex_cyst_l,121151_v30,131.57831325301206,31.95143923900833,153.49518675394685,38.397527465373976,-0.5707886516888435,-21.9168735009348
gnc_kidney,complex_cyst_l,127233_v30,152.35433070866142,63.59392923523181,92.33774620600582,72.55160549088698,0.8272261277935193,60.016584502655604
gnc_kidney,complex_cyst_l,130565_v30,171.3987603305785,28.87068773052467,109.49626131444313,66.78087781151179,0.9269494519659501,61.90249901613538
gnc_kidney,complex_cyst_l,122248_v30,332.30526315789473,167.08324894363983,169.93840889649272,36.42568122532914,4.457482862146582,162.366854261402
gnc_kidney,complex_cyst_l,114481_v30,139.84913793103448,21.739218475982348,189.44033412887828,28.103531672901717,-1.7645894121225956,-49.5911961978438
