run_id,run_name,description,epoch,class,in_train,subject,ctx_cases,self_ctx,dice,nsd,soft_dice,loss,time_ms,tgt_size,tgt_occ,ctx_size,ctx_occ,spacing,synth_size,detail
502z85nl,150_cascade_coldtransformer_dualaxis,"dual_axis=True (default), l=4 — full bi-axial (row cross-context + column img<->mask) attention, cold transformer",250,adrenal_gland_left,True,s0458,s0824,False,0.0074,,0.0001,1.0003433227539062,26.6,52.0,2.5e-05,1.0,0.0,4.24,,ct ct<-ct
502z85nl,150_cascade_coldtransformer_dualaxis,"dual_axis=True (default), l=4 — full bi-axial (row cross-context + column img<->mask) attention, cold transformer",250,adrenal_gland_left,True,s1133,s0546,False,0.15,,0.1341,0.8658922910690308,28.4,5.0,2e-06,48.0,2.3e-05,4.24,,ct ct<-ct
502z85nl,150_cascade_coldtransformer_dualaxis,"dual_axis=True (default), l=4 — full bi-axial (row cross-context + column img<->mask) attention, cold transformer",250,adrenal_gland_left,True,s0458,s1287,False,0.6547,,0.6405,0.3596380949020386,28.4,52.0,2.5e-05,52.0,2.5e-05,4.24,,ct ct<-ct
502z85nl,150_cascade_coldtransformer_dualaxis,"dual_axis=True (default), l=4 — full bi-axial (row cross-context + column img<->mask) attention, cold transformer",250,adrenal_gland_left,True,s0832,s0607,False,0.5,,0.1221,0.8779414892196655,26.6,1.0,0.0,59.0,2.8e-05,4.24,,ct ct<-ct
502z85nl,150_cascade_coldtransformer_dualaxis,"dual_axis=True (default), l=4 — full bi-axial (row cross-context + column img<->mask) attention, cold transformer",250,adrenal_gland_left,True,s0544,s1161,False,0.0143,,0.0,1.0003615617752075,26.6,13.0,6e-06,85.0,4.1e-05,4.24,,ct ct<-ct
502z85nl,150_cascade_coldtransformer_dualaxis,"dual_axis=True (default), l=4 — full bi-axial (row cross-context + column img<->mask) attention, cold transformer",250,adrenal_gland_left,True,s0458,s0794,False,0.4851,,0.4831,0.5171273946762085,26.6,52.0,2.5e-05,93.0,4.4e-05,4.24,,ct ct<-ct
502z85nl,150_cascade_coldtransformer_dualaxis,"dual_axis=True (default), l=4 — full bi-axial (row cross-context + column img<->mask) attention, cold transformer",250,adrenal_gland_left,True,s0045,s0824,False,0.0056,,0.0001,1.0003782510757446,26.6,38.0,1.8e-05,1.0,0.0,4.24,,ct ct<-ct
502z85nl,150_cascade_coldtransformer_dualaxis,"dual_axis=True (default), l=4 — full bi-axial (row cross-context + column img<->mask) attention, cold transformer",250,adrenal_gland_left,True,s0760,s1337,False,0.3261,,0.3107,0.6894879937171936,26.9,42.0,2e-05,75.0,3.6e-05,4.24,,ct ct<-ct
502z85nl,150_cascade_coldtransformer_dualaxis,"dual_axis=True (default), l=4 — full bi-axial (row cross-context + column img<->mask) attention, cold transformer",250,adrenal_gland_left,True,s1161,s1024,False,0.4853,,0.473,0.527298092842102,26.6,85.0,4.1e-05,101.0,4.8e-05,4.24,,ct ct<-ct
502z85nl,150_cascade_coldtransformer_dualaxis,"dual_axis=True (default), l=4 — full bi-axial (row cross-context + column img<->mask) attention, cold transformer",250,adrenal_gland_right,False,s1161,s0824,False,0.0272,,0.0282,0.9726117253303528,26.6,94.0,4.5e-05,3.0,1e-06,4.24,,ct ct<-ct
502z85nl,150_cascade_coldtransformer_dualaxis,"dual_axis=True (default), l=4 — full bi-axial (row cross-context + column img<->mask) attention, cold transformer",250,adrenal_gland_right,False,s1199,s0095,False,0.0073,,0.0014,0.9995297789573669,26.6,70.0,3.3e-05,76.0,3.6e-05,4.24,,ct ct<-ct
502z85nl,150_cascade_coldtransformer_dualaxis,"dual_axis=True (default), l=4 — full bi-axial (row cross-context + column img<->mask) attention, cold transformer",250,adrenal_gland_right,False,s0324,s1199,False,0.006,,0.0004,0.9998844265937805,27.2,13.0,6e-06,70.0,3.3e-05,4.24,,ct ct<-ct
502z85nl,150_cascade_coldtransformer_dualaxis,"dual_axis=True (default), l=4 — full bi-axial (row cross-context + column img<->mask) attention, cold transformer",250,adrenal_gland_right,False,s0420,s1233,False,0.0429,,0.0267,0.9735545516014099,27.2,13.0,6e-06,63.0,3e-05,4.24,,ct ct<-ct
502z85nl,150_cascade_coldtransformer_dualaxis,"dual_axis=True (default), l=4 — full bi-axial (row cross-context + column img<->mask) attention, cold transformer",250,adrenal_gland_right,False,s0546,s1233,False,0.2184,,0.2154,0.7850477695465088,26.6,57.0,2.7e-05,63.0,3e-05,4.24,,ct ct<-ct
502z85nl,150_cascade_coldtransformer_dualaxis,"dual_axis=True (default), l=4 — full bi-axial (row cross-context + column img<->mask) attention, cold transformer",250,adrenal_gland_right,False,s0420,s0675,False,0.0091,,0.0047,0.9956734776496887,26.6,13.0,6e-06,38.0,1.8e-05,4.24,,ct ct<-ct
502z85nl,150_cascade_coldtransformer_dualaxis,"dual_axis=True (default), l=4 — full bi-axial (row cross-context + column img<->mask) attention, cold transformer",250,adrenal_gland_right,False,s0249,s1133,False,0.5052,,0.5145,0.4856548309326172,26.6,36.0,1.7e-05,23.0,1.1e-05,4.24,,ct ct<-ct
502z85nl,150_cascade_coldtransformer_dualaxis,"dual_axis=True (default), l=4 — full bi-axial (row cross-context + column img<->mask) attention, cold transformer",250,aorta,True,s0874,s0216,False,0.5037,,0.5022,0.5008985996246338,26.6,680.0,0.000324,85.0,4.1e-05,4.24,,ct ct<-ct
502z85nl,150_cascade_coldtransformer_dualaxis,"dual_axis=True (default), l=4 — full bi-axial (row cross-context + column img<->mask) attention, cold transformer",250,aorta,True,s0760,s0095,False,0.7878,,0.7852,0.21601730585098267,26.6,762.0,0.000363,5926.0,0.002826,4.24,,ct ct<-ct
502z85nl,150_cascade_coldtransformer_dualaxis,"dual_axis=True (default), l=4 — full bi-axial (row cross-context + column img<->mask) attention, cold transformer",250,aorta,True,s1133,s0216,False,0.0833,,0.0839,0.9820278882980347,26.7,10251.0,0.004888,85.0,4.1e-05,4.24,,ct ct<-ct
502z85nl,150_cascade_coldtransformer_dualaxis,"dual_axis=True (default), l=4 — full bi-axial (row cross-context + column img<->mask) attention, cold transformer",250,aorta,True,s0607,s0324,False,0.7231,,0.7227,0.2848801612854004,28.1,4043.0,0.001928,743.0,0.000354,4.24,,ct ct<-ct
502z85nl,150_cascade_coldtransformer_dualaxis,"dual_axis=True (default), l=4 — full bi-axial (row cross-context + column img<->mask) attention, cold transformer",250,aorta,True,s0420,s1238,False,0.8694,,0.8651,0.13797533512115479,26.6,5779.0,0.002756,3818.0,0.001821,4.24,,ct ct<-ct
502z85nl,150_cascade_coldtransformer_dualaxis,"dual_axis=True (default), l=4 — full bi-axial (row cross-context + column img<->mask) attention, cold transformer",250,aorta,True,s0420,s0095,False,0.901,,0.8945,0.10764461755752563,26.6,5779.0,0.002756,5926.0,0.002826,4.24,,ct ct<-ct
502z85nl,150_cascade_coldtransformer_dualaxis,"dual_axis=True (default), l=4 — full bi-axial (row cross-context + column img<->mask) attention, cold transformer",250,aorta,True,s1106,s1199,False,0.6727,,0.6647,0.3392636179924011,26.8,1397.0,0.000666,3928.0,0.001873,4.24,,ct ct<-ct
502z85nl,150_cascade_coldtransformer_dualaxis,"dual_axis=True (default), l=4 — full bi-axial (row cross-context + column img<->mask) attention, cold transformer",250,atrial_appendage_left,False,s0625,s1287,False,0.5373,,0.5294,0.4709615707397461,26.8,69.0,3.3e-05,112.0,5.3e-05,4.24,,ct ct<-ct
502z85nl,150_cascade_coldtransformer_dualaxis,"dual_axis=True (default), l=4 — full bi-axial (row cross-context + column img<->mask) attention, cold transformer",250,atrial_appendage_left,False,s0918,s0021,False,0.2448,,0.2341,0.7667703628540039,26.7,49.0,2.3e-05,71.0,3.4e-05,4.24,,ct ct<-ct
502z85nl,150_cascade_coldtransformer_dualaxis,"dual_axis=True (default), l=4 — full bi-axial (row cross-context + column img<->mask) attention, cold transformer",250,atrial_appendage_left,False,s1337,s1002,False,0.4676,,0.4532,0.5471794009208679,26.7,50.0,2.4e-05,103.0,4.9e-05,4.24,,ct ct<-ct
502z85nl,150_cascade_coldtransformer_dualaxis,"dual_axis=True (default), l=4 — full bi-axial (row cross-context + column img<->mask) attention, cold transformer",250,atrial_appendage_left,False,s1337,s0625,False,0.4645,,0.4619,0.5383649468421936,26.6,50.0,2.4e-05,69.0,3.3e-05,4.24,,ct ct<-ct
502z85nl,150_cascade_coldtransformer_dualaxis,"dual_axis=True (default), l=4 — full bi-axial (row cross-context + column img<->mask) attention, cold transformer",250,atrial_appendage_left,False,s0655,s0546,False,0.6085,,0.6028,0.39739108085632324,28.7,73.0,3.5e-05,81.0,3.9e-05,4.24,,ct ct<-ct
502z85nl,150_cascade_coldtransformer_dualaxis,"dual_axis=True (default), l=4 — full bi-axial (row cross-context + column img<->mask) attention, cold transformer",250,atrial_appendage_left,False,s0747,s0021,False,0.2055,,0.2109,0.7904622554779053,28.8,153.0,7.3e-05,71.0,3.4e-05,4.24,,ct ct<-ct
502z85nl,150_cascade_coldtransformer_dualaxis,"dual_axis=True (default), l=4 — full bi-axial (row cross-context + column img<->mask) attention, cold transformer",250,atrial_appendage_left,False,s0650,s0824,False,0.4442,,0.4372,0.5633065104484558,26.6,89.0,4.2e-05,77.0,3.7e-05,4.24,,ct ct<-ct
502z85nl,150_cascade_coldtransformer_dualaxis,"dual_axis=True (default), l=4 — full bi-axial (row cross-context + column img<->mask) attention, cold transformer",250,atrial_appendage_left,False,s0808,s0458,False,0.2009,,0.1938,0.8074750900268555,28.3,66.0,3.1e-05,13.0,6e-06,4.24,,ct ct<-ct
502z85nl,150_cascade_coldtransformer_dualaxis,"dual_axis=True (default), l=4 — full bi-axial (row cross-context + column img<->mask) attention, cold transformer",250,atrial_appendage_left,False,s0747,s1106,False,0.049,,0.0577,0.9435886144638062,26.6,153.0,7.3e-05,53.0,2.5e-05,4.24,,ct ct<-ct
502z85nl,150_cascade_coldtransformer_dualaxis,"dual_axis=True (default), l=4 — full bi-axial (row cross-context + column img<->mask) attention, cold transformer",250,autochthon_left,True,s0625,s0466,False,0.8607,,0.8534,0.15030096471309662,26.6,7189.0,0.003428,504.0,0.00024,4.24,,ct ct<-ct
502z85nl,150_cascade_coldtransformer_dualaxis,"dual_axis=True (default), l=4 — full bi-axial (row cross-context + column img<->mask) attention, cold transformer",250,autochthon_left,True,s1024,s0506,False,0.8032,,0.7917,0.21390578150749207,26.7,7013.0,0.003344,1501.0,0.000716,4.24,,ct ct<-ct
502z85nl,150_cascade_coldtransformer_dualaxis,"dual_axis=True (default), l=4 — full bi-axial (row cross-context + column img<->mask) attention, cold transformer",250,autochthon_left,True,s1024,s0675,False,0.717,,0.7147,0.295819491147995,26.6,7013.0,0.003344,3349.0,0.001597,4.24,,ct ct<-ct
502z85nl,150_cascade_coldtransformer_dualaxis,"dual_axis=True (default), l=4 — full bi-axial (row cross-context + column img<->mask) attention, cold transformer",250,autochthon_left,True,s1305,s1059,False,0.8294,,0.8227,0.1803838163614273,26.6,4078.0,0.001945,1355.0,0.000646,4.24,,ct ct<-ct
502z85nl,150_cascade_coldtransformer_dualaxis,"dual_axis=True (default), l=4 — full bi-axial (row cross-context + column img<->mask) attention, cold transformer",250,autochthon_left,True,s1233,s1046,False,0.8339,,0.8295,0.17416679859161377,26.6,5054.0,0.00241,6864.0,0.003273,4.24,,ct ct<-ct
502z85nl,150_cascade_coldtransformer_dualaxis,"dual_axis=True (default), l=4 — full bi-axial (row cross-context + column img<->mask) attention, cold transformer",250,autochthon_left,True,s1238,s0618,False,0.7989,,0.7939,0.21190473437309265,26.6,5794.0,0.002763,2335.0,0.001113,4.24,,ct ct<-ct
502z85nl,150_cascade_coldtransformer_dualaxis,"dual_axis=True (default), l=4 — full bi-axial (row cross-context + column img<->mask) attention, cold transformer",250,autochthon_left,True,s0760,s1197,False,0.8971,,0.8906,0.11096350848674774,26.6,4850.0,0.002313,1349.0,0.000643,4.24,,ct ct<-ct
502z85nl,150_cascade_coldtransformer_dualaxis,"dual_axis=True (default), l=4 — full bi-axial (row cross-context + column img<->mask) attention, cold transformer",250,autochthon_left,True,s0546,s0824,False,0.8742,,0.8649,0.13849669694900513,26.7,7410.0,0.003533,2220.0,0.001059,4.24,,ct ct<-ct
502z85nl,150_cascade_coldtransformer_dualaxis,"dual_axis=True (default), l=4 — full bi-axial (row cross-context + column img<->mask) attention, cold transformer",250,autochthon_left,True,s1197,s0324,False,0.7455,,0.7366,0.2652062177658081,26.6,1349.0,0.000643,3629.0,0.00173,4.24,,ct ct<-ct
502z85nl,150_cascade_coldtransformer_dualaxis,"dual_axis=True (default), l=4 — full bi-axial (row cross-context + column img<->mask) attention, cold transformer",250,autochthon_right,False,s0021,s1046,False,0.7913,,0.7865,0.21592910587787628,29.2,1976.0,0.000942,6980.0,0.003328,4.24,,ct ct<-ct
502z85nl,150_cascade_coldtransformer_dualaxis,"dual_axis=True (default), l=4 — full bi-axial (row cross-context + column img<->mask) attention, cold transformer",250,autochthon_right,False,s0832,s1337,False,0.8069,,0.8025,0.20022393763065338,30.6,1665.0,0.000794,5937.0,0.002831,4.24,,ct ct<-ct
502z85nl,150_cascade_coldtransformer_dualaxis,"dual_axis=True (default), l=4 — full bi-axial (row cross-context + column img<->mask) attention, cold transformer",250,autochthon_right,False,s0032,s1161,False,0.7511,,0.746,0.2579701244831085,26.6,2455.0,0.001171,8799.0,0.004196,4.24,,ct ct<-ct
502z85nl,150_cascade_coldtransformer_dualaxis,"dual_axis=True (default), l=4 — full bi-axial (row cross-context + column img<->mask) attention, cold transformer",250,autochthon_right,False,s0572,s1286,False,0.5807,,0.5769,0.4275955557823181,26.6,683.0,0.000326,1312.0,0.000626,4.24,,ct ct<-ct
502z85nl,150_cascade_coldtransformer_dualaxis,"dual_axis=True (default), l=4 — full bi-axial (row cross-context + column img<->mask) attention, cold transformer",250,autochthon_right,False,s0045,s0794,False,0.8798,,0.8764,0.12680909037590027,26.6,5079.0,0.002422,5701.0,0.002718,4.24,,ct ct<-ct
502z85nl,150_cascade_coldtransformer_dualaxis,"dual_axis=True (default), l=4 — full bi-axial (row cross-context + column img<->mask) attention, cold transformer",250,autochthon_right,False,s0808,s0546,False,0.8051,,0.7952,0.2073366492986679,26.6,2599.0,0.001239,7609.0,0.003628,4.24,,ct ct<-ct
502z85nl,150_cascade_coldtransformer_dualaxis,"dual_axis=True (default), l=4 — full bi-axial (row cross-context + column img<->mask) attention, cold transformer",250,autochthon_right,False,s0747,s0032,False,0.6522,,0.6539,0.35379284620285034,26.6,3609.0,0.001721,2455.0,0.001171,4.24,,ct ct<-ct
502z85nl,150_cascade_coldtransformer_dualaxis,"dual_axis=True (default), l=4 — full bi-axial (row cross-context + column img<->mask) attention, cold transformer",250,autochthon_right,False,s1238,s0675,False,0.8603,,0.8537,0.14990241825580597,32.3,6175.0,0.002944,3059.0,0.001459,4.24,,ct ct<-ct
502z85nl,150_cascade_coldtransformer_dualaxis,"dual_axis=True (default), l=4 — full bi-axial (row cross-context + column img<->mask) attention, cold transformer",250,autochthon_right,False,s1017,s0032,False,0.8255,,0.8174,0.18466287851333618,26.8,2759.0,0.001316,2455.0,0.001171,4.24,,ct ct<-ct
502z85nl,150_cascade_coldtransformer_dualaxis,"dual_axis=True (default), l=4 — full bi-axial (row cross-context + column img<->mask) attention, cold transformer",250,brachiocephalic_trunk,True,s0747,s1017,False,0.0185,,0.0165,0.9851476550102234,26.7,86.0,4.1e-05,83.0,4e-05,4.24,,ct ct<-ct
502z85nl,150_cascade_coldtransformer_dualaxis,"dual_axis=True (default), l=4 — full bi-axial (row cross-context + column img<->mask) attention, cold transformer",250,brachiocephalic_trunk,True,s1337,s1059,False,0.5288,,0.5114,0.48886537551879883,26.6,58.0,2.8e-05,71.0,3.4e-05,4.24,,ct ct<-ct
502z85nl,150_cascade_coldtransformer_dualaxis,"dual_axis=True (default), l=4 — full bi-axial (row cross-context + column img<->mask) attention, cold transformer",250,brachiocephalic_trunk,True,s1305,s0618,False,0.4342,,0.4312,0.5689724683761597,26.6,43.0,2.1e-05,47.0,2.2e-05,4.24,,ct ct<-ct
502z85nl,150_cascade_coldtransformer_dualaxis,"dual_axis=True (default), l=4 — full bi-axial (row cross-context + column img<->mask) attention, cold transformer",250,brachiocephalic_trunk,True,s0918,s0346,False,0.1731,,0.15,0.8505960702896118,28.3,65.0,3.1e-05,50.0,2.4e-05,4.24,,ct ct<-ct
502z85nl,150_cascade_coldtransformer_dualaxis,"dual_axis=True (default), l=4 — full bi-axial (row cross-context + column img<->mask) attention, cold transformer",250,brachiocephalic_trunk,True,s1197,s0918,False,0.3413,,0.3351,0.6654062867164612,26.9,97.0,4.6e-05,65.0,3.1e-05,4.24,,ct ct<-ct
502z85nl,150_cascade_coldtransformer_dualaxis,"dual_axis=True (default), l=4 — full bi-axial (row cross-context + column img<->mask) attention, cold transformer",250,brachiocephalic_trunk,True,s0874,s1161,False,0.554,,0.549,0.4513244032859802,26.6,93.0,4.4e-05,86.0,4.1e-05,4.24,,ct ct<-ct
502z85nl,150_cascade_coldtransformer_dualaxis,"dual_axis=True (default), l=4 — full bi-axial (row cross-context + column img<->mask) attention, cold transformer",250,brachiocephalic_vein_left,False,s1046,s1199,False,0.2475,,0.2592,0.7420638799667358,26.6,175.0,8.3e-05,106.0,5.1e-05,4.24,,ct ct<-ct
502z85nl,150_cascade_coldtransformer_dualaxis,"dual_axis=True (default), l=4 — full bi-axial (row cross-context + column img<->mask) attention, cold transformer",250,brachiocephalic_vein_left,False,s0794,s1223,False,0.0029,,0.008,0.994621753692627,26.6,255.0,0.000122,120.0,5.7e-05,4.24,,ct ct<-ct
502z85nl,150_cascade_coldtransformer_dualaxis,"dual_axis=True (default), l=4 — full bi-axial (row cross-context + column img<->mask) attention, cold transformer",250,brachiocephalic_vein_left,False,s0794,s0466,False,0.217,,0.2119,0.7896876931190491,26.6,255.0,0.000122,61.0,2.9e-05,4.24,,ct ct<-ct
502z85nl,150_cascade_coldtransformer_dualaxis,"dual_axis=True (default), l=4 — full bi-axial (row cross-context + column img<->mask) attention, cold transformer",250,brachiocephalic_vein_left,False,s0650,s1046,False,0.5737,,0.5751,0.42557182908058167,28.3,212.0,0.000101,175.0,8.3e-05,4.24,,ct ct<-ct
502z85nl,150_cascade_coldtransformer_dualaxis,"dual_axis=True (default), l=4 — full bi-axial (row cross-context + column img<->mask) attention, cold transformer",250,brachiocephalic_vein_right,False,s0650,s1199,False,0.1955,,0.2002,0.8006951808929443,26.6,74.0,3.5e-05,65.0,3.1e-05,4.24,,ct ct<-ct
502z85nl,150_cascade_coldtransformer_dualaxis,"dual_axis=True (default), l=4 — full bi-axial (row cross-context + column img<->mask) attention, cold transformer",250,brachiocephalic_vein_right,False,s0572,s1046,False,0.0649,,0.0509,0.9493301510810852,26.6,2.0,1e-06,90.0,4.3e-05,4.24,,ct ct<-ct
502z85nl,150_cascade_coldtransformer_dualaxis,"dual_axis=True (default), l=4 — full bi-axial (row cross-context + column img<->mask) attention, cold transformer",250,brachiocephalic_vein_right,False,s0867,s0794,False,0.8318,,0.8247,0.17544487118721008,26.6,111.0,5.3e-05,121.0,5.8e-05,4.24,,ct ct<-ct
502z85nl,150_cascade_coldtransformer_dualaxis,"dual_axis=True (default), l=4 — full bi-axial (row cross-context + column img<->mask) attention, cold transformer",250,brachiocephalic_vein_right,False,s0918,s0808,False,0.715,,0.6757,0.32447436451911926,26.6,82.0,3.9e-05,62.0,3e-05,4.24,,ct ct<-ct
502z85nl,150_cascade_coldtransformer_dualaxis,"dual_axis=True (default), l=4 — full bi-axial (row cross-context + column img<->mask) attention, cold transformer",250,brachiocephalic_vein_right,False,s0625,s1223,False,0.2727,,0.2678,0.7327574491500854,26.6,55.0,2.6e-05,43.0,2.1e-05,4.24,,ct ct<-ct
502z85nl,150_cascade_coldtransformer_dualaxis,"dual_axis=True (default), l=4 — full bi-axial (row cross-context + column img<->mask) attention, cold transformer",250,brain,True,s1059,s0572,False,0.9179,,0.9142,0.08648539334535599,26.7,1500.0,0.000715,1466.0,0.000699,4.24,,ct ct<-ct
502z85nl,150_cascade_coldtransformer_dualaxis,"dual_axis=True (default), l=4 — full bi-axial (row cross-context + column img<->mask) attention, cold transformer",250,brain,True,s0352,s0867,False,0.9331,,0.9318,0.07454050332307816,26.6,12280.0,0.005856,1519.0,0.000724,4.24,,ct ct<-ct
502z85nl,150_cascade_coldtransformer_dualaxis,"dual_axis=True (default), l=4 — full bi-axial (row cross-context + column img<->mask) attention, cold transformer",250,brain,True,s1017,s0874,False,0.9233,,0.9204,0.08123970776796341,26.6,4352.0,0.002075,19054.0,0.009086,4.24,,ct ct<-ct
502z85nl,150_cascade_coldtransformer_dualaxis,"dual_axis=True (default), l=4 — full bi-axial (row cross-context + column img<->mask) attention, cold transformer",250,brain,True,s0021,s0572,False,0.8632,,0.8625,0.14086505770683289,28.7,3225.0,0.001538,1466.0,0.000699,4.24,,ct ct<-ct
502z85nl,150_cascade_coldtransformer_dualaxis,"dual_axis=True (default), l=4 — full bi-axial (row cross-context + column img<->mask) attention, cold transformer",250,brain,True,s0874,s0346,False,0.9706,,0.9687,0.033579472452402115,26.6,19054.0,0.009086,19019.0,0.009069,4.24,,ct ct<-ct
502z85nl,150_cascade_coldtransformer_dualaxis,"dual_axis=True (default), l=4 — full bi-axial (row cross-context + column img<->mask) attention, cold transformer",250,brain,True,s1059,s1161,False,0.9087,,0.9052,0.0956256240606308,26.6,1500.0,0.000715,16651.0,0.00794,4.24,,ct ct<-ct
502z85nl,150_cascade_coldtransformer_dualaxis,"dual_axis=True (default), l=4 — full bi-axial (row cross-context + column img<->mask) attention, cold transformer",250,brain,True,s0874,s1017,False,0.9661,,0.9644,0.03834259510040283,26.6,19054.0,0.009086,4352.0,0.002075,4.24,,ct ct<-ct
502z85nl,150_cascade_coldtransformer_dualaxis,"dual_axis=True (default), l=4 — full bi-axial (row cross-context + column img<->mask) attention, cold transformer",250,brain,True,s1017,s0867,False,0.8814,,0.88,0.12265531718730927,26.6,4352.0,0.002075,1519.0,0.000724,4.24,,ct ct<-ct
502z85nl,150_cascade_coldtransformer_dualaxis,"dual_axis=True (default), l=4 — full bi-axial (row cross-context + column img<->mask) attention, cold transformer",250,brain,True,s0874,s0572,False,0.9679,,0.9661,0.03611323982477188,26.6,19054.0,0.009086,1466.0,0.000699,4.24,,ct ct<-ct
502z85nl,150_cascade_coldtransformer_dualaxis,"dual_axis=True (default), l=4 — full bi-axial (row cross-context + column img<->mask) attention, cold transformer",250,brain,True,s0792,s0346,False,0.9665,,0.9652,0.037264566868543625,26.6,16759.0,0.007991,19019.0,0.009069,4.24,,ct ct<-ct
502z85nl,150_cascade_coldtransformer_dualaxis,"dual_axis=True (default), l=4 — full bi-axial (row cross-context + column img<->mask) attention, cold transformer",250,clavicula_left,False,s0346,s1287,False,0.7006,,0.6933,0.3075135052204132,26.6,345.0,0.000165,275.0,0.000131,4.24,,ct ct<-ct
502z85nl,150_cascade_coldtransformer_dualaxis,"dual_axis=True (default), l=4 — full bi-axial (row cross-context + column img<->mask) attention, cold transformer",250,clavicula_left,False,s1305,s1223,False,0.5614,,0.5602,0.44064459204673767,26.6,204.0,9.7e-05,274.0,0.000131,4.24,,ct ct<-ct
502z85nl,150_cascade_coldtransformer_dualaxis,"dual_axis=True (default), l=4 — full bi-axial (row cross-context + column img<->mask) attention, cold transformer",250,clavicula_left,False,s1133,s1199,False,0.5625,,0.5707,0.4300917685031891,26.7,258.0,0.000123,225.0,0.000107,4.24,,ct ct<-ct
502z85nl,150_cascade_coldtransformer_dualaxis,"dual_axis=True (default), l=4 — full bi-axial (row cross-context + column img<->mask) attention, cold transformer",250,clavicula_left,False,s0346,s1017,False,0.4893,,0.4859,0.5160377025604248,26.6,345.0,0.000165,191.0,9.1e-05,4.24,,ct ct<-ct
502z85nl,150_cascade_coldtransformer_dualaxis,"dual_axis=True (default), l=4 — full bi-axial (row cross-context + column img<->mask) attention, cold transformer",250,clavicula_left,False,s1017,s1161,False,0.737,,0.7315,0.26876920461654663,26.6,191.0,9.1e-05,393.0,0.000187,4.24,,ct ct<-ct
502z85nl,150_cascade_coldtransformer_dualaxis,"dual_axis=True (default), l=4 — full bi-axial (row cross-context + column img<->mask) attention, cold transformer",250,clavicula_left,False,s1238,s0546,False,0.8085,,0.8087,0.19178040325641632,26.6,341.0,0.000163,324.0,0.000154,4.24,,ct ct<-ct
502z85nl,150_cascade_coldtransformer_dualaxis,"dual_axis=True (default), l=4 — full bi-axial (row cross-context + column img<->mask) attention, cold transformer",250,clavicula_left,False,s1161,s0546,False,0.6625,,0.6541,0.3469677269458771,29.8,393.0,0.000187,324.0,0.000154,4.24,,ct ct<-ct
502z85nl,150_cascade_coldtransformer_dualaxis,"dual_axis=True (default), l=4 — full bi-axial (row cross-context + column img<->mask) attention, cold transformer",250,clavicula_left,False,s0095,s0032,False,0.7566,,0.7492,0.25128892064094543,26.6,287.0,0.000137,239.0,0.000114,4.24,,ct ct<-ct
502z85nl,150_cascade_coldtransformer_dualaxis,"dual_axis=True (default), l=4 — full bi-axial (row cross-context + column img<->mask) attention, cold transformer",250,clavicula_right,True,s0123,s1133,False,0.7824,,0.7839,0.21640415489673615,26.6,205.0,9.8e-05,319.0,0.000152,4.24,,ct ct<-ct
502z85nl,150_cascade_coldtransformer_dualaxis,"dual_axis=True (default), l=4 — full bi-axial (row cross-context + column img<->mask) attention, cold transformer",250,clavicula_right,True,s1024,s1223,False,0.6991,,0.7,0.30036866664886475,30.6,115.0,5.5e-05,307.0,0.000146,4.24,,ct ct<-ct
502z85nl,150_cascade_coldtransformer_dualaxis,"dual_axis=True (default), l=4 — full bi-axial (row cross-context + column img<->mask) attention, cold transformer",250,clavicula_right,True,s1046,s1197,False,0.8207,,0.8171,0.18346479535102844,31.7,467.0,0.000223,309.0,0.000147,4.24,,ct ct<-ct
502z85nl,150_cascade_coldtransformer_dualaxis,"dual_axis=True (default), l=4 — full bi-axial (row cross-context + column img<->mask) attention, cold transformer",250,clavicula_right,True,s0794,s0546,False,0.6824,,0.6812,0.3203331232070923,26.6,424.0,0.000202,323.0,0.000154,4.24,,ct ct<-ct
502z85nl,150_cascade_coldtransformer_dualaxis,"dual_axis=True (default), l=4 — full bi-axial (row cross-context + column img<->mask) attention, cold transformer",250,colon,True,s0216,s0000,False,0.4763,,0.4661,0.5439531803131104,26.6,4113.0,0.001961,2615.0,0.001247,4.24,,ct ct<-ct
502z85nl,150_cascade_coldtransformer_dualaxis,"dual_axis=True (default), l=4 — full bi-axial (row cross-context + column img<->mask) attention, cold transformer",250,colon,True,s0420,s0794,False,0.4452,,0.4364,0.5660364627838135,26.6,482.0,0.00023,13305.0,0.006344,4.24,,ct ct<-ct
502z85nl,150_cascade_coldtransformer_dualaxis,"dual_axis=True (default), l=4 — full bi-axial (row cross-context + column img<->mask) attention, cold transformer",250,colon,True,s1017,s0614,False,0.0045,,0.0057,1.005088448524475,26.6,205.0,9.8e-05,2854.0,0.001361,4.24,,ct ct<-ct
502z85nl,150_cascade_coldtransformer_dualaxis,"dual_axis=True (default), l=4 — full bi-axial (row cross-context + column img<->mask) attention, cold transformer",250,common_carotid_artery_left,True,s0095,s0794,False,0.1805,,0.1689,0.8318676352500916,26.7,57.0,2.7e-05,46.0,2.2e-05,4.24,,ct ct<-ct
502z85nl,150_cascade_coldtransformer_dualaxis,"dual_axis=True (default), l=4 — full bi-axial (row cross-context + column img<->mask) attention, cold transformer",250,common_carotid_artery_left,True,s1238,s0466,False,0.3824,,0.3752,0.6252500414848328,26.6,44.0,2.1e-05,30.0,1.4e-05,4.24,,ct ct<-ct
502z85nl,150_cascade_coldtransformer_dualaxis,"dual_axis=True (default), l=4 — full bi-axial (row cross-context + column img<->mask) attention, cold transformer",250,common_carotid_artery_left,True,s1199,s0572,False,0.3585,,0.3329,0.667422890663147,26.6,38.0,1.8e-05,31.0,1.5e-05,4.24,,ct ct<-ct
502z85nl,150_cascade_coldtransformer_dualaxis,"dual_axis=True (default), l=4 — full bi-axial (row cross-context + column img<->mask) attention, cold transformer",250,common_carotid_artery_left,True,s0650,s1002,False,0.343,,0.3359,0.6646703481674194,26.6,75.0,3.6e-05,17.0,8e-06,4.24,,ct ct<-ct
502z85nl,150_cascade_coldtransformer_dualaxis,"dual_axis=True (default), l=4 — full bi-axial (row cross-context + column img<->mask) attention, cold transformer",250,common_carotid_artery_left,True,s1197,s0095,False,0.2381,,0.239,0.7614666819572449,28.1,58.0,2.8e-05,57.0,2.7e-05,4.24,,ct ct<-ct
502z85nl,150_cascade_coldtransformer_dualaxis,"dual_axis=True (default), l=4 — full bi-axial (row cross-context + column img<->mask) attention, cold transformer",250,common_carotid_artery_left,True,s1278,s1059,False,0.3074,,0.3019,0.6986716985702515,26.6,87.0,4.1e-05,81.0,3.9e-05,4.24,,ct ct<-ct
502z85nl,150_cascade_coldtransformer_dualaxis,"dual_axis=True (default), l=4 — full bi-axial (row cross-context + column img<->mask) attention, cold transformer",250,common_carotid_artery_left,True,s0021,s0123,False,0.413,,0.4109,0.589434027671814,26.6,54.0,2.6e-05,57.0,2.7e-05,4.24,,ct ct<-ct
502z85nl,150_cascade_coldtransformer_dualaxis,"dual_axis=True (default), l=4 — full bi-axial (row cross-context + column img<->mask) attention, cold transformer",250,common_carotid_artery_left,True,s0618,s0698,False,0.5169,,0.5141,0.4861612915992737,26.6,48.0,2.3e-05,61.0,2.9e-05,4.24,,ct ct<-ct
502z85nl,150_cascade_coldtransformer_dualaxis,"dual_axis=True (default), l=4 — full bi-axial (row cross-context + column img<->mask) attention, cold transformer",250,common_carotid_artery_left,True,s1133,s1199,False,0.0292,,0.0196,0.9810697436332703,26.6,44.0,2.1e-05,38.0,1.8e-05,4.24,,ct ct<-ct
502z85nl,150_cascade_coldtransformer_dualaxis,"dual_axis=True (default), l=4 — full bi-axial (row cross-context + column img<->mask) attention, cold transformer",250,common_carotid_artery_right,False,s0095,s1017,False,0.1727,,0.1409,0.8595029711723328,26.6,42.0,2e-05,33.0,1.6e-05,4.24,,ct ct<-ct
502z85nl,150_cascade_coldtransformer_dualaxis,"dual_axis=True (default), l=4 — full bi-axial (row cross-context + column img<->mask) attention, cold transformer",250,common_carotid_artery_right,False,s1287,s1305,False,0.104,,0.0911,0.9096932411193848,26.6,80.0,3.8e-05,23.0,1.1e-05,4.24,,ct ct<-ct
502z85nl,150_cascade_coldtransformer_dualaxis,"dual_axis=True (default), l=4 — full bi-axial (row cross-context + column img<->mask) attention, cold transformer",250,common_carotid_artery_right,False,s0032,s1337,False,0.1458,,0.1369,0.8637093305587769,26.6,22.0,1e-05,24.0,1.1e-05,4.24,,ct ct<-ct
502z85nl,150_cascade_coldtransformer_dualaxis,"dual_axis=True (default), l=4 — full bi-axial (row cross-context + column img<->mask) attention, cold transformer",250,common_carotid_artery_right,False,s1024,s0466,False,0.2812,,0.2623,0.738011360168457,26.6,15.0,7e-06,12.0,6e-06,4.24,,ct ct<-ct
502z85nl,150_cascade_coldtransformer_dualaxis,"dual_axis=True (default), l=4 — full bi-axial (row cross-context + column img<->mask) attention, cold transformer",250,common_carotid_artery_right,False,s0794,s0021,False,0.2455,,0.242,0.7584353089332581,28.4,34.0,1.6e-05,43.0,2.1e-05,4.24,,ct ct<-ct
502z85nl,150_cascade_coldtransformer_dualaxis,"dual_axis=True (default), l=4 — full bi-axial (row cross-context + column img<->mask) attention, cold transformer",250,common_carotid_artery_right,False,s0650,s1278,False,0.1214,,0.1192,0.8812377452850342,26.6,42.0,2e-05,41.0,2e-05,4.24,,ct ct<-ct
502z85nl,150_cascade_coldtransformer_dualaxis,"dual_axis=True (default), l=4 — full bi-axial (row cross-context + column img<->mask) attention, cold transformer",250,common_carotid_artery_right,False,s0675,s0420,False,0.2474,,0.2546,0.7461824417114258,26.6,32.0,1.5e-05,46.0,2.2e-05,4.24,,ct ct<-ct
502z85nl,150_cascade_coldtransformer_dualaxis,"dual_axis=True (default), l=4 — full bi-axial (row cross-context + column img<->mask) attention, cold transformer",250,costal_cartilages,True,s0839,s0095,False,0.4069,,0.3997,0.6017287373542786,26.6,430.0,0.000205,2016.0,0.000961,4.24,,ct ct<-ct
502z85nl,150_cascade_coldtransformer_dualaxis,"dual_axis=True (default), l=4 — full bi-axial (row cross-context + column img<->mask) attention, cold transformer",250,costal_cartilages,True,s0420,s1233,False,0.404,,0.4051,0.6027336120605469,26.6,1897.0,0.000905,1401.0,0.000668,4.24,,ct ct<-ct
502z85nl,150_cascade_coldtransformer_dualaxis,"dual_axis=True (default), l=4 — full bi-axial (row cross-context + column img<->mask) attention, cold transformer",250,costal_cartilages,True,s0544,s0546,False,0.6473,,0.6448,0.3589145243167877,31.7,1222.0,0.000583,2774.0,0.001323,4.24,,ct ct<-ct
502z85nl,150_cascade_coldtransformer_dualaxis,"dual_axis=True (default), l=4 — full bi-axial (row cross-context + column img<->mask) attention, cold transformer",250,costal_cartilages,True,s1223,s0095,False,0.4289,,0.427,0.57989901304245,27.2,1466.0,0.000699,2016.0,0.000961,4.24,,ct ct<-ct
502z85nl,150_cascade_coldtransformer_dualaxis,"dual_axis=True (default), l=4 — full bi-axial (row cross-context + column img<->mask) attention, cold transformer",250,costal_cartilages,True,s0808,s0675,False,0.5533,,0.5455,0.4578452706336975,26.6,1410.0,0.000672,1557.0,0.000742,4.24,,ct ct<-ct
502z85nl,150_cascade_coldtransformer_dualaxis,"dual_axis=True (default), l=4 — full bi-axial (row cross-context + column img<->mask) attention, cold transformer",250,costal_cartilages,True,s1046,s0760,False,0.5801,,0.5713,0.43361783027648926,26.7,2313.0,0.001103,518.0,0.000247,4.24,,ct ct<-ct
502z85nl,150_cascade_coldtransformer_dualaxis,"dual_axis=True (default), l=4 — full bi-axial (row cross-context + column img<->mask) attention, cold transformer",250,costal_cartilages,True,s0249,s0824,False,0.3894,,0.3889,0.6165145039558411,26.6,916.0,0.000437,1957.0,0.000933,4.24,,ct ct<-ct
502z85nl,150_cascade_coldtransformer_dualaxis,"dual_axis=True (default), l=4 — full bi-axial (row cross-context + column img<->mask) attention, cold transformer",250,costal_cartilages,True,s0808,s1223,False,0.5708,,0.5613,0.44207292795181274,26.6,1410.0,0.000672,1466.0,0.000699,4.24,,ct ct<-ct
502z85nl,150_cascade_coldtransformer_dualaxis,"dual_axis=True (default), l=4 — full bi-axial (row cross-context + column img<->mask) attention, cold transformer",250,costal_cartilages,True,s0607,s0324,False,0.5692,,0.5735,0.4301116168498993,26.6,1681.0,0.000802,615.0,0.000293,4.24,,ct ct<-ct
502z85nl,150_cascade_coldtransformer_dualaxis,"dual_axis=True (default), l=4 — full bi-axial (row cross-context + column img<->mask) attention, cold transformer",250,duodenum,True,s1287,s0506,False,0.1846,,0.1791,0.825928807258606,26.8,774.0,0.000369,1.0,0.0,4.24,,ct ct<-ct
502z85nl,150_cascade_coldtransformer_dualaxis,"dual_axis=True (default), l=4 — full bi-axial (row cross-context + column img<->mask) attention, cold transformer",250,duodenum,True,s0045,s1238,False,0.5358,,0.534,0.4698759913444519,26.6,684.0,0.000326,856.0,0.000408,4.24,,ct ct<-ct
502z85nl,150_cascade_coldtransformer_dualaxis,"dual_axis=True (default), l=4 — full bi-axial (row cross-context + column img<->mask) attention, cold transformer",250,duodenum,True,s1238,s0650,False,0.4604,,0.4625,0.5432568788528442,26.7,856.0,0.000408,1196.0,0.00057,4.24,,ct ct<-ct
502z85nl,150_cascade_coldtransformer_dualaxis,"dual_axis=True (default), l=4 — full bi-axial (row cross-context + column img<->mask) attention, cold transformer",250,duodenum,True,s0625,s0760,False,0.5827,,0.5809,0.4200794994831085,32.3,810.0,0.000386,521.0,0.000248,4.24,,ct ct<-ct
502z85nl,150_cascade_coldtransformer_dualaxis,"dual_axis=True (default), l=4 — full bi-axial (row cross-context + column img<->mask) attention, cold transformer",250,duodenum,True,s0991,s1287,False,0.3056,,0.3081,0.6975091099739075,26.6,578.0,0.000276,774.0,0.000369,4.24,,ct ct<-ct
502z85nl,150_cascade_coldtransformer_dualaxis,"dual_axis=True (default), l=4 — full bi-axial (row cross-context + column img<->mask) attention, cold transformer",250,esophagus,True,s1199,s0021,False,0.4009,,0.389,0.6139657497406006,26.6,516.0,0.000246,333.0,0.000159,4.24,,ct ct<-ct
502z85nl,150_cascade_coldtransformer_dualaxis,"dual_axis=True (default), l=4 — full bi-axial (row cross-context + column img<->mask) attention, cold transformer",250,esophagus,True,s0918,s1199,False,0.5293,,0.5238,0.47796985507011414,26.7,721.0,0.000344,516.0,0.000246,4.24,,ct ct<-ct
502z85nl,150_cascade_coldtransformer_dualaxis,"dual_axis=True (default), l=4 — full bi-axial (row cross-context + column img<->mask) attention, cold transformer",250,esophagus,True,s1223,s0045,False,0.363,,0.3548,0.6473244428634644,26.6,295.0,0.000141,173.0,8.2e-05,4.24,,ct ct<-ct
502z85nl,150_cascade_coldtransformer_dualaxis,"dual_axis=True (default), l=4 — full bi-axial (row cross-context + column img<->mask) attention, cold transformer",250,esophagus,True,s1133,s0249,False,0.3829,,0.3715,0.6306843161582947,26.6,411.0,0.000196,154.0,7.3e-05,4.24,,ct ct<-ct
502z85nl,150_cascade_coldtransformer_dualaxis,"dual_axis=True (default), l=4 — full bi-axial (row cross-context + column img<->mask) attention, cold transformer",250,esophagus,True,s1133,s1337,False,0.4021,,0.397,0.6049390435218811,26.6,411.0,0.000196,532.0,0.000254,4.24,,ct ct<-ct
502z85nl,150_cascade_coldtransformer_dualaxis,"dual_axis=True (default), l=4 — full bi-axial (row cross-context + column img<->mask) attention, cold transformer",250,femur_left,True,s0760,s1287,False,0.9228,,0.9188,0.08190083503723145,26.6,2090.0,0.000997,2726.0,0.0013,4.24,,ct ct<-ct
502z85nl,150_cascade_coldtransformer_dualaxis,"dual_axis=True (default), l=4 — full bi-axial (row cross-context + column img<->mask) attention, cold transformer",250,femur_left,True,s0614,s1233,False,0.9286,,0.9224,0.07824557274580002,26.6,2136.0,0.001019,1762.0,0.00084,4.24,,ct ct<-ct
502z85nl,150_cascade_coldtransformer_dualaxis,"dual_axis=True (default), l=4 — full bi-axial (row cross-context + column img<->mask) attention, cold transformer",250,femur_left,True,s0506,s1024,False,0.6639,,0.6546,0.3479224741458893,29.2,2373.0,0.001132,1960.0,0.000935,4.24,,ct ct<-ct
502z85nl,150_cascade_coldtransformer_dualaxis,"dual_axis=True (default), l=4 — full bi-axial (row cross-context + column img<->mask) attention, cold transformer",250,femur_left,True,s1223,s0614,False,0.8986,,0.8948,0.10624098777770996,26.6,2098.0,0.001,2136.0,0.001019,4.24,,ct ct<-ct
502z85nl,150_cascade_coldtransformer_dualaxis,"dual_axis=True (default), l=4 — full bi-axial (row cross-context + column img<->mask) attention, cold transformer",250,femur_left,True,s0045,s0458,False,0.9031,,0.8991,0.10209617018699646,26.7,2616.0,0.001247,2373.0,0.001132,4.24,,ct ct<-ct
502z85nl,150_cascade_coldtransformer_dualaxis,"dual_axis=True (default), l=4 — full bi-axial (row cross-context + column img<->mask) attention, cold transformer",250,femur_left,True,s0794,s0000,False,0.9267,,0.9201,0.08047375828027725,26.8,2351.0,0.001121,3050.0,0.001454,4.24,,ct ct<-ct
502z85nl,150_cascade_coldtransformer_dualaxis,"dual_axis=True (default), l=4 — full bi-axial (row cross-context + column img<->mask) attention, cold transformer",250,femur_right,False,s0991,s0324,False,0.8914,,0.8853,0.11568428575992584,26.6,1867.0,0.00089,1318.0,0.000628,4.24,,ct ct<-ct
502z85nl,150_cascade_coldtransformer_dualaxis,"dual_axis=True (default), l=4 — full bi-axial (row cross-context + column img<->mask) attention, cold transformer",250,femur_right,False,s0000,s1024,False,0.7381,,0.7303,0.27602487802505493,26.6,3245.0,0.001547,1898.0,0.000905,4.24,,ct ct<-ct
502z85nl,150_cascade_coldtransformer_dualaxis,"dual_axis=True (default), l=4 — full bi-axial (row cross-context + column img<->mask) attention, cold transformer",250,femur_right,False,s1233,s0045,False,0.8861,,0.884,0.11754603683948517,26.6,2004.0,0.000956,2565.0,0.001223,4.24,,ct ct<-ct
502z85nl,150_cascade_coldtransformer_dualaxis,"dual_axis=True (default), l=4 — full bi-axial (row cross-context + column img<->mask) attention, cold transformer",250,femur_right,False,s0760,s0045,False,0.9109,,0.9058,0.09502904862165451,26.7,2199.0,0.001049,2565.0,0.001223,4.24,,ct ct<-ct
502z85nl,150_cascade_coldtransformer_dualaxis,"dual_axis=True (default), l=4 — full bi-axial (row cross-context + column img<->mask) attention, cold transformer",250,femur_right,False,s1223,s0794,False,0.8768,,0.876,0.125454843044281,26.5,2204.0,0.001051,2443.0,0.001165,4.24,,ct ct<-ct
502z85nl,150_cascade_coldtransformer_dualaxis,"dual_axis=True (default), l=4 — full bi-axial (row cross-context + column img<->mask) attention, cold transformer",250,femur_right,False,s0216,s1233,False,0.9146,,0.9099,0.09043408185243607,27.2,1170.0,0.000558,2004.0,0.000956,4.24,,ct ct<-ct
502z85nl,150_cascade_coldtransformer_dualaxis,"dual_axis=True (default), l=4 — full bi-axial (row cross-context + column img<->mask) attention, cold transformer",250,femur_right,False,s1223,s1287,False,0.8981,,0.8957,0.10545165836811066,26.6,2204.0,0.001051,2621.0,0.00125,4.24,,ct ct<-ct
502z85nl,150_cascade_coldtransformer_dualaxis,"dual_axis=True (default), l=4 — full bi-axial (row cross-context + column img<->mask) attention, cold transformer",250,femur_right,False,s0045,s1046,False,0.926,,0.9208,0.07996957749128342,26.6,2565.0,0.001223,2733.0,0.001303,4.24,,ct ct<-ct
502z85nl,150_cascade_coldtransformer_dualaxis,"dual_axis=True (default), l=4 — full bi-axial (row cross-context + column img<->mask) attention, cold transformer",250,femur_right,False,s1233,s0760,False,0.9057,,0.9027,0.09840324521064758,26.6,2004.0,0.000956,2199.0,0.001049,4.24,,ct ct<-ct
502z85nl,150_cascade_coldtransformer_dualaxis,"dual_axis=True (default), l=4 — full bi-axial (row cross-context + column img<->mask) attention, cold transformer",250,femur_right,False,s1238,s1233,False,0.9226,,0.9207,0.08027370274066925,26.6,2690.0,0.001283,2004.0,0.000956,4.24,,ct ct<-ct
502z85nl,150_cascade_coldtransformer_dualaxis,"dual_axis=True (default), l=4 — full bi-axial (row cross-context + column img<->mask) attention, cold transformer",250,femur_right,False,s0918,s1287,False,0.9107,,0.9087,0.09248274564743042,26.7,2846.0,0.001357,2621.0,0.00125,4.24,,ct ct<-ct
502z85nl,150_cascade_coldtransformer_dualaxis,"dual_axis=True (default), l=4 — full bi-axial (row cross-context + column img<->mask) attention, cold transformer",250,femur_right,False,s0045,s0918,False,0.9252,,0.9201,0.08072427660226822,26.6,2565.0,0.001223,2846.0,0.001357,4.24,,ct ct<-ct
502z85nl,150_cascade_coldtransformer_dualaxis,"dual_axis=True (default), l=4 — full bi-axial (row cross-context + column img<->mask) attention, cold transformer",250,gallbladder,True,s1046,s0607,False,0.58,,0.5664,0.4348292052745819,26.6,411.0,0.000196,202.0,9.6e-05,4.24,,ct ct<-ct
502z85nl,150_cascade_coldtransformer_dualaxis,"dual_axis=True (default), l=4 — full bi-axial (row cross-context + column img<->mask) attention, cold transformer",250,gallbladder,True,s1286,s1305,False,0.5767,,0.5774,0.42324307560920715,26.6,403.0,0.000192,69.0,3.3e-05,4.24,,ct ct<-ct
502z85nl,150_cascade_coldtransformer_dualaxis,"dual_axis=True (default), l=4 — full bi-axial (row cross-context + column img<->mask) attention, cold transformer",250,gallbladder,True,s0095,s1233,False,0.1412,,0.1365,0.8647766709327698,26.6,75.0,3.6e-05,409.0,0.000195,4.24,,ct ct<-ct
502z85nl,150_cascade_coldtransformer_dualaxis,"dual_axis=True (default), l=4 — full bi-axial (row cross-context + column img<->mask) attention, cold transformer",250,gallbladder,True,s0747,s1286,False,0.0008,,0.0003,1.0023713111877441,26.7,2.0,1e-06,403.0,0.000192,4.24,,ct ct<-ct
502z85nl,150_cascade_coldtransformer_dualaxis,"dual_axis=True (default), l=4 — full bi-axial (row cross-context + column img<->mask) attention, cold transformer",250,gallbladder,True,s0675,s0324,False,0.188,,0.185,0.8176656365394592,29.2,460.0,0.000219,172.0,8.2e-05,4.24,,ct ct<-ct
502z85nl,150_cascade_coldtransformer_dualaxis,"dual_axis=True (default), l=4 — full bi-axial (row cross-context + column img<->mask) attention, cold transformer",250,gallbladder,True,s1287,s0794,False,0.2517,,0.2468,0.7549659013748169,26.6,142.0,6.8e-05,341.0,0.000163,4.24,,ct ct<-ct
502z85nl,150_cascade_coldtransformer_dualaxis,"dual_axis=True (default), l=4 — full bi-axial (row cross-context + column img<->mask) attention, cold transformer",250,gallbladder,True,s0675,s0324,False,0.188,,0.185,0.8176656365394592,26.7,460.0,0.000219,172.0,8.2e-05,4.24,,ct ct<-ct
502z85nl,150_cascade_coldtransformer_dualaxis,"dual_axis=True (default), l=4 — full bi-axial (row cross-context + column img<->mask) attention, cold transformer",250,gallbladder,True,s0544,s0095,False,0.0096,,0.0154,0.986145555973053,28.7,184.0,8.8e-05,75.0,3.6e-05,4.24,,ct ct<-ct
502z85nl,150_cascade_coldtransformer_dualaxis,"dual_axis=True (default), l=4 — full bi-axial (row cross-context + column img<->mask) attention, cold transformer",250,gallbladder,True,s0618,s0698,False,0.3918,,0.3933,0.6068100333213806,26.6,64.0,3.1e-05,1.0,0.0,4.24,,ct ct<-ct
502z85nl,150_cascade_coldtransformer_dualaxis,"dual_axis=True (default), l=4 — full bi-axial (row cross-context + column img<->mask) attention, cold transformer",250,gallbladder,True,s0045,s0607,False,0.3698,,0.3601,0.6408640742301941,26.6,130.0,6.2e-05,202.0,9.6e-05,4.24,,ct ct<-ct
502z85nl,150_cascade_coldtransformer_dualaxis,"dual_axis=True (default), l=4 — full bi-axial (row cross-context + column img<->mask) attention, cold transformer",250,gallbladder,True,s0747,s1046,False,0.0203,,0.0116,0.9886587858200073,26.6,2.0,1e-06,411.0,0.000196,4.24,,ct ct<-ct
502z85nl,150_cascade_coldtransformer_dualaxis,"dual_axis=True (default), l=4 — full bi-axial (row cross-context + column img<->mask) attention, cold transformer",250,gallbladder,True,s1017,s0123,False,0.0125,,0.0133,0.9884573817253113,26.9,138.0,6.6e-05,382.0,0.000182,4.24,,ct ct<-ct
502z85nl,150_cascade_coldtransformer_dualaxis,"dual_axis=True (default), l=4 — full bi-axial (row cross-context + column img<->mask) attention, cold transformer",250,gallbladder,True,s1287,s0991,False,0.4085,,0.4001,0.6011112332344055,26.6,142.0,6.8e-05,456.0,0.000217,4.24,,ct ct<-ct
502z85nl,150_cascade_coldtransformer_dualaxis,"dual_axis=True (default), l=4 — full bi-axial (row cross-context + column img<->mask) attention, cold transformer",250,gluteus_maximus_left,True,s0760,s0458,False,0.935,,0.9308,0.07079874724149704,26.7,7338.0,0.003499,4753.0,0.002266,4.24,,ct ct<-ct
502z85nl,150_cascade_coldtransformer_dualaxis,"dual_axis=True (default), l=4 — full bi-axial (row cross-context + column img<->mask) attention, cold transformer",250,gluteus_maximus_left,True,s0045,s0095,False,0.9019,,0.8982,0.10448303073644638,31.7,6892.0,0.003286,6748.0,0.003218,4.24,,ct ct<-ct
502z85nl,150_cascade_coldtransformer_dualaxis,"dual_axis=True (default), l=4 — full bi-axial (row cross-context + column img<->mask) attention, cold transformer",250,gluteus_maximus_left,True,s0095,s1223,False,0.7387,,0.7361,0.27166497707366943,26.6,6748.0,0.003218,5674.0,0.002706,4.24,,ct ct<-ct
502z85nl,150_cascade_coldtransformer_dualaxis,"dual_axis=True (default), l=4 — full bi-axial (row cross-context + column img<->mask) attention, cold transformer",250,gluteus_maximus_left,True,s1287,s0991,False,0.9032,,0.9016,0.10089137405157089,26.6,5618.0,0.002679,4712.0,0.002247,4.24,,ct ct<-ct
502z85nl,150_cascade_coldtransformer_dualaxis,"dual_axis=True (default), l=4 — full bi-axial (row cross-context + column img<->mask) attention, cold transformer",250,gluteus_maximus_left,True,s1046,s0760,False,0.9149,,0.9111,0.09189305454492569,26.6,8405.0,0.004008,7338.0,0.003499,4.24,,ct ct<-ct
502z85nl,150_cascade_coldtransformer_dualaxis,"dual_axis=True (default), l=4 — full bi-axial (row cross-context + column img<->mask) attention, cold transformer",250,gluteus_maximus_left,True,s0324,s0458,False,0.8913,,0.8903,0.11177390068769455,28.4,4240.0,0.002022,4753.0,0.002266,4.24,,ct ct<-ct
502z85nl,150_cascade_coldtransformer_dualaxis,"dual_axis=True (default), l=4 — full bi-axial (row cross-context + column img<->mask) attention, cold transformer",250,gluteus_maximus_right,False,s1287,s0991,False,0.8775,,0.8762,0.12767186760902405,28.7,5783.0,0.002758,5432.0,0.00259,4.24,,ct ct<-ct
502z85nl,150_cascade_coldtransformer_dualaxis,"dual_axis=True (default), l=4 — full bi-axial (row cross-context + column img<->mask) attention, cold transformer",250,gluteus_maximus_right,False,s0506,s1223,False,0.8864,,0.8821,0.12243956327438354,26.6,10816.0,0.005157,5960.0,0.002842,4.24,,ct ct<-ct
502z85nl,150_cascade_coldtransformer_dualaxis,"dual_axis=True (default), l=4 — full bi-axial (row cross-context + column img<->mask) attention, cold transformer",250,gluteus_maximus_right,False,s1287,s0000,False,0.8494,,0.8409,0.16374996304512024,26.6,5783.0,0.002758,6672.0,0.003181,4.24,,ct ct<-ct
502z85nl,150_cascade_coldtransformer_dualaxis,"dual_axis=True (default), l=4 — full bi-axial (row cross-context + column img<->mask) attention, cold transformer",250,gluteus_maximus_right,False,s1223,s0794,False,0.9335,,0.9295,0.07223793864250183,26.6,5960.0,0.002842,6641.0,0.003167,4.24,,ct ct<-ct
502z85nl,150_cascade_coldtransformer_dualaxis,"dual_axis=True (default), l=4 — full bi-axial (row cross-context + column img<->mask) attention, cold transformer",250,gluteus_maximus_right,False,s0650,s0095,False,0.8574,,0.8557,0.14878486096858978,26.6,6280.0,0.002995,6836.0,0.00326,4.24,,ct ct<-ct
502z85nl,150_cascade_coldtransformer_dualaxis,"dual_axis=True (default), l=4 — full bi-axial (row cross-context + column img<->mask) attention, cold transformer",250,gluteus_medius_left,False,s0546,s0607,False,0.8434,,0.8397,0.16325171291828156,26.6,3900.0,0.00186,3700.0,0.001764,4.24,,ct ct<-ct
502z85nl,150_cascade_coldtransformer_dualaxis,"dual_axis=True (default), l=4 — full bi-axial (row cross-context + column img<->mask) attention, cold transformer",250,gluteus_medius_left,False,s0506,s1223,False,0.7874,,0.7826,0.2214118242263794,26.9,2313.0,0.001103,2903.0,0.001384,4.24,,ct ct<-ct
502z85nl,150_cascade_coldtransformer_dualaxis,"dual_axis=True (default), l=4 — full bi-axial (row cross-context + column img<->mask) attention, cold transformer",250,gluteus_medius_left,False,s1161,s1238,False,0.7957,,0.7925,0.21080859005451202,26.7,3405.0,0.001624,3033.0,0.001446,4.24,,ct ct<-ct
502z85nl,150_cascade_coldtransformer_dualaxis,"dual_axis=True (default), l=4 — full bi-axial (row cross-context + column img<->mask) attention, cold transformer",250,gluteus_medius_right,True,s1161,s0614,False,0.7657,,0.7592,0.2449607402086258,26.6,2961.0,0.001412,3176.0,0.001514,4.24,,ct ct<-ct
502z85nl,150_cascade_coldtransformer_dualaxis,"dual_axis=True (default), l=4 — full bi-axial (row cross-context + column img<->mask) attention, cold transformer",250,gluteus_medius_right,True,s0000,s1024,False,0.6901,,0.6849,0.3201826214790344,26.7,1545.0,0.000737,2754.0,0.001313,4.24,,ct ct<-ct
502z85nl,150_cascade_coldtransformer_dualaxis,"dual_axis=True (default), l=4 — full bi-axial (row cross-context + column img<->mask) attention, cold transformer",250,gluteus_medius_right,True,s0991,s0095,False,0.7961,,0.7892,0.2133326679468155,26.6,2325.0,0.001109,3054.0,0.001456,4.24,,ct ct<-ct
502z85nl,150_cascade_coldtransformer_dualaxis,"dual_axis=True (default), l=4 — full bi-axial (row cross-context + column img<->mask) attention, cold transformer",250,gluteus_medius_right,True,s0614,s0607,False,0.8258,,0.8242,0.17891688644886017,26.6,3176.0,0.001514,3520.0,0.001678,4.24,,ct ct<-ct
502z85nl,150_cascade_coldtransformer_dualaxis,"dual_axis=True (default), l=4 — full bi-axial (row cross-context + column img<->mask) attention, cold transformer",250,gluteus_medius_right,True,s1046,s1233,False,0.8727,,0.868,0.1342528909444809,26.6,3750.0,0.001788,3046.0,0.001452,4.24,,ct ct<-ct
502z85nl,150_cascade_coldtransformer_dualaxis,"dual_axis=True (default), l=4 — full bi-axial (row cross-context + column img<->mask) attention, cold transformer",250,gluteus_medius_right,True,s1046,s0000,False,0.827,,0.8241,0.1791221648454666,26.6,3750.0,0.001788,1545.0,0.000737,4.24,,ct ct<-ct
502z85nl,150_cascade_coldtransformer_dualaxis,"dual_axis=True (default), l=4 — full bi-axial (row cross-context + column img<->mask) attention, cold transformer",250,gluteus_medius_right,True,s0506,s1046,False,0.7991,,0.7924,0.21210528910160065,26.6,5307.0,0.002531,3750.0,0.001788,4.24,,ct ct<-ct
502z85nl,150_cascade_coldtransformer_dualaxis,"dual_axis=True (default), l=4 — full bi-axial (row cross-context + column img<->mask) attention, cold transformer",250,gluteus_minimus_left,True,s0918,s0625,False,0.6208,,0.6152,0.3870897591114044,26.6,777.0,0.000371,796.0,0.00038,4.24,,ct ct<-ct
502z85nl,150_cascade_coldtransformer_dualaxis,"dual_axis=True (default), l=4 — full bi-axial (row cross-context + column img<->mask) attention, cold transformer",250,gluteus_minimus_left,True,s0546,s1024,False,0.7327,,0.7237,0.27774086594581604,26.6,948.0,0.000452,571.0,0.000272,4.24,,ct ct<-ct
502z85nl,150_cascade_coldtransformer_dualaxis,"dual_axis=True (default), l=4 — full bi-axial (row cross-context + column img<->mask) attention, cold transformer",250,gluteus_minimus_left,True,s1233,s0095,False,0.5924,,0.5887,0.41276416182518005,26.7,509.0,0.000243,1001.0,0.000477,4.24,,ct ct<-ct
502z85nl,150_cascade_coldtransformer_dualaxis,"dual_axis=True (default), l=4 — full bi-axial (row cross-context + column img<->mask) attention, cold transformer",250,gluteus_minimus_left,True,s0625,s1238,False,0.76,,0.7559,0.24499908089637756,29.0,796.0,0.00038,778.0,0.000371,4.24,,ct ct<-ct
502z85nl,150_cascade_coldtransformer_dualaxis,"dual_axis=True (default), l=4 — full bi-axial (row cross-context + column img<->mask) attention, cold transformer",250,gluteus_minimus_left,True,s0000,s0650,False,0.7174,,0.7095,0.29168274998664856,26.6,420.0,0.0002,947.0,0.000452,4.24,,ct ct<-ct
502z85nl,150_cascade_coldtransformer_dualaxis,"dual_axis=True (default), l=4 — full bi-axial (row cross-context + column img<->mask) attention, cold transformer",250,gluteus_minimus_left,True,s0607,s0794,False,0.744,,0.7408,0.2610636055469513,26.6,949.0,0.000453,813.0,0.000388,4.24,,ct ct<-ct
502z85nl,150_cascade_coldtransformer_dualaxis,"dual_axis=True (default), l=4 — full bi-axial (row cross-context + column img<->mask) attention, cold transformer",250,gluteus_minimus_right,False,s1287,s1161,False,0.6805,,0.675,0.3268384337425232,26.6,1061.0,0.000506,748.0,0.000357,4.24,,ct ct<-ct
502z85nl,150_cascade_coldtransformer_dualaxis,"dual_axis=True (default), l=4 — full bi-axial (row cross-context + column img<->mask) attention, cold transformer",250,gluteus_minimus_right,False,s0991,s1233,False,0.7077,,0.7026,0.29869750142097473,26.6,719.0,0.000343,644.0,0.000307,4.24,,ct ct<-ct
502z85nl,150_cascade_coldtransformer_dualaxis,"dual_axis=True (default), l=4 — full bi-axial (row cross-context + column img<->mask) attention, cold transformer",250,gluteus_minimus_right,False,s0095,s0506,False,0.6867,,0.6852,0.3174101710319519,26.7,1198.0,0.000571,1589.0,0.000758,4.24,,ct ct<-ct
502z85nl,150_cascade_coldtransformer_dualaxis,"dual_axis=True (default), l=4 — full bi-axial (row cross-context + column img<->mask) attention, cold transformer",250,gluteus_minimus_right,False,s0760,s1238,False,0.7596,,0.7533,0.24794811010360718,26.5,931.0,0.000444,908.0,0.000433,4.24,,ct ct<-ct
502z85nl,150_cascade_coldtransformer_dualaxis,"dual_axis=True (default), l=4 — full bi-axial (row cross-context + column img<->mask) attention, cold transformer",250,gluteus_minimus_right,False,s0506,s1024,False,0.5734,,0.5696,0.4346621036529541,26.6,1589.0,0.000758,740.0,0.000353,4.24,,ct ct<-ct
502z85nl,150_cascade_coldtransformer_dualaxis,"dual_axis=True (default), l=4 — full bi-axial (row cross-context + column img<->mask) attention, cold transformer",250,gluteus_minimus_right,False,s0324,s1161,False,0.5433,,0.5362,0.4656720757484436,28.9,410.0,0.000196,748.0,0.000357,4.24,,ct ct<-ct
502z85nl,150_cascade_coldtransformer_dualaxis,"dual_axis=True (default), l=4 — full bi-axial (row cross-context + column img<->mask) attention, cold transformer",250,gluteus_minimus_right,False,s1046,s1238,False,0.6942,,0.6937,0.30793967843055725,26.6,924.0,0.000441,908.0,0.000433,4.24,,ct ct<-ct
502z85nl,150_cascade_coldtransformer_dualaxis,"dual_axis=True (default), l=4 — full bi-axial (row cross-context + column img<->mask) attention, cold transformer",250,gluteus_minimus_right,False,s0794,s0625,False,0.6912,,0.6912,0.3104860186576843,26.7,918.0,0.000438,790.0,0.000377,4.24,,ct ct<-ct
502z85nl,150_cascade_coldtransformer_dualaxis,"dual_axis=True (default), l=4 — full bi-axial (row cross-context + column img<->mask) attention, cold transformer",250,gluteus_minimus_right,False,s1223,s0794,False,0.7281,,0.7248,0.2767062485218048,26.6,882.0,0.000421,918.0,0.000438,4.24,,ct ct<-ct
502z85nl,150_cascade_coldtransformer_dualaxis,"dual_axis=True (default), l=4 — full bi-axial (row cross-context + column img<->mask) attention, cold transformer",250,gluteus_minimus_right,False,s0918,s1238,False,0.7423,,0.7374,0.2640725374221802,26.6,1054.0,0.000503,908.0,0.000433,4.24,,ct ct<-ct
502z85nl,150_cascade_coldtransformer_dualaxis,"dual_axis=True (default), l=4 — full bi-axial (row cross-context + column img<->mask) attention, cold transformer",250,heart,True,s1305,s0839,False,0.8296,,0.827,0.17891930043697357,26.6,5556.0,0.002649,4806.0,0.002292,4.24,,ct ct<-ct
502z85nl,150_cascade_coldtransformer_dualaxis,"dual_axis=True (default), l=4 — full bi-axial (row cross-context + column img<->mask) attention, cold transformer",250,heart,True,s0839,s0607,False,0.8603,,0.8581,0.1462472528219223,26.7,4806.0,0.002292,6019.0,0.00287,4.24,,ct ct<-ct
502z85nl,150_cascade_coldtransformer_dualaxis,"dual_axis=True (default), l=4 — full bi-axial (row cross-context + column img<->mask) attention, cold transformer",250,heart,True,s0249,s0458,False,0.8945,,0.8922,0.10968321561813354,26.6,3114.0,0.001485,6446.0,0.003074,4.24,,ct ct<-ct
502z85nl,150_cascade_coldtransformer_dualaxis,"dual_axis=True (default), l=4 — full bi-axial (row cross-context + column img<->mask) attention, cold transformer",250,heart,True,s0249,s0045,False,0.8726,,0.8689,0.13367217779159546,26.6,3114.0,0.001485,4735.0,0.002258,4.24,,ct ct<-ct
502z85nl,150_cascade_coldtransformer_dualaxis,"dual_axis=True (default), l=4 — full bi-axial (row cross-context + column img<->mask) attention, cold transformer",250,heart,True,s0650,s1223,False,0.8722,,0.8668,0.14078719913959503,26.6,8751.0,0.004173,5214.0,0.002486,4.24,,ct ct<-ct
502z85nl,150_cascade_coldtransformer_dualaxis,"dual_axis=True (default), l=4 — full bi-axial (row cross-context + column img<->mask) attention, cold transformer",250,heart,True,s0650,s1287,False,0.8889,,0.8856,0.11898625642061234,26.6,8751.0,0.004173,7272.0,0.003468,4.24,,ct ct<-ct
502z85nl,150_cascade_coldtransformer_dualaxis,"dual_axis=True (default), l=4 — full bi-axial (row cross-context + column img<->mask) attention, cold transformer",250,heart,True,s0839,s0650,False,0.8525,,0.8509,0.1536872684955597,26.7,4806.0,0.002292,8751.0,0.004173,4.24,,ct ct<-ct
502z85nl,150_cascade_coldtransformer_dualaxis,"dual_axis=True (default), l=4 — full bi-axial (row cross-context + column img<->mask) attention, cold transformer",250,hip_left,False,s1024,s0607,False,0.715,,0.7082,0.29915711283683777,26.6,4203.0,0.002004,5888.0,0.002808,4.24,,ct ct<-ct
502z85nl,150_cascade_coldtransformer_dualaxis,"dual_axis=True (default), l=4 — full bi-axial (row cross-context + column img<->mask) attention, cold transformer",250,hip_left,False,s1046,s1161,False,0.7754,,0.7742,0.23462682962417603,26.7,6635.0,0.003164,3344.0,0.001595,4.24,,ct ct<-ct
502z85nl,150_cascade_coldtransformer_dualaxis,"dual_axis=True (default), l=4 — full bi-axial (row cross-context + column img<->mask) attention, cold transformer",250,hip_left,False,s0650,s0458,False,0.833,,0.8269,0.1779966652393341,26.6,5538.0,0.002641,4556.0,0.002172,4.24,,ct ct<-ct
502z85nl,150_cascade_coldtransformer_dualaxis,"dual_axis=True (default), l=4 — full bi-axial (row cross-context + column img<->mask) attention, cold transformer",250,hip_left,False,s1287,s1305,False,0.0017,,0.0074,1.0235565900802612,26.6,5944.0,0.002834,1.0,0.0,4.24,,ct ct<-ct
502z85nl,150_cascade_coldtransformer_dualaxis,"dual_axis=True (default), l=4 — full bi-axial (row cross-context + column img<->mask) attention, cold transformer",250,hip_left,False,s0918,s0216,False,0.7918,,0.7874,0.21925805509090424,26.6,5550.0,0.002646,3463.0,0.001651,4.24,,ct ct<-ct
502z85nl,150_cascade_coldtransformer_dualaxis,"dual_axis=True (default), l=4 — full bi-axial (row cross-context + column img<->mask) attention, cold transformer",250,hip_right,True,s0607,s1305,False,0.2921,,0.2869,0.7351961731910706,26.6,5897.0,0.002812,37.0,1.8e-05,4.24,,ct ct<-ct
502z85nl,150_cascade_coldtransformer_dualaxis,"dual_axis=True (default), l=4 — full bi-axial (row cross-context + column img<->mask) attention, cold transformer",250,hip_right,True,s0095,s0614,False,0.8629,,0.8561,0.14786210656166077,26.6,6692.0,0.003191,4138.0,0.001973,4.24,,ct ct<-ct
502z85nl,150_cascade_coldtransformer_dualaxis,"dual_axis=True (default), l=4 — full bi-axial (row cross-context + column img<->mask) attention, cold transformer",250,hip_right,True,s0324,s1223,False,0.8302,,0.8276,0.17580388486385345,26.6,2898.0,0.001382,4425.0,0.00211,4.24,,ct ct<-ct
502z85nl,150_cascade_coldtransformer_dualaxis,"dual_axis=True (default), l=4 — full bi-axial (row cross-context + column img<->mask) attention, cold transformer",250,hip_right,True,s1223,s0000,False,0.801,,0.7977,0.20623894035816193,28.8,4425.0,0.00211,2108.0,0.001005,4.24,,ct ct<-ct
502z85nl,150_cascade_coldtransformer_dualaxis,"dual_axis=True (default), l=4 — full bi-axial (row cross-context + column img<->mask) attention, cold transformer",250,hip_right,True,s1024,s0000,False,0.8245,,0.8168,0.1870536357164383,28.4,4251.0,0.002027,2108.0,0.001005,4.24,,ct ct<-ct
502z85nl,150_cascade_coldtransformer_dualaxis,"dual_axis=True (default), l=4 — full bi-axial (row cross-context + column img<->mask) attention, cold transformer",250,humerus_left,True,s0794,s0808,False,0.9264,,0.923,0.07726497948169708,26.6,696.0,0.000332,850.0,0.000405,4.24,,ct ct<-ct
502z85nl,150_cascade_coldtransformer_dualaxis,"dual_axis=True (default), l=4 — full bi-axial (row cross-context + column img<->mask) attention, cold transformer",250,humerus_left,True,s1059,s0991,False,0.8524,,0.8471,0.15342943370342255,26.6,693.0,0.00033,538.0,0.000257,4.24,,ct ct<-ct
502z85nl,150_cascade_coldtransformer_dualaxis,"dual_axis=True (default), l=4 — full bi-axial (row cross-context + column img<->mask) attention, cold transformer",250,humerus_left,True,s0675,s0824,False,0.6779,,0.6772,0.32481247186660767,26.6,806.0,0.000384,1279.0,0.00061,4.24,,ct ct<-ct
502z85nl,150_cascade_coldtransformer_dualaxis,"dual_axis=True (default), l=4 — full bi-axial (row cross-context + column img<->mask) attention, cold transformer",250,humerus_left,True,s0991,s1287,False,0.8435,,0.843,0.15762954950332642,26.7,538.0,0.000257,574.0,0.000274,4.24,,ct ct<-ct
502z85nl,150_cascade_coldtransformer_dualaxis,"dual_axis=True (default), l=4 — full bi-axial (row cross-context + column img<->mask) attention, cold transformer",250,humerus_left,True,s0794,s0466,False,0.1464,,0.1533,0.8495319485664368,26.6,696.0,0.000332,8.0,4e-06,4.24,,ct ct<-ct
502z85nl,150_cascade_coldtransformer_dualaxis,"dual_axis=True (default), l=4 — full bi-axial (row cross-context + column img<->mask) attention, cold transformer",250,humerus_left,True,s0698,s1046,False,0.9224,,0.9148,0.08540261536836624,26.6,493.0,0.000235,647.0,0.000309,4.24,,ct ct<-ct
502z85nl,150_cascade_coldtransformer_dualaxis,"dual_axis=True (default), l=4 — full bi-axial (row cross-context + column img<->mask) attention, cold transformer",250,humerus_left,True,s0991,s1233,False,0.649,,0.6507,0.3511521816253662,26.6,538.0,0.000257,852.0,0.000406,4.24,,ct ct<-ct
502z85nl,150_cascade_coldtransformer_dualaxis,"dual_axis=True (default), l=4 — full bi-axial (row cross-context + column img<->mask) attention, cold transformer",250,humerus_right,False,s0698,s0123,False,0.8229,,0.8205,0.18044191598892212,26.6,473.0,0.000226,574.0,0.000274,4.24,,ct ct<-ct
502z85nl,150_cascade_coldtransformer_dualaxis,"dual_axis=True (default), l=4 — full bi-axial (row cross-context + column img<->mask) attention, cold transformer",250,humerus_right,False,s1287,s0991,False,0.7644,,0.7619,0.23921500146389008,26.6,471.0,0.000225,377.0,0.00018,4.24,,ct ct<-ct
502z85nl,150_cascade_coldtransformer_dualaxis,"dual_axis=True (default), l=4 — full bi-axial (row cross-context + column img<->mask) attention, cold transformer",250,humerus_right,False,s0032,s0991,False,0.7896,,0.7864,0.21470580995082855,26.6,800.0,0.000381,377.0,0.00018,4.24,,ct ct<-ct
502z85nl,150_cascade_coldtransformer_dualaxis,"dual_axis=True (default), l=4 — full bi-axial (row cross-context + column img<->mask) attention, cold transformer",250,humerus_right,False,s0918,s0032,False,0.9411,,0.9358,0.06445874273777008,26.9,972.0,0.000463,800.0,0.000381,4.24,,ct ct<-ct
502z85nl,150_cascade_coldtransformer_dualaxis,"dual_axis=True (default), l=4 — full bi-axial (row cross-context + column img<->mask) attention, cold transformer",250,humerus_right,False,s1337,s0794,False,0.9115,,0.909,0.0912298858165741,26.6,484.0,0.000231,864.0,0.000412,4.24,,ct ct<-ct
502z85nl,150_cascade_coldtransformer_dualaxis,"dual_axis=True (default), l=4 — full bi-axial (row cross-context + column img<->mask) attention, cold transformer",250,iliac_artery_left,True,s0000,s0614,False,0.5876,,0.5696,0.43054917454719543,26.6,38.0,1.8e-05,150.0,7.2e-05,4.24,,ct ct<-ct
502z85nl,150_cascade_coldtransformer_dualaxis,"dual_axis=True (default), l=4 — full bi-axial (row cross-context + column img<->mask) attention, cold transformer",250,iliac_artery_left,True,s0095,s1161,False,0.6621,,0.6541,0.34690380096435547,26.6,360.0,0.000172,140.0,6.7e-05,4.24,,ct ct<-ct
502z85nl,150_cascade_coldtransformer_dualaxis,"dual_axis=True (default), l=4 — full bi-axial (row cross-context + column img<->mask) attention, cold transformer",250,iliac_artery_left,True,s0095,s1024,False,0.6562,,0.656,0.3449145555496216,26.6,360.0,0.000172,157.0,7.5e-05,4.24,,ct ct<-ct
502z85nl,150_cascade_coldtransformer_dualaxis,"dual_axis=True (default), l=4 — full bi-axial (row cross-context + column img<->mask) attention, cold transformer",250,iliac_artery_left,True,s1238,s1046,False,0.5759,,0.5611,0.439589262008667,26.6,204.0,9.7e-05,347.0,0.000165,4.24,,ct ct<-ct
502z85nl,150_cascade_coldtransformer_dualaxis,"dual_axis=True (default), l=4 — full bi-axial (row cross-context + column img<->mask) attention, cold transformer",250,iliac_artery_left,True,s1046,s0000,False,0.378,,0.3827,0.6187521815299988,27.5,347.0,0.000165,38.0,1.8e-05,4.24,,ct ct<-ct
502z85nl,150_cascade_coldtransformer_dualaxis,"dual_axis=True (default), l=4 — full bi-axial (row cross-context + column img<->mask) attention, cold transformer",250,iliac_artery_left,True,s1024,s1233,False,0.3907,,0.3869,0.6148605346679688,26.8,157.0,7.5e-05,124.0,5.9e-05,4.24,,ct ct<-ct
502z85nl,150_cascade_coldtransformer_dualaxis,"dual_axis=True (default), l=4 — full bi-axial (row cross-context + column img<->mask) attention, cold transformer",250,iliac_artery_right,False,s0045,s0607,False,0.6311,,0.6255,0.37607982754707336,26.6,502.0,0.000239,213.0,0.000102,4.24,,ct ct<-ct
502z85nl,150_cascade_coldtransformer_dualaxis,"dual_axis=True (default), l=4 — full bi-axial (row cross-context + column img<->mask) attention, cold transformer",250,iliac_artery_right,False,s0614,s1233,False,0.4271,,0.422,0.5787783265113831,26.6,154.0,7.3e-05,159.0,7.6e-05,4.24,,ct ct<-ct
502z85nl,150_cascade_coldtransformer_dualaxis,"dual_axis=True (default), l=4 — full bi-axial (row cross-context + column img<->mask) attention, cold transformer",250,iliac_artery_right,False,s1161,s0614,False,0.3048,,0.2986,0.7025895714759827,26.7,105.0,5e-05,154.0,7.3e-05,4.24,,ct ct<-ct
502z85nl,150_cascade_coldtransformer_dualaxis,"dual_axis=True (default), l=4 — full bi-axial (row cross-context + column img<->mask) attention, cold transformer",250,iliac_artery_right,False,s1287,s0794,False,0.3398,,0.3445,0.656981885433197,26.7,337.0,0.000161,137.0,6.5e-05,4.24,,ct ct<-ct
502z85nl,150_cascade_coldtransformer_dualaxis,"dual_axis=True (default), l=4 — full bi-axial (row cross-context + column img<->mask) attention, cold transformer",250,iliac_artery_right,False,s0650,s1305,False,0.3059,,0.299,0.7023431658744812,28.9,260.0,0.000124,16.0,8e-06,4.24,,ct ct<-ct
502z85nl,150_cascade_coldtransformer_dualaxis,"dual_axis=True (default), l=4 — full bi-axial (row cross-context + column img<->mask) attention, cold transformer",250,iliac_artery_right,False,s1238,s1024,False,0.4939,,0.4828,0.5182159543037415,26.6,202.0,9.6e-05,145.0,6.9e-05,4.24,,ct ct<-ct
502z85nl,150_cascade_coldtransformer_dualaxis,"dual_axis=True (default), l=4 — full bi-axial (row cross-context + column img<->mask) attention, cold transformer",250,iliac_artery_right,False,s0794,s1233,False,0.3607,,0.3529,0.6483311653137207,26.6,137.0,6.5e-05,159.0,7.6e-05,4.24,,ct ct<-ct
502z85nl,150_cascade_coldtransformer_dualaxis,"dual_axis=True (default), l=4 — full bi-axial (row cross-context + column img<->mask) attention, cold transformer",250,iliac_artery_right,False,s0607,s1024,False,0.4061,,0.4067,0.5944941639900208,26.7,213.0,0.000102,145.0,6.9e-05,4.24,,ct ct<-ct
502z85nl,150_cascade_coldtransformer_dualaxis,"dual_axis=True (default), l=4 — full bi-axial (row cross-context + column img<->mask) attention, cold transformer",250,iliac_artery_right,False,s1233,s0045,False,0.3831,,0.379,0.622225821018219,26.6,159.0,7.6e-05,502.0,0.000239,4.24,,ct ct<-ct
502z85nl,150_cascade_coldtransformer_dualaxis,"dual_axis=True (default), l=4 — full bi-axial (row cross-context + column img<->mask) attention, cold transformer",250,iliac_artery_right,False,s0458,s0760,False,0.3738,,0.3796,0.6213545203208923,26.6,238.0,0.000113,143.0,6.8e-05,4.24,,ct ct<-ct
502z85nl,150_cascade_coldtransformer_dualaxis,"dual_axis=True (default), l=4 — full bi-axial (row cross-context + column img<->mask) attention, cold transformer",250,iliac_vena_left,True,s1305,s1233,False,0.1667,,0.0,1.000009298324585,26.7,5.0,2e-06,252.0,0.00012,4.24,,ct ct<-ct
502z85nl,150_cascade_coldtransformer_dualaxis,"dual_axis=True (default), l=4 — full bi-axial (row cross-context + column img<->mask) attention, cold transformer",250,iliac_vena_left,True,s0546,s0458,False,0.5389,,0.5383,0.46361592411994934,26.6,484.0,0.000231,300.0,0.000143,4.24,,ct ct<-ct
502z85nl,150_cascade_coldtransformer_dualaxis,"dual_axis=True (default), l=4 — full bi-axial (row cross-context + column img<->mask) attention, cold transformer",250,iliac_vena_left,True,s1305,s1238,False,0.1429,,0.0002,0.9998297095298767,26.6,5.0,2e-06,300.0,0.000143,4.24,,ct ct<-ct
502z85nl,150_cascade_coldtransformer_dualaxis,"dual_axis=True (default), l=4 — full bi-axial (row cross-context + column img<->mask) attention, cold transformer",250,iliac_vena_left,True,s1024,s1233,False,0.6011,,0.5992,0.40275683999061584,26.6,453.0,0.000216,252.0,0.00012,4.24,,ct ct<-ct
502z85nl,150_cascade_coldtransformer_dualaxis,"dual_axis=True (default), l=4 — full bi-axial (row cross-context + column img<->mask) attention, cold transformer",250,iliac_vena_left,True,s0607,s1223,False,0.5646,,0.5584,0.44285887479782104,28.1,405.0,0.000193,323.0,0.000154,4.24,,ct ct<-ct
502z85nl,150_cascade_coldtransformer_dualaxis,"dual_axis=True (default), l=4 — full bi-axial (row cross-context + column img<->mask) attention, cold transformer",250,iliac_vena_left,True,s0607,s0918,False,0.3496,,0.3503,0.6525224447250366,26.6,405.0,0.000193,275.0,0.000131,4.24,,ct ct<-ct
502z85nl,150_cascade_coldtransformer_dualaxis,"dual_axis=True (default), l=4 — full bi-axial (row cross-context + column img<->mask) attention, cold transformer",250,iliac_vena_right,False,s0650,s0794,False,0.5487,,0.5383,0.46414750814437866,26.7,322.0,0.000154,305.0,0.000145,4.24,,ct ct<-ct
502z85nl,150_cascade_coldtransformer_dualaxis,"dual_axis=True (default), l=4 — full bi-axial (row cross-context + column img<->mask) attention, cold transformer",250,iliac_vena_right,False,s0216,s1223,False,0.2692,,0.2612,0.7404537796974182,26.6,155.0,7.4e-05,326.0,0.000155,4.24,,ct ct<-ct
502z85nl,150_cascade_coldtransformer_dualaxis,"dual_axis=True (default), l=4 — full bi-axial (row cross-context + column img<->mask) attention, cold transformer",250,iliac_vena_right,False,s0794,s0625,False,0.5955,,0.5946,0.4063836932182312,26.6,305.0,0.000145,337.0,0.000161,4.24,,ct ct<-ct
502z85nl,150_cascade_coldtransformer_dualaxis,"dual_axis=True (default), l=4 — full bi-axial (row cross-context + column img<->mask) attention, cold transformer",250,iliac_vena_right,False,s1305,s0546,False,0.3913,,0.3537,0.6463061571121216,26.6,5.0,2e-06,417.0,0.000199,4.24,,ct ct<-ct
502z85nl,150_cascade_coldtransformer_dualaxis,"dual_axis=True (default), l=4 — full bi-axial (row cross-context + column img<->mask) attention, cold transformer",250,iliac_vena_right,False,s0794,s1233,False,0.5857,,0.5804,0.4208112955093384,26.6,305.0,0.000145,254.0,0.000121,4.24,,ct ct<-ct
502z85nl,150_cascade_coldtransformer_dualaxis,"dual_axis=True (default), l=4 — full bi-axial (row cross-context + column img<->mask) attention, cold transformer",250,iliac_vena_right,False,s0625,s0991,False,0.5146,,0.5043,0.49755918979644775,26.6,337.0,0.000161,337.0,0.000161,4.24,,ct ct<-ct
502z85nl,150_cascade_coldtransformer_dualaxis,"dual_axis=True (default), l=4 — full bi-axial (row cross-context + column img<->mask) attention, cold transformer",250,iliac_vena_right,False,s0607,s1161,False,0.3729,,0.3696,0.6323224306106567,28.4,346.0,0.000165,179.0,8.5e-05,4.24,,ct ct<-ct
502z85nl,150_cascade_coldtransformer_dualaxis,"dual_axis=True (default), l=4 — full bi-axial (row cross-context + column img<->mask) attention, cold transformer",250,iliac_vena_right,False,s0458,s1161,False,0.3929,,0.3874,0.6135005950927734,26.6,215.0,0.000103,179.0,8.5e-05,4.24,,ct ct<-ct
502z85nl,150_cascade_coldtransformer_dualaxis,"dual_axis=True (default), l=4 — full bi-axial (row cross-context + column img<->mask) attention, cold transformer",250,iliac_vena_right,False,s1046,s1305,False,0.0965,,0.098,0.9095391631126404,26.6,432.0,0.000206,5.0,2e-06,4.24,,ct ct<-ct
502z85nl,150_cascade_coldtransformer_dualaxis,"dual_axis=True (default), l=4 — full bi-axial (row cross-context + column img<->mask) attention, cold transformer",250,iliac_vena_right,False,s0918,s0607,False,0.5118,,0.5034,0.49786269664764404,26.6,249.0,0.000119,346.0,0.000165,4.24,,ct ct<-ct
502z85nl,150_cascade_coldtransformer_dualaxis,"dual_axis=True (default), l=4 — full bi-axial (row cross-context + column img<->mask) attention, cold transformer",250,iliopsoas_left,False,s1024,s0032,False,0.3657,,0.346,0.6648523211479187,26.7,2983.0,0.001422,8.0,4e-06,4.24,,ct ct<-ct
502z85nl,150_cascade_coldtransformer_dualaxis,"dual_axis=True (default), l=4 — full bi-axial (row cross-context + column img<->mask) attention, cold transformer",250,iliopsoas_left,False,s0000,s0675,False,0.3058,,0.291,0.7122687101364136,26.7,933.0,0.000445,10.0,5e-06,4.24,,ct ct<-ct
502z85nl,150_cascade_coldtransformer_dualaxis,"dual_axis=True (default), l=4 — full bi-axial (row cross-context + column img<->mask) attention, cold transformer",250,iliopsoas_left,False,s0918,s0794,False,0.7898,,0.7879,0.21657520532608032,26.6,3410.0,0.001626,3028.0,0.001444,4.24,,ct ct<-ct
502z85nl,150_cascade_coldtransformer_dualaxis,"dual_axis=True (default), l=4 — full bi-axial (row cross-context + column img<->mask) attention, cold transformer",250,iliopsoas_left,False,s0324,s0045,False,0.7831,,0.7788,0.2245093286037445,26.6,2705.0,0.00129,3638.0,0.001735,4.24,,ct ct<-ct
502z85nl,150_cascade_coldtransformer_dualaxis,"dual_axis=True (default), l=4 — full bi-axial (row cross-context + column img<->mask) attention, cold transformer",250,iliopsoas_left,False,s0249,s0918,False,0.1154,,0.0858,0.9142617583274841,26.6,5.0,2e-06,3410.0,0.001626,4.24,,ct ct<-ct
502z85nl,150_cascade_coldtransformer_dualaxis,"dual_axis=True (default), l=4 — full bi-axial (row cross-context + column img<->mask) attention, cold transformer",250,iliopsoas_left,False,s0000,s1024,False,0.6515,,0.6338,0.36787059903144836,29.0,933.0,0.000445,2983.0,0.001422,4.24,,ct ct<-ct
502z85nl,150_cascade_coldtransformer_dualaxis,"dual_axis=True (default), l=4 — full bi-axial (row cross-context + column img<->mask) attention, cold transformer",250,iliopsoas_left,False,s0747,s0506,False,0.2062,,0.1917,0.8086642026901245,26.6,48.0,2.3e-05,4307.0,0.002054,4.24,,ct ct<-ct
502z85nl,150_cascade_coldtransformer_dualaxis,"dual_axis=True (default), l=4 — full bi-axial (row cross-context + column img<->mask) attention, cold transformer",250,iliopsoas_left,False,s1233,s1278,False,0.2081,,0.2124,0.7995741963386536,26.6,2809.0,0.001339,117.0,5.6e-05,4.24,,ct ct<-ct
502z85nl,150_cascade_coldtransformer_dualaxis,"dual_axis=True (default), l=4 — full bi-axial (row cross-context + column img<->mask) attention, cold transformer",250,iliopsoas_left,False,s0506,s1024,False,0.4535,,0.4522,0.5621187090873718,26.6,4307.0,0.002054,2983.0,0.001422,4.24,,ct ct<-ct
502z85nl,150_cascade_coldtransformer_dualaxis,"dual_axis=True (default), l=4 — full bi-axial (row cross-context + column img<->mask) attention, cold transformer",250,iliopsoas_left,False,s0032,s1161,False,0.1596,,0.142,0.8582533001899719,26.6,8.0,4e-06,2122.0,0.001012,4.24,,ct ct<-ct
502z85nl,150_cascade_coldtransformer_dualaxis,"dual_axis=True (default), l=4 — full bi-axial (row cross-context + column img<->mask) attention, cold transformer",250,iliopsoas_left,False,s0324,s0032,False,0.2617,,0.2586,0.7543219327926636,26.6,2705.0,0.00129,8.0,4e-06,4.24,,ct ct<-ct
502z85nl,150_cascade_coldtransformer_dualaxis,"dual_axis=True (default), l=4 — full bi-axial (row cross-context + column img<->mask) attention, cold transformer",250,iliopsoas_right,True,s0650,s0824,False,0.0349,,0.0395,0.9732288718223572,26.6,2962.0,0.001412,1.0,0.0,4.24,,ct ct<-ct
502z85nl,150_cascade_coldtransformer_dualaxis,"dual_axis=True (default), l=4 — full bi-axial (row cross-context + column img<->mask) attention, cold transformer",250,iliopsoas_right,True,s0607,s0506,False,0.8301,,0.8217,0.18194542825222015,26.6,3881.0,0.001851,4246.0,0.002025,4.24,,ct ct<-ct
502z85nl,150_cascade_coldtransformer_dualaxis,"dual_axis=True (default), l=4 — full bi-axial (row cross-context + column img<->mask) attention, cold transformer",250,iliopsoas_right,True,s0123,s0614,False,0.04,,0.0064,0.993658721446991,26.6,14.0,7e-06,2881.0,0.001374,4.24,,ct ct<-ct
502z85nl,150_cascade_coldtransformer_dualaxis,"dual_axis=True (default), l=4 — full bi-axial (row cross-context + column img<->mask) attention, cold transformer",250,iliopsoas_right,True,s1233,s0216,False,0.7578,,0.7545,0.2492019087076187,26.6,2486.0,0.001185,2135.0,0.001018,4.24,,ct ct<-ct
502z85nl,150_cascade_coldtransformer_dualaxis,"dual_axis=True (default), l=4 — full bi-axial (row cross-context + column img<->mask) attention, cold transformer",250,iliopsoas_right,True,s0420,s0216,False,0.2821,,0.2588,0.7413819432258606,26.6,19.0,9e-06,2135.0,0.001018,4.24,,ct ct<-ct
502z85nl,150_cascade_coldtransformer_dualaxis,"dual_axis=True (default), l=4 — full bi-axial (row cross-context + column img<->mask) attention, cold transformer",250,inferior_vena_cava,True,s0458,s1278,False,0.7411,,0.737,0.2640221118927002,26.7,753.0,0.000359,657.0,0.000313,4.24,,ct ct<-ct
502z85nl,150_cascade_coldtransformer_dualaxis,"dual_axis=True (default), l=4 — full bi-axial (row cross-context + column img<->mask) attention, cold transformer",250,inferior_vena_cava,True,s1197,s0698,False,0.3144,,0.3052,0.695273220539093,26.7,38.0,1.8e-05,485.0,0.000231,4.24,,ct ct<-ct
502z85nl,150_cascade_coldtransformer_dualaxis,"dual_axis=True (default), l=4 — full bi-axial (row cross-context + column img<->mask) attention, cold transformer",250,inferior_vena_cava,True,s1133,s1161,False,0.6433,,0.643,0.35787874460220337,26.6,387.0,0.000185,859.0,0.00041,4.24,,ct ct<-ct
502z85nl,150_cascade_coldtransformer_dualaxis,"dual_axis=True (default), l=4 — full bi-axial (row cross-context + column img<->mask) attention, cold transformer",250,inferior_vena_cava,True,s1223,s1017,False,0.6208,,0.6169,0.3862525522708893,26.6,1301.0,0.00062,310.0,0.000148,4.24,,ct ct<-ct
502z85nl,150_cascade_coldtransformer_dualaxis,"dual_axis=True (default), l=4 — full bi-axial (row cross-context + column img<->mask) attention, cold transformer",250,inferior_vena_cava,True,s0760,s0675,False,0.7873,,0.7855,0.2159879207611084,32.3,1320.0,0.000629,492.0,0.000235,4.24,,ct ct<-ct
502z85nl,150_cascade_coldtransformer_dualaxis,"dual_axis=True (default), l=4 — full bi-axial (row cross-context + column img<->mask) attention, cold transformer",250,kidney_left,True,s0675,s0918,False,0.9346,,0.9316,0.06862588226795197,26.6,888.0,0.000423,1796.0,0.000856,4.24,,ct ct<-ct
502z85nl,150_cascade_coldtransformer_dualaxis,"dual_axis=True (default), l=4 — full bi-axial (row cross-context + column img<->mask) attention, cold transformer",250,kidney_left,True,s0458,s1046,False,0.8884,,0.888,0.11304125934839249,26.6,1998.0,0.000953,2004.0,0.000956,4.24,,ct ct<-ct
502z85nl,150_cascade_coldtransformer_dualaxis,"dual_axis=True (default), l=4 — full bi-axial (row cross-context + column img<->mask) attention, cold transformer",250,kidney_left,True,s0544,s1287,False,0.8918,,0.8904,0.10984157770872116,26.6,348.0,0.000166,2137.0,0.001019,4.24,,ct ct<-ct
502z85nl,150_cascade_coldtransformer_dualaxis,"dual_axis=True (default), l=4 — full bi-axial (row cross-context + column img<->mask) attention, cold transformer",250,kidney_right,False,s0794,s0249,False,0.9085,,0.904,0.09691309928894043,26.6,2063.0,0.000984,154.0,7.3e-05,4.24,,ct ct<-ct
502z85nl,150_cascade_coldtransformer_dualaxis,"dual_axis=True (default), l=4 — full bi-axial (row cross-context + column img<->mask) attention, cold transformer",250,kidney_right,False,s1017,s0045,False,0.8826,,0.8809,0.11962690204381943,26.7,790.0,0.000377,1630.0,0.000777,4.24,,ct ct<-ct
502z85nl,150_cascade_coldtransformer_dualaxis,"dual_axis=True (default), l=4 — full bi-axial (row cross-context + column img<->mask) attention, cold transformer",250,kidney_right,False,s0625,s1199,False,0.9301,,0.9284,0.07233158499002457,26.7,2352.0,0.001122,879.0,0.000419,4.24,,ct ct<-ct
502z85nl,150_cascade_coldtransformer_dualaxis,"dual_axis=True (default), l=4 — full bi-axial (row cross-context + column img<->mask) attention, cold transformer",250,kidney_right,False,s0918,s0249,False,0.9128,,0.9124,0.08846398442983627,28.1,1740.0,0.00083,154.0,7.3e-05,4.24,,ct ct<-ct
502z85nl,150_cascade_coldtransformer_dualaxis,"dual_axis=True (default), l=4 — full bi-axial (row cross-context + column img<->mask) attention, cold transformer",250,kidney_right,False,s1337,s1305,False,0.8496,,0.8344,0.1656973510980606,29.8,71.0,3.4e-05,1767.0,0.000843,4.24,,ct ct<-ct
502z85nl,150_cascade_coldtransformer_dualaxis,"dual_axis=True (default), l=4 — full bi-axial (row cross-context + column img<->mask) attention, cold transformer",250,liver,True,s1197,s0123,False,0.4736,,0.4701,0.5398404002189636,26.6,1328.0,0.000633,21888.0,0.010437,4.24,,ct ct<-ct
502z85nl,150_cascade_coldtransformer_dualaxis,"dual_axis=True (default), l=4 — full bi-axial (row cross-context + column img<->mask) attention, cold transformer",250,liver,True,s0808,s1337,False,0.9362,,0.9329,0.07208386063575745,26.6,18340.0,0.008745,21214.0,0.010116,4.24,,ct ct<-ct
502z85nl,150_cascade_coldtransformer_dualaxis,"dual_axis=True (default), l=4 — full bi-axial (row cross-context + column img<->mask) attention, cold transformer",250,liver,True,s0794,s1233,False,0.937,,0.9343,0.07389707863330841,26.7,29286.0,0.013965,20455.0,0.009754,4.24,,ct ct<-ct
502z85nl,150_cascade_coldtransformer_dualaxis,"dual_axis=True (default), l=4 — full bi-axial (row cross-context + column img<->mask) attention, cold transformer",250,liver,True,s1133,s0032,False,0.9299,,0.9266,0.07746579498052597,26.7,10789.0,0.005145,12502.0,0.005961,4.24,,ct ct<-ct
502z85nl,150_cascade_coldtransformer_dualaxis,"dual_axis=True (default), l=4 — full bi-axial (row cross-context + column img<->mask) attention, cold transformer",250,liver,True,s0249,s1133,False,0.9095,,0.9065,0.10041553527116776,30.6,19867.0,0.009473,10789.0,0.005145,4.24,,ct ct<-ct
502z85nl,150_cascade_coldtransformer_dualaxis,"dual_axis=True (default), l=4 — full bi-axial (row cross-context + column img<->mask) attention, cold transformer",250,liver,True,s0839,s1024,False,0.8852,,0.8835,0.11857374757528305,26.7,3846.0,0.001834,43196.0,0.020597,4.24,,ct ct<-ct
502z85nl,150_cascade_coldtransformer_dualaxis,"dual_axis=True (default), l=4 — full bi-axial (row cross-context + column img<->mask) attention, cold transformer",250,liver,True,s0839,s1233,False,0.8681,,0.8659,0.1371026337146759,26.7,3846.0,0.001834,20455.0,0.009754,4.24,,ct ct<-ct
502z85nl,150_cascade_coldtransformer_dualaxis,"dual_axis=True (default), l=4 — full bi-axial (row cross-context + column img<->mask) attention, cold transformer",250,liver,True,s0032,s0458,False,0.7528,,0.751,0.26944980025291443,26.6,12502.0,0.005961,21472.0,0.010239,4.24,,ct ct<-ct
502z85nl,150_cascade_coldtransformer_dualaxis,"dual_axis=True (default), l=4 — full bi-axial (row cross-context + column img<->mask) attention, cold transformer",250,liver,True,s0918,s1133,False,0.934,,0.9308,0.07632320374250412,26.6,22373.0,0.010668,10789.0,0.005145,4.24,,ct ct<-ct
502z85nl,150_cascade_coldtransformer_dualaxis,"dual_axis=True (default), l=4 — full bi-axial (row cross-context + column img<->mask) attention, cold transformer",250,liver,True,s1287,s0618,False,0.9361,,0.9325,0.07248847186565399,26.6,17607.0,0.008396,14939.0,0.007123,4.24,,ct ct<-ct
502z85nl,150_cascade_coldtransformer_dualaxis,"dual_axis=True (default), l=4 — full bi-axial (row cross-context + column img<->mask) attention, cold transformer",250,liver,True,s1133,s0324,False,0.9219,,0.9182,0.08633574098348618,26.6,10789.0,0.005145,14376.0,0.006855,4.24,,ct ct<-ct
502z85nl,150_cascade_coldtransformer_dualaxis,"dual_axis=True (default), l=4 — full bi-axial (row cross-context + column img<->mask) attention, cold transformer",250,liver,True,s0095,s1287,False,0.9005,,0.8938,0.116276815533638,29.8,27299.0,0.013017,17607.0,0.008396,4.24,,ct ct<-ct
502z85nl,150_cascade_coldtransformer_dualaxis,"dual_axis=True (default), l=4 — full bi-axial (row cross-context + column img<->mask) attention, cold transformer",250,liver,True,s0607,s0324,False,0.946,,0.9367,0.069636769592762,26.6,33423.0,0.015937,14376.0,0.006855,4.24,,ct ct<-ct
502z85nl,150_cascade_coldtransformer_dualaxis,"dual_axis=True (default), l=4 — full bi-axial (row cross-context + column img<->mask) attention, cold transformer",250,lung_lower_lobe_left,True,s1161,s1287,False,0.7508,,0.7478,0.27038395404815674,26.6,8122.0,0.003873,19056.0,0.009087,4.24,,ct ct<-ct
502z85nl,150_cascade_coldtransformer_dualaxis,"dual_axis=True (default), l=4 — full bi-axial (row cross-context + column img<->mask) attention, cold transformer",250,lung_lower_lobe_left,True,s0698,s1002,False,0.7427,,0.7367,0.27242520451545715,26.7,5822.0,0.002776,14336.0,0.006836,4.24,,ct ct<-ct
502z85nl,150_cascade_coldtransformer_dualaxis,"dual_axis=True (default), l=4 — full bi-axial (row cross-context + column img<->mask) attention, cold transformer",250,lung_lower_lobe_left,True,s0760,s0625,False,0.8429,,0.8412,0.16309206187725067,26.6,6234.0,0.002973,11156.0,0.00532,4.24,,ct ct<-ct
502z85nl,150_cascade_coldtransformer_dualaxis,"dual_axis=True (default), l=4 — full bi-axial (row cross-context + column img<->mask) attention, cold transformer",250,lung_lower_lobe_left,True,s1287,s1161,False,0.7291,,0.7288,0.2985471189022064,26.6,19056.0,0.009087,8122.0,0.003873,4.24,,ct ct<-ct
502z85nl,150_cascade_coldtransformer_dualaxis,"dual_axis=True (default), l=4 — full bi-axial (row cross-context + column img<->mask) attention, cold transformer",250,lung_lower_lobe_left,True,s0698,s1223,False,0.6919,,0.6833,0.32947486639022827,26.6,5822.0,0.002776,20751.0,0.009895,4.24,,ct ct<-ct
502z85nl,150_cascade_coldtransformer_dualaxis,"dual_axis=True (default), l=4 — full bi-axial (row cross-context + column img<->mask) attention, cold transformer",250,lung_lower_lobe_left,True,s0546,s1106,False,0.8588,,0.854,0.1564161330461502,26.5,21743.0,0.010368,3257.0,0.001553,4.24,,ct ct<-ct
502z85nl,150_cascade_coldtransformer_dualaxis,"dual_axis=True (default), l=4 — full bi-axial (row cross-context + column img<->mask) attention, cold transformer",250,lung_lower_lobe_left,True,s0650,s0420,False,0.5542,,0.5425,0.499507337808609,26.6,11579.0,0.005521,14223.0,0.006782,4.24,,ct ct<-ct
502z85nl,150_cascade_coldtransformer_dualaxis,"dual_axis=True (default), l=4 — full bi-axial (row cross-context + column img<->mask) attention, cold transformer",250,lung_lower_lobe_left,True,s1199,s0607,False,0.8639,,0.8577,0.14872457087039948,26.6,10920.0,0.005207,9060.0,0.00432,4.24,,ct ct<-ct
502z85nl,150_cascade_coldtransformer_dualaxis,"dual_axis=True (default), l=4 — full bi-axial (row cross-context + column img<->mask) attention, cold transformer",250,lung_lower_lobe_left,True,s1223,s0760,False,0.8755,,0.8698,0.13799777626991272,28.7,20751.0,0.009895,6234.0,0.002973,4.24,,ct ct<-ct
502z85nl,150_cascade_coldtransformer_dualaxis,"dual_axis=True (default), l=4 — full bi-axial (row cross-context + column img<->mask) attention, cold transformer",250,lung_lower_lobe_left,True,s0655,s1017,False,0.685,,0.679,0.3284686207771301,26.7,5692.0,0.002714,2876.0,0.001371,4.24,,ct ct<-ct
502z85nl,150_cascade_coldtransformer_dualaxis,"dual_axis=True (default), l=4 — full bi-axial (row cross-context + column img<->mask) attention, cold transformer",250,lung_lower_lobe_left,True,s0045,s0625,False,0.8572,,0.8519,0.15490561723709106,26.6,7674.0,0.003659,11156.0,0.00532,4.24,,ct ct<-ct
502z85nl,150_cascade_coldtransformer_dualaxis,"dual_axis=True (default), l=4 — full bi-axial (row cross-context + column img<->mask) attention, cold transformer",250,lung_lower_lobe_left,True,s0918,s1133,False,0.891,,0.8889,0.1187867745757103,26.6,14524.0,0.006926,9134.0,0.004355,4.24,,ct ct<-ct
502z85nl,150_cascade_coldtransformer_dualaxis,"dual_axis=True (default), l=4 — full bi-axial (row cross-context + column img<->mask) attention, cold transformer",250,lung_lower_lobe_right,False,s1046,s1233,False,0.8756,,0.8724,0.13788339495658875,26.7,18628.0,0.008883,11906.0,0.005677,4.24,,ct ct<-ct
502z85nl,150_cascade_coldtransformer_dualaxis,"dual_axis=True (default), l=4 — full bi-axial (row cross-context + column img<->mask) attention, cold transformer",250,lung_lower_lobe_right,False,s0839,s0458,False,0.8006,,0.7909,0.21215538680553436,26.7,3831.0,0.001827,8333.0,0.003973,4.24,,ct ct<-ct
502z85nl,150_cascade_coldtransformer_dualaxis,"dual_axis=True (default), l=4 — full bi-axial (row cross-context + column img<->mask) attention, cold transformer",250,lung_lower_lobe_right,False,s1046,s1161,False,0.8724,,0.8694,0.1410563886165619,26.6,18628.0,0.008883,10664.0,0.005085,4.24,,ct ct<-ct
502z85nl,150_cascade_coldtransformer_dualaxis,"dual_axis=True (default), l=4 — full bi-axial (row cross-context + column img<->mask) attention, cold transformer",250,lung_lower_lobe_right,False,s0324,s1337,False,0.8994,,0.8865,0.11492741107940674,26.6,3618.0,0.001725,20268.0,0.009665,4.24,,ct ct<-ct
502z85nl,150_cascade_coldtransformer_dualaxis,"dual_axis=True (default), l=4 — full bi-axial (row cross-context + column img<->mask) attention, cold transformer",250,lung_lower_lobe_right,False,s0808,s0607,False,0.808,,0.8039,0.20520663261413574,28.7,8959.0,0.004272,12691.0,0.006052,4.24,,ct ct<-ct
502z85nl,150_cascade_coldtransformer_dualaxis,"dual_axis=True (default), l=4 — full bi-axial (row cross-context + column img<->mask) attention, cold transformer",250,lung_lower_lobe_right,False,s0991,s0874,False,0.5086,,0.4989,0.5234559774398804,26.6,11142.0,0.005313,47.0,2.2e-05,4.24,,ct ct<-ct
502z85nl,150_cascade_coldtransformer_dualaxis,"dual_axis=True (default), l=4 — full bi-axial (row cross-context + column img<->mask) attention, cold transformer",250,lung_lower_lobe_right,False,s1002,s0458,False,0.8067,,0.7923,0.21062053740024567,26.6,5450.0,0.002599,8333.0,0.003973,4.24,,ct ct<-ct
502z85nl,150_cascade_coldtransformer_dualaxis,"dual_axis=True (default), l=4 — full bi-axial (row cross-context + column img<->mask) attention, cold transformer",250,lung_lower_lobe_right,False,s0346,s1024,False,0.2825,,0.2732,0.7289246320724487,26.6,156.0,7.4e-05,7394.0,0.003526,4.24,,ct ct<-ct
502z85nl,150_cascade_coldtransformer_dualaxis,"dual_axis=True (default), l=4 — full bi-axial (row cross-context + column img<->mask) attention, cold transformer",250,lung_middle_lobe_right,True,s0824,s0045,False,0.7334,,0.7299,0.2817191481590271,26.6,5704.0,0.00272,3176.0,0.001514,4.24,,ct ct<-ct
502z85nl,150_cascade_coldtransformer_dualaxis,"dual_axis=True (default), l=4 — full bi-axial (row cross-context + column img<->mask) attention, cold transformer",250,lung_middle_lobe_right,True,s0794,s0747,False,0.7599,,0.7558,0.25277143716812134,26.6,4869.0,0.002322,8471.0,0.004039,4.24,,ct ct<-ct
502z85nl,150_cascade_coldtransformer_dualaxis,"dual_axis=True (default), l=4 — full bi-axial (row cross-context + column img<->mask) attention, cold transformer",250,lung_middle_lobe_right,True,s1002,s1278,False,0.5468,,0.5291,0.47654974460601807,29.0,2048.0,0.000977,8214.0,0.003917,4.24,,ct ct<-ct
502z85nl,150_cascade_coldtransformer_dualaxis,"dual_axis=True (default), l=4 — full bi-axial (row cross-context + column img<->mask) attention, cold transformer",250,lung_middle_lobe_right,True,s1024,s1197,False,0.6386,,0.6342,0.37202340364456177,26.6,2029.0,0.000968,3421.0,0.001631,4.24,,ct ct<-ct
502z85nl,150_cascade_coldtransformer_dualaxis,"dual_axis=True (default), l=4 — full bi-axial (row cross-context + column img<->mask) attention, cold transformer",250,lung_middle_lobe_right,True,s0655,s1161,False,0.561,,0.5554,0.44721028208732605,27.5,928.0,0.000443,5252.0,0.002504,4.24,,ct ct<-ct
502z85nl,150_cascade_coldtransformer_dualaxis,"dual_axis=True (default), l=4 — full bi-axial (row cross-context + column img<->mask) attention, cold transformer",250,lung_middle_lobe_right,True,s1199,s1024,False,0.7697,,0.7639,0.24287404119968414,26.6,5262.0,0.002509,2029.0,0.000968,4.24,,ct ct<-ct
502z85nl,150_cascade_coldtransformer_dualaxis,"dual_axis=True (default), l=4 — full bi-axial (row cross-context + column img<->mask) attention, cold transformer",250,lung_upper_lobe_left,False,s1233,s0747,False,0.8615,,0.8581,0.14858366549015045,26.8,11865.0,0.005658,15890.0,0.007577,4.24,,ct ct<-ct
502z85nl,150_cascade_coldtransformer_dualaxis,"dual_axis=True (default), l=4 — full bi-axial (row cross-context + column img<->mask) attention, cold transformer",250,lung_upper_lobe_left,False,s0021,s0832,False,0.4716,,0.4739,0.5527690649032593,27.2,9512.0,0.004536,9857.0,0.0047,4.24,,ct ct<-ct
502z85nl,150_cascade_coldtransformer_dualaxis,"dual_axis=True (default), l=4 — full bi-axial (row cross-context + column img<->mask) attention, cold transformer",250,lung_upper_lobe_left,False,s0095,s1161,False,0.6856,,0.6861,0.3503451347351074,26.6,18724.0,0.008928,11195.0,0.005338,4.24,,ct ct<-ct
502z85nl,150_cascade_coldtransformer_dualaxis,"dual_axis=True (default), l=4 — full bi-axial (row cross-context + column img<->mask) attention, cold transformer",250,lung_upper_lobe_left,False,s0045,s1238,False,0.7364,,0.7396,0.26258254051208496,26.6,2579.0,0.00123,8583.0,0.004093,4.24,,ct ct<-ct
502z85nl,150_cascade_coldtransformer_dualaxis,"dual_axis=True (default), l=4 — full bi-axial (row cross-context + column img<->mask) attention, cold transformer",250,lung_upper_lobe_left,False,s0249,s1059,False,0.1452,,0.1453,0.8642273545265198,26.6,1292.0,0.000616,2223.0,0.00106,4.24,,ct ct<-ct
502z85nl,150_cascade_coldtransformer_dualaxis,"dual_axis=True (default), l=4 — full bi-axial (row cross-context + column img<->mask) attention, cold transformer",250,lung_upper_lobe_left,False,s0032,s0991,False,0.8382,,0.8373,0.16830764710903168,26.6,5829.0,0.002779,13593.0,0.006482,4.24,,ct ct<-ct
502z85nl,150_cascade_coldtransformer_dualaxis,"dual_axis=True (default), l=4 — full bi-axial (row cross-context + column img<->mask) attention, cold transformer",250,lung_upper_lobe_right,True,s0625,s0572,False,0.7074,,0.7125,0.3000384271144867,26.6,12412.0,0.005919,868.0,0.000414,4.24,,ct ct<-ct
502z85nl,150_cascade_coldtransformer_dualaxis,"dual_axis=True (default), l=4 — full bi-axial (row cross-context + column img<->mask) attention, cold transformer",250,lung_upper_lobe_right,True,s0544,s0625,False,0.0196,,0.0017,0.9983827471733093,30.6,1.0,0.0,12412.0,0.005919,4.24,,ct ct<-ct
502z85nl,150_cascade_coldtransformer_dualaxis,"dual_axis=True (default), l=4 — full bi-axial (row cross-context + column img<->mask) attention, cold transformer",250,lung_upper_lobe_right,True,s0544,s1223,False,0.0769,,0.0078,0.9922099113464355,26.6,1.0,0.0,15308.0,0.007299,4.24,,ct ct<-ct
502z85nl,150_cascade_coldtransformer_dualaxis,"dual_axis=True (default), l=4 — full bi-axial (row cross-context + column img<->mask) attention, cold transformer",250,lung_upper_lobe_right,True,s0625,s0045,False,0.0006,,0.0053,1.0664355754852295,26.6,12412.0,0.005919,1.0,0.0,4.24,,ct ct<-ct
502z85nl,150_cascade_coldtransformer_dualaxis,"dual_axis=True (default), l=4 — full bi-axial (row cross-context + column img<->mask) attention, cold transformer",250,lung_upper_lobe_right,True,s0808,s0420,False,0.895,,0.8915,0.11385848373174667,26.6,10096.0,0.004814,19139.0,0.009126,4.24,,ct ct<-ct
502z85nl,150_cascade_coldtransformer_dualaxis,"dual_axis=True (default), l=4 — full bi-axial (row cross-context + column img<->mask) attention, cold transformer",250,lung_upper_lobe_right,True,s0458,s0918,False,0.0339,,0.0254,0.9753909111022949,28.8,7.0,3e-06,21467.0,0.010236,4.24,,ct ct<-ct
502z85nl,150_cascade_coldtransformer_dualaxis,"dual_axis=True (default), l=4 — full bi-axial (row cross-context + column img<->mask) attention, cold transformer",250,lung_upper_lobe_right,True,s1024,s0874,False,0.7021,,0.6954,0.316701740026474,26.6,4483.0,0.002138,4191.0,0.001998,4.24,,ct ct<-ct
502z85nl,150_cascade_coldtransformer_dualaxis,"dual_axis=True (default), l=4 — full bi-axial (row cross-context + column img<->mask) attention, cold transformer",250,lung_upper_lobe_right,True,s0625,s1199,False,0.9245,,0.9198,0.08334529399871826,26.6,12412.0,0.005919,11337.0,0.005406,4.24,,ct ct<-ct
502z85nl,150_cascade_coldtransformer_dualaxis,"dual_axis=True (default), l=4 — full bi-axial (row cross-context + column img<->mask) attention, cold transformer",250,lung_upper_lobe_right,True,s1024,s0045,False,0.0069,,0.0097,1.014394760131836,26.6,4483.0,0.002138,1.0,0.0,4.24,,ct ct<-ct
502z85nl,150_cascade_coldtransformer_dualaxis,"dual_axis=True (default), l=4 — full bi-axial (row cross-context + column img<->mask) attention, cold transformer",250,pancreas,True,s0544,s1199,False,0.1317,,0.1251,0.876579225063324,26.6,189.0,9e-05,541.0,0.000258,4.24,,ct ct<-ct
502z85nl,150_cascade_coldtransformer_dualaxis,"dual_axis=True (default), l=4 — full bi-axial (row cross-context + column img<->mask) attention, cold transformer",250,pancreas,True,s0546,s1278,False,0.6598,,0.6485,0.35431966185569763,26.7,1059.0,0.000505,1071.0,0.000511,4.24,,ct ct<-ct
502z85nl,150_cascade_coldtransformer_dualaxis,"dual_axis=True (default), l=4 — full bi-axial (row cross-context + column img<->mask) attention, cold transformer",250,pancreas,True,s1017,s1161,False,0.205,,0.2071,0.7963957786560059,26.6,401.0,0.000191,1014.0,0.000484,4.24,,ct ct<-ct
502z85nl,150_cascade_coldtransformer_dualaxis,"dual_axis=True (default), l=4 — full bi-axial (row cross-context + column img<->mask) attention, cold transformer",250,pancreas,True,s0324,s0794,False,0.5923,,0.5885,0.41436275839805603,26.6,778.0,0.000371,1074.0,0.000512,4.24,,ct ct<-ct
502z85nl,150_cascade_coldtransformer_dualaxis,"dual_axis=True (default), l=4 — full bi-axial (row cross-context + column img<->mask) attention, cold transformer",250,pancreas,True,s1133,s0808,False,0.6356,,0.6281,0.37270691990852356,26.6,201.0,9.6e-05,201.0,9.6e-05,4.24,,ct ct<-ct
502z85nl,150_cascade_coldtransformer_dualaxis,"dual_axis=True (default), l=4 — full bi-axial (row cross-context + column img<->mask) attention, cold transformer",250,pancreas,True,s0607,s0458,False,0.5376,,0.5292,0.4747956395149231,26.6,924.0,0.000441,918.0,0.000438,4.24,,ct ct<-ct
502z85nl,150_cascade_coldtransformer_dualaxis,"dual_axis=True (default), l=4 — full bi-axial (row cross-context + column img<->mask) attention, cold transformer",250,pancreas,True,s0546,s0420,False,0.4072,,0.4039,0.6016181707382202,26.7,1059.0,0.000505,74.0,3.5e-05,4.24,,ct ct<-ct
502z85nl,150_cascade_coldtransformer_dualaxis,"dual_axis=True (default), l=4 — full bi-axial (row cross-context + column img<->mask) attention, cold transformer",250,portal_vein_and_splenic_vein,True,s0095,s1278,False,0.2402,,0.238,0.7635654211044312,26.6,230.0,0.00011,292.0,0.000139,4.24,,ct ct<-ct
502z85nl,150_cascade_coldtransformer_dualaxis,"dual_axis=True (default), l=4 — full bi-axial (row cross-context + column img<->mask) attention, cold transformer",250,portal_vein_and_splenic_vein,True,s0618,s0420,False,0.5242,,0.5203,0.4806760251522064,26.6,225.0,0.000107,142.0,6.8e-05,4.24,,ct ct<-ct
502z85nl,150_cascade_coldtransformer_dualaxis,"dual_axis=True (default), l=4 — full bi-axial (row cross-context + column img<->mask) attention, cold transformer",250,portal_vein_and_splenic_vein,True,s0123,s1305,False,0.5765,,0.5768,0.4243934750556946,26.6,394.0,0.000188,99.0,4.7e-05,4.24,,ct ct<-ct
502z85nl,150_cascade_coldtransformer_dualaxis,"dual_axis=True (default), l=4 — full bi-axial (row cross-context + column img<->mask) attention, cold transformer",250,portal_vein_and_splenic_vein,True,s1305,s0760,False,0.3736,,0.3749,0.625599205493927,26.6,99.0,4.7e-05,325.0,0.000155,4.24,,ct ct<-ct
502z85nl,150_cascade_coldtransformer_dualaxis,"dual_axis=True (default), l=4 — full bi-axial (row cross-context + column img<->mask) attention, cold transformer",250,portal_vein_and_splenic_vein,True,s0544,s1238,False,0.045,,0.0334,0.967126727104187,26.7,5.0,2e-06,437.0,0.000208,4.24,,ct ct<-ct
502z85nl,150_cascade_coldtransformer_dualaxis,"dual_axis=True (default), l=4 — full bi-axial (row cross-context + column img<->mask) attention, cold transformer",250,portal_vein_and_splenic_vein,True,s0249,s1223,False,0.1873,,0.1742,0.8264636397361755,26.6,43.0,2.1e-05,325.0,0.000155,4.24,,ct ct<-ct
502z85nl,150_cascade_coldtransformer_dualaxis,"dual_axis=True (default), l=4 — full bi-axial (row cross-context + column img<->mask) attention, cold transformer",250,portal_vein_and_splenic_vein,True,s0546,s0808,False,0.6389,,0.6228,0.37829211354255676,26.6,434.0,0.000207,245.0,0.000117,4.24,,ct ct<-ct
502z85nl,150_cascade_coldtransformer_dualaxis,"dual_axis=True (default), l=4 — full bi-axial (row cross-context + column img<->mask) attention, cold transformer",250,portal_vein_and_splenic_vein,True,s0324,s1305,False,0.0625,,0.0305,0.9696516394615173,26.6,15.0,7e-06,99.0,4.7e-05,4.24,,ct ct<-ct
502z85nl,150_cascade_coldtransformer_dualaxis,"dual_axis=True (default), l=4 — full bi-axial (row cross-context + column img<->mask) attention, cold transformer",250,portal_vein_and_splenic_vein,True,s0794,s0544,False,0.3308,,0.328,0.6745620369911194,26.6,407.0,0.000194,5.0,2e-06,4.24,,ct ct<-ct
502z85nl,150_cascade_coldtransformer_dualaxis,"dual_axis=True (default), l=4 — full bi-axial (row cross-context + column img<->mask) attention, cold transformer",250,prostate,False,s1059,s0607,False,0.0038,,0.0,1.0005004405975342,26.7,1.0,0.0,348.0,0.000166,4.24,,ct ct<-ct
502z85nl,150_cascade_coldtransformer_dualaxis,"dual_axis=True (default), l=4 — full bi-axial (row cross-context + column img<->mask) attention, cold transformer",250,prostate,False,s0614,s0650,False,0.1258,,0.1254,0.889159083366394,26.6,315.0,0.00015,322.0,0.000154,4.24,,ct ct<-ct
502z85nl,150_cascade_coldtransformer_dualaxis,"dual_axis=True (default), l=4 — full bi-axial (row cross-context + column img<->mask) attention, cold transformer",250,pulmonary_vein,True,s0625,s1278,False,0.688,,0.6815,0.31895679235458374,26.6,262.0,0.000125,343.0,0.000164,4.24,,ct ct<-ct
502z85nl,150_cascade_coldtransformer_dualaxis,"dual_axis=True (default), l=4 — full bi-axial (row cross-context + column img<->mask) attention, cold transformer",250,pulmonary_vein,True,s0021,s0839,False,0.4414,,0.4344,0.5666853189468384,28.4,240.0,0.000114,126.0,6e-05,4.24,,ct ct<-ct
502z85nl,150_cascade_coldtransformer_dualaxis,"dual_axis=True (default), l=4 — full bi-axial (row cross-context + column img<->mask) attention, cold transformer",250,pulmonary_vein,True,s0991,s0458,False,0.6368,,0.6312,0.3693760335445404,26.6,258.0,0.000123,205.0,9.8e-05,4.24,,ct ct<-ct
502z85nl,150_cascade_coldtransformer_dualaxis,"dual_axis=True (default), l=4 — full bi-axial (row cross-context + column img<->mask) attention, cold transformer",250,pulmonary_vein,True,s1305,s0607,False,0.4369,,0.4385,0.5626014471054077,26.6,183.0,8.7e-05,34.0,1.6e-05,4.24,,ct ct<-ct
502z85nl,150_cascade_coldtransformer_dualaxis,"dual_axis=True (default), l=4 — full bi-axial (row cross-context + column img<->mask) attention, cold transformer",250,rib_left_1,False,s0794,s0824,False,0.5142,,0.5019,0.49879252910614014,26.7,120.0,5.7e-05,135.0,6.4e-05,4.24,,ct ct<-ct
502z85nl,150_cascade_coldtransformer_dualaxis,"dual_axis=True (default), l=4 — full bi-axial (row cross-context + column img<->mask) attention, cold transformer",250,rib_left_1,False,s0123,s0698,False,0.3841,,0.385,0.6157915592193604,26.7,140.0,6.7e-05,131.0,6.2e-05,4.24,,ct ct<-ct
502z85nl,150_cascade_coldtransformer_dualaxis,"dual_axis=True (default), l=4 — full bi-axial (row cross-context + column img<->mask) attention, cold transformer",250,rib_left_1,False,s1305,s1287,False,0.2827,,0.2855,0.7155821323394775,28.2,81.0,3.9e-05,95.0,4.5e-05,4.24,,ct ct<-ct
502z85nl,150_cascade_coldtransformer_dualaxis,"dual_axis=True (default), l=4 — full bi-axial (row cross-context + column img<->mask) attention, cold transformer",250,rib_left_1,False,s0346,s0918,False,0.0198,,0.0163,0.9873247146606445,26.7,116.0,5.5e-05,152.0,7.2e-05,4.24,,ct ct<-ct
502z85nl,150_cascade_coldtransformer_dualaxis,"dual_axis=True (default), l=4 — full bi-axial (row cross-context + column img<->mask) attention, cold transformer",250,rib_left_1,False,s1002,s1238,False,0.5,,0.0001,0.9999389052391052,26.6,1.0,0.0,157.0,7.5e-05,4.24,,ct ct<-ct
502z85nl,150_cascade_coldtransformer_dualaxis,"dual_axis=True (default), l=4 — full bi-axial (row cross-context + column img<->mask) attention, cold transformer",250,rib_left_1,False,s0032,s0618,False,0.401,,0.4084,0.5919890403747559,29.0,78.0,3.7e-05,94.0,4.5e-05,4.24,,ct ct<-ct
502z85nl,150_cascade_coldtransformer_dualaxis,"dual_axis=True (default), l=4 — full bi-axial (row cross-context + column img<->mask) attention, cold transformer",250,rib_left_10,False,s0045,s1305,False,0.1141,,0.1138,0.8882441520690918,26.6,182.0,8.7e-05,91.0,4.3e-05,4.24,,ct ct<-ct
502z85nl,150_cascade_coldtransformer_dualaxis,"dual_axis=True (default), l=4 — full bi-axial (row cross-context + column img<->mask) attention, cold transformer",250,rib_left_10,False,s1046,s0324,False,0.4717,,0.4577,0.5440966486930847,29.2,256.0,0.000122,53.0,2.5e-05,4.24,,ct ct<-ct
502z85nl,150_cascade_coldtransformer_dualaxis,"dual_axis=True (default), l=4 — full bi-axial (row cross-context + column img<->mask) attention, cold transformer",250,rib_left_10,False,s0095,s0544,False,0.2177,,0.2041,0.7965543270111084,28.2,42.0,2e-05,188.0,9e-05,4.24,,ct ct<-ct
502z85nl,150_cascade_coldtransformer_dualaxis,"dual_axis=True (default), l=4 — full bi-axial (row cross-context + column img<->mask) attention, cold transformer",250,rib_left_10,False,s0032,s1133,False,0.2633,,0.2589,0.742189347743988,26.6,60.0,2.9e-05,121.0,5.8e-05,4.24,,ct ct<-ct
502z85nl,150_cascade_coldtransformer_dualaxis,"dual_axis=True (default), l=4 — full bi-axial (row cross-context + column img<->mask) attention, cold transformer",250,rib_left_10,False,s0698,s0794,False,0.4926,,0.486,0.5151398181915283,31.7,151.0,7.2e-05,188.0,9e-05,4.24,,ct ct<-ct
502z85nl,150_cascade_coldtransformer_dualaxis,"dual_axis=True (default), l=4 — full bi-axial (row cross-context + column img<->mask) attention, cold transformer",250,rib_left_10,False,s0824,s0991,False,0.4248,,0.4294,0.5714821219444275,26.6,151.0,7.2e-05,109.0,5.2e-05,4.24,,ct ct<-ct
502z85nl,150_cascade_coldtransformer_dualaxis,"dual_axis=True (default), l=4 — full bi-axial (row cross-context + column img<->mask) attention, cold transformer",250,rib_left_10,False,s1287,s1024,False,0.0515,,0.0431,0.9588449001312256,26.6,190.0,9.1e-05,157.0,7.5e-05,4.24,,ct ct<-ct
502z85nl,150_cascade_coldtransformer_dualaxis,"dual_axis=True (default), l=4 — full bi-axial (row cross-context + column img<->mask) attention, cold transformer",250,rib_left_10,False,s0095,s1046,False,0.4114,,0.3927,0.6075608134269714,26.6,42.0,2e-05,256.0,0.000122,4.24,,ct ct<-ct
502z85nl,150_cascade_coldtransformer_dualaxis,"dual_axis=True (default), l=4 — full bi-axial (row cross-context + column img<->mask) attention, cold transformer",250,rib_left_10,False,s0618,s0544,False,0.1401,,0.1379,0.8641771078109741,28.8,55.0,2.6e-05,188.0,9e-05,4.24,,ct ct<-ct
502z85nl,150_cascade_coldtransformer_dualaxis,"dual_axis=True (default), l=4 — full bi-axial (row cross-context + column img<->mask) attention, cold transformer",250,rib_left_10,False,s1024,s0123,False,0.3747,,0.3664,0.6356340050697327,26.6,157.0,7.5e-05,144.0,6.9e-05,4.24,,ct ct<-ct
502z85nl,150_cascade_coldtransformer_dualaxis,"dual_axis=True (default), l=4 — full bi-axial (row cross-context + column img<->mask) attention, cold transformer",250,rib_left_10,False,s0618,s0045,False,0.2,,0.1936,0.8083394169807434,26.6,55.0,2.6e-05,182.0,8.7e-05,4.24,,ct ct<-ct
502z85nl,150_cascade_coldtransformer_dualaxis,"dual_axis=True (default), l=4 — full bi-axial (row cross-context + column img<->mask) attention, cold transformer",250,rib_left_10,False,s1046,s0991,False,0.4275,,0.4275,0.5740422010421753,26.6,256.0,0.000122,109.0,5.2e-05,4.24,,ct ct<-ct
502z85nl,150_cascade_coldtransformer_dualaxis,"dual_axis=True (default), l=4 — full bi-axial (row cross-context + column img<->mask) attention, cold transformer",250,rib_left_11,False,s0544,s1337,False,0.5551,,0.5496,0.45088255405426025,26.6,96.0,4.6e-05,121.0,5.8e-05,4.24,,ct ct<-ct
502z85nl,150_cascade_coldtransformer_dualaxis,"dual_axis=True (default), l=4 — full bi-axial (row cross-context + column img<->mask) attention, cold transformer",250,rib_left_11,False,s1046,s0698,False,0.4578,,0.4448,0.5562929511070251,28.7,175.0,8.3e-05,76.0,3.6e-05,4.24,,ct ct<-ct
502z85nl,150_cascade_coldtransformer_dualaxis,"dual_axis=True (default), l=4 — full bi-axial (row cross-context + column img<->mask) attention, cold transformer",250,rib_left_11,False,s1199,s0832,False,0.6304,,0.6247,0.3757687211036682,28.2,103.0,4.9e-05,88.0,4.2e-05,4.24,,ct ct<-ct
502z85nl,150_cascade_coldtransformer_dualaxis,"dual_axis=True (default), l=4 — full bi-axial (row cross-context + column img<->mask) attention, cold transformer",250,rib_left_11,False,s1024,s1337,False,0.3612,,0.3467,0.6545610427856445,26.6,79.0,3.8e-05,121.0,5.8e-05,4.24,,ct ct<-ct
502z85nl,150_cascade_coldtransformer_dualaxis,"dual_axis=True (default), l=4 — full bi-axial (row cross-context + column img<->mask) attention, cold transformer",250,rib_left_11,False,s0625,s0991,False,0.489,,0.4745,0.5261310338973999,27.2,80.0,3.8e-05,103.0,4.9e-05,4.24,,ct ct<-ct
502z85nl,150_cascade_coldtransformer_dualaxis,"dual_axis=True (default), l=4 — full bi-axial (row cross-context + column img<->mask) attention, cold transformer",250,rib_left_11,False,s0650,s0458,False,0.4842,,0.4695,0.5308765769004822,26.6,83.0,4e-05,74.0,3.5e-05,4.24,,ct ct<-ct
502z85nl,150_cascade_coldtransformer_dualaxis,"dual_axis=True (default), l=4 — full bi-axial (row cross-context + column img<->mask) attention, cold transformer",250,rib_left_11,False,s0794,s0045,False,0.5676,,0.5687,0.4317370653152466,26.6,95.0,4.5e-05,111.0,5.3e-05,4.24,,ct ct<-ct
502z85nl,150_cascade_coldtransformer_dualaxis,"dual_axis=True (default), l=4 — full bi-axial (row cross-context + column img<->mask) attention, cold transformer",250,rib_left_11,False,s0824,s1197,False,0.3402,,0.3314,0.6694372296333313,28.8,92.0,4.4e-05,20.0,1e-05,4.24,,ct ct<-ct
502z85nl,150_cascade_coldtransformer_dualaxis,"dual_axis=True (default), l=4 — full bi-axial (row cross-context + column img<->mask) attention, cold transformer",250,rib_left_11,False,s1017,s0095,False,0.0072,,0.0002,1.0005004405975342,26.6,25.0,1.2e-05,57.0,2.7e-05,4.24,,ct ct<-ct
502z85nl,150_cascade_coldtransformer_dualaxis,"dual_axis=True (default), l=4 — full bi-axial (row cross-context + column img<->mask) attention, cold transformer",250,rib_left_11,False,s0123,s0032,False,0.6056,,0.5998,0.40063759684562683,26.6,69.0,3.3e-05,42.0,2e-05,4.24,,ct ct<-ct
502z85nl,150_cascade_coldtransformer_dualaxis,"dual_axis=True (default), l=4 — full bi-axial (row cross-context + column img<->mask) attention, cold transformer",250,rib_left_11,False,s0824,s1161,False,0.0074,,0.0,1.0011991262435913,26.6,92.0,4.4e-05,122.0,5.8e-05,4.24,,ct ct<-ct
502z85nl,150_cascade_coldtransformer_dualaxis,"dual_axis=True (default), l=4 — full bi-axial (row cross-context + column img<->mask) attention, cold transformer",250,rib_left_11,False,s1197,s0618,False,0.2083,,0.1279,0.8721873164176941,27.5,20.0,1e-05,31.0,1.5e-05,4.24,,ct ct<-ct
502z85nl,150_cascade_coldtransformer_dualaxis,"dual_axis=True (default), l=4 — full bi-axial (row cross-context + column img<->mask) attention, cold transformer",250,rib_left_12,True,s0824,s1233,False,0.5227,,0.509,0.49115651845932007,26.6,31.0,1.5e-05,19.0,9e-06,4.24,,ct ct<-ct
502z85nl,150_cascade_coldtransformer_dualaxis,"dual_axis=True (default), l=4 — full bi-axial (row cross-context + column img<->mask) attention, cold transformer",250,rib_left_12,True,s0032,s0747,False,0.2568,,0.2417,0.758587121963501,26.6,11.0,5e-06,35.0,1.7e-05,4.24,,ct ct<-ct
502z85nl,150_cascade_coldtransformer_dualaxis,"dual_axis=True (default), l=4 — full bi-axial (row cross-context + column img<->mask) attention, cold transformer",250,rib_left_12,True,s0675,s1133,False,0.4783,,0.4763,0.5238421559333801,26.6,29.0,1.4e-05,29.0,1.4e-05,4.24,,ct ct<-ct
502z85nl,150_cascade_coldtransformer_dualaxis,"dual_axis=True (default), l=4 — full bi-axial (row cross-context + column img<->mask) attention, cold transformer",250,rib_left_2,True,s0420,s0618,False,0.4276,,0.4302,0.570703387260437,26.7,141.0,6.7e-05,108.0,5.1e-05,4.24,,ct ct<-ct
502z85nl,150_cascade_coldtransformer_dualaxis,"dual_axis=True (default), l=4 — full bi-axial (row cross-context + column img<->mask) attention, cold transformer",250,rib_left_2,True,s0698,s1337,False,0.5194,,0.5051,0.49552640318870544,26.7,117.0,5.6e-05,170.0,8.1e-05,4.24,,ct ct<-ct
502z85nl,150_cascade_coldtransformer_dualaxis,"dual_axis=True (default), l=4 — full bi-axial (row cross-context + column img<->mask) attention, cold transformer",250,rib_left_2,True,s0698,s0625,False,0.4866,,0.4843,0.5162758827209473,26.7,117.0,5.6e-05,144.0,6.9e-05,4.24,,ct ct<-ct
502z85nl,150_cascade_coldtransformer_dualaxis,"dual_axis=True (default), l=4 — full bi-axial (row cross-context + column img<->mask) attention, cold transformer",250,rib_left_2,True,s1278,s0698,False,0.5177,,0.5088,0.4918998181819916,26.6,162.0,7.7e-05,117.0,5.6e-05,4.24,,ct ct<-ct
502z85nl,150_cascade_coldtransformer_dualaxis,"dual_axis=True (default), l=4 — full bi-axial (row cross-context + column img<->mask) attention, cold transformer",250,rib_left_2,True,s1337,s1197,False,0.6014,,0.6004,0.40023332834243774,26.6,170.0,8.1e-05,118.0,5.6e-05,4.24,,ct ct<-ct
502z85nl,150_cascade_coldtransformer_dualaxis,"dual_axis=True (default), l=4 — full bi-axial (row cross-context + column img<->mask) attention, cold transformer",250,rib_left_2,True,s1233,s0698,False,0.484,,0.4798,0.5207154154777527,26.6,101.0,4.8e-05,117.0,5.6e-05,4.24,,ct ct<-ct
502z85nl,150_cascade_coldtransformer_dualaxis,"dual_axis=True (default), l=4 — full bi-axial (row cross-context + column img<->mask) attention, cold transformer",250,rib_left_2,True,s1197,s0095,False,0.602,,0.5906,0.4099336862564087,26.6,118.0,5.6e-05,167.0,8e-05,4.24,,ct ct<-ct
502z85nl,150_cascade_coldtransformer_dualaxis,"dual_axis=True (default), l=4 — full bi-axial (row cross-context + column img<->mask) attention, cold transformer",250,rib_left_2,True,s0874,s0824,False,0.6269,,0.6321,0.36846914887428284,26.6,162.0,7.7e-05,162.0,7.7e-05,4.24,,ct ct<-ct
502z85nl,150_cascade_coldtransformer_dualaxis,"dual_axis=True (default), l=4 — full bi-axial (row cross-context + column img<->mask) attention, cold transformer",250,rib_left_2,True,s1233,s0747,False,0.4982,,0.4804,0.5202438831329346,26.7,101.0,4.8e-05,211.0,0.000101,4.24,,ct ct<-ct
502z85nl,150_cascade_coldtransformer_dualaxis,"dual_axis=True (default), l=4 — full bi-axial (row cross-context + column img<->mask) attention, cold transformer",250,rib_left_3,True,s0650,s0123,False,0.4081,,0.3938,0.6077563166618347,26.7,211.0,0.000101,167.0,8e-05,4.24,,ct ct<-ct
502z85nl,150_cascade_coldtransformer_dualaxis,"dual_axis=True (default), l=4 — full bi-axial (row cross-context + column img<->mask) attention, cold transformer",250,rib_left_3,True,s0698,s1024,False,0.3963,,0.3902,0.6109371185302734,28.7,190.0,9.1e-05,148.0,7.1e-05,4.24,,ct ct<-ct
502z85nl,150_cascade_coldtransformer_dualaxis,"dual_axis=True (default), l=4 — full bi-axial (row cross-context + column img<->mask) attention, cold transformer",250,rib_left_3,True,s1161,s0466,False,0.4897,,0.4771,0.523979127407074,26.6,233.0,0.000111,53.0,2.5e-05,4.24,,ct ct<-ct
502z85nl,150_cascade_coldtransformer_dualaxis,"dual_axis=True (default), l=4 — full bi-axial (row cross-context + column img<->mask) attention, cold transformer",250,rib_left_4,False,s0095,s1024,False,0.002,,0.0018,1.0003728866577148,26.6,258.0,0.000123,197.0,9.4e-05,4.24,,ct ct<-ct
502z85nl,150_cascade_coldtransformer_dualaxis,"dual_axis=True (default), l=4 — full bi-axial (row cross-context + column img<->mask) attention, cold transformer",250,rib_left_4,False,s1046,s1059,False,0.001,,0.0001,1.0043790340423584,26.6,274.0,0.000131,41.0,2e-05,4.24,,ct ct<-ct
502z85nl,150_cascade_coldtransformer_dualaxis,"dual_axis=True (default), l=4 — full bi-axial (row cross-context + column img<->mask) attention, cold transformer",250,rib_left_4,False,s1287,s1197,False,0.2879,,0.2878,0.7132100462913513,26.6,199.0,9.5e-05,175.0,8.3e-05,4.24,,ct ct<-ct
502z85nl,150_cascade_coldtransformer_dualaxis,"dual_axis=True (default), l=4 — full bi-axial (row cross-context + column img<->mask) attention, cold transformer",250,rib_left_4,False,s0420,s1161,False,0.2768,,0.277,0.7250981330871582,28.7,227.0,0.000108,337.0,0.000161,4.24,,ct ct<-ct
502z85nl,150_cascade_coldtransformer_dualaxis,"dual_axis=True (default), l=4 — full bi-axial (row cross-context + column img<->mask) attention, cold transformer",250,rib_left_5,False,s0095,s0675,False,0.3371,,0.3327,0.6683110594749451,26.6,302.0,0.000144,201.0,9.6e-05,4.24,,ct ct<-ct
502z85nl,150_cascade_coldtransformer_dualaxis,"dual_axis=True (default), l=4 — full bi-axial (row cross-context + column img<->mask) attention, cold transformer",250,rib_left_5,False,s1223,s0760,False,0.0622,,0.0584,0.9432483911514282,29.2,156.0,7.4e-05,3.0,1e-06,4.24,,ct ct<-ct
502z85nl,150_cascade_coldtransformer_dualaxis,"dual_axis=True (default), l=4 — full bi-axial (row cross-context + column img<->mask) attention, cold transformer",250,rib_left_5,False,s0032,s0650,False,0.4218,,0.4267,0.574512779712677,26.7,169.0,8.1e-05,335.0,0.00016,4.24,,ct ct<-ct
502z85nl,150_cascade_coldtransformer_dualaxis,"dual_axis=True (default), l=4 — full bi-axial (row cross-context + column img<->mask) attention, cold transformer",250,rib_left_5,False,s1199,s0021,False,0.1053,,0.1022,0.9007529616355896,31.7,244.0,0.000116,211.0,0.000101,4.24,,ct ct<-ct
502z85nl,150_cascade_coldtransformer_dualaxis,"dual_axis=True (default), l=4 — full bi-axial (row cross-context + column img<->mask) attention, cold transformer",250,rib_left_5,False,s1305,s0918,False,0.2,,0.2034,0.7978492379188538,26.6,109.0,5.2e-05,285.0,0.000136,4.24,,ct ct<-ct
502z85nl,150_cascade_coldtransformer_dualaxis,"dual_axis=True (default), l=4 — full bi-axial (row cross-context + column img<->mask) attention, cold transformer",250,rib_left_5,False,s0045,s0346,False,0.0034,,0.0,1.0011765956878662,26.6,29.0,1.4e-05,82.0,3.9e-05,4.24,,ct ct<-ct
502z85nl,150_cascade_coldtransformer_dualaxis,"dual_axis=True (default), l=4 — full bi-axial (row cross-context + column img<->mask) attention, cold transformer",250,rib_left_5,False,s0045,s1046,False,0.2183,,0.2102,0.79058438539505,26.6,29.0,1.4e-05,312.0,0.000149,4.24,,ct ct<-ct
502z85nl,150_cascade_coldtransformer_dualaxis,"dual_axis=True (default), l=4 — full bi-axial (row cross-context + column img<->mask) attention, cold transformer",250,rib_left_6,False,s1106,s0991,False,0.1389,,0.1058,0.8943243026733398,26.6,2.0,1e-06,172.0,8.2e-05,4.24,,ct ct<-ct
502z85nl,150_cascade_coldtransformer_dualaxis,"dual_axis=True (default), l=4 — full bi-axial (row cross-context + column img<->mask) attention, cold transformer",250,rib_left_6,False,s1278,s1046,False,0.3268,,0.3152,0.6873741745948792,26.7,312.0,0.000149,371.0,0.000177,4.24,,ct ct<-ct
502z85nl,150_cascade_coldtransformer_dualaxis,"dual_axis=True (default), l=4 — full bi-axial (row cross-context + column img<->mask) attention, cold transformer",250,rib_left_6,False,s0991,s0346,False,0.0087,,0.0089,0.9936748147010803,26.6,172.0,8.2e-05,36.0,1.7e-05,4.24,,ct ct<-ct
502z85nl,150_cascade_coldtransformer_dualaxis,"dual_axis=True (default), l=4 — full bi-axial (row cross-context + column img<->mask) attention, cold transformer",250,rib_left_6,False,s0045,s1161,False,0.1292,,0.1161,0.885572075843811,26.6,75.0,3.6e-05,344.0,0.000164,4.24,,ct ct<-ct
502z85nl,150_cascade_coldtransformer_dualaxis,"dual_axis=True (default), l=4 — full bi-axial (row cross-context + column img<->mask) attention, cold transformer",250,rib_left_6,False,s1278,s0607,False,0.1586,,0.1518,0.8523311018943787,26.7,312.0,0.000149,60.0,2.9e-05,4.24,,ct ct<-ct
502z85nl,150_cascade_coldtransformer_dualaxis,"dual_axis=True (default), l=4 — full bi-axial (row cross-context + column img<->mask) attention, cold transformer",250,rib_left_6,False,s0747,s0698,False,0.2354,,0.2326,0.7697886228561401,26.7,293.0,0.00014,243.0,0.000116,4.24,,ct ct<-ct
502z85nl,150_cascade_coldtransformer_dualaxis,"dual_axis=True (default), l=4 — full bi-axial (row cross-context + column img<->mask) attention, cold transformer",250,rib_left_6,False,s1305,s1002,False,0.1714,,0.1688,0.833093523979187,28.1,147.0,7e-05,156.0,7.4e-05,4.24,,ct ct<-ct
502z85nl,150_cascade_coldtransformer_dualaxis,"dual_axis=True (default), l=4 — full bi-axial (row cross-context + column img<->mask) attention, cold transformer",250,rib_left_6,False,s1017,s0991,False,0.3643,,0.3574,0.6431005597114563,26.6,30.0,1.4e-05,172.0,8.2e-05,4.24,,ct ct<-ct
502z85nl,150_cascade_coldtransformer_dualaxis,"dual_axis=True (default), l=4 — full bi-axial (row cross-context + column img<->mask) attention, cold transformer",250,rib_left_6,False,s1305,s1233,False,0.4413,,0.4331,0.5681334137916565,26.8,147.0,7e-05,235.0,0.000112,4.24,,ct ct<-ct
502z85nl,150_cascade_coldtransformer_dualaxis,"dual_axis=True (default), l=4 — full bi-axial (row cross-context + column img<->mask) attention, cold transformer",250,rib_left_7,False,s1133,s0991,False,0.3964,,0.3755,0.6253359913825989,26.6,191.0,9.1e-05,191.0,9.1e-05,4.24,,ct ct<-ct
502z85nl,150_cascade_coldtransformer_dualaxis,"dual_axis=True (default), l=4 — full bi-axial (row cross-context + column img<->mask) attention, cold transformer",250,rib_left_7,False,s0123,s1278,False,0.3661,,0.3561,0.6463913321495056,26.7,296.0,0.000141,318.0,0.000152,4.24,,ct ct<-ct
502z85nl,150_cascade_coldtransformer_dualaxis,"dual_axis=True (default), l=4 — full bi-axial (row cross-context + column img<->mask) attention, cold transformer",250,rib_left_7,False,s0650,s0698,False,0.3537,,0.3426,0.6596836447715759,26.7,304.0,0.000145,319.0,0.000152,4.24,,ct ct<-ct
502z85nl,150_cascade_coldtransformer_dualaxis,"dual_axis=True (default), l=4 — full bi-axial (row cross-context + column img<->mask) attention, cold transformer",250,rib_left_7,False,s0794,s0760,False,0.3287,,0.327,0.6752504706382751,26.6,286.0,0.000136,33.0,1.6e-05,4.24,,ct ct<-ct
502z85nl,150_cascade_coldtransformer_dualaxis,"dual_axis=True (default), l=4 — full bi-axial (row cross-context + column img<->mask) attention, cold transformer",250,rib_left_7,False,s1046,s1305,False,0.5097,,0.5046,0.4966304302215576,26.7,370.0,0.000176,159.0,7.6e-05,4.24,,ct ct<-ct
502z85nl,150_cascade_coldtransformer_dualaxis,"dual_axis=True (default), l=4 — full bi-axial (row cross-context + column img<->mask) attention, cold transformer",250,rib_left_7,False,s1199,s0032,False,0.2754,,0.2707,0.7313783764839172,26.6,327.0,0.000156,151.0,7.2e-05,4.24,,ct ct<-ct
502z85nl,150_cascade_coldtransformer_dualaxis,"dual_axis=True (default), l=4 — full bi-axial (row cross-context + column img<->mask) attention, cold transformer",250,rib_left_7,False,s1046,s1305,False,0.5097,,0.5046,0.4966304302215576,26.6,370.0,0.000176,159.0,7.6e-05,4.24,,ct ct<-ct
502z85nl,150_cascade_coldtransformer_dualaxis,"dual_axis=True (default), l=4 — full bi-axial (row cross-context + column img<->mask) attention, cold transformer",250,rib_left_7,False,s0458,s0794,False,0.4087,,0.3864,0.6143631935119629,26.6,127.0,6.1e-05,286.0,0.000136,4.24,,ct ct<-ct
502z85nl,150_cascade_coldtransformer_dualaxis,"dual_axis=True (default), l=4 — full bi-axial (row cross-context + column img<->mask) attention, cold transformer",250,rib_left_7,False,s0618,s0760,False,0.0749,,0.0761,0.9266694188117981,26.6,166.0,7.9e-05,33.0,1.6e-05,4.24,,ct ct<-ct
502z85nl,150_cascade_coldtransformer_dualaxis,"dual_axis=True (default), l=4 — full bi-axial (row cross-context + column img<->mask) attention, cold transformer",250,rib_left_8,False,s0021,s0808,False,0.0048,,0.0,1.000924825668335,26.6,2.0,1e-06,129.0,6.2e-05,4.24,,ct ct<-ct
502z85nl,150_cascade_coldtransformer_dualaxis,"dual_axis=True (default), l=4 — full bi-axial (row cross-context + column img<->mask) attention, cold transformer",250,rib_left_8,False,s0618,s0824,False,0.2044,,0.2021,0.8003623485565186,26.6,147.0,7e-05,252.0,0.00012,4.24,,ct ct<-ct
502z85nl,150_cascade_coldtransformer_dualaxis,"dual_axis=True (default), l=4 — full bi-axial (row cross-context + column img<->mask) attention, cold transformer",250,rib_left_8,False,s0618,s0546,False,0.2661,,0.2642,0.7379035353660583,26.5,147.0,7e-05,272.0,0.00013,4.24,,ct ct<-ct
502z85nl,150_cascade_coldtransformer_dualaxis,"dual_axis=True (default), l=4 — full bi-axial (row cross-context + column img<->mask) attention, cold transformer",250,rib_left_8,False,s0249,s1337,False,0.3664,,0.3558,0.6451752185821533,26.6,104.0,5e-05,262.0,0.000125,4.24,,ct ct<-ct
502z85nl,150_cascade_coldtransformer_dualaxis,"dual_axis=True (default), l=4 — full bi-axial (row cross-context + column img<->mask) attention, cold transformer",250,rib_left_8,False,s0918,s0747,False,0.4308,,0.4273,0.5743416547775269,26.6,328.0,0.000156,284.0,0.000135,4.24,,ct ct<-ct
502z85nl,150_cascade_coldtransformer_dualaxis,"dual_axis=True (default), l=4 — full bi-axial (row cross-context + column img<->mask) attention, cold transformer",250,rib_left_8,False,s1233,s1238,False,0.3798,,0.3769,0.6249309778213501,26.6,230.0,0.00011,244.0,0.000116,4.24,,ct ct<-ct
502z85nl,150_cascade_coldtransformer_dualaxis,"dual_axis=True (default), l=4 — full bi-axial (row cross-context + column img<->mask) attention, cold transformer",250,rib_left_8,False,s0918,s1286,False,0.0338,,0.0311,0.9743580222129822,26.6,328.0,0.000156,9.0,4e-06,4.24,,ct ct<-ct
502z85nl,150_cascade_coldtransformer_dualaxis,"dual_axis=True (default), l=4 — full bi-axial (row cross-context + column img<->mask) attention, cold transformer",250,rib_left_8,False,s1024,s1199,False,0.171,,0.1674,0.8348751068115234,26.6,243.0,0.000116,263.0,0.000125,4.24,,ct ct<-ct
502z85nl,150_cascade_coldtransformer_dualaxis,"dual_axis=True (default), l=4 — full bi-axial (row cross-context + column img<->mask) attention, cold transformer",250,rib_left_9,True,s0123,s1017,False,0.1975,,0.1957,0.8062219619750977,26.8,208.0,9.9e-05,33.0,1.6e-05,4.24,,ct ct<-ct
502z85nl,150_cascade_coldtransformer_dualaxis,"dual_axis=True (default), l=4 — full bi-axial (row cross-context + column img<->mask) attention, cold transformer",250,rib_left_9,True,s0045,s0698,False,0.4593,,0.4551,0.5461925864219666,26.6,174.0,8.3e-05,219.0,0.000104,4.24,,ct ct<-ct
502z85nl,150_cascade_coldtransformer_dualaxis,"dual_axis=True (default), l=4 — full bi-axial (row cross-context + column img<->mask) attention, cold transformer",250,rib_left_9,True,s0824,s0918,False,0.4686,,0.4645,0.5369632244110107,26.6,180.0,8.6e-05,281.0,0.000134,4.24,,ct ct<-ct
502z85nl,150_cascade_coldtransformer_dualaxis,"dual_axis=True (default), l=4 — full bi-axial (row cross-context + column img<->mask) attention, cold transformer",250,rib_left_9,True,s0095,s0625,False,0.1474,,0.1367,0.8637094497680664,26.6,32.0,1.5e-05,220.0,0.000105,4.24,,ct ct<-ct
502z85nl,150_cascade_coldtransformer_dualaxis,"dual_axis=True (default), l=4 — full bi-axial (row cross-context + column img<->mask) attention, cold transformer",250,rib_left_9,True,s0458,s1024,False,0.2843,,0.2783,0.7228347063064575,26.7,165.0,7.9e-05,199.0,9.5e-05,4.24,,ct ct<-ct
502z85nl,150_cascade_coldtransformer_dualaxis,"dual_axis=True (default), l=4 — full bi-axial (row cross-context + column img<->mask) attention, cold transformer",250,rib_left_9,True,s1238,s0760,False,0.369,,0.3554,0.6473984122276306,29.8,253.0,0.000121,109.0,5.2e-05,4.24,,ct ct<-ct
502z85nl,150_cascade_coldtransformer_dualaxis,"dual_axis=True (default), l=4 — full bi-axial (row cross-context + column img<->mask) attention, cold transformer",250,rib_left_9,True,s0991,s0832,False,0.4592,,0.4467,0.5542310476303101,29.8,157.0,7.5e-05,213.0,0.000102,4.24,,ct ct<-ct
502z85nl,150_cascade_coldtransformer_dualaxis,"dual_axis=True (default), l=4 — full bi-axial (row cross-context + column img<->mask) attention, cold transformer",250,rib_left_9,True,s0824,s1238,False,0.4037,,0.4035,0.598010778427124,27.5,180.0,8.6e-05,253.0,0.000121,4.24,,ct ct<-ct
502z85nl,150_cascade_coldtransformer_dualaxis,"dual_axis=True (default), l=4 — full bi-axial (row cross-context + column img<->mask) attention, cold transformer",250,rib_left_9,True,s0607,s0991,False,0.5771,,0.5636,0.4373718798160553,28.3,356.0,0.00017,157.0,7.5e-05,4.24,,ct ct<-ct
502z85nl,150_cascade_coldtransformer_dualaxis,"dual_axis=True (default), l=4 — full bi-axial (row cross-context + column img<->mask) attention, cold transformer",250,rib_right_1,False,s1337,s0991,False,0.3292,,0.3355,0.6649353504180908,26.6,146.0,7e-05,98.0,4.7e-05,4.24,,ct ct<-ct
502z85nl,150_cascade_coldtransformer_dualaxis,"dual_axis=True (default), l=4 — full bi-axial (row cross-context + column img<->mask) attention, cold transformer",250,rib_right_1,False,s0824,s1133,False,0.4363,,0.4314,0.5695444345474243,26.7,172.0,8.2e-05,124.0,5.9e-05,4.24,,ct ct<-ct
502z85nl,150_cascade_coldtransformer_dualaxis,"dual_axis=True (default), l=4 — full bi-axial (row cross-context + column img<->mask) attention, cold transformer",250,rib_right_1,False,s0808,s0095,False,0.6364,,0.639,0.361187607049942,28.2,109.0,5.2e-05,164.0,7.8e-05,4.24,,ct ct<-ct
502z85nl,150_cascade_coldtransformer_dualaxis,"dual_axis=True (default), l=4 — full bi-axial (row cross-context + column img<->mask) attention, cold transformer",250,rib_right_1,False,s0466,s0625,False,0.2651,,0.2627,0.7381834387779236,26.6,56.0,2.7e-05,151.0,7.2e-05,4.24,,ct ct<-ct
502z85nl,150_cascade_coldtransformer_dualaxis,"dual_axis=True (default), l=4 — full bi-axial (row cross-context + column img<->mask) attention, cold transformer",250,rib_right_1,False,s1046,s0021,False,0.1051,,0.1037,0.8977885842323303,26.6,140.0,6.7e-05,221.0,0.000105,4.24,,ct ct<-ct
502z85nl,150_cascade_coldtransformer_dualaxis,"dual_axis=True (default), l=4 — full bi-axial (row cross-context + column img<->mask) attention, cold transformer",250,rib_right_1,False,s0824,s1024,False,0.2339,,0.2442,0.7567312717437744,26.6,172.0,8.2e-05,83.0,4e-05,4.24,,ct ct<-ct
502z85nl,150_cascade_coldtransformer_dualaxis,"dual_axis=True (default), l=4 — full bi-axial (row cross-context + column img<->mask) attention, cold transformer",250,rib_right_1,False,s1024,s1002,False,0.2811,,0.2493,0.7517229914665222,26.6,83.0,4e-05,1.0,0.0,4.24,,ct ct<-ct
502z85nl,150_cascade_coldtransformer_dualaxis,"dual_axis=True (default), l=4 — full bi-axial (row cross-context + column img<->mask) attention, cold transformer",250,rib_right_1,False,s0032,s0618,False,0.3614,,0.3501,0.6506471633911133,26.6,97.0,4.6e-05,122.0,5.8e-05,4.24,,ct ct<-ct
502z85nl,150_cascade_coldtransformer_dualaxis,"dual_axis=True (default), l=4 — full bi-axial (row cross-context + column img<->mask) attention, cold transformer",250,rib_right_1,False,s1278,s0032,False,0.291,,0.2892,0.7121933698654175,26.6,164.0,7.8e-05,97.0,4.6e-05,4.24,,ct ct<-ct
502z85nl,150_cascade_coldtransformer_dualaxis,"dual_axis=True (default), l=4 — full bi-axial (row cross-context + column img<->mask) attention, cold transformer",250,rib_right_10,False,s0991,s1199,False,0.5198,,0.5037,0.49697890877723694,26.6,132.0,6.3e-05,188.0,9e-05,4.24,,ct ct<-ct
502z85nl,150_cascade_coldtransformer_dualaxis,"dual_axis=True (default), l=4 — full bi-axial (row cross-context + column img<->mask) attention, cold transformer",250,rib_right_10,False,s1017,s0675,False,0.3094,,0.2921,0.7091152667999268,26.6,60.0,2.9e-05,152.0,7.2e-05,4.24,,ct ct<-ct
502z85nl,150_cascade_coldtransformer_dualaxis,"dual_axis=True (default), l=4 — full bi-axial (row cross-context + column img<->mask) attention, cold transformer",250,rib_right_10,False,s0747,s1024,False,0.0071,,0.0074,0.9946876168251038,26.6,183.0,8.7e-05,128.0,6.1e-05,4.24,,ct ct<-ct
502z85nl,150_cascade_coldtransformer_dualaxis,"dual_axis=True (default), l=4 — full bi-axial (row cross-context + column img<->mask) attention, cold transformer",250,rib_right_10,False,s0607,s0760,False,0.5895,,0.58,0.4210827648639679,26.7,293.0,0.00014,172.0,8.2e-05,4.24,,ct ct<-ct
502z85nl,150_cascade_coldtransformer_dualaxis,"dual_axis=True (default), l=4 — full bi-axial (row cross-context + column img<->mask) attention, cold transformer",250,rib_right_10,False,s1199,s1278,False,0.5098,,0.507,0.4940142035484314,26.6,188.0,9e-05,271.0,0.000129,4.24,,ct ct<-ct
502z85nl,150_cascade_coldtransformer_dualaxis,"dual_axis=True (default), l=4 — full bi-axial (row cross-context + column img<->mask) attention, cold transformer",250,rib_right_10,False,s1287,s0698,False,0.4867,,0.4805,0.5206314325332642,26.6,196.0,9.3e-05,169.0,8.1e-05,4.24,,ct ct<-ct
502z85nl,150_cascade_coldtransformer_dualaxis,"dual_axis=True (default), l=4 — full bi-axial (row cross-context + column img<->mask) attention, cold transformer",250,rib_right_11,True,s0698,s1238,False,0.6398,,0.6376,0.36266735196113586,26.8,65.0,3.1e-05,110.0,5.2e-05,4.24,,ct ct<-ct
502z85nl,150_cascade_coldtransformer_dualaxis,"dual_axis=True (default), l=4 — full bi-axial (row cross-context + column img<->mask) attention, cold transformer",250,rib_right_11,True,s0420,s1024,False,0.0066,,0.0023,0.9987860918045044,26.6,106.0,5.1e-05,64.0,3.1e-05,4.24,,ct ct<-ct
502z85nl,150_cascade_coldtransformer_dualaxis,"dual_axis=True (default), l=4 — full bi-axial (row cross-context + column img<->mask) attention, cold transformer",250,rib_right_11,True,s0675,s1287,False,0.6416,,0.6252,0.3751334846019745,26.6,79.0,3.8e-05,125.0,6e-05,4.24,,ct ct<-ct
502z85nl,150_cascade_coldtransformer_dualaxis,"dual_axis=True (default), l=4 — full bi-axial (row cross-context + column img<->mask) attention, cold transformer",250,rib_right_11,True,s0324,s0832,False,0.2744,,0.2678,0.733150839805603,26.6,38.0,1.8e-05,82.0,3.9e-05,4.24,,ct ct<-ct
502z85nl,150_cascade_coldtransformer_dualaxis,"dual_axis=True (default), l=4 — full bi-axial (row cross-context + column img<->mask) attention, cold transformer",250,rib_right_11,True,s0808,s0794,False,0.4661,,0.4596,0.5406358242034912,26.7,34.0,1.6e-05,116.0,5.5e-05,4.24,,ct ct<-ct
502z85nl,150_cascade_coldtransformer_dualaxis,"dual_axis=True (default), l=4 — full bi-axial (row cross-context + column img<->mask) attention, cold transformer",250,rib_right_11,True,s0650,s0832,False,0.3935,,0.3881,0.6135469079017639,26.6,97.0,4.6e-05,82.0,3.9e-05,4.24,,ct ct<-ct
502z85nl,150_cascade_coldtransformer_dualaxis,"dual_axis=True (default), l=4 — full bi-axial (row cross-context + column img<->mask) attention, cold transformer",250,rib_right_12,False,s1046,s0324,False,0.3333,,0.3271,0.6730263233184814,26.6,55.0,2.6e-05,3.0,1e-06,4.24,,ct ct<-ct
502z85nl,150_cascade_coldtransformer_dualaxis,"dual_axis=True (default), l=4 — full bi-axial (row cross-context + column img<->mask) attention, cold transformer",250,rib_right_12,False,s1133,s0808,False,0.0244,,0.0002,1.0001198053359985,26.7,32.0,1.5e-05,5.0,2e-06,4.24,,ct ct<-ct
502z85nl,150_cascade_coldtransformer_dualaxis,"dual_axis=True (default), l=4 — full bi-axial (row cross-context + column img<->mask) attention, cold transformer",250,rib_right_12,False,s0095,s0324,False,0.0435,,0.0352,0.965675413608551,27.2,139.0,6.6e-05,3.0,1e-06,4.24,,ct ct<-ct
502z85nl,150_cascade_coldtransformer_dualaxis,"dual_axis=True (default), l=4 — full bi-axial (row cross-context + column img<->mask) attention, cold transformer",250,rib_right_12,False,s0546,s0625,False,0.6129,,0.6073,0.39293789863586426,26.6,51.0,2.4e-05,26.0,1.2e-05,4.24,,ct ct<-ct
502z85nl,150_cascade_coldtransformer_dualaxis,"dual_axis=True (default), l=4 — full bi-axial (row cross-context + column img<->mask) attention, cold transformer",250,rib_right_12,False,s0760,s1287,False,0.3132,,0.3077,0.6928672194480896,26.6,28.0,1.3e-05,87.0,4.1e-05,4.24,,ct ct<-ct
502z85nl,150_cascade_coldtransformer_dualaxis,"dual_axis=True (default), l=4 — full bi-axial (row cross-context + column img<->mask) attention, cold transformer",250,rib_right_12,False,s0675,s1223,False,0.3699,,0.3556,0.6445819139480591,26.6,15.0,7e-06,23.0,1.1e-05,4.24,,ct ct<-ct
502z85nl,150_cascade_coldtransformer_dualaxis,"dual_axis=True (default), l=4 — full bi-axial (row cross-context + column img<->mask) attention, cold transformer",250,rib_right_12,False,s0123,s0824,False,0.2919,,0.2906,0.709983229637146,26.6,23.0,1.1e-05,29.0,1.4e-05,4.24,,ct ct<-ct
502z85nl,150_cascade_coldtransformer_dualaxis,"dual_axis=True (default), l=4 — full bi-axial (row cross-context + column img<->mask) attention, cold transformer",250,rib_right_2,True,s0625,s0747,False,0.6253,,0.6195,0.3810635805130005,26.6,142.0,6.8e-05,193.0,9.2e-05,4.24,,ct ct<-ct
502z85nl,150_cascade_coldtransformer_dualaxis,"dual_axis=True (default), l=4 — full bi-axial (row cross-context + column img<->mask) attention, cold transformer",250,rib_right_2,True,s0032,s1238,False,0.5962,,0.5855,0.41500571370124817,28.2,115.0,5.5e-05,160.0,7.6e-05,4.24,,ct ct<-ct
502z85nl,150_cascade_coldtransformer_dualaxis,"dual_axis=True (default), l=4 — full bi-axial (row cross-context + column img<->mask) attention, cold transformer",250,rib_right_2,True,s0095,s1278,False,0.5907,,0.587,0.4135105311870575,26.6,149.0,7.1e-05,172.0,8.2e-05,4.24,,ct ct<-ct
502z85nl,150_cascade_coldtransformer_dualaxis,"dual_axis=True (default), l=4 — full bi-axial (row cross-context + column img<->mask) attention, cold transformer",250,rib_right_2,True,s0874,s0747,False,0.5987,,0.5947,0.4057564437389374,28.7,167.0,8e-05,193.0,9.2e-05,4.24,,ct ct<-ct
502z85nl,150_cascade_coldtransformer_dualaxis,"dual_axis=True (default), l=4 — full bi-axial (row cross-context + column img<->mask) attention, cold transformer",250,rib_right_2,True,s0123,s0918,False,0.7187,,0.7078,0.29260092973709106,26.6,133.0,6.3e-05,205.0,9.8e-05,4.24,,ct ct<-ct
502z85nl,150_cascade_coldtransformer_dualaxis,"dual_axis=True (default), l=4 — full bi-axial (row cross-context + column img<->mask) attention, cold transformer",250,rib_right_2,True,s1337,s1197,False,0.673,,0.6671,0.33344364166259766,26.6,177.0,8.4e-05,120.0,5.7e-05,4.24,,ct ct<-ct
502z85nl,150_cascade_coldtransformer_dualaxis,"dual_axis=True (default), l=4 — full bi-axial (row cross-context + column img<->mask) attention, cold transformer",250,rib_right_3,False,s0675,s0867,False,0.1411,,0.1338,0.8672811985015869,26.8,124.0,5.9e-05,9.0,4e-06,4.24,,ct ct<-ct
502z85nl,150_cascade_coldtransformer_dualaxis,"dual_axis=True (default), l=4 — full bi-axial (row cross-context + column img<->mask) attention, cold transformer",250,rib_right_3,False,s1233,s0839,False,0.0045,,0.0,1.001444697380066,26.6,98.0,4.7e-05,1.0,0.0,4.24,,ct ct<-ct
502z85nl,150_cascade_coldtransformer_dualaxis,"dual_axis=True (default), l=4 — full bi-axial (row cross-context + column img<->mask) attention, cold transformer",250,rib_right_3,False,s1002,s1223,False,0.1111,,0.0,1.0000202655792236,26.6,1.0,0.0,104.0,5e-05,4.24,,ct ct<-ct
502z85nl,150_cascade_coldtransformer_dualaxis,"dual_axis=True (default), l=4 — full bi-axial (row cross-context + column img<->mask) attention, cold transformer",250,rib_right_3,False,s1024,s1199,False,0.5823,,0.5791,0.4214341342449188,26.6,137.0,6.5e-05,157.0,7.5e-05,4.24,,ct ct<-ct
502z85nl,150_cascade_coldtransformer_dualaxis,"dual_axis=True (default), l=4 — full bi-axial (row cross-context + column img<->mask) attention, cold transformer",250,rib_right_3,False,s0618,s1199,False,0.4014,,0.3971,0.6040920615196228,28.7,140.0,6.7e-05,157.0,7.5e-05,4.24,,ct ct<-ct
502z85nl,150_cascade_coldtransformer_dualaxis,"dual_axis=True (default), l=4 — full bi-axial (row cross-context + column img<->mask) attention, cold transformer",250,rib_right_3,False,s0824,s0466,False,0.4361,,0.4234,0.5777570009231567,26.6,186.0,8.9e-05,58.0,2.8e-05,4.24,,ct ct<-ct
502z85nl,150_cascade_coldtransformer_dualaxis,"dual_axis=True (default), l=4 — full bi-axial (row cross-context + column img<->mask) attention, cold transformer",250,rib_right_3,False,s1199,s1046,False,0.4833,,0.4723,0.5283997058868408,28.9,157.0,7.5e-05,191.0,9.1e-05,4.24,,ct ct<-ct
502z85nl,150_cascade_coldtransformer_dualaxis,"dual_axis=True (default), l=4 — full bi-axial (row cross-context + column img<->mask) attention, cold transformer",250,rib_right_3,False,s1305,s1199,False,0.2045,,0.2053,0.795854926109314,26.6,81.0,3.9e-05,157.0,7.5e-05,4.24,,ct ct<-ct
502z85nl,150_cascade_coldtransformer_dualaxis,"dual_axis=True (default), l=4 — full bi-axial (row cross-context + column img<->mask) attention, cold transformer",250,rib_right_3,False,s0874,s0918,False,0.3595,,0.3585,0.642179012298584,26.6,90.0,4.3e-05,262.0,0.000125,4.24,,ct ct<-ct
502z85nl,150_cascade_coldtransformer_dualaxis,"dual_axis=True (default), l=4 — full bi-axial (row cross-context + column img<->mask) attention, cold transformer",250,rib_right_4,False,s0808,s1046,False,0.4038,,0.397,0.6041823625564575,26.6,164.0,7.8e-05,261.0,0.000124,4.24,,ct ct<-ct
502z85nl,150_cascade_coldtransformer_dualaxis,"dual_axis=True (default), l=4 — full bi-axial (row cross-context + column img<->mask) attention, cold transformer",250,rib_right_4,False,s0991,s0095,False,0.4236,,0.4203,0.580710232257843,26.6,147.0,7e-05,279.0,0.000133,4.24,,ct ct<-ct
502z85nl,150_cascade_coldtransformer_dualaxis,"dual_axis=True (default), l=4 — full bi-axial (row cross-context + column img<->mask) attention, cold transformer",250,rib_right_4,False,s1197,s1017,False,0.1934,,0.1908,0.8118903040885925,26.6,167.0,8e-05,114.0,5.4e-05,4.24,,ct ct<-ct
502z85nl,150_cascade_coldtransformer_dualaxis,"dual_axis=True (default), l=4 — full bi-axial (row cross-context + column img<->mask) attention, cold transformer",250,rib_right_4,False,s0794,s0546,False,0.4817,,0.4737,0.5273363590240479,26.7,180.0,8.6e-05,326.0,0.000155,4.24,,ct ct<-ct
502z85nl,150_cascade_coldtransformer_dualaxis,"dual_axis=True (default), l=4 — full bi-axial (row cross-context + column img<->mask) attention, cold transformer",250,rib_right_4,False,s1305,s0466,False,0.23,,0.2237,0.7782615423202515,28.9,104.0,5e-05,53.0,2.5e-05,4.24,,ct ct<-ct
502z85nl,150_cascade_coldtransformer_dualaxis,"dual_axis=True (default), l=4 — full bi-axial (row cross-context + column img<->mask) attention, cold transformer",250,rib_right_4,False,s0095,s0874,False,0.0044,,0.0038,0.9993571043014526,28.8,279.0,0.000133,60.0,2.9e-05,4.24,,ct ct<-ct
502z85nl,150_cascade_coldtransformer_dualaxis,"dual_axis=True (default), l=4 — full bi-axial (row cross-context + column img<->mask) attention, cold transformer",250,rib_right_4,False,s0625,s0618,False,0.445,,0.4392,0.562013566493988,26.6,168.0,8e-05,153.0,7.3e-05,4.24,,ct ct<-ct
502z85nl,150_cascade_coldtransformer_dualaxis,"dual_axis=True (default), l=4 — full bi-axial (row cross-context + column img<->mask) attention, cold transformer",250,rib_right_4,False,s1238,s0874,False,0.2131,,0.2049,0.7971199154853821,26.6,228.0,0.000109,60.0,2.9e-05,4.24,,ct ct<-ct
502z85nl,150_cascade_coldtransformer_dualaxis,"dual_axis=True (default), l=4 — full bi-axial (row cross-context + column img<->mask) attention, cold transformer",250,rib_right_5,False,s1161,s0032,False,0.5212,,0.5075,0.4938817024230957,26.8,302.0,0.000144,156.0,7.4e-05,4.24,,ct ct<-ct
502z85nl,150_cascade_coldtransformer_dualaxis,"dual_axis=True (default), l=4 — full bi-axial (row cross-context + column img<->mask) attention, cold transformer",250,rib_right_5,False,s1233,s1223,False,0.0682,,0.0714,0.9312100410461426,26.6,209.0,0.0001,138.0,6.6e-05,4.24,,ct ct<-ct
502z85nl,150_cascade_coldtransformer_dualaxis,"dual_axis=True (default), l=4 — full bi-axial (row cross-context + column img<->mask) attention, cold transformer",250,rib_right_5,False,s1305,s1223,False,0.2203,,0.2199,0.7818833589553833,26.6,143.0,6.8e-05,138.0,6.6e-05,4.24,,ct ct<-ct
502z85nl,150_cascade_coldtransformer_dualaxis,"dual_axis=True (default), l=4 — full bi-axial (row cross-context + column img<->mask) attention, cold transformer",250,rib_right_5,False,s0747,s1233,False,0.2122,,0.2066,0.7964614033699036,26.6,295.0,0.000141,209.0,0.0001,4.24,,ct ct<-ct
502z85nl,150_cascade_coldtransformer_dualaxis,"dual_axis=True (default), l=4 — full bi-axial (row cross-context + column img<->mask) attention, cold transformer",250,rib_right_5,False,s0021,s1286,False,0.0003,,0.0,1.008500576019287,27.5,185.0,8.8e-05,1.0,0.0,4.24,,ct ct<-ct
502z85nl,150_cascade_coldtransformer_dualaxis,"dual_axis=True (default), l=4 — full bi-axial (row cross-context + column img<->mask) attention, cold transformer",250,rib_right_5,False,s0466,s1305,False,0.2643,,0.2626,0.7381455302238464,26.6,22.0,1e-05,143.0,6.8e-05,4.24,,ct ct<-ct
502z85nl,150_cascade_coldtransformer_dualaxis,"dual_axis=True (default), l=4 — full bi-axial (row cross-context + column img<->mask) attention, cold transformer",250,rib_right_5,False,s0808,s0032,False,0.4299,,0.4252,0.5759402513504028,28.3,166.0,7.9e-05,156.0,7.4e-05,4.24,,ct ct<-ct
502z85nl,150_cascade_coldtransformer_dualaxis,"dual_axis=True (default), l=4 — full bi-axial (row cross-context + column img<->mask) attention, cold transformer",250,rib_right_5,False,s0747,s0991,False,0.3922,,0.3849,0.6168034672737122,26.6,295.0,0.000141,169.0,8.1e-05,4.24,,ct ct<-ct
502z85nl,150_cascade_coldtransformer_dualaxis,"dual_axis=True (default), l=4 — full bi-axial (row cross-context + column img<->mask) attention, cold transformer",250,rib_right_5,False,s1133,s1197,False,0.363,,0.364,0.636574387550354,26.6,114.0,5.4e-05,162.0,7.7e-05,4.24,,ct ct<-ct
502z85nl,150_cascade_coldtransformer_dualaxis,"dual_axis=True (default), l=4 — full bi-axial (row cross-context + column img<->mask) attention, cold transformer",250,rib_right_6,True,s1046,s0991,False,0.5558,,0.5469,0.45419546961784363,26.6,406.0,0.000194,186.0,8.9e-05,4.24,,ct ct<-ct
502z85nl,150_cascade_coldtransformer_dualaxis,"dual_axis=True (default), l=4 — full bi-axial (row cross-context + column img<->mask) attention, cold transformer",250,rib_right_6,True,s0546,s1197,False,0.3058,,0.2949,0.7081601619720459,26.6,438.0,0.000209,218.0,0.000104,4.24,,ct ct<-ct
502z85nl,150_cascade_coldtransformer_dualaxis,"dual_axis=True (default), l=4 — full bi-axial (row cross-context + column img<->mask) attention, cold transformer",250,rib_right_6,True,s0747,s0618,False,0.0548,,0.0571,0.9463737607002258,31.7,297.0,0.000142,213.0,0.000102,4.24,,ct ct<-ct
502z85nl,150_cascade_coldtransformer_dualaxis,"dual_axis=True (default), l=4 — full bi-axial (row cross-context + column img<->mask) attention, cold transformer",250,rib_right_6,True,s0991,s1223,False,0.3969,,0.4003,0.6015416979789734,26.6,186.0,8.9e-05,187.0,8.9e-05,4.24,,ct ct<-ct
502z85nl,150_cascade_coldtransformer_dualaxis,"dual_axis=True (default), l=4 — full bi-axial (row cross-context + column img<->mask) attention, cold transformer",250,rib_right_6,True,s0045,s1017,False,0.0022,,0.0006,1.00148606300354,26.6,75.0,3.6e-05,110.0,5.2e-05,4.24,,ct ct<-ct
502z85nl,150_cascade_coldtransformer_dualaxis,"dual_axis=True (default), l=4 — full bi-axial (row cross-context + column img<->mask) attention, cold transformer",250,rib_right_6,True,s0123,s1337,False,0.4155,,0.4077,0.5942327380180359,28.8,287.0,0.000137,245.0,0.000117,4.24,,ct ct<-ct
502z85nl,150_cascade_coldtransformer_dualaxis,"dual_axis=True (default), l=4 — full bi-axial (row cross-context + column img<->mask) attention, cold transformer",250,rib_right_6,True,s0123,s0045,False,0.3032,,0.3037,0.6988046765327454,29.8,287.0,0.000137,75.0,3.6e-05,4.24,,ct ct<-ct
502z85nl,150_cascade_coldtransformer_dualaxis,"dual_axis=True (default), l=4 — full bi-axial (row cross-context + column img<->mask) attention, cold transformer",250,rib_right_7,False,s0021,s0747,False,0.0024,,0.0054,0.9966912865638733,26.6,69.0,3.3e-05,323.0,0.000154,4.24,,ct ct<-ct
502z85nl,150_cascade_coldtransformer_dualaxis,"dual_axis=True (default), l=4 — full bi-axial (row cross-context + column img<->mask) attention, cold transformer",250,rib_right_7,False,s0991,s0458,False,0.3323,,0.3253,0.6769407391548157,26.6,205.0,9.8e-05,197.0,9.4e-05,4.24,,ct ct<-ct
502z85nl,150_cascade_coldtransformer_dualaxis,"dual_axis=True (default), l=4 — full bi-axial (row cross-context + column img<->mask) attention, cold transformer",250,rib_right_7,False,s0618,s0032,False,0.4396,,0.435,0.5664365887641907,26.6,184.0,8.8e-05,175.0,8.3e-05,4.24,,ct ct<-ct
502z85nl,150_cascade_coldtransformer_dualaxis,"dual_axis=True (default), l=4 — full bi-axial (row cross-context + column img<->mask) attention, cold transformer",250,rib_right_7,False,s0045,s1133,False,0.373,,0.3721,0.6288991570472717,26.6,115.0,5.5e-05,145.0,6.9e-05,4.24,,ct ct<-ct
502z85nl,150_cascade_coldtransformer_dualaxis,"dual_axis=True (default), l=4 — full bi-axial (row cross-context + column img<->mask) attention, cold transformer",250,rib_right_7,False,s1287,s1337,False,0.5132,,0.5074,0.4942280650138855,26.6,328.0,0.000156,259.0,0.000124,4.24,,ct ct<-ct
502z85nl,150_cascade_coldtransformer_dualaxis,"dual_axis=True (default), l=4 — full bi-axial (row cross-context + column img<->mask) attention, cold transformer",250,rib_right_7,False,s0675,s0458,False,0.3071,,0.3018,0.7007574439048767,26.6,237.0,0.000113,197.0,9.4e-05,4.24,,ct ct<-ct
502z85nl,150_cascade_coldtransformer_dualaxis,"dual_axis=True (default), l=4 — full bi-axial (row cross-context + column img<->mask) attention, cold transformer",250,rib_right_7,False,s0249,s0045,False,0.293,,0.2814,0.7192803621292114,26.8,35.0,1.7e-05,115.0,5.5e-05,4.24,,ct ct<-ct
502z85nl,150_cascade_coldtransformer_dualaxis,"dual_axis=True (default), l=4 — full bi-axial (row cross-context + column img<->mask) attention, cold transformer",250,rib_right_8,False,s0607,s0808,False,0.4721,,0.4677,0.5333160758018494,26.6,295.0,0.000141,133.0,6.3e-05,4.24,,ct ct<-ct
502z85nl,150_cascade_coldtransformer_dualaxis,"dual_axis=True (default), l=4 — full bi-axial (row cross-context + column img<->mask) attention, cold transformer",250,rib_right_8,False,s1233,s0625,False,0.4175,,0.4105,0.5909250974655151,26.6,182.0,8.7e-05,186.0,8.9e-05,4.24,,ct ct<-ct
502z85nl,150_cascade_coldtransformer_dualaxis,"dual_axis=True (default), l=4 — full bi-axial (row cross-context + column img<->mask) attention, cold transformer",250,rib_right_8,False,s1287,s0420,False,0.3934,,0.3884,0.6130290031433105,26.5,279.0,0.000133,286.0,0.000136,4.24,,ct ct<-ct
502z85nl,150_cascade_coldtransformer_dualaxis,"dual_axis=True (default), l=4 — full bi-axial (row cross-context + column img<->mask) attention, cold transformer",250,rib_right_8,False,s0607,s1161,False,0.5449,,0.5354,0.4656263291835785,26.6,295.0,0.000141,303.0,0.000144,4.24,,ct ct<-ct
502z85nl,150_cascade_coldtransformer_dualaxis,"dual_axis=True (default), l=4 — full bi-axial (row cross-context + column img<->mask) attention, cold transformer",250,rib_right_8,False,s0625,s0675,False,0.3646,,0.3508,0.651350200176239,26.6,186.0,8.9e-05,233.0,0.000111,4.24,,ct ct<-ct
502z85nl,150_cascade_coldtransformer_dualaxis,"dual_axis=True (default), l=4 — full bi-axial (row cross-context + column img<->mask) attention, cold transformer",250,rib_right_8,False,s0747,s1238,False,0.0523,,0.0585,0.9447609782218933,26.6,303.0,0.000144,262.0,0.000125,4.24,,ct ct<-ct
502z85nl,150_cascade_coldtransformer_dualaxis,"dual_axis=True (default), l=4 — full bi-axial (row cross-context + column img<->mask) attention, cold transformer",250,rib_right_8,False,s0607,s1233,False,0.4867,,0.4874,0.5140519142150879,26.6,295.0,0.000141,182.0,8.7e-05,4.24,,ct ct<-ct
502z85nl,150_cascade_coldtransformer_dualaxis,"dual_axis=True (default), l=4 — full bi-axial (row cross-context + column img<->mask) attention, cold transformer",250,rib_right_9,False,s0095,s1278,False,0.3854,,0.381,0.6202523112297058,26.6,251.0,0.00012,283.0,0.000135,4.24,,ct ct<-ct
502z85nl,150_cascade_coldtransformer_dualaxis,"dual_axis=True (default), l=4 — full bi-axial (row cross-context + column img<->mask) attention, cold transformer",250,rib_right_9,False,s1197,s0747,False,0.5081,,0.4995,0.501691997051239,26.6,149.0,7.1e-05,282.0,0.000134,4.24,,ct ct<-ct
502z85nl,150_cascade_coldtransformer_dualaxis,"dual_axis=True (default), l=4 — full bi-axial (row cross-context + column img<->mask) attention, cold transformer",250,rib_right_9,False,s1197,s0045,False,0.3872,,0.3801,0.6214433908462524,26.6,149.0,7.1e-05,159.0,7.6e-05,4.24,,ct ct<-ct
502z85nl,150_cascade_coldtransformer_dualaxis,"dual_axis=True (default), l=4 — full bi-axial (row cross-context + column img<->mask) attention, cold transformer",250,rib_right_9,False,s0095,s0794,False,0.2662,,0.2652,0.7363203763961792,26.7,251.0,0.00012,222.0,0.000106,4.24,,ct ct<-ct
502z85nl,150_cascade_coldtransformer_dualaxis,"dual_axis=True (default), l=4 — full bi-axial (row cross-context + column img<->mask) attention, cold transformer",250,rib_right_9,False,s1046,s0045,False,0.4344,,0.4293,0.5729665160179138,26.6,319.0,0.000152,159.0,7.6e-05,4.24,,ct ct<-ct
502z85nl,150_cascade_coldtransformer_dualaxis,"dual_axis=True (default), l=4 — full bi-axial (row cross-context + column img<->mask) attention, cold transformer",250,rib_right_9,False,s0324,s0123,False,0.1719,,0.165,0.8358238935470581,29.0,31.0,1.5e-05,229.0,0.000109,4.24,,ct ct<-ct
502z85nl,150_cascade_coldtransformer_dualaxis,"dual_axis=True (default), l=4 — full bi-axial (row cross-context + column img<->mask) attention, cold transformer",250,rib_right_9,False,s0918,s0618,False,0.5896,,0.5709,0.42963114380836487,26.6,275.0,0.000131,120.0,5.7e-05,4.24,,ct ct<-ct
502z85nl,150_cascade_coldtransformer_dualaxis,"dual_axis=True (default), l=4 — full bi-axial (row cross-context + column img<->mask) attention, cold transformer",250,rib_right_9,False,s0420,s1305,False,0.4312,,0.4263,0.5750786066055298,26.6,245.0,0.000117,119.0,5.7e-05,4.24,,ct ct<-ct
502z85nl,150_cascade_coldtransformer_dualaxis,"dual_axis=True (default), l=4 — full bi-axial (row cross-context + column img<->mask) attention, cold transformer",250,rib_right_9,False,s0918,s1024,False,0.4937,,0.4782,0.5229600667953491,26.6,275.0,0.000131,189.0,9e-05,4.24,,ct ct<-ct
502z85nl,150_cascade_coldtransformer_dualaxis,"dual_axis=True (default), l=4 — full bi-axial (row cross-context + column img<->mask) attention, cold transformer",250,sacrum,True,s1024,s1046,False,0.7236,,0.7163,0.2885499894618988,26.6,2316.0,0.001104,2853.0,0.00136,4.24,,ct ct<-ct
502z85nl,150_cascade_coldtransformer_dualaxis,"dual_axis=True (default), l=4 — full bi-axial (row cross-context + column img<->mask) attention, cold transformer",250,sacrum,True,s1233,s0760,False,0.7857,,0.7791,0.22365432977676392,26.6,1982.0,0.000945,2491.0,0.001188,4.24,,ct ct<-ct
502z85nl,150_cascade_coldtransformer_dualaxis,"dual_axis=True (default), l=4 — full bi-axial (row cross-context + column img<->mask) attention, cold transformer",250,sacrum,True,s0000,s0650,False,0.742,,0.7227,0.27774280309677124,26.6,166.0,7.9e-05,2689.0,0.001282,4.24,,ct ct<-ct
502z85nl,150_cascade_coldtransformer_dualaxis,"dual_axis=True (default), l=4 — full bi-axial (row cross-context + column img<->mask) attention, cold transformer",250,sacrum,True,s0650,s0324,False,0.755,,0.7544,0.24920912086963654,26.6,2689.0,0.001282,1421.0,0.000678,4.24,,ct ct<-ct
502z85nl,150_cascade_coldtransformer_dualaxis,"dual_axis=True (default), l=4 — full bi-axial (row cross-context + column img<->mask) attention, cold transformer",250,sacrum,True,s0650,s0918,False,0.7654,,0.756,0.24773132801055908,27.2,2689.0,0.001282,2371.0,0.001131,4.24,,ct ct<-ct
502z85nl,150_cascade_coldtransformer_dualaxis,"dual_axis=True (default), l=4 — full bi-axial (row cross-context + column img<->mask) attention, cold transformer",250,sacrum,True,s0000,s0458,False,0.7013,,0.695,0.30562686920166016,28.7,166.0,7.9e-05,2197.0,0.001048,4.24,,ct ct<-ct
502z85nl,150_cascade_coldtransformer_dualaxis,"dual_axis=True (default), l=4 — full bi-axial (row cross-context + column img<->mask) attention, cold transformer",250,scapula_left,True,s0625,s0824,False,0.7875,,0.7801,0.22153669595718384,26.6,1328.0,0.000633,1713.0,0.000817,4.24,,ct ct<-ct
502z85nl,150_cascade_coldtransformer_dualaxis,"dual_axis=True (default), l=4 — full bi-axial (row cross-context + column img<->mask) attention, cold transformer",250,scapula_left,True,s0650,s1278,False,0.6475,,0.636,0.36838236451148987,26.6,1341.0,0.000639,1928.0,0.000919,4.24,,ct ct<-ct
502z85nl,150_cascade_coldtransformer_dualaxis,"dual_axis=True (default), l=4 — full bi-axial (row cross-context + column img<->mask) attention, cold transformer",250,scapula_left,True,s1233,s0123,False,0.687,,0.6851,0.31719332933425903,26.6,1136.0,0.000542,1455.0,0.000694,4.24,,ct ct<-ct
502z85nl,150_cascade_coldtransformer_dualaxis,"dual_axis=True (default), l=4 — full bi-axial (row cross-context + column img<->mask) attention, cold transformer",250,scapula_left,True,s0572,s0794,False,0.7536,,0.745,0.25587189197540283,26.6,515.0,0.000246,1334.0,0.000636,4.24,,ct ct<-ct
502z85nl,150_cascade_coldtransformer_dualaxis,"dual_axis=True (default), l=4 — full bi-axial (row cross-context + column img<->mask) attention, cold transformer",250,scapula_left,True,s0991,s1305,False,0.7475,,0.7462,0.25551530718803406,26.6,1082.0,0.000516,816.0,0.000389,4.24,,ct ct<-ct
502z85nl,150_cascade_coldtransformer_dualaxis,"dual_axis=True (default), l=4 — full bi-axial (row cross-context + column img<->mask) attention, cold transformer",250,scapula_right,False,s0032,s0572,False,0.4244,,0.4217,0.5847933292388916,26.7,907.0,0.000432,680.0,0.000324,4.24,,ct ct<-ct
502z85nl,150_cascade_coldtransformer_dualaxis,"dual_axis=True (default), l=4 — full bi-axial (row cross-context + column img<->mask) attention, cold transformer",250,scapula_right,False,s0832,s0466,False,0.6168,,0.6115,0.38966262340545654,26.6,221.0,0.000105,638.0,0.000304,4.24,,ct ct<-ct
502z85nl,150_cascade_coldtransformer_dualaxis,"dual_axis=True (default), l=4 — full bi-axial (row cross-context + column img<->mask) attention, cold transformer",250,scapula_right,False,s1199,s0874,False,0.4398,,0.4386,0.5651136636734009,26.7,1182.0,0.000564,212.0,0.000101,4.24,,ct ct<-ct
502z85nl,150_cascade_coldtransformer_dualaxis,"dual_axis=True (default), l=4 — full bi-axial (row cross-context + column img<->mask) attention, cold transformer",250,scapula_right,False,s1059,s0546,False,0.6918,,0.6879,0.3148703873157501,26.7,1265.0,0.000603,1769.0,0.000844,4.24,,ct ct<-ct
502z85nl,150_cascade_coldtransformer_dualaxis,"dual_axis=True (default), l=4 — full bi-axial (row cross-context + column img<->mask) attention, cold transformer",250,scapula_right,False,s0832,s1199,False,0.7079,,0.7039,0.29682621359825134,26.6,221.0,0.000105,1182.0,0.000564,4.24,,ct ct<-ct
502z85nl,150_cascade_coldtransformer_dualaxis,"dual_axis=True (default), l=4 — full bi-axial (row cross-context + column img<->mask) attention, cold transformer",250,scapula_right,False,s0625,s0572,False,0.6328,,0.6233,0.3806009292602539,32.3,1422.0,0.000678,680.0,0.000324,4.24,,ct ct<-ct
502z85nl,150_cascade_coldtransformer_dualaxis,"dual_axis=True (default), l=4 — full bi-axial (row cross-context + column img<->mask) attention, cold transformer",250,skull,True,s1059,s0021,False,0.8528,,0.8468,0.1560821533203125,28.7,5447.0,0.002597,5988.0,0.002855,4.24,,ct ct<-ct
502z85nl,150_cascade_coldtransformer_dualaxis,"dual_axis=True (default), l=4 — full bi-axial (row cross-context + column img<->mask) attention, cold transformer",250,skull,True,s0832,s0352,False,0.0045,,0.0,1.0006632804870605,26.6,1.0,0.0,3955.0,0.001886,4.24,,ct ct<-ct
502z85nl,150_cascade_coldtransformer_dualaxis,"dual_axis=True (default), l=4 — full bi-axial (row cross-context + column img<->mask) attention, cold transformer",250,skull,True,s0123,s0546,False,0.5238,,0.5076,0.4925372302532196,26.6,20.0,1e-05,1.0,0.0,4.24,,ct ct<-ct
502z85nl,150_cascade_coldtransformer_dualaxis,"dual_axis=True (default), l=4 — full bi-axial (row cross-context + column img<->mask) attention, cold transformer",250,skull,True,s0032,s1233,False,0.8773,,0.8731,0.12710219621658325,26.5,228.0,0.000109,192.0,9.2e-05,4.24,,ct ct<-ct
502z85nl,150_cascade_coldtransformer_dualaxis,"dual_axis=True (default), l=4 — full bi-axial (row cross-context + column img<->mask) attention, cold transformer",250,skull,True,s1017,s0546,False,0.7011,,0.6955,0.31224915385246277,26.5,3903.0,0.001861,1.0,0.0,4.24,,ct ct<-ct
502z85nl,150_cascade_coldtransformer_dualaxis,"dual_axis=True (default), l=4 — full bi-axial (row cross-context + column img<->mask) attention, cold transformer",250,skull,True,s1233,s0832,False,0.6585,,0.6663,0.334011435508728,26.6,192.0,9.2e-05,1.0,0.0,4.24,,ct ct<-ct
502z85nl,150_cascade_coldtransformer_dualaxis,"dual_axis=True (default), l=4 — full bi-axial (row cross-context + column img<->mask) attention, cold transformer",250,small_bowel,True,s0000,s0095,False,0.0006,,0.0,1.0059269666671753,26.6,6.0,3e-06,16342.0,0.007792,4.24,,ct ct<-ct
502z85nl,150_cascade_coldtransformer_dualaxis,"dual_axis=True (default), l=4 — full bi-axial (row cross-context + column img<->mask) attention, cold transformer",250,small_bowel,True,s0045,s0607,False,0.692,,0.6803,0.3366738259792328,26.6,14707.0,0.007013,16422.0,0.007831,4.24,,ct ct<-ct
502z85nl,150_cascade_coldtransformer_dualaxis,"dual_axis=True (default), l=4 — full bi-axial (row cross-context + column img<->mask) attention, cold transformer",250,small_bowel,True,s0618,s1286,False,0.5032,,0.4845,0.5156543850898743,26.6,42.0,2e-05,312.0,0.000149,4.24,,ct ct<-ct
502z85nl,150_cascade_coldtransformer_dualaxis,"dual_axis=True (default), l=4 — full bi-axial (row cross-context + column img<->mask) attention, cold transformer",250,small_bowel,True,s0614,s1046,False,0.3652,,0.3578,0.6572442054748535,26.6,1852.0,0.000883,12943.0,0.006172,4.24,,ct ct<-ct
502z85nl,150_cascade_coldtransformer_dualaxis,"dual_axis=True (default), l=4 — full bi-axial (row cross-context + column img<->mask) attention, cold transformer",250,small_bowel,True,s1199,s0607,False,0.2716,,0.2548,0.7491363883018494,26.6,312.0,0.000149,16422.0,0.007831,4.24,,ct ct<-ct
502z85nl,150_cascade_coldtransformer_dualaxis,"dual_axis=True (default), l=4 — full bi-axial (row cross-context + column img<->mask) attention, cold transformer",250,small_bowel,True,s1233,s0458,False,0.6611,,0.6449,0.3790852725505829,26.6,11639.0,0.00555,15059.0,0.007181,4.24,,ct ct<-ct
502z85nl,150_cascade_coldtransformer_dualaxis,"dual_axis=True (default), l=4 — full bi-axial (row cross-context + column img<->mask) attention, cold transformer",250,small_bowel,True,s1024,s0045,False,0.5886,,0.5644,0.4672311544418335,26.8,18695.0,0.008914,14707.0,0.007013,4.24,,ct ct<-ct
502z85nl,150_cascade_coldtransformer_dualaxis,"dual_axis=True (default), l=4 — full bi-axial (row cross-context + column img<->mask) attention, cold transformer",250,spinal_cord,True,s0698,s0346,False,0.7483,,0.7293,0.2715325951576233,26.6,567.0,0.00027,621.0,0.000296,4.24,,ct ct<-ct
502z85nl,150_cascade_coldtransformer_dualaxis,"dual_axis=True (default), l=4 — full bi-axial (row cross-context + column img<->mask) attention, cold transformer",250,spinal_cord,True,s0032,s0698,False,0.7698,,0.7667,0.23439565300941467,26.6,594.0,0.000283,567.0,0.00027,4.24,,ct ct<-ct
502z85nl,150_cascade_coldtransformer_dualaxis,"dual_axis=True (default), l=4 — full bi-axial (row cross-context + column img<->mask) attention, cold transformer",250,spinal_cord,True,s0249,s0650,False,0.8247,,0.8226,0.17774204909801483,26.6,320.0,0.000153,1583.0,0.000755,4.24,,ct ct<-ct
502z85nl,150_cascade_coldtransformer_dualaxis,"dual_axis=True (default), l=4 — full bi-axial (row cross-context + column img<->mask) attention, cold transformer",250,spleen,True,s1305,s0832,False,0.9017,,0.8955,0.10534753650426865,26.6,1473.0,0.000702,1484.0,0.000708,4.24,,ct ct<-ct
502z85nl,150_cascade_coldtransformer_dualaxis,"dual_axis=True (default), l=4 — full bi-axial (row cross-context + column img<->mask) attention, cold transformer",250,spleen,True,s0458,s0546,False,0.9287,,0.9263,0.07453040778636932,26.6,3237.0,0.001544,1981.0,0.000945,4.24,,ct ct<-ct
502z85nl,150_cascade_coldtransformer_dualaxis,"dual_axis=True (default), l=4 — full bi-axial (row cross-context + column img<->mask) attention, cold transformer",250,spleen,True,s1161,s1106,False,0.1851,,0.2171,0.7955379486083984,26.6,4357.0,0.002078,159.0,7.6e-05,4.24,,ct ct<-ct
502z85nl,150_cascade_coldtransformer_dualaxis,"dual_axis=True (default), l=4 — full bi-axial (row cross-context + column img<->mask) attention, cold transformer",250,spleen,True,s1233,s0655,False,0.8903,,0.8837,0.11713645607233047,29.2,1478.0,0.000705,143.0,6.8e-05,4.24,,ct ct<-ct
502z85nl,150_cascade_coldtransformer_dualaxis,"dual_axis=True (default), l=4 — full bi-axial (row cross-context + column img<->mask) attention, cold transformer",250,spleen,True,s1002,s1046,False,0.7551,,0.7466,0.2541908323764801,26.6,467.0,0.000223,1895.0,0.000904,4.24,,ct ct<-ct
502z85nl,150_cascade_coldtransformer_dualaxis,"dual_axis=True (default), l=4 — full bi-axial (row cross-context + column img<->mask) attention, cold transformer",250,spleen,True,s0698,s0420,False,0.9541,,0.9483,0.05206277221441269,29.0,2210.0,0.001054,2209.0,0.001053,4.24,,ct ct<-ct
502z85nl,150_cascade_coldtransformer_dualaxis,"dual_axis=True (default), l=4 — full bi-axial (row cross-context + column img<->mask) attention, cold transformer",250,spleen,True,s0698,s1197,False,0.7272,,0.7267,0.27579188346862793,26.6,2210.0,0.001054,522.0,0.000249,4.24,,ct ct<-ct
502z85nl,150_cascade_coldtransformer_dualaxis,"dual_axis=True (default), l=4 — full bi-axial (row cross-context + column img<->mask) attention, cold transformer",250,sternum,True,s1059,s1337,False,0.8619,,0.8577,0.14266963303089142,26.6,431.0,0.000206,1079.0,0.000515,4.24,,ct ct<-ct
502z85nl,150_cascade_coldtransformer_dualaxis,"dual_axis=True (default), l=4 — full bi-axial (row cross-context + column img<->mask) attention, cold transformer",250,sternum,True,s0544,s1287,False,0.2296,,0.2221,0.7789322733879089,26.7,23.0,1.1e-05,977.0,0.000466,4.24,,ct ct<-ct
502z85nl,150_cascade_coldtransformer_dualaxis,"dual_axis=True (default), l=4 — full bi-axial (row cross-context + column img<->mask) attention, cold transformer",250,sternum,True,s0832,s0618,False,0.7183,,0.7183,0.28268685936927795,26.6,425.0,0.000203,606.0,0.000289,4.24,,ct ct<-ct
502z85nl,150_cascade_coldtransformer_dualaxis,"dual_axis=True (default), l=4 — full bi-axial (row cross-context + column img<->mask) attention, cold transformer",250,sternum,True,s0625,s0123,False,0.7605,,0.7563,0.2454320341348648,28.1,891.0,0.000425,916.0,0.000437,4.24,,ct ct<-ct
502z85nl,150_cascade_coldtransformer_dualaxis,"dual_axis=True (default), l=4 — full bi-axial (row cross-context + column img<->mask) attention, cold transformer",250,stomach,True,s0655,s0832,False,0.6753,,0.668,0.33312752842903137,30.6,230.0,0.00011,1219.0,0.000581,4.24,,ct ct<-ct
502z85nl,150_cascade_coldtransformer_dualaxis,"dual_axis=True (default), l=4 — full bi-axial (row cross-context + column img<->mask) attention, cold transformer",250,stomach,True,s1106,s1133,False,0.5691,,0.573,0.4307580590248108,26.6,2409.0,0.001149,1959.0,0.000934,4.24,,ct ct<-ct
502z85nl,150_cascade_coldtransformer_dualaxis,"dual_axis=True (default), l=4 — full bi-axial (row cross-context + column img<->mask) attention, cold transformer",250,stomach,True,s0832,s0095,False,0.8704,,0.8671,0.13375450670719147,26.6,1219.0,0.000581,2504.0,0.001194,4.24,,ct ct<-ct
502z85nl,150_cascade_coldtransformer_dualaxis,"dual_axis=True (default), l=4 — full bi-axial (row cross-context + column img<->mask) attention, cold transformer",250,stomach,True,s0760,s1278,False,0.5516,,0.5491,0.45832958817481995,26.6,3501.0,0.001669,3209.0,0.00153,4.24,,ct ct<-ct
502z85nl,150_cascade_coldtransformer_dualaxis,"dual_axis=True (default), l=4 — full bi-axial (row cross-context + column img<->mask) attention, cold transformer",250,stomach,True,s1287,s0546,False,0.8284,,0.814,0.19047757983207703,26.6,6660.0,0.003176,7487.0,0.00357,4.24,,ct ct<-ct
502z85nl,150_cascade_coldtransformer_dualaxis,"dual_axis=True (default), l=4 — full bi-axial (row cross-context + column img<->mask) attention, cold transformer",250,stomach,True,s0918,s0324,False,0.577,,0.5715,0.43423935770988464,26.6,2314.0,0.001103,2199.0,0.001049,4.24,,ct ct<-ct
502z85nl,150_cascade_coldtransformer_dualaxis,"dual_axis=True (default), l=4 — full bi-axial (row cross-context + column img<->mask) attention, cold transformer",250,subclavian_artery_left,True,s0824,s0874,False,0.506,,0.5014,0.49921149015426636,26.6,113.0,5.4e-05,101.0,4.8e-05,4.24,,ct ct<-ct
502z85nl,150_cascade_coldtransformer_dualaxis,"dual_axis=True (default), l=4 — full bi-axial (row cross-context + column img<->mask) attention, cold transformer",250,subclavian_artery_left,True,s1002,s0572,False,0.4062,,0.3936,0.6064268946647644,26.6,25.0,1.2e-05,54.0,2.6e-05,4.24,,ct ct<-ct
502z85nl,150_cascade_coldtransformer_dualaxis,"dual_axis=True (default), l=4 — full bi-axial (row cross-context + column img<->mask) attention, cold transformer",250,subclavian_artery_left,True,s0546,s1002,False,0.4417,,0.4244,0.5764375925064087,26.6,117.0,5.6e-05,25.0,1.2e-05,4.24,,ct ct<-ct
502z85nl,150_cascade_coldtransformer_dualaxis,"dual_axis=True (default), l=4 — full bi-axial (row cross-context + column img<->mask) attention, cold transformer",250,subclavian_artery_left,True,s0650,s0867,False,0.2191,,0.215,0.7862135767936707,31.7,96.0,4.6e-05,103.0,4.9e-05,4.24,,ct ct<-ct
502z85nl,150_cascade_coldtransformer_dualaxis,"dual_axis=True (default), l=4 — full bi-axial (row cross-context + column img<->mask) attention, cold transformer",250,subclavian_artery_left,True,s1161,s0420,False,0.1129,,0.1262,0.8752686381340027,28.9,121.0,5.8e-05,147.0,7e-05,4.24,,ct ct<-ct
502z85nl,150_cascade_coldtransformer_dualaxis,"dual_axis=True (default), l=4 — full bi-axial (row cross-context + column img<->mask) attention, cold transformer",250,subclavian_artery_left,True,s1223,s1133,False,0.3615,,0.363,0.6374402046203613,26.6,63.0,3e-05,26.0,1.2e-05,4.24,,ct ct<-ct
502z85nl,150_cascade_coldtransformer_dualaxis,"dual_axis=True (default), l=4 — full bi-axial (row cross-context + column img<->mask) attention, cold transformer",250,subclavian_artery_left,True,s0032,s0618,False,0.3032,,0.2937,0.7069629430770874,26.6,66.0,3.1e-05,98.0,4.7e-05,4.24,,ct ct<-ct
502z85nl,150_cascade_coldtransformer_dualaxis,"dual_axis=True (default), l=4 — full bi-axial (row cross-context + column img<->mask) attention, cold transformer",250,subclavian_artery_left,True,s0032,s1046,False,0.2533,,0.2347,0.7659364938735962,26.8,66.0,3.1e-05,118.0,5.6e-05,4.24,,ct ct<-ct
502z85nl,150_cascade_coldtransformer_dualaxis,"dual_axis=True (default), l=4 — full bi-axial (row cross-context + column img<->mask) attention, cold transformer",250,subclavian_artery_right,False,s0572,s0867,False,0.1948,,0.1579,0.842368483543396,26.6,30.0,1.4e-05,84.0,4e-05,4.24,,ct ct<-ct
502z85nl,150_cascade_coldtransformer_dualaxis,"dual_axis=True (default), l=4 — full bi-axial (row cross-context + column img<->mask) attention, cold transformer",250,subclavian_artery_right,False,s0808,s0572,False,0.1506,,0.1492,0.852023720741272,28.7,117.0,5.6e-05,30.0,1.4e-05,4.24,,ct ct<-ct
502z85nl,150_cascade_coldtransformer_dualaxis,"dual_axis=True (default), l=4 — full bi-axial (row cross-context + column img<->mask) attention, cold transformer",250,subclavian_artery_right,False,s0123,s1046,False,0.398,,0.3946,0.6063648462295532,26.7,125.0,6e-05,134.0,6.4e-05,4.24,,ct ct<-ct
502z85nl,150_cascade_coldtransformer_dualaxis,"dual_axis=True (default), l=4 — full bi-axial (row cross-context + column img<->mask) attention, cold transformer",250,subclavian_artery_right,False,s0650,s0346,False,0.4175,,0.4021,0.5984920263290405,26.6,89.0,4.2e-05,71.0,3.4e-05,4.24,,ct ct<-ct
502z85nl,150_cascade_coldtransformer_dualaxis,"dual_axis=True (default), l=4 — full bi-axial (row cross-context + column img<->mask) attention, cold transformer",250,subclavian_artery_right,False,s1278,s0095,False,0.3353,,0.3385,0.6625124216079712,26.6,149.0,7.1e-05,171.0,8.2e-05,4.24,,ct ct<-ct
502z85nl,150_cascade_coldtransformer_dualaxis,"dual_axis=True (default), l=4 — full bi-axial (row cross-context + column img<->mask) attention, cold transformer",250,subclavian_artery_right,False,s0032,s0095,False,0.133,,0.1227,0.8781563639640808,26.9,57.0,2.7e-05,171.0,8.2e-05,4.24,,ct ct<-ct
502z85nl,150_cascade_coldtransformer_dualaxis,"dual_axis=True (default), l=4 — full bi-axial (row cross-context + column img<->mask) attention, cold transformer",250,superior_vena_cava,True,s0123,s0346,False,0.8308,,0.8219,0.17844277620315552,26.6,310.0,0.000148,89.0,4.2e-05,4.24,,ct ct<-ct
502z85nl,150_cascade_coldtransformer_dualaxis,"dual_axis=True (default), l=4 — full bi-axial (row cross-context + column img<->mask) attention, cold transformer",250,superior_vena_cava,True,s0839,s0747,False,0.6134,,0.6003,0.3998415768146515,28.2,38.0,1.8e-05,75.0,3.6e-05,4.24,,ct ct<-ct
502z85nl,150_cascade_coldtransformer_dualaxis,"dual_axis=True (default), l=4 — full bi-axial (row cross-context + column img<->mask) attention, cold transformer",250,superior_vena_cava,True,s0625,s1233,False,0.7943,,0.7832,0.2170761078596115,28.1,234.0,0.000112,282.0,0.000134,4.24,,ct ct<-ct
502z85nl,150_cascade_coldtransformer_dualaxis,"dual_axis=True (default), l=4 — full bi-axial (row cross-context + column img<->mask) attention, cold transformer",250,superior_vena_cava,True,s0650,s1106,False,0.5451,,0.529,0.4720574617385864,26.6,294.0,0.00014,89.0,4.2e-05,4.24,,ct ct<-ct
502z85nl,150_cascade_coldtransformer_dualaxis,"dual_axis=True (default), l=4 — full bi-axial (row cross-context + column img<->mask) attention, cold transformer",250,superior_vena_cava,True,s0546,s1046,False,0.7358,,0.7293,0.27117910981178284,28.3,221.0,0.000105,316.0,0.000151,4.24,,ct ct<-ct
502z85nl,150_cascade_coldtransformer_dualaxis,"dual_axis=True (default), l=4 — full bi-axial (row cross-context + column img<->mask) attention, cold transformer",250,thyroid_gland,True,s0021,s0572,False,0.6781,,0.6627,0.33767303824424744,26.6,173.0,8.2e-05,146.0,7e-05,4.24,,ct ct<-ct
502z85nl,150_cascade_coldtransformer_dualaxis,"dual_axis=True (default), l=4 — full bi-axial (row cross-context + column img<->mask) attention, cold transformer",250,thyroid_gland,True,s0794,s1046,False,0.6391,,0.6356,0.3651372194290161,26.6,185.0,8.8e-05,218.0,0.000104,4.24,,ct ct<-ct
502z85nl,150_cascade_coldtransformer_dualaxis,"dual_axis=True (default), l=4 — full bi-axial (row cross-context + column img<->mask) attention, cold transformer",250,thyroid_gland,True,s0824,s0123,False,0.007,,0.0,1.0004308223724365,26.6,14.0,7e-06,174.0,8.3e-05,4.24,,ct ct<-ct
502z85nl,150_cascade_coldtransformer_dualaxis,"dual_axis=True (default), l=4 — full bi-axial (row cross-context + column img<->mask) attention, cold transformer",250,thyroid_gland,True,s0625,s0918,False,0.687,,0.6864,0.3138948380947113,26.6,157.0,7.5e-05,203.0,9.7e-05,4.24,,ct ct<-ct
502z85nl,150_cascade_coldtransformer_dualaxis,"dual_axis=True (default), l=4 — full bi-axial (row cross-context + column img<->mask) attention, cold transformer",250,thyroid_gland,True,s0747,s0824,False,0.2386,,0.2312,0.7691838145256042,29.0,62.0,3e-05,14.0,7e-06,4.24,,ct ct<-ct
502z85nl,150_cascade_coldtransformer_dualaxis,"dual_axis=True (default), l=4 — full bi-axial (row cross-context + column img<->mask) attention, cold transformer",250,thyroid_gland,True,s1238,s0032,False,0.5424,,0.537,0.4637731611728668,26.6,134.0,6.4e-05,95.0,4.5e-05,4.24,,ct ct<-ct
502z85nl,150_cascade_coldtransformer_dualaxis,"dual_axis=True (default), l=4 — full bi-axial (row cross-context + column img<->mask) attention, cold transformer",250,thyroid_gland,True,s0546,s0747,False,0.2764,,0.2748,0.7283115983009338,26.6,446.0,0.000213,62.0,3e-05,4.24,,ct ct<-ct
502z85nl,150_cascade_coldtransformer_dualaxis,"dual_axis=True (default), l=4 — full bi-axial (row cross-context + column img<->mask) attention, cold transformer",250,thyroid_gland,True,s1305,s1238,False,0.2904,,0.2874,0.7136088013648987,26.6,59.0,2.8e-05,134.0,6.4e-05,4.24,,ct ct<-ct
502z85nl,150_cascade_coldtransformer_dualaxis,"dual_axis=True (default), l=4 — full bi-axial (row cross-context + column img<->mask) attention, cold transformer",250,thyroid_gland,True,s0346,s1017,False,0.5666,,0.5668,0.43421730399131775,26.6,340.0,0.000162,327.0,0.000156,4.24,,ct ct<-ct
502z85nl,150_cascade_coldtransformer_dualaxis,"dual_axis=True (default), l=4 — full bi-axial (row cross-context + column img<->mask) attention, cold transformer",250,trachea,True,s1233,s0991,False,0.7113,,0.705,0.2961617112159729,26.7,351.0,0.000167,450.0,0.000215,4.24,,ct ct<-ct
502z85nl,150_cascade_coldtransformer_dualaxis,"dual_axis=True (default), l=4 — full bi-axial (row cross-context + column img<->mask) attention, cold transformer",250,trachea,True,s1046,s0123,False,0.822,,0.8231,0.17739669978618622,26.6,515.0,0.000246,366.0,0.000175,4.24,,ct ct<-ct
502z85nl,150_cascade_coldtransformer_dualaxis,"dual_axis=True (default), l=4 — full bi-axial (row cross-context + column img<->mask) attention, cold transformer",250,trachea,True,s0618,s1133,False,0.7224,,0.719,0.28170672059059143,26.6,297.0,0.000142,351.0,0.000167,4.24,,ct ct<-ct
502z85nl,150_cascade_coldtransformer_dualaxis,"dual_axis=True (default), l=4 — full bi-axial (row cross-context + column img<->mask) attention, cold transformer",250,trachea,True,s1024,s0625,False,0.7557,,0.7464,0.2540443539619446,26.9,212.0,0.000101,502.0,0.000239,4.24,,ct ct<-ct
502z85nl,150_cascade_coldtransformer_dualaxis,"dual_axis=True (default), l=4 — full bi-axial (row cross-context + column img<->mask) attention, cold transformer",250,trachea,True,s0698,s1161,False,0.8658,,0.8604,0.14019861817359924,32.3,566.0,0.00027,370.0,0.000176,4.24,,ct ct<-ct
502z85nl,150_cascade_coldtransformer_dualaxis,"dual_axis=True (default), l=4 — full bi-axial (row cross-context + column img<->mask) attention, cold transformer",250,trachea,True,s0650,s0032,False,0.7922,,0.7907,0.20990332961082458,26.6,498.0,0.000237,361.0,0.000172,4.24,,ct ct<-ct
502z85nl,150_cascade_coldtransformer_dualaxis,"dual_axis=True (default), l=4 — full bi-axial (row cross-context + column img<->mask) attention, cold transformer",250,trachea,True,s0747,s0867,False,0.6939,,0.6924,0.30852267146110535,26.6,544.0,0.000259,205.0,9.8e-05,4.24,,ct ct<-ct
502z85nl,150_cascade_coldtransformer_dualaxis,"dual_axis=True (default), l=4 — full bi-axial (row cross-context + column img<->mask) attention, cold transformer",250,urinary_bladder,True,s0216,s1223,False,0.8154,,0.8088,0.19322092831134796,26.6,1606.0,0.000766,1886.0,0.000899,4.24,,ct ct<-ct
502z85nl,150_cascade_coldtransformer_dualaxis,"dual_axis=True (default), l=4 — full bi-axial (row cross-context + column img<->mask) attention, cold transformer",250,urinary_bladder,True,s0000,s0650,False,0.8191,,0.8182,0.18444788455963135,26.6,3005.0,0.001433,2091.0,0.000997,4.24,,ct ct<-ct
502z85nl,150_cascade_coldtransformer_dualaxis,"dual_axis=True (default), l=4 — full bi-axial (row cross-context + column img<->mask) attention, cold transformer",250,urinary_bladder,True,s0991,s0546,False,0.8591,,0.8523,0.14885076880455017,26.6,1605.0,0.000765,2410.0,0.001149,4.24,,ct ct<-ct
502z85nl,150_cascade_coldtransformer_dualaxis,"dual_axis=True (default), l=4 — full bi-axial (row cross-context + column img<->mask) attention, cold transformer",250,vertebrae_C1,False,s0346,s1161,False,0.1438,,0.1424,0.8593382239341736,26.6,159.0,7.6e-05,168.0,8e-05,4.24,,ct ct<-ct
502z85nl,150_cascade_coldtransformer_dualaxis,"dual_axis=True (default), l=4 — full bi-axial (row cross-context + column img<->mask) attention, cold transformer",250,vertebrae_C1,False,s0346,s1059,False,0.0465,,0.0392,0.9647799730300903,26.7,159.0,7.6e-05,166.0,7.9e-05,4.24,,ct ct<-ct
502z85nl,150_cascade_coldtransformer_dualaxis,"dual_axis=True (default), l=4 — full bi-axial (row cross-context + column img<->mask) attention, cold transformer",250,vertebrae_C1,False,s1017,s1161,False,0.1313,,0.1274,0.8740419149398804,26.6,108.0,5.1e-05,168.0,8e-05,4.24,,ct ct<-ct
502z85nl,150_cascade_coldtransformer_dualaxis,"dual_axis=True (default), l=4 — full bi-axial (row cross-context + column img<->mask) attention, cold transformer",250,vertebrae_C1,False,s0792,s0346,False,0.1507,,0.127,0.8735196590423584,26.6,22.0,1e-05,159.0,7.6e-05,4.24,,ct ct<-ct
502z85nl,150_cascade_coldtransformer_dualaxis,"dual_axis=True (default), l=4 — full bi-axial (row cross-context + column img<->mask) attention, cold transformer",250,vertebrae_C1,False,s1059,s0867,False,0.0023,,0.0015,1.0011245012283325,26.6,166.0,7.9e-05,176.0,8.4e-05,4.24,,ct ct<-ct
502z85nl,150_cascade_coldtransformer_dualaxis,"dual_axis=True (default), l=4 — full bi-axial (row cross-context + column img<->mask) attention, cold transformer",250,vertebrae_C2,False,s1260,s0874,False,0.0833,,0.0,1.0001133680343628,26.6,8.0,4e-06,319.0,0.000152,4.24,,ct ct<-ct
502z85nl,150_cascade_coldtransformer_dualaxis,"dual_axis=True (default), l=4 — full bi-axial (row cross-context + column img<->mask) attention, cold transformer",250,vertebrae_C2,False,s0572,s0867,False,0.2709,,0.2745,0.7280358672142029,26.6,293.0,0.00014,247.0,0.000118,4.24,,ct ct<-ct
502z85nl,150_cascade_coldtransformer_dualaxis,"dual_axis=True (default), l=4 — full bi-axial (row cross-context + column img<->mask) attention, cold transformer",250,vertebrae_C2,False,s0346,s1017,False,0.612,,0.6077,0.39305925369262695,26.6,237.0,0.000113,175.0,8.3e-05,4.24,,ct ct<-ct
502z85nl,150_cascade_coldtransformer_dualaxis,"dual_axis=True (default), l=4 — full bi-axial (row cross-context + column img<->mask) attention, cold transformer",250,vertebrae_C2,False,s1161,s1059,False,0.6811,,0.6719,0.32853958010673523,26.6,238.0,0.000113,253.0,0.000121,4.24,,ct ct<-ct
502z85nl,150_cascade_coldtransformer_dualaxis,"dual_axis=True (default), l=4 — full bi-axial (row cross-context + column img<->mask) attention, cold transformer",250,vertebrae_C2,False,s0792,s0572,False,0.0312,,0.0057,0.994415283203125,26.6,1.0,0.0,293.0,0.00014,4.24,,ct ct<-ct
502z85nl,150_cascade_coldtransformer_dualaxis,"dual_axis=True (default), l=4 — full bi-axial (row cross-context + column img<->mask) attention, cold transformer",250,vertebrae_C2,False,s1059,s1161,False,0.1759,,0.1699,0.8336204886436462,32.3,253.0,0.000121,238.0,0.000113,4.24,,ct ct<-ct
502z85nl,150_cascade_coldtransformer_dualaxis,"dual_axis=True (default), l=4 — full bi-axial (row cross-context + column img<->mask) attention, cold transformer",250,vertebrae_C3,True,s0572,s0346,False,0.6259,,0.6295,0.3712066411972046,28.2,197.0,9.4e-05,167.0,8e-05,4.24,,ct ct<-ct
502z85nl,150_cascade_coldtransformer_dualaxis,"dual_axis=True (default), l=4 — full bi-axial (row cross-context + column img<->mask) attention, cold transformer",250,vertebrae_C3,True,s0874,s1161,False,0.5945,,0.5877,0.4131392240524292,26.6,238.0,0.000113,153.0,7.3e-05,4.24,,ct ct<-ct
502z85nl,150_cascade_coldtransformer_dualaxis,"dual_axis=True (default), l=4 — full bi-axial (row cross-context + column img<->mask) attention, cold transformer",250,vertebrae_C3,True,s0346,s0867,False,0.6659,,0.6631,0.33722546696662903,26.6,167.0,8e-05,136.0,6.5e-05,4.24,,ct ct<-ct
502z85nl,150_cascade_coldtransformer_dualaxis,"dual_axis=True (default), l=4 — full bi-axial (row cross-context + column img<->mask) attention, cold transformer",250,vertebrae_C3,True,s0867,s0346,False,0.2721,,0.2697,0.7314360737800598,27.5,136.0,6.5e-05,167.0,8e-05,4.24,,ct ct<-ct
502z85nl,150_cascade_coldtransformer_dualaxis,"dual_axis=True (default), l=4 — full bi-axial (row cross-context + column img<->mask) attention, cold transformer",250,vertebrae_C3,True,s0021,s0466,False,0.5221,,0.517,0.4841323494911194,26.6,257.0,0.000123,102.0,4.9e-05,4.24,,ct ct<-ct
502z85nl,150_cascade_coldtransformer_dualaxis,"dual_axis=True (default), l=4 — full bi-axial (row cross-context + column img<->mask) attention, cold transformer",250,vertebrae_C4,False,s0466,s1017,False,0.5751,,0.5656,0.4347926676273346,26.8,108.0,5.1e-05,116.0,5.5e-05,4.24,,ct ct<-ct
502z85nl,150_cascade_coldtransformer_dualaxis,"dual_axis=True (default), l=4 — full bi-axial (row cross-context + column img<->mask) attention, cold transformer",250,vertebrae_C4,False,s0466,s0572,False,0.368,,0.3619,0.6387437582015991,30.6,108.0,5.1e-05,200.0,9.5e-05,4.24,,ct ct<-ct
502z85nl,150_cascade_coldtransformer_dualaxis,"dual_axis=True (default), l=4 — full bi-axial (row cross-context + column img<->mask) attention, cold transformer",250,vertebrae_C4,False,s0874,s0021,False,0.2465,,0.2444,0.7575317621231079,26.5,222.0,0.000106,236.0,0.000113,4.24,,ct ct<-ct
502z85nl,150_cascade_coldtransformer_dualaxis,"dual_axis=True (default), l=4 — full bi-axial (row cross-context + column img<->mask) attention, cold transformer",250,vertebrae_C4,False,s0572,s1161,False,0.6024,,0.5942,0.40662336349487305,26.6,200.0,9.5e-05,144.0,6.9e-05,4.24,,ct ct<-ct
502z85nl,150_cascade_coldtransformer_dualaxis,"dual_axis=True (default), l=4 — full bi-axial (row cross-context + column img<->mask) attention, cold transformer",250,vertebrae_C4,False,s1059,s0466,False,0.7279,,0.7103,0.2901054620742798,29.8,191.0,9.1e-05,108.0,5.1e-05,4.24,,ct ct<-ct
502z85nl,150_cascade_coldtransformer_dualaxis,"dual_axis=True (default), l=4 — full bi-axial (row cross-context + column img<->mask) attention, cold transformer",250,vertebrae_C4,False,s0346,s0618,False,0.4111,,0.412,0.589390754699707,26.6,140.0,6.7e-05,6.0,3e-06,4.24,,ct ct<-ct
502z85nl,150_cascade_coldtransformer_dualaxis,"dual_axis=True (default), l=4 — full bi-axial (row cross-context + column img<->mask) attention, cold transformer",250,vertebrae_C5,False,s1197,s0021,False,0.0213,,0.0,1.0000896453857422,26.6,1.0,0.0,310.0,0.000148,4.24,,ct ct<-ct
502z85nl,150_cascade_coldtransformer_dualaxis,"dual_axis=True (default), l=4 — full bi-axial (row cross-context + column img<->mask) attention, cold transformer",250,vertebrae_C5,False,s0874,s0747,False,0.0023,,0.0,1.0026715993881226,26.6,282.0,0.000134,6.0,3e-06,4.24,,ct ct<-ct
502z85nl,150_cascade_coldtransformer_dualaxis,"dual_axis=True (default), l=4 — full bi-axial (row cross-context + column img<->mask) attention, cold transformer",250,vertebrae_C5,False,s0824,s1197,False,0.0379,,0.0369,0.964276134967804,26.6,19.0,9e-06,1.0,0.0,4.24,,ct ct<-ct
502z85nl,150_cascade_coldtransformer_dualaxis,"dual_axis=True (default), l=4 — full bi-axial (row cross-context + column img<->mask) attention, cold transformer",250,vertebrae_C5,False,s0466,s0874,False,0.1624,,0.1677,0.8337085843086243,26.6,114.0,5.4e-05,282.0,0.000134,4.24,,ct ct<-ct
502z85nl,150_cascade_coldtransformer_dualaxis,"dual_axis=True (default), l=4 — full bi-axial (row cross-context + column img<->mask) attention, cold transformer",250,vertebrae_C5,False,s1233,s1017,False,0.1629,,0.1511,0.8500349521636963,26.6,28.0,1.3e-05,119.0,5.7e-05,4.24,,ct ct<-ct
502z85nl,150_cascade_coldtransformer_dualaxis,"dual_axis=True (default), l=4 — full bi-axial (row cross-context + column img<->mask) attention, cold transformer",250,vertebrae_C5,False,s1017,s0867,False,0.6548,,0.6511,0.34923073649406433,26.6,119.0,5.7e-05,153.0,7.3e-05,4.24,,ct ct<-ct
502z85nl,150_cascade_coldtransformer_dualaxis,"dual_axis=True (default), l=4 — full bi-axial (row cross-context + column img<->mask) attention, cold transformer",250,vertebrae_C5,False,s0747,s0021,False,0.0088,,0.0,1.0001648664474487,26.6,6.0,3e-06,310.0,0.000148,4.24,,ct ct<-ct
502z85nl,150_cascade_coldtransformer_dualaxis,"dual_axis=True (default), l=4 — full bi-axial (row cross-context + column img<->mask) attention, cold transformer",250,vertebrae_C5,False,s0021,s0032,False,0.2332,,0.2327,0.7699573636054993,26.6,310.0,0.000148,57.0,2.7e-05,4.24,,ct ct<-ct
502z85nl,150_cascade_coldtransformer_dualaxis,"dual_axis=True (default), l=4 — full bi-axial (row cross-context + column img<->mask) attention, cold transformer",250,vertebrae_C5,False,s1161,s0747,False,0.2479,,0.2516,0.7495250105857849,26.6,139.0,6.6e-05,6.0,3e-06,4.24,,ct ct<-ct
502z85nl,150_cascade_coldtransformer_dualaxis,"dual_axis=True (default), l=4 — full bi-axial (row cross-context + column img<->mask) attention, cold transformer",250,vertebrae_C5,False,s0572,s0466,False,0.4509,,0.4488,0.551895797252655,26.6,216.0,0.000103,114.0,5.4e-05,4.24,,ct ct<-ct
502z85nl,150_cascade_coldtransformer_dualaxis,"dual_axis=True (default), l=4 — full bi-axial (row cross-context + column img<->mask) attention, cold transformer",250,vertebrae_C5,False,s0824,s0747,False,0.0202,,0.0152,0.985749363899231,26.9,19.0,9e-06,6.0,3e-06,4.24,,ct ct<-ct
502z85nl,150_cascade_coldtransformer_dualaxis,"dual_axis=True (default), l=4 — full bi-axial (row cross-context + column img<->mask) attention, cold transformer",250,vertebrae_C5,False,s0618,s1197,False,0.2965,,0.2844,0.7163665294647217,26.6,46.0,2.2e-05,1.0,0.0,4.24,,ct ct<-ct
502z85nl,150_cascade_coldtransformer_dualaxis,"dual_axis=True (default), l=4 — full bi-axial (row cross-context + column img<->mask) attention, cold transformer",250,vertebrae_C6,False,s0546,s1059,False,0.2917,,0.279,0.7222581505775452,26.6,39.0,1.9e-05,223.0,0.000106,4.24,,ct ct<-ct
502z85nl,150_cascade_coldtransformer_dualaxis,"dual_axis=True (default), l=4 — full bi-axial (row cross-context + column img<->mask) attention, cold transformer",250,vertebrae_C6,False,s1337,s1287,False,0.0236,,0.016,0.9847087860107422,26.7,1.0,0.0,64.0,3.1e-05,4.24,,ct ct<-ct
502z85nl,150_cascade_coldtransformer_dualaxis,"dual_axis=True (default), l=4 — full bi-axial (row cross-context + column img<->mask) attention, cold transformer",250,vertebrae_C6,False,s0546,s0346,False,0.2541,,0.2274,0.7735987901687622,29.0,39.0,1.9e-05,205.0,9.8e-05,4.24,,ct ct<-ct
502z85nl,150_cascade_coldtransformer_dualaxis,"dual_axis=True (default), l=4 — full bi-axial (row cross-context + column img<->mask) attention, cold transformer",250,vertebrae_C6,False,s0698,s0808,False,0.1799,,0.1744,0.8264435529708862,26.6,12.0,6e-06,99.0,4.7e-05,4.24,,ct ct<-ct
502z85nl,150_cascade_coldtransformer_dualaxis,"dual_axis=True (default), l=4 — full bi-axial (row cross-context + column img<->mask) attention, cold transformer",250,vertebrae_C6,False,s0466,s1223,False,0.3805,,0.3706,0.6304334998130798,27.5,124.0,5.9e-05,44.0,2.1e-05,4.24,,ct ct<-ct
502z85nl,150_cascade_coldtransformer_dualaxis,"dual_axis=True (default), l=4 — full bi-axial (row cross-context + column img<->mask) attention, cold transformer",250,vertebrae_C6,False,s0747,s0867,False,0.4032,,0.4032,0.597670316696167,26.6,109.0,5.2e-05,167.0,8e-05,4.24,,ct ct<-ct
502z85nl,150_cascade_coldtransformer_dualaxis,"dual_axis=True (default), l=4 — full bi-axial (row cross-context + column img<->mask) attention, cold transformer",250,vertebrae_C6,False,s0021,s1278,False,0.4208,,0.4214,0.5814051628112793,26.7,333.0,0.000159,46.0,2.2e-05,4.24,,ct ct<-ct
502z85nl,150_cascade_coldtransformer_dualaxis,"dual_axis=True (default), l=4 — full bi-axial (row cross-context + column img<->mask) attention, cold transformer",250,vertebrae_C7,True,s0123,s0546,False,0.6584,,0.6622,0.33815550804138184,26.6,123.0,5.9e-05,233.0,0.000111,4.24,,ct ct<-ct
502z85nl,150_cascade_coldtransformer_dualaxis,"dual_axis=True (default), l=4 — full bi-axial (row cross-context + column img<->mask) attention, cold transformer",250,vertebrae_C7,True,s0747,s1238,False,0.3972,,0.3997,0.6024501323699951,26.6,274.0,0.000131,225.0,0.000107,4.24,,ct ct<-ct
502z85nl,150_cascade_coldtransformer_dualaxis,"dual_axis=True (default), l=4 — full bi-axial (row cross-context + column img<->mask) attention, cold transformer",250,vertebrae_C7,True,s0466,s0747,False,0.5607,,0.5576,0.4436889886856079,26.6,171.0,8.2e-05,274.0,0.000131,4.24,,ct ct<-ct
502z85nl,150_cascade_coldtransformer_dualaxis,"dual_axis=True (default), l=4 — full bi-axial (row cross-context + column img<->mask) attention, cold transformer",250,vertebrae_C7,True,s1199,s1223,False,0.4375,,0.4317,0.5691025853157043,26.6,59.0,2.8e-05,206.0,9.8e-05,4.24,,ct ct<-ct
502z85nl,150_cascade_coldtransformer_dualaxis,"dual_axis=True (default), l=4 — full bi-axial (row cross-context + column img<->mask) attention, cold transformer",250,vertebrae_C7,True,s1161,s1059,False,0.4547,,0.4613,0.5405519604682922,26.6,229.0,0.000109,287.0,0.000137,4.24,,ct ct<-ct
502z85nl,150_cascade_coldtransformer_dualaxis,"dual_axis=True (default), l=4 — full bi-axial (row cross-context + column img<->mask) attention, cold transformer",250,vertebrae_C7,True,s1305,s0918,False,0.5316,,0.5299,0.47115200757980347,32.3,169.0,8.1e-05,248.0,0.000118,4.24,,ct ct<-ct
502z85nl,150_cascade_coldtransformer_dualaxis,"dual_axis=True (default), l=4 — full bi-axial (row cross-context + column img<->mask) attention, cold transformer",250,vertebrae_C7,True,s0698,s0794,False,0.6113,,0.604,0.396451860666275,26.6,95.0,4.5e-05,186.0,8.9e-05,4.24,,ct ct<-ct
502z85nl,150_cascade_coldtransformer_dualaxis,"dual_axis=True (default), l=4 — full bi-axial (row cross-context + column img<->mask) attention, cold transformer",250,vertebrae_L1,True,s0123,s0625,False,0.7891,,0.7883,0.21241571009159088,26.6,531.0,0.000253,637.0,0.000304,4.24,,ct ct<-ct
502z85nl,150_cascade_coldtransformer_dualaxis,"dual_axis=True (default), l=4 — full bi-axial (row cross-context + column img<->mask) attention, cold transformer",250,vertebrae_L1,True,s0794,s0544,False,0.6058,,0.6028,0.4010493755340576,26.6,791.0,0.000377,681.0,0.000325,4.24,,ct ct<-ct
502z85nl,150_cascade_coldtransformer_dualaxis,"dual_axis=True (default), l=4 — full bi-axial (row cross-context + column img<->mask) attention, cold transformer",250,vertebrae_L1,True,s1305,s1199,False,0.5914,,0.5883,0.4144291281700134,28.7,580.0,0.000277,669.0,0.000319,4.24,,ct ct<-ct
502z85nl,150_cascade_coldtransformer_dualaxis,"dual_axis=True (default), l=4 — full bi-axial (row cross-context + column img<->mask) attention, cold transformer",250,vertebrae_L1,True,s1199,s0032,False,0.5299,,0.5207,0.48251599073410034,26.6,669.0,0.000319,390.0,0.000186,4.24,,ct ct<-ct
502z85nl,150_cascade_coldtransformer_dualaxis,"dual_axis=True (default), l=4 — full bi-axial (row cross-context + column img<->mask) attention, cold transformer",250,vertebrae_L1,True,s0045,s1337,False,0.6474,,0.6464,0.35600391030311584,26.6,679.0,0.000324,815.0,0.000389,4.24,,ct ct<-ct
502z85nl,150_cascade_coldtransformer_dualaxis,"dual_axis=True (default), l=4 — full bi-axial (row cross-context + column img<->mask) attention, cold transformer",250,vertebrae_L1,True,s1024,s1161,False,0.5136,,0.5085,0.49491187930107117,26.6,585.0,0.000279,761.0,0.000363,4.24,,ct ct<-ct
502z85nl,150_cascade_coldtransformer_dualaxis,"dual_axis=True (default), l=4 — full bi-axial (row cross-context + column img<->mask) attention, cold transformer",250,vertebrae_L1,True,s0458,s0747,False,0.5943,,0.5902,0.41329681873321533,26.6,690.0,0.000329,860.0,0.00041,4.24,,ct ct<-ct
502z85nl,150_cascade_coldtransformer_dualaxis,"dual_axis=True (default), l=4 — full bi-axial (row cross-context + column img<->mask) attention, cold transformer",250,vertebrae_L2,False,s1238,s1223,False,0.7396,,0.7328,0.26856961846351624,26.7,798.0,0.000381,720.0,0.000343,4.24,,ct ct<-ct
502z85nl,150_cascade_coldtransformer_dualaxis,"dual_axis=True (default), l=4 — full bi-axial (row cross-context + column img<->mask) attention, cold transformer",250,vertebrae_L2,False,s0760,s0918,False,0.7176,,0.7116,0.2896387577056885,31.7,747.0,0.000356,893.0,0.000426,4.24,,ct ct<-ct
502z85nl,150_cascade_coldtransformer_dualaxis,"dual_axis=True (default), l=4 — full bi-axial (row cross-context + column img<->mask) attention, cold transformer",250,vertebrae_L2,False,s0420,s1305,False,0.0075,,0.0,1.000628113746643,26.6,2.0,1e-06,636.0,0.000303,4.24,,ct ct<-ct
502z85nl,150_cascade_coldtransformer_dualaxis,"dual_axis=True (default), l=4 — full bi-axial (row cross-context + column img<->mask) attention, cold transformer",250,vertebrae_L2,False,s0918,s0625,False,0.717,,0.7141,0.28762000799179077,26.6,893.0,0.000426,688.0,0.000328,4.24,,ct ct<-ct
502z85nl,150_cascade_coldtransformer_dualaxis,"dual_axis=True (default), l=4 — full bi-axial (row cross-context + column img<->mask) attention, cold transformer",250,vertebrae_L2,False,s0991,s0918,False,0.5602,,0.5566,0.44659706950187683,26.6,733.0,0.00035,893.0,0.000426,4.24,,ct ct<-ct
502z85nl,150_cascade_coldtransformer_dualaxis,"dual_axis=True (default), l=4 — full bi-axial (row cross-context + column img<->mask) attention, cold transformer",250,vertebrae_L2,False,s0747,s0324,False,0.8002,,0.7908,0.2097201943397522,26.6,502.0,0.000239,498.0,0.000237,4.24,,ct ct<-ct
502z85nl,150_cascade_coldtransformer_dualaxis,"dual_axis=True (default), l=4 — full bi-axial (row cross-context + column img<->mask) attention, cold transformer",250,vertebrae_L3,True,s0095,s0324,False,0.3892,,0.3859,0.6180728077888489,26.7,751.0,0.000358,529.0,0.000252,4.24,,ct ct<-ct
502z85nl,150_cascade_coldtransformer_dualaxis,"dual_axis=True (default), l=4 — full bi-axial (row cross-context + column img<->mask) attention, cold transformer",250,vertebrae_L3,True,s1046,s0458,False,0.7669,,0.762,0.2397630661725998,26.7,1039.0,0.000495,857.0,0.000409,4.24,,ct ct<-ct
502z85nl,150_cascade_coldtransformer_dualaxis,"dual_axis=True (default), l=4 — full bi-axial (row cross-context + column img<->mask) attention, cold transformer",250,vertebrae_L3,True,s0324,s1046,False,0.4877,,0.4824,0.5213154554367065,26.6,529.0,0.000252,1039.0,0.000495,4.24,,ct ct<-ct
502z85nl,150_cascade_coldtransformer_dualaxis,"dual_axis=True (default), l=4 — full bi-axial (row cross-context + column img<->mask) attention, cold transformer",250,vertebrae_L3,True,s0625,s0458,False,0.7154,,0.7116,0.29002636671066284,26.6,751.0,0.000358,857.0,0.000409,4.24,,ct ct<-ct
502z85nl,150_cascade_coldtransformer_dualaxis,"dual_axis=True (default), l=4 — full bi-axial (row cross-context + column img<->mask) attention, cold transformer",250,vertebrae_L3,True,s1238,s1233,False,0.715,,0.7124,0.28888756036758423,26.6,882.0,0.000421,676.0,0.000322,4.24,,ct ct<-ct
502z85nl,150_cascade_coldtransformer_dualaxis,"dual_axis=True (default), l=4 — full bi-axial (row cross-context + column img<->mask) attention, cold transformer",250,vertebrae_L3,True,s0095,s1233,False,0.4389,,0.4379,0.5661948919296265,26.6,751.0,0.000358,676.0,0.000322,4.24,,ct ct<-ct
502z85nl,150_cascade_coldtransformer_dualaxis,"dual_axis=True (default), l=4 — full bi-axial (row cross-context + column img<->mask) attention, cold transformer",250,vertebrae_L3,True,s1024,s1287,False,0.0185,,0.0228,0.9842263460159302,26.7,127.0,6.1e-05,880.0,0.00042,4.24,,ct ct<-ct
502z85nl,150_cascade_coldtransformer_dualaxis,"dual_axis=True (default), l=4 — full bi-axial (row cross-context + column img<->mask) attention, cold transformer",250,vertebrae_L4,False,s0095,s1024,False,0.3038,,0.3033,0.7025386095046997,26.6,996.0,0.000475,622.0,0.000297,4.24,,ct ct<-ct
502z85nl,150_cascade_coldtransformer_dualaxis,"dual_axis=True (default), l=4 — full bi-axial (row cross-context + column img<->mask) attention, cold transformer",250,vertebrae_L4,False,s0918,s0794,False,0.3656,,0.3648,0.6403217315673828,26.6,1017.0,0.000485,965.0,0.00046,4.24,,ct ct<-ct
502z85nl,150_cascade_coldtransformer_dualaxis,"dual_axis=True (default), l=4 — full bi-axial (row cross-context + column img<->mask) attention, cold transformer",250,vertebrae_L4,False,s0506,s1161,False,0.7471,,0.7427,0.25824034214019775,26.6,418.0,0.000199,859.0,0.00041,4.24,,ct ct<-ct
502z85nl,150_cascade_coldtransformer_dualaxis,"dual_axis=True (default), l=4 — full bi-axial (row cross-context + column img<->mask) attention, cold transformer",250,vertebrae_L4,False,s0625,s1161,False,0.6449,,0.6399,0.36255356669425964,26.6,755.0,0.00036,859.0,0.00041,4.24,,ct ct<-ct
502z85nl,150_cascade_coldtransformer_dualaxis,"dual_axis=True (default), l=4 — full bi-axial (row cross-context + column img<->mask) attention, cold transformer",250,vertebrae_L5,True,s0506,s0625,False,0.6408,,0.637,0.3648316562175751,26.7,872.0,0.000416,717.0,0.000342,4.24,,ct ct<-ct
502z85nl,150_cascade_coldtransformer_dualaxis,"dual_axis=True (default), l=4 — full bi-axial (row cross-context + column img<->mask) attention, cold transformer",250,vertebrae_L5,True,s1161,s0324,False,0.4755,,0.4802,0.5235587358474731,26.6,851.0,0.000406,579.0,0.000276,4.24,,ct ct<-ct
502z85nl,150_cascade_coldtransformer_dualaxis,"dual_axis=True (default), l=4 — full bi-axial (row cross-context + column img<->mask) attention, cold transformer",250,vertebrae_L5,True,s1286,s0045,False,0.0174,,0.0115,0.9892393946647644,26.6,1.0,0.0,762.0,0.000363,4.24,,ct ct<-ct
502z85nl,150_cascade_coldtransformer_dualaxis,"dual_axis=True (default), l=4 — full bi-axial (row cross-context + column img<->mask) attention, cold transformer",250,vertebrae_L5,True,s1287,s1305,False,0.3871,,0.3924,0.6103484630584717,28.9,811.0,0.000387,12.0,6e-06,4.24,,ct ct<-ct
502z85nl,150_cascade_coldtransformer_dualaxis,"dual_axis=True (default), l=4 — full bi-axial (row cross-context + column img<->mask) attention, cold transformer",250,vertebrae_L5,True,s0625,s0546,False,0.7532,,0.7476,0.25364258885383606,26.6,717.0,0.000342,1100.0,0.000525,4.24,,ct ct<-ct
502z85nl,150_cascade_coldtransformer_dualaxis,"dual_axis=True (default), l=4 — full bi-axial (row cross-context + column img<->mask) attention, cold transformer",250,vertebrae_L5,True,s0650,s0506,False,0.5834,,0.5789,0.42413148283958435,28.8,1018.0,0.000485,872.0,0.000416,4.24,,ct ct<-ct
502z85nl,150_cascade_coldtransformer_dualaxis,"dual_axis=True (default), l=4 — full bi-axial (row cross-context + column img<->mask) attention, cold transformer",250,vertebrae_L5,True,s0045,s0625,False,0.6166,,0.6117,0.391043484210968,28.1,762.0,0.000363,717.0,0.000342,4.24,,ct ct<-ct
502z85nl,150_cascade_coldtransformer_dualaxis,"dual_axis=True (default), l=4 — full bi-axial (row cross-context + column img<->mask) attention, cold transformer",250,vertebrae_L5,True,s0625,s0324,False,0.6815,,0.6776,0.3246937096118927,26.7,717.0,0.000342,579.0,0.000276,4.24,,ct ct<-ct
502z85nl,150_cascade_coldtransformer_dualaxis,"dual_axis=True (default), l=4 — full bi-axial (row cross-context + column img<->mask) attention, cold transformer",250,vertebrae_L5,True,s0324,s0095,False,0.3629,,0.3639,0.6409041285514832,32.3,579.0,0.000276,1075.0,0.000513,4.24,,ct ct<-ct
502z85nl,150_cascade_coldtransformer_dualaxis,"dual_axis=True (default), l=4 — full bi-axial (row cross-context + column img<->mask) attention, cold transformer",250,vertebrae_L5,True,s1233,s0095,False,0.5016,,0.4994,0.503912627696991,26.6,721.0,0.000344,1075.0,0.000513,4.24,,ct ct<-ct
502z85nl,150_cascade_coldtransformer_dualaxis,"dual_axis=True (default), l=4 — full bi-axial (row cross-context + column img<->mask) attention, cold transformer",250,vertebrae_L5,True,s1233,s0045,False,0.7399,,0.7384,0.2630121409893036,26.6,721.0,0.000344,762.0,0.000363,4.24,,ct ct<-ct
502z85nl,150_cascade_coldtransformer_dualaxis,"dual_axis=True (default), l=4 — full bi-axial (row cross-context + column img<->mask) attention, cold transformer",250,vertebrae_S1,True,s0614,s1223,False,0.4781,,0.4756,0.5269180536270142,26.6,452.0,0.000216,605.0,0.000288,4.24,,ct ct<-ct
502z85nl,150_cascade_coldtransformer_dualaxis,"dual_axis=True (default), l=4 — full bi-axial (row cross-context + column img<->mask) attention, cold transformer",250,vertebrae_S1,True,s1238,s0991,False,0.5713,,0.572,0.42992889881134033,29.2,583.0,0.000278,664.0,0.000317,4.24,,ct ct<-ct
502z85nl,150_cascade_coldtransformer_dualaxis,"dual_axis=True (default), l=4 — full bi-axial (row cross-context + column img<->mask) attention, cold transformer",250,vertebrae_S1,True,s1238,s0625,False,0.6875,,0.68,0.32149773836135864,26.6,583.0,0.000278,579.0,0.000276,4.24,,ct ct<-ct
502z85nl,150_cascade_coldtransformer_dualaxis,"dual_axis=True (default), l=4 — full bi-axial (row cross-context + column img<->mask) attention, cold transformer",250,vertebrae_S1,True,s1305,s0625,False,0.5,,0.0,1.000009536743164,26.6,1.0,0.0,579.0,0.000276,4.24,,ct ct<-ct
502z85nl,150_cascade_coldtransformer_dualaxis,"dual_axis=True (default), l=4 — full bi-axial (row cross-context + column img<->mask) attention, cold transformer",250,vertebrae_S1,True,s0506,s0991,False,0.8163,,0.8135,0.1872638612985611,26.6,659.0,0.000314,664.0,0.000317,4.24,,ct ct<-ct
502z85nl,150_cascade_coldtransformer_dualaxis,"dual_axis=True (default), l=4 — full bi-axial (row cross-context + column img<->mask) attention, cold transformer",250,vertebrae_S1,True,s0794,s1223,False,0.805,,0.8036,0.1972820907831192,29.8,700.0,0.000334,605.0,0.000288,4.24,,ct ct<-ct
502z85nl,150_cascade_coldtransformer_dualaxis,"dual_axis=True (default), l=4 — full bi-axial (row cross-context + column img<->mask) attention, cold transformer",250,vertebrae_S1,True,s1024,s0991,False,0.654,,0.6519,0.35020947456359863,27.5,625.0,0.000298,664.0,0.000317,4.24,,ct ct<-ct
502z85nl,150_cascade_coldtransformer_dualaxis,"dual_axis=True (default), l=4 — full bi-axial (row cross-context + column img<->mask) attention, cold transformer",250,vertebrae_S1,True,s1233,s1223,False,0.7078,,0.7049,0.2964468002319336,26.6,572.0,0.000273,605.0,0.000288,4.24,,ct ct<-ct
502z85nl,150_cascade_coldtransformer_dualaxis,"dual_axis=True (default), l=4 — full bi-axial (row cross-context + column img<->mask) attention, cold transformer",250,vertebrae_T1,False,s0021,s0698,False,0.7564,,0.7487,0.2520879805088043,26.6,432.0,0.000206,247.0,0.000118,4.24,,ct ct<-ct
502z85nl,150_cascade_coldtransformer_dualaxis,"dual_axis=True (default), l=4 — full bi-axial (row cross-context + column img<->mask) attention, cold transformer",250,vertebrae_T1,False,s0794,s1337,False,0.3497,,0.3499,0.6530646085739136,26.6,287.0,0.000137,325.0,0.000155,4.24,,ct ct<-ct
502z85nl,150_cascade_coldtransformer_dualaxis,"dual_axis=True (default), l=4 — full bi-axial (row cross-context + column img<->mask) attention, cold transformer",250,vertebrae_T1,False,s0650,s0546,False,0.5216,,0.5166,0.4853542149066925,26.6,348.0,0.000166,396.0,0.000189,4.24,,ct ct<-ct
502z85nl,150_cascade_coldtransformer_dualaxis,"dual_axis=True (default), l=4 — full bi-axial (row cross-context + column img<->mask) attention, cold transformer",250,vertebrae_T1,False,s0918,s0991,False,0.2401,,0.2434,0.7607768177986145,26.6,355.0,0.000169,161.0,7.7e-05,4.24,,ct ct<-ct
502z85nl,150_cascade_coldtransformer_dualaxis,"dual_axis=True (default), l=4 — full bi-axial (row cross-context + column img<->mask) attention, cold transformer",250,vertebrae_T1,False,s0618,s0867,False,0.3589,,0.3615,0.6409724950790405,28.9,270.0,0.000129,290.0,0.000138,4.24,,ct ct<-ct
502z85nl,150_cascade_coldtransformer_dualaxis,"dual_axis=True (default), l=4 — full bi-axial (row cross-context + column img<->mask) attention, cold transformer",250,vertebrae_T1,False,s0021,s0032,False,0.5681,,0.5762,0.42524459958076477,26.6,432.0,0.000206,215.0,0.000103,4.24,,ct ct<-ct
502z85nl,150_cascade_coldtransformer_dualaxis,"dual_axis=True (default), l=4 — full bi-axial (row cross-context + column img<->mask) attention, cold transformer",250,vertebrae_T1,False,s0698,s0618,False,0.5897,,0.5847,0.41638442873954773,26.6,247.0,0.000118,270.0,0.000129,4.24,,ct ct<-ct
502z85nl,150_cascade_coldtransformer_dualaxis,"dual_axis=True (default), l=4 — full bi-axial (row cross-context + column img<->mask) attention, cold transformer",250,vertebrae_T1,False,s0874,s0991,False,0.6202,,0.6164,0.384977787733078,26.6,394.0,0.000188,161.0,7.7e-05,4.24,,ct ct<-ct
502z85nl,150_cascade_coldtransformer_dualaxis,"dual_axis=True (default), l=4 — full bi-axial (row cross-context + column img<->mask) attention, cold transformer",250,vertebrae_T1,False,s0618,s0572,False,0.4196,,0.422,0.5795018076896667,26.6,270.0,0.000129,237.0,0.000113,4.24,,ct ct<-ct
502z85nl,150_cascade_coldtransformer_dualaxis,"dual_axis=True (default), l=4 — full bi-axial (row cross-context + column img<->mask) attention, cold transformer",250,vertebrae_T1,False,s0546,s0650,False,0.4988,,0.4992,0.5028572678565979,26.6,396.0,0.000189,348.0,0.000166,4.24,,ct ct<-ct
502z85nl,150_cascade_coldtransformer_dualaxis,"dual_axis=True (default), l=4 — full bi-axial (row cross-context + column img<->mask) attention, cold transformer",250,vertebrae_T10,False,s0095,s0918,False,0.6485,,0.644,0.35797765851020813,30.6,769.0,0.000367,603.0,0.000288,4.24,,ct ct<-ct
502z85nl,150_cascade_coldtransformer_dualaxis,"dual_axis=True (default), l=4 — full bi-axial (row cross-context + column img<->mask) attention, cold transformer",250,vertebrae_T10,False,s0839,s1046,False,0.5459,,0.542,0.4594355523586273,26.6,151.0,7.2e-05,592.0,0.000282,4.24,,ct ct<-ct
502z85nl,150_cascade_coldtransformer_dualaxis,"dual_axis=True (default), l=4 — full bi-axial (row cross-context + column img<->mask) attention, cold transformer",250,vertebrae_T10,False,s1278,s0824,False,0.2004,,0.2042,0.8029384613037109,26.6,692.0,0.00033,505.0,0.000241,4.24,,ct ct<-ct
502z85nl,150_cascade_coldtransformer_dualaxis,"dual_axis=True (default), l=4 — full bi-axial (row cross-context + column img<->mask) attention, cold transformer",250,vertebrae_T10,False,s1305,s1278,False,0.6586,,0.653,0.34815752506256104,26.6,404.0,0.000193,692.0,0.00033,4.24,,ct ct<-ct
502z85nl,150_cascade_coldtransformer_dualaxis,"dual_axis=True (default), l=4 — full bi-axial (row cross-context + column img<->mask) attention, cold transformer",250,vertebrae_T11,False,s0249,s0747,False,0.4907,,0.488,0.5162389278411865,26.6,779.0,0.000371,786.0,0.000375,4.24,,ct ct<-ct
502z85nl,150_cascade_coldtransformer_dualaxis,"dual_axis=True (default), l=4 — full bi-axial (row cross-context + column img<->mask) attention, cold transformer",250,vertebrae_T11,False,s0095,s1233,False,0.4796,,0.4738,0.529539942741394,26.6,615.0,0.000293,465.0,0.000222,4.24,,ct ct<-ct
502z85nl,150_cascade_coldtransformer_dualaxis,"dual_axis=True (default), l=4 — full bi-axial (row cross-context + column img<->mask) attention, cold transformer",250,vertebrae_T11,False,s1278,s0420,False,0.141,,0.1383,0.8688884377479553,26.6,698.0,0.000333,567.0,0.00027,4.24,,ct ct<-ct
502z85nl,150_cascade_coldtransformer_dualaxis,"dual_axis=True (default), l=4 — full bi-axial (row cross-context + column img<->mask) attention, cold transformer",250,vertebrae_T11,False,s0655,s1238,False,0.4135,,0.4019,0.6004021763801575,26.6,137.0,6.5e-05,562.0,0.000268,4.24,,ct ct<-ct
502z85nl,150_cascade_coldtransformer_dualaxis,"dual_axis=True (default), l=4 — full bi-axial (row cross-context + column img<->mask) attention, cold transformer",250,vertebrae_T11,False,s0698,s0420,False,0.2118,,0.2127,0.7914413809776306,26.6,588.0,0.00028,567.0,0.00027,4.24,,ct ct<-ct
502z85nl,150_cascade_coldtransformer_dualaxis,"dual_axis=True (default), l=4 — full bi-axial (row cross-context + column img<->mask) attention, cold transformer",250,vertebrae_T11,False,s0839,s1002,False,0.2106,,0.2083,0.7952903509140015,26.6,196.0,9.3e-05,249.0,0.000119,4.24,,ct ct<-ct
502z85nl,150_cascade_coldtransformer_dualaxis,"dual_axis=True (default), l=4 — full bi-axial (row cross-context + column img<->mask) attention, cold transformer",250,vertebrae_T12,True,s0618,s0650,False,0.2817,,0.2815,0.7236873507499695,26.6,530.0,0.000253,765.0,0.000365,4.24,,ct ct<-ct
502z85nl,150_cascade_coldtransformer_dualaxis,"dual_axis=True (default), l=4 — full bi-axial (row cross-context + column img<->mask) attention, cold transformer",250,vertebrae_T12,True,s0544,s0650,False,0.2064,,0.2092,0.7964634895324707,26.7,630.0,0.0003,765.0,0.000365,4.24,,ct ct<-ct
502z85nl,150_cascade_coldtransformer_dualaxis,"dual_axis=True (default), l=4 — full bi-axial (row cross-context + column img<->mask) attention, cold transformer",250,vertebrae_T12,True,s1197,s0698,False,0.2632,,0.2566,0.7441661953926086,26.6,50.0,2.4e-05,637.0,0.000304,4.24,,ct ct<-ct
502z85nl,150_cascade_coldtransformer_dualaxis,"dual_axis=True (default), l=4 — full bi-axial (row cross-context + column img<->mask) attention, cold transformer",250,vertebrae_T12,True,s1046,s0458,False,0.5508,,0.5474,0.4562225937843323,26.7,750.0,0.000358,610.0,0.000291,4.24,,ct ct<-ct
502z85nl,150_cascade_coldtransformer_dualaxis,"dual_axis=True (default), l=4 — full bi-axial (row cross-context + column img<->mask) attention, cold transformer",250,vertebrae_T12,True,s1305,s0324,False,0.6974,,0.6974,0.304091215133667,26.7,484.0,0.000231,409.0,0.000195,4.24,,ct ct<-ct
502z85nl,150_cascade_coldtransformer_dualaxis,"dual_axis=True (default), l=4 — full bi-axial (row cross-context + column img<->mask) attention, cold transformer",250,vertebrae_T12,True,s0991,s1337,False,0.4467,,0.4507,0.5537957549095154,26.6,608.0,0.00029,650.0,0.00031,4.24,,ct ct<-ct
502z85nl,150_cascade_coldtransformer_dualaxis,"dual_axis=True (default), l=4 — full bi-axial (row cross-context + column img<->mask) attention, cold transformer",250,vertebrae_T12,True,s0650,s0655,False,0.4292,,0.4248,0.5821605920791626,26.6,765.0,0.000365,78.0,3.7e-05,4.24,,ct ct<-ct
502z85nl,150_cascade_coldtransformer_dualaxis,"dual_axis=True (default), l=4 — full bi-axial (row cross-context + column img<->mask) attention, cold transformer",250,vertebrae_T2,False,s1287,s1223,False,0.5508,,0.5497,0.45146122574806213,28.7,306.0,0.000146,158.0,7.5e-05,4.24,,ct ct<-ct
502z85nl,150_cascade_coldtransformer_dualaxis,"dual_axis=True (default), l=4 — full bi-axial (row cross-context + column img<->mask) attention, cold transformer",250,vertebrae_T2,False,s0625,s0824,False,0.2441,,0.2411,0.7615557909011841,26.6,285.0,0.000136,311.0,0.000148,4.24,,ct ct<-ct
502z85nl,150_cascade_coldtransformer_dualaxis,"dual_axis=True (default), l=4 — full bi-axial (row cross-context + column img<->mask) attention, cold transformer",250,vertebrae_T2,False,s0466,s0698,False,0.6049,,0.5978,0.4030783772468567,26.6,229.0,0.000109,301.0,0.000144,4.24,,ct ct<-ct
502z85nl,150_cascade_coldtransformer_dualaxis,"dual_axis=True (default), l=4 — full bi-axial (row cross-context + column img<->mask) attention, cold transformer",250,vertebrae_T2,False,s1046,s0021,False,0.5211,,0.5189,0.48295554518699646,26.6,380.0,0.000181,469.0,0.000224,4.24,,ct ct<-ct
502z85nl,150_cascade_coldtransformer_dualaxis,"dual_axis=True (default), l=4 — full bi-axial (row cross-context + column img<->mask) attention, cold transformer",250,vertebrae_T2,False,s0918,s1133,False,0.5716,,0.5656,0.4356573224067688,26.6,329.0,0.000157,297.0,0.000142,4.24,,ct ct<-ct
502z85nl,150_cascade_coldtransformer_dualaxis,"dual_axis=True (default), l=4 — full bi-axial (row cross-context + column img<->mask) attention, cold transformer",250,vertebrae_T2,False,s0794,s0918,False,0.5932,,0.5938,0.40724977850914,26.6,292.0,0.000139,329.0,0.000157,4.24,,ct ct<-ct
502z85nl,150_cascade_coldtransformer_dualaxis,"dual_axis=True (default), l=4 — full bi-axial (row cross-context + column img<->mask) attention, cold transformer",250,vertebrae_T3,True,s1024,s0346,False,0.184,,0.1759,0.826653003692627,26.7,221.0,0.000105,304.0,0.000145,4.24,,ct ct<-ct
502z85nl,150_cascade_coldtransformer_dualaxis,"dual_axis=True (default), l=4 — full bi-axial (row cross-context + column img<->mask) attention, cold transformer",250,vertebrae_T3,True,s0346,s1287,False,0.2618,,0.2652,0.738114058971405,26.7,304.0,0.000145,301.0,0.000144,4.24,,ct ct<-ct
502z85nl,150_cascade_coldtransformer_dualaxis,"dual_axis=True (default), l=4 — full bi-axial (row cross-context + column img<->mask) attention, cold transformer",250,vertebrae_T3,True,s1046,s0874,False,0.5466,,0.5424,0.45958083868026733,26.6,371.0,0.000177,362.0,0.000173,4.24,,ct ct<-ct
502z85nl,150_cascade_coldtransformer_dualaxis,"dual_axis=True (default), l=4 — full bi-axial (row cross-context + column img<->mask) attention, cold transformer",250,vertebrae_T3,True,s0808,s0675,False,0.5772,,0.5767,0.42408087849617004,28.9,202.0,9.6e-05,236.0,0.000113,4.24,,ct ct<-ct
502z85nl,150_cascade_coldtransformer_dualaxis,"dual_axis=True (default), l=4 — full bi-axial (row cross-context + column img<->mask) attention, cold transformer",250,vertebrae_T3,True,s1337,s0466,False,0.5223,,0.5171,0.4846016764640808,26.6,301.0,0.000144,218.0,0.000104,4.24,,ct ct<-ct
502z85nl,150_cascade_coldtransformer_dualaxis,"dual_axis=True (default), l=4 — full bi-axial (row cross-context + column img<->mask) attention, cold transformer",250,vertebrae_T3,True,s1305,s0867,False,0.4108,,0.4079,0.5940751433372498,26.6,212.0,0.000101,131.0,6.2e-05,4.24,,ct ct<-ct
502z85nl,150_cascade_coldtransformer_dualaxis,"dual_axis=True (default), l=4 — full bi-axial (row cross-context + column img<->mask) attention, cold transformer",250,vertebrae_T3,True,s1017,s0698,False,0.0124,,0.0093,0.9930102825164795,26.6,86.0,4.1e-05,313.0,0.000149,4.24,,ct ct<-ct
502z85nl,150_cascade_coldtransformer_dualaxis,"dual_axis=True (default), l=4 — full bi-axial (row cross-context + column img<->mask) attention, cold transformer",250,vertebrae_T3,True,s1223,s0675,False,0.3097,,0.3069,0.6950749754905701,26.6,108.0,5.1e-05,236.0,0.000113,4.24,,ct ct<-ct
502z85nl,150_cascade_coldtransformer_dualaxis,"dual_axis=True (default), l=4 — full bi-axial (row cross-context + column img<->mask) attention, cold transformer",250,vertebrae_T3,True,s1161,s0625,False,0.5732,,0.5699,0.43161919713020325,26.6,289.0,0.000138,257.0,0.000123,4.24,,ct ct<-ct
502z85nl,150_cascade_coldtransformer_dualaxis,"dual_axis=True (default), l=4 — full bi-axial (row cross-context + column img<->mask) attention, cold transformer",250,vertebrae_T3,True,s1197,s0546,False,0.2997,,0.2973,0.7064793705940247,26.6,251.0,0.00012,394.0,0.000188,4.24,,ct ct<-ct
502z85nl,150_cascade_coldtransformer_dualaxis,"dual_axis=True (default), l=4 — full bi-axial (row cross-context + column img<->mask) attention, cold transformer",250,vertebrae_T4,False,s0625,s1305,False,0.199,,0.1969,0.8070636987686157,26.6,299.0,0.000143,223.0,0.000106,4.24,,ct ct<-ct
502z85nl,150_cascade_coldtransformer_dualaxis,"dual_axis=True (default), l=4 — full bi-axial (row cross-context + column img<->mask) attention, cold transformer",250,vertebrae_T4,False,s1337,s1002,False,0.4843,,0.4809,0.5210819840431213,26.6,332.0,0.000158,93.0,4.4e-05,4.24,,ct ct<-ct
502z85nl,150_cascade_coldtransformer_dualaxis,"dual_axis=True (default), l=4 — full bi-axial (row cross-context + column img<->mask) attention, cold transformer",250,vertebrae_T4,False,s0867,s0095,False,0.068,,0.065,0.9367516040802002,26.6,10.0,5e-06,452.0,0.000216,4.24,,ct ct<-ct
502z85nl,150_cascade_coldtransformer_dualaxis,"dual_axis=True (default), l=4 — full bi-axial (row cross-context + column img<->mask) attention, cold transformer",250,vertebrae_T4,False,s0918,s0867,False,0.448,,0.4414,0.5605844855308533,26.7,356.0,0.00017,10.0,5e-06,4.24,,ct ct<-ct
502z85nl,150_cascade_coldtransformer_dualaxis,"dual_axis=True (default), l=4 — full bi-axial (row cross-context + column img<->mask) attention, cold transformer",250,vertebrae_T4,False,s0808,s0874,False,0.2963,,0.291,0.7126285433769226,28.2,219.0,0.000104,335.0,0.00016,4.24,,ct ct<-ct
502z85nl,150_cascade_coldtransformer_dualaxis,"dual_axis=True (default), l=4 — full bi-axial (row cross-context + column img<->mask) attention, cold transformer",250,vertebrae_T4,False,s1233,s0698,False,0.1527,,0.1493,0.8545756340026855,26.6,243.0,0.000116,337.0,0.000161,4.24,,ct ct<-ct
502z85nl,150_cascade_coldtransformer_dualaxis,"dual_axis=True (default), l=4 — full bi-axial (row cross-context + column img<->mask) attention, cold transformer",250,vertebrae_T4,False,s1046,s0123,False,0.5474,,0.5513,0.4505307674407959,26.6,382.0,0.000182,299.0,0.000143,4.24,,ct ct<-ct
502z85nl,150_cascade_coldtransformer_dualaxis,"dual_axis=True (default), l=4 — full bi-axial (row cross-context + column img<->mask) attention, cold transformer",250,vertebrae_T4,False,s0794,s1059,False,0.3777,,0.3783,0.6244269609451294,26.6,309.0,0.000147,135.0,6.4e-05,4.24,,ct ct<-ct
502z85nl,150_cascade_coldtransformer_dualaxis,"dual_axis=True (default), l=4 — full bi-axial (row cross-context + column img<->mask) attention, cold transformer",250,vertebrae_T5,False,s0021,s0095,False,0.2706,,0.2704,0.7340973615646362,26.6,469.0,0.000224,451.0,0.000215,4.24,,ct ct<-ct
502z85nl,150_cascade_coldtransformer_dualaxis,"dual_axis=True (default), l=4 — full bi-axial (row cross-context + column img<->mask) attention, cold transformer",250,vertebrae_T5,False,s0618,s0698,False,0.3912,,0.3885,0.6136806011199951,26.6,226.0,0.000108,368.0,0.000175,4.24,,ct ct<-ct
502z85nl,150_cascade_coldtransformer_dualaxis,"dual_axis=True (default), l=4 — full bi-axial (row cross-context + column img<->mask) attention, cold transformer",250,vertebrae_T5,False,s1161,s1133,False,0.0011,,0.0002,1.0060449838638306,26.6,354.0,0.000169,332.0,0.000158,4.24,,ct ct<-ct
502z85nl,150_cascade_coldtransformer_dualaxis,"dual_axis=True (default), l=4 — full bi-axial (row cross-context + column img<->mask) attention, cold transformer",250,vertebrae_T5,False,s1278,s0675,False,0.5578,,0.5519,0.4500499367713928,29.2,396.0,0.000189,277.0,0.000132,4.24,,ct ct<-ct
502z85nl,150_cascade_coldtransformer_dualaxis,"dual_axis=True (default), l=4 — full bi-axial (row cross-context + column img<->mask) attention, cold transformer",250,vertebrae_T5,False,s0123,s1133,False,0.4553,,0.4472,0.555967390537262,26.7,323.0,0.000154,332.0,0.000158,4.24,,ct ct<-ct
502z85nl,150_cascade_coldtransformer_dualaxis,"dual_axis=True (default), l=4 — full bi-axial (row cross-context + column img<->mask) attention, cold transformer",250,vertebrae_T5,False,s0618,s1287,False,0.0066,,0.0052,0.9991243481636047,26.6,226.0,0.000108,375.0,0.000179,4.24,,ct ct<-ct
502z85nl,150_cascade_coldtransformer_dualaxis,"dual_axis=True (default), l=4 — full bi-axial (row cross-context + column img<->mask) attention, cold transformer",250,vertebrae_T5,False,s1233,s0618,False,0.1152,,0.113,0.8906503915786743,26.6,266.0,0.000127,226.0,0.000108,4.24,,ct ct<-ct
502z85nl,150_cascade_coldtransformer_dualaxis,"dual_axis=True (default), l=4 — full bi-axial (row cross-context + column img<->mask) attention, cold transformer",250,vertebrae_T5,False,s0123,s0346,False,0.3262,,0.3235,0.6811794638633728,26.6,323.0,0.000154,304.0,0.000145,4.24,,ct ct<-ct
502z85nl,150_cascade_coldtransformer_dualaxis,"dual_axis=True (default), l=4 — full bi-axial (row cross-context + column img<->mask) attention, cold transformer",250,vertebrae_T5,False,s1002,s0346,False,0.1331,,0.1317,0.8734163641929626,26.6,58.0,2.8e-05,304.0,0.000145,4.24,,ct ct<-ct
502z85nl,150_cascade_coldtransformer_dualaxis,"dual_axis=True (default), l=4 — full bi-axial (row cross-context + column img<->mask) attention, cold transformer",250,vertebrae_T5,False,s0698,s1197,False,0.6174,,0.6156,0.38585859537124634,26.6,368.0,0.000175,274.0,0.000131,4.24,,ct ct<-ct
502z85nl,150_cascade_coldtransformer_dualaxis,"dual_axis=True (default), l=4 — full bi-axial (row cross-context + column img<->mask) attention, cold transformer",250,vertebrae_T6,True,s0832,s1337,False,0.2805,,0.2705,0.7308167219161987,26.6,156.0,7.4e-05,386.0,0.000184,4.24,,ct ct<-ct
502z85nl,150_cascade_coldtransformer_dualaxis,"dual_axis=True (default), l=4 — full bi-axial (row cross-context + column img<->mask) attention, cold transformer",250,vertebrae_T6,True,s1199,s0698,False,0.0055,,0.0063,0.9987504482269287,26.7,375.0,0.000179,375.0,0.000179,4.24,,ct ct<-ct
502z85nl,150_cascade_coldtransformer_dualaxis,"dual_axis=True (default), l=4 — full bi-axial (row cross-context + column img<->mask) attention, cold transformer",250,vertebrae_T6,True,s0650,s1024,False,0.2276,,0.2285,0.7762526273727417,26.6,408.0,0.000195,262.0,0.000125,4.24,,ct ct<-ct
502z85nl,150_cascade_coldtransformer_dualaxis,"dual_axis=True (default), l=4 — full bi-axial (row cross-context + column img<->mask) attention, cold transformer",250,vertebrae_T6,True,s0420,s1305,False,0.5429,,0.5427,0.4587323069572449,26.6,378.0,0.00018,233.0,0.000111,4.24,,ct ct<-ct
502z85nl,150_cascade_coldtransformer_dualaxis,"dual_axis=True (default), l=4 — full bi-axial (row cross-context + column img<->mask) attention, cold transformer",250,vertebrae_T7,False,s1024,s0918,False,0.3702,,0.369,0.6342571377754211,30.6,317.0,0.000151,464.0,0.000221,4.24,,ct ct<-ct
502z85nl,150_cascade_coldtransformer_dualaxis,"dual_axis=True (default), l=4 — full bi-axial (row cross-context + column img<->mask) attention, cold transformer",250,vertebrae_T7,False,s1337,s0650,False,0.4674,,0.4597,0.5424941778182983,26.6,410.0,0.000196,492.0,0.000235,4.24,,ct ct<-ct
502z85nl,150_cascade_coldtransformer_dualaxis,"dual_axis=True (default), l=4 — full bi-axial (row cross-context + column img<->mask) attention, cold transformer",250,vertebrae_T7,False,s0918,s0794,False,0.5154,,0.5105,0.49201688170433044,26.6,464.0,0.000221,412.0,0.000196,4.24,,ct ct<-ct
502z85nl,150_cascade_coldtransformer_dualaxis,"dual_axis=True (default), l=4 — full bi-axial (row cross-context + column img<->mask) attention, cold transformer",250,vertebrae_T7,False,s1106,s1161,False,0.0044,,0.0,1.001344919204712,26.6,50.0,2.4e-05,402.0,0.000192,4.24,,ct ct<-ct
502z85nl,150_cascade_coldtransformer_dualaxis,"dual_axis=True (default), l=4 — full bi-axial (row cross-context + column img<->mask) attention, cold transformer",250,vertebrae_T7,False,s1233,s0607,False,0.096,,0.094,0.9082685112953186,26.6,327.0,0.000156,7.0,3e-06,4.24,,ct ct<-ct
502z85nl,150_cascade_coldtransformer_dualaxis,"dual_axis=True (default), l=4 — full bi-axial (row cross-context + column img<->mask) attention, cold transformer",250,vertebrae_T7,False,s0607,s1197,False,0.0068,,0.0043,0.9963415265083313,26.6,7.0,3e-06,350.0,0.000167,4.24,,ct ct<-ct
502z85nl,150_cascade_coldtransformer_dualaxis,"dual_axis=True (default), l=4 — full bi-axial (row cross-context + column img<->mask) attention, cold transformer",250,vertebrae_T8,False,s1305,s0794,False,0.4868,,0.4813,0.5209991931915283,26.7,295.0,0.000141,435.0,0.000207,4.24,,ct ct<-ct
502z85nl,150_cascade_coldtransformer_dualaxis,"dual_axis=True (default), l=4 — full bi-axial (row cross-context + column img<->mask) attention, cold transformer",250,vertebrae_T8,False,s0650,s1278,False,0.3923,,0.3885,0.6174734830856323,26.6,518.0,0.000247,565.0,0.000269,4.24,,ct ct<-ct
502z85nl,150_cascade_coldtransformer_dualaxis,"dual_axis=True (default), l=4 — full bi-axial (row cross-context + column img<->mask) attention, cold transformer",250,vertebrae_T8,False,s0618,s0420,False,0.2808,,0.2818,0.7208959460258484,26.6,309.0,0.000147,451.0,0.000215,4.24,,ct ct<-ct
502z85nl,150_cascade_coldtransformer_dualaxis,"dual_axis=True (default), l=4 — full bi-axial (row cross-context + column img<->mask) attention, cold transformer",250,vertebrae_T8,False,s1002,s0458,False,0.1483,,0.1464,0.8574534058570862,28.3,70.0,3.3e-05,352.0,0.000168,4.24,,ct ct<-ct
502z85nl,150_cascade_coldtransformer_dualaxis,"dual_axis=True (default), l=4 — full bi-axial (row cross-context + column img<->mask) attention, cold transformer",250,vertebrae_T9,True,s0991,s1223,False,0.4911,,0.4942,0.5075705051422119,26.6,508.0,0.000242,410.0,0.000196,4.24,,ct ct<-ct
502z85nl,150_cascade_coldtransformer_dualaxis,"dual_axis=True (default), l=4 — full bi-axial (row cross-context + column img<->mask) attention, cold transformer",250,vertebrae_T9,True,s0123,s0839,False,0.1511,,0.1484,0.8573969006538391,26.6,457.0,0.000218,138.0,6.6e-05,4.24,,ct ct<-ct
502z85nl,150_cascade_coldtransformer_dualaxis,"dual_axis=True (default), l=4 — full bi-axial (row cross-context + column img<->mask) attention, cold transformer",250,vertebrae_T9,True,s1223,s0625,False,0.4775,,0.4809,0.5217412114143372,28.4,410.0,0.000196,432.0,0.000206,4.24,,ct ct<-ct
502z85nl,150_cascade_coldtransformer_dualaxis,"dual_axis=True (default), l=4 — full bi-axial (row cross-context + column img<->mask) attention, cold transformer",250,vertebrae_T9,True,s0794,s1238,False,0.589,,0.5861,0.41652318835258484,28.3,502.0,0.000239,548.0,0.000261,4.24,,ct ct<-ct
502z85nl,150_cascade_coldtransformer_dualaxis,"dual_axis=True (default), l=4 — full bi-axial (row cross-context + column img<->mask) attention, cold transformer",250,vertebrae_T9,True,s0991,s0918,False,0.3834,,0.382,0.6209864020347595,26.6,508.0,0.000242,515.0,0.000246,4.24,,ct ct<-ct
502z85nl,150_cascade_coldtransformer_dualaxis,"dual_axis=True (default), l=4 — full bi-axial (row cross-context + column img<->mask) attention, cold transformer",250,vertebrae_T9,True,s1305,s0918,False,0.5068,,0.5029,0.49893835186958313,26.6,317.0,0.000151,515.0,0.000246,4.24,,ct ct<-ct
xs5933wt,151_cascade_coldtransformer_singleaxis_l9,"dual_axis=False, l=9 — early img-mask fusion via PixelShuffle (axis_fuse_r=4) before a row-axis-only (cross-context) transformer, cold transformer, l=9 compute-matched vs 150",250,adrenal_gland_left,True,s0458,s0824,False,0.0076,,0.0,1.0004141330718994,25.2,52.0,2.5e-05,1.0,0.0,4.24,,ct ct<-ct
xs5933wt,151_cascade_coldtransformer_singleaxis_l9,"dual_axis=False, l=9 — early img-mask fusion via PixelShuffle (axis_fuse_r=4) before a row-axis-only (cross-context) transformer, cold transformer, l=9 compute-matched vs 150",250,adrenal_gland_left,True,s1133,s0546,False,0.3056,,0.2403,0.7597309350967407,25.1,5.0,2e-06,48.0,2.3e-05,4.24,,ct ct<-ct
xs5933wt,151_cascade_coldtransformer_singleaxis_l9,"dual_axis=False, l=9 — early img-mask fusion via PixelShuffle (axis_fuse_r=4) before a row-axis-only (cross-context) transformer, cold transformer, l=9 compute-matched vs 150",250,adrenal_gland_left,True,s0458,s1287,False,0.5896,,0.5684,0.43179088830947876,25.1,52.0,2.5e-05,52.0,2.5e-05,4.24,,ct ct<-ct
xs5933wt,151_cascade_coldtransformer_singleaxis_l9,"dual_axis=False, l=9 — early img-mask fusion via PixelShuffle (axis_fuse_r=4) before a row-axis-only (cross-context) transformer, cold transformer, l=9 compute-matched vs 150",250,adrenal_gland_left,True,s0832,s0607,False,0.75,,0.3547,0.6453248858451843,25.2,1.0,0.0,59.0,2.8e-05,4.24,,ct ct<-ct
xs5933wt,151_cascade_coldtransformer_singleaxis_l9,"dual_axis=False, l=9 — early img-mask fusion via PixelShuffle (axis_fuse_r=4) before a row-axis-only (cross-context) transformer, cold transformer, l=9 compute-matched vs 150",250,adrenal_gland_left,True,s0544,s1161,False,0.0058,,0.0,1.000683069229126,25.1,13.0,6e-06,85.0,4.1e-05,4.24,,ct ct<-ct
xs5933wt,151_cascade_coldtransformer_singleaxis_l9,"dual_axis=False, l=9 — early img-mask fusion via PixelShuffle (axis_fuse_r=4) before a row-axis-only (cross-context) transformer, cold transformer, l=9 compute-matched vs 150",250,adrenal_gland_left,True,s0458,s0794,False,0.5367,,0.5208,0.47941508889198303,25.1,52.0,2.5e-05,93.0,4.4e-05,4.24,,ct ct<-ct
xs5933wt,151_cascade_coldtransformer_singleaxis_l9,"dual_axis=False, l=9 — early img-mask fusion via PixelShuffle (axis_fuse_r=4) before a row-axis-only (cross-context) transformer, cold transformer, l=9 compute-matched vs 150",250,adrenal_gland_left,True,s0045,s0824,False,0.0046,,0.0001,1.000354528427124,25.2,38.0,1.8e-05,1.0,0.0,4.24,,ct ct<-ct
xs5933wt,151_cascade_coldtransformer_singleaxis_l9,"dual_axis=False, l=9 — early img-mask fusion via PixelShuffle (axis_fuse_r=4) before a row-axis-only (cross-context) transformer, cold transformer, l=9 compute-matched vs 150",250,adrenal_gland_left,True,s0760,s1337,False,0.1984,,0.2059,0.7943357229232788,25.1,42.0,2e-05,75.0,3.6e-05,4.24,,ct ct<-ct
xs5933wt,151_cascade_coldtransformer_singleaxis_l9,"dual_axis=False, l=9 — early img-mask fusion via PixelShuffle (axis_fuse_r=4) before a row-axis-only (cross-context) transformer, cold transformer, l=9 compute-matched vs 150",250,adrenal_gland_left,True,s1161,s1024,False,0.5298,,0.5163,0.48400360345840454,25.2,85.0,4.1e-05,101.0,4.8e-05,4.24,,ct ct<-ct
xs5933wt,151_cascade_coldtransformer_singleaxis_l9,"dual_axis=False, l=9 — early img-mask fusion via PixelShuffle (axis_fuse_r=4) before a row-axis-only (cross-context) transformer, cold transformer, l=9 compute-matched vs 150",250,adrenal_gland_right,False,s1161,s0824,False,0.0045,,0.0,1.0009397268295288,25.2,94.0,4.5e-05,3.0,1e-06,4.24,,ct ct<-ct
xs5933wt,151_cascade_coldtransformer_singleaxis_l9,"dual_axis=False, l=9 — early img-mask fusion via PixelShuffle (axis_fuse_r=4) before a row-axis-only (cross-context) transformer, cold transformer, l=9 compute-matched vs 150",250,adrenal_gland_right,False,s1199,s0095,False,0.0056,,0.0002,1.0006424188613892,25.2,70.0,3.3e-05,76.0,3.6e-05,4.24,,ct ct<-ct
xs5933wt,151_cascade_coldtransformer_singleaxis_l9,"dual_axis=False, l=9 — early img-mask fusion via PixelShuffle (axis_fuse_r=4) before a row-axis-only (cross-context) transformer, cold transformer, l=9 compute-matched vs 150",250,adrenal_gland_right,False,s0324,s1199,False,0.014,,0.0111,0.9900550842285156,25.1,13.0,6e-06,70.0,3.3e-05,4.24,,ct ct<-ct
xs5933wt,151_cascade_coldtransformer_singleaxis_l9,"dual_axis=False, l=9 — early img-mask fusion via PixelShuffle (axis_fuse_r=4) before a row-axis-only (cross-context) transformer, cold transformer, l=9 compute-matched vs 150",250,adrenal_gland_right,False,s0420,s1233,False,0.0476,,0.043,0.9572937488555908,25.1,13.0,6e-06,63.0,3e-05,4.24,,ct ct<-ct
xs5933wt,151_cascade_coldtransformer_singleaxis_l9,"dual_axis=False, l=9 — early img-mask fusion via PixelShuffle (axis_fuse_r=4) before a row-axis-only (cross-context) transformer, cold transformer, l=9 compute-matched vs 150",250,adrenal_gland_right,False,s0546,s1233,False,0.2481,,0.2353,0.7652912735939026,25.1,57.0,2.7e-05,63.0,3e-05,4.24,,ct ct<-ct
xs5933wt,151_cascade_coldtransformer_singleaxis_l9,"dual_axis=False, l=9 — early img-mask fusion via PixelShuffle (axis_fuse_r=4) before a row-axis-only (cross-context) transformer, cold transformer, l=9 compute-matched vs 150",250,adrenal_gland_right,False,s0420,s0675,False,0.0379,,0.0331,0.9672815799713135,25.1,13.0,6e-06,38.0,1.8e-05,4.24,,ct ct<-ct
xs5933wt,151_cascade_coldtransformer_singleaxis_l9,"dual_axis=False, l=9 — early img-mask fusion via PixelShuffle (axis_fuse_r=4) before a row-axis-only (cross-context) transformer, cold transformer, l=9 compute-matched vs 150",250,adrenal_gland_right,False,s0249,s1133,False,0.4519,,0.4273,0.5728792548179626,25.3,36.0,1.7e-05,23.0,1.1e-05,4.24,,ct ct<-ct
xs5933wt,151_cascade_coldtransformer_singleaxis_l9,"dual_axis=False, l=9 — early img-mask fusion via PixelShuffle (axis_fuse_r=4) before a row-axis-only (cross-context) transformer, cold transformer, l=9 compute-matched vs 150",250,aorta,True,s0874,s0216,False,0.5369,,0.5336,0.46845605969429016,25.2,680.0,0.000324,85.0,4.1e-05,4.24,,ct ct<-ct
xs5933wt,151_cascade_coldtransformer_singleaxis_l9,"dual_axis=False, l=9 — early img-mask fusion via PixelShuffle (axis_fuse_r=4) before a row-axis-only (cross-context) transformer, cold transformer, l=9 compute-matched vs 150",250,aorta,True,s0760,s0095,False,0.7361,,0.7386,0.26259711384773254,25.1,762.0,0.000363,5926.0,0.002826,4.24,,ct ct<-ct
xs5933wt,151_cascade_coldtransformer_singleaxis_l9,"dual_axis=False, l=9 — early img-mask fusion via PixelShuffle (axis_fuse_r=4) before a row-axis-only (cross-context) transformer, cold transformer, l=9 compute-matched vs 150",250,aorta,True,s1133,s0216,False,0.0728,,0.0747,0.9920361042022705,25.3,10251.0,0.004888,85.0,4.1e-05,4.24,,ct ct<-ct
xs5933wt,151_cascade_coldtransformer_singleaxis_l9,"dual_axis=False, l=9 — early img-mask fusion via PixelShuffle (axis_fuse_r=4) before a row-axis-only (cross-context) transformer, cold transformer, l=9 compute-matched vs 150",250,aorta,True,s0607,s0324,False,0.7297,,0.7307,0.2759995460510254,25.1,4043.0,0.001928,743.0,0.000354,4.24,,ct ct<-ct
xs5933wt,151_cascade_coldtransformer_singleaxis_l9,"dual_axis=False, l=9 — early img-mask fusion via PixelShuffle (axis_fuse_r=4) before a row-axis-only (cross-context) transformer, cold transformer, l=9 compute-matched vs 150",250,aorta,True,s0420,s1238,False,0.8883,,0.8786,0.12382275611162186,25.1,5779.0,0.002756,3818.0,0.001821,4.24,,ct ct<-ct
xs5933wt,151_cascade_coldtransformer_singleaxis_l9,"dual_axis=False, l=9 — early img-mask fusion via PixelShuffle (axis_fuse_r=4) before a row-axis-only (cross-context) transformer, cold transformer, l=9 compute-matched vs 150",250,aorta,True,s0420,s0095,False,0.9076,,0.8977,0.10421367734670639,25.1,5779.0,0.002756,5926.0,0.002826,4.24,,ct ct<-ct
xs5933wt,151_cascade_coldtransformer_singleaxis_l9,"dual_axis=False, l=9 — early img-mask fusion via PixelShuffle (axis_fuse_r=4) before a row-axis-only (cross-context) transformer, cold transformer, l=9 compute-matched vs 150",250,aorta,True,s1106,s1199,False,0.4596,,0.4544,0.5556318759918213,25.1,1397.0,0.000666,3928.0,0.001873,4.24,,ct ct<-ct
xs5933wt,151_cascade_coldtransformer_singleaxis_l9,"dual_axis=False, l=9 — early img-mask fusion via PixelShuffle (axis_fuse_r=4) before a row-axis-only (cross-context) transformer, cold transformer, l=9 compute-matched vs 150",250,atrial_appendage_left,False,s0625,s1287,False,0.4909,,0.4872,0.5132296681404114,25.4,69.0,3.3e-05,112.0,5.3e-05,4.24,,ct ct<-ct
xs5933wt,151_cascade_coldtransformer_singleaxis_l9,"dual_axis=False, l=9 — early img-mask fusion via PixelShuffle (axis_fuse_r=4) before a row-axis-only (cross-context) transformer, cold transformer, l=9 compute-matched vs 150",250,atrial_appendage_left,False,s0918,s0021,False,0.0913,,0.0865,0.915440022945404,25.1,49.0,2.3e-05,71.0,3.4e-05,4.24,,ct ct<-ct
xs5933wt,151_cascade_coldtransformer_singleaxis_l9,"dual_axis=False, l=9 — early img-mask fusion via PixelShuffle (axis_fuse_r=4) before a row-axis-only (cross-context) transformer, cold transformer, l=9 compute-matched vs 150",250,atrial_appendage_left,False,s1337,s1002,False,0.4904,,0.4653,0.5349556803703308,25.1,50.0,2.4e-05,103.0,4.9e-05,4.24,,ct ct<-ct
xs5933wt,151_cascade_coldtransformer_singleaxis_l9,"dual_axis=False, l=9 — early img-mask fusion via PixelShuffle (axis_fuse_r=4) before a row-axis-only (cross-context) transformer, cold transformer, l=9 compute-matched vs 150",250,atrial_appendage_left,False,s1337,s0625,False,0.625,,0.5914,0.40870094299316406,25.1,50.0,2.4e-05,69.0,3.3e-05,4.24,,ct ct<-ct
xs5933wt,151_cascade_coldtransformer_singleaxis_l9,"dual_axis=False, l=9 — early img-mask fusion via PixelShuffle (axis_fuse_r=4) before a row-axis-only (cross-context) transformer, cold transformer, l=9 compute-matched vs 150",250,atrial_appendage_left,False,s0655,s0546,False,0.4691,,0.4534,0.5470256805419922,25.1,73.0,3.5e-05,81.0,3.9e-05,4.24,,ct ct<-ct
xs5933wt,151_cascade_coldtransformer_singleaxis_l9,"dual_axis=False, l=9 — early img-mask fusion via PixelShuffle (axis_fuse_r=4) before a row-axis-only (cross-context) transformer, cold transformer, l=9 compute-matched vs 150",250,atrial_appendage_left,False,s0747,s0021,False,0.0511,,0.0524,0.948743462562561,25.1,153.0,7.3e-05,71.0,3.4e-05,4.24,,ct ct<-ct
xs5933wt,151_cascade_coldtransformer_singleaxis_l9,"dual_axis=False, l=9 — early img-mask fusion via PixelShuffle (axis_fuse_r=4) before a row-axis-only (cross-context) transformer, cold transformer, l=9 compute-matched vs 150",250,atrial_appendage_left,False,s0650,s0824,False,0.6504,,0.6246,0.3756060004234314,25.1,89.0,4.2e-05,77.0,3.7e-05,4.24,,ct ct<-ct
xs5933wt,151_cascade_coldtransformer_singleaxis_l9,"dual_axis=False, l=9 — early img-mask fusion via PixelShuffle (axis_fuse_r=4) before a row-axis-only (cross-context) transformer, cold transformer, l=9 compute-matched vs 150",250,atrial_appendage_left,False,s0808,s0458,False,0.4357,,0.4124,0.587873637676239,25.4,66.0,3.1e-05,13.0,6e-06,4.24,,ct ct<-ct
xs5933wt,151_cascade_coldtransformer_singleaxis_l9,"dual_axis=False, l=9 — early img-mask fusion via PixelShuffle (axis_fuse_r=4) before a row-axis-only (cross-context) transformer, cold transformer, l=9 compute-matched vs 150",250,atrial_appendage_left,False,s0747,s1106,False,0.2682,,0.2588,0.7418193817138672,25.1,153.0,7.3e-05,53.0,2.5e-05,4.24,,ct ct<-ct
xs5933wt,151_cascade_coldtransformer_singleaxis_l9,"dual_axis=False, l=9 — early img-mask fusion via PixelShuffle (axis_fuse_r=4) before a row-axis-only (cross-context) transformer, cold transformer, l=9 compute-matched vs 150",250,autochthon_left,True,s0625,s0466,False,0.8596,,0.8517,0.15234024822711945,25.2,7189.0,0.003428,504.0,0.00024,4.24,,ct ct<-ct
xs5933wt,151_cascade_coldtransformer_singleaxis_l9,"dual_axis=False, l=9 — early img-mask fusion via PixelShuffle (axis_fuse_r=4) before a row-axis-only (cross-context) transformer, cold transformer, l=9 compute-matched vs 150",250,autochthon_left,True,s1024,s0506,False,0.8005,,0.7875,0.2183898538351059,25.1,7013.0,0.003344,1501.0,0.000716,4.24,,ct ct<-ct
xs5933wt,151_cascade_coldtransformer_singleaxis_l9,"dual_axis=False, l=9 — early img-mask fusion via PixelShuffle (axis_fuse_r=4) before a row-axis-only (cross-context) transformer, cold transformer, l=9 compute-matched vs 150",250,autochthon_left,True,s1024,s0675,False,0.7205,,0.7168,0.29339274764060974,25.1,7013.0,0.003344,3349.0,0.001597,4.24,,ct ct<-ct
xs5933wt,151_cascade_coldtransformer_singleaxis_l9,"dual_axis=False, l=9 — early img-mask fusion via PixelShuffle (axis_fuse_r=4) before a row-axis-only (cross-context) transformer, cold transformer, l=9 compute-matched vs 150",250,autochthon_left,True,s1305,s1059,False,0.8148,,0.8091,0.1945962756872177,25.2,4078.0,0.001945,1355.0,0.000646,4.24,,ct ct<-ct
xs5933wt,151_cascade_coldtransformer_singleaxis_l9,"dual_axis=False, l=9 — early img-mask fusion via PixelShuffle (axis_fuse_r=4) before a row-axis-only (cross-context) transformer, cold transformer, l=9 compute-matched vs 150",250,autochthon_left,True,s1233,s1046,False,0.8062,,0.8011,0.2041509449481964,25.2,5054.0,0.00241,6864.0,0.003273,4.24,,ct ct<-ct
xs5933wt,151_cascade_coldtransformer_singleaxis_l9,"dual_axis=False, l=9 — early img-mask fusion via PixelShuffle (axis_fuse_r=4) before a row-axis-only (cross-context) transformer, cold transformer, l=9 compute-matched vs 150",250,autochthon_left,True,s1238,s0618,False,0.7718,,0.7679,0.23994390666484833,25.1,5794.0,0.002763,2335.0,0.001113,4.24,,ct ct<-ct
xs5933wt,151_cascade_coldtransformer_singleaxis_l9,"dual_axis=False, l=9 — early img-mask fusion via PixelShuffle (axis_fuse_r=4) before a row-axis-only (cross-context) transformer, cold transformer, l=9 compute-matched vs 150",250,autochthon_left,True,s0760,s1197,False,0.8799,,0.8745,0.12828505039215088,25.1,4850.0,0.002313,1349.0,0.000643,4.24,,ct ct<-ct
xs5933wt,151_cascade_coldtransformer_singleaxis_l9,"dual_axis=False, l=9 — early img-mask fusion via PixelShuffle (axis_fuse_r=4) before a row-axis-only (cross-context) transformer, cold transformer, l=9 compute-matched vs 150",250,autochthon_left,True,s0546,s0824,False,0.8591,,0.8523,0.15176235139369965,25.2,7410.0,0.003533,2220.0,0.001059,4.24,,ct ct<-ct
xs5933wt,151_cascade_coldtransformer_singleaxis_l9,"dual_axis=False, l=9 — early img-mask fusion via PixelShuffle (axis_fuse_r=4) before a row-axis-only (cross-context) transformer, cold transformer, l=9 compute-matched vs 150",250,autochthon_left,True,s1197,s0324,False,0.7428,,0.7366,0.2653351426124573,25.1,1349.0,0.000643,3629.0,0.00173,4.24,,ct ct<-ct
xs5933wt,151_cascade_coldtransformer_singleaxis_l9,"dual_axis=False, l=9 — early img-mask fusion via PixelShuffle (axis_fuse_r=4) before a row-axis-only (cross-context) transformer, cold transformer, l=9 compute-matched vs 150",250,autochthon_right,False,s0021,s1046,False,0.7581,,0.7469,0.2564680278301239,25.2,1976.0,0.000942,6980.0,0.003328,4.24,,ct ct<-ct
xs5933wt,151_cascade_coldtransformer_singleaxis_l9,"dual_axis=False, l=9 — early img-mask fusion via PixelShuffle (axis_fuse_r=4) before a row-axis-only (cross-context) transformer, cold transformer, l=9 compute-matched vs 150",250,autochthon_right,False,s0832,s1337,False,0.8279,,0.8252,0.17679210007190704,25.1,1665.0,0.000794,5937.0,0.002831,4.24,,ct ct<-ct
xs5933wt,151_cascade_coldtransformer_singleaxis_l9,"dual_axis=False, l=9 — early img-mask fusion via PixelShuffle (axis_fuse_r=4) before a row-axis-only (cross-context) transformer, cold transformer, l=9 compute-matched vs 150",250,autochthon_right,False,s0032,s1161,False,0.7452,,0.7355,0.26906269788742065,25.2,2455.0,0.001171,8799.0,0.004196,4.24,,ct ct<-ct
xs5933wt,151_cascade_coldtransformer_singleaxis_l9,"dual_axis=False, l=9 — early img-mask fusion via PixelShuffle (axis_fuse_r=4) before a row-axis-only (cross-context) transformer, cold transformer, l=9 compute-matched vs 150",250,autochthon_right,False,s0572,s1286,False,0.5743,,0.5671,0.43600788712501526,25.2,683.0,0.000326,1312.0,0.000626,4.24,,ct ct<-ct
xs5933wt,151_cascade_coldtransformer_singleaxis_l9,"dual_axis=False, l=9 — early img-mask fusion via PixelShuffle (axis_fuse_r=4) before a row-axis-only (cross-context) transformer, cold transformer, l=9 compute-matched vs 150",250,autochthon_right,False,s0045,s0794,False,0.8698,,0.8643,0.13925880193710327,25.1,5079.0,0.002422,5701.0,0.002718,4.24,,ct ct<-ct
xs5933wt,151_cascade_coldtransformer_singleaxis_l9,"dual_axis=False, l=9 — early img-mask fusion via PixelShuffle (axis_fuse_r=4) before a row-axis-only (cross-context) transformer, cold transformer, l=9 compute-matched vs 150",250,autochthon_right,False,s0808,s0546,False,0.8252,,0.8172,0.18478921055793762,25.1,2599.0,0.001239,7609.0,0.003628,4.24,,ct ct<-ct
xs5933wt,151_cascade_coldtransformer_singleaxis_l9,"dual_axis=False, l=9 — early img-mask fusion via PixelShuffle (axis_fuse_r=4) before a row-axis-only (cross-context) transformer, cold transformer, l=9 compute-matched vs 150",250,autochthon_right,False,s0747,s0032,False,0.6872,,0.6827,0.32354891300201416,25.1,3609.0,0.001721,2455.0,0.001171,4.24,,ct ct<-ct
xs5933wt,151_cascade_coldtransformer_singleaxis_l9,"dual_axis=False, l=9 — early img-mask fusion via PixelShuffle (axis_fuse_r=4) before a row-axis-only (cross-context) transformer, cold transformer, l=9 compute-matched vs 150",250,autochthon_right,False,s1238,s0675,False,0.8143,,0.8067,0.19862942397594452,25.3,6175.0,0.002944,3059.0,0.001459,4.24,,ct ct<-ct
xs5933wt,151_cascade_coldtransformer_singleaxis_l9,"dual_axis=False, l=9 — early img-mask fusion via PixelShuffle (axis_fuse_r=4) before a row-axis-only (cross-context) transformer, cold transformer, l=9 compute-matched vs 150",250,autochthon_right,False,s1017,s0032,False,0.8151,,0.8087,0.19347377121448517,25.1,2759.0,0.001316,2455.0,0.001171,4.24,,ct ct<-ct
xs5933wt,151_cascade_coldtransformer_singleaxis_l9,"dual_axis=False, l=9 — early img-mask fusion via PixelShuffle (axis_fuse_r=4) before a row-axis-only (cross-context) transformer, cold transformer, l=9 compute-matched vs 150",250,brachiocephalic_trunk,True,s0747,s1017,False,0.0042,,0.0,1.0017120838165283,25.2,86.0,4.1e-05,83.0,4e-05,4.24,,ct ct<-ct
xs5933wt,151_cascade_coldtransformer_singleaxis_l9,"dual_axis=False, l=9 — early img-mask fusion via PixelShuffle (axis_fuse_r=4) before a row-axis-only (cross-context) transformer, cold transformer, l=9 compute-matched vs 150",250,brachiocephalic_trunk,True,s1337,s1059,False,0.3707,,0.368,0.6325798630714417,25.1,58.0,2.8e-05,71.0,3.4e-05,4.24,,ct ct<-ct
xs5933wt,151_cascade_coldtransformer_singleaxis_l9,"dual_axis=False, l=9 — early img-mask fusion via PixelShuffle (axis_fuse_r=4) before a row-axis-only (cross-context) transformer, cold transformer, l=9 compute-matched vs 150",250,brachiocephalic_trunk,True,s1305,s0618,False,0.3241,,0.3217,0.6786101460456848,25.2,43.0,2.1e-05,47.0,2.2e-05,4.24,,ct ct<-ct
xs5933wt,151_cascade_coldtransformer_singleaxis_l9,"dual_axis=False, l=9 — early img-mask fusion via PixelShuffle (axis_fuse_r=4) before a row-axis-only (cross-context) transformer, cold transformer, l=9 compute-matched vs 150",250,brachiocephalic_trunk,True,s0918,s0346,False,0.0342,,0.045,0.9557305574417114,25.4,65.0,3.1e-05,50.0,2.4e-05,4.24,,ct ct<-ct
xs5933wt,151_cascade_coldtransformer_singleaxis_l9,"dual_axis=False, l=9 — early img-mask fusion via PixelShuffle (axis_fuse_r=4) before a row-axis-only (cross-context) transformer, cold transformer, l=9 compute-matched vs 150",250,brachiocephalic_trunk,True,s1197,s0918,False,0.2385,,0.2222,0.7784690856933594,25.1,97.0,4.6e-05,65.0,3.1e-05,4.24,,ct ct<-ct
xs5933wt,151_cascade_coldtransformer_singleaxis_l9,"dual_axis=False, l=9 — early img-mask fusion via PixelShuffle (axis_fuse_r=4) before a row-axis-only (cross-context) transformer, cold transformer, l=9 compute-matched vs 150",250,brachiocephalic_trunk,True,s0874,s1161,False,0.6765,,0.674,0.3261718451976776,25.1,93.0,4.4e-05,86.0,4.1e-05,4.24,,ct ct<-ct
xs5933wt,151_cascade_coldtransformer_singleaxis_l9,"dual_axis=False, l=9 — early img-mask fusion via PixelShuffle (axis_fuse_r=4) before a row-axis-only (cross-context) transformer, cold transformer, l=9 compute-matched vs 150",250,brachiocephalic_vein_left,False,s1046,s1199,False,0.1625,,0.167,0.8343332409858704,25.2,175.0,8.3e-05,106.0,5.1e-05,4.24,,ct ct<-ct
xs5933wt,151_cascade_coldtransformer_singleaxis_l9,"dual_axis=False, l=9 — early img-mask fusion via PixelShuffle (axis_fuse_r=4) before a row-axis-only (cross-context) transformer, cold transformer, l=9 compute-matched vs 150",250,brachiocephalic_vein_left,False,s0794,s1223,False,0.1399,,0.1427,0.8596634268760681,25.2,255.0,0.000122,120.0,5.7e-05,4.24,,ct ct<-ct
xs5933wt,151_cascade_coldtransformer_singleaxis_l9,"dual_axis=False, l=9 — early img-mask fusion via PixelShuffle (axis_fuse_r=4) before a row-axis-only (cross-context) transformer, cold transformer, l=9 compute-matched vs 150",250,brachiocephalic_vein_left,False,s0794,s0466,False,0.1886,,0.1828,0.8188725709915161,25.2,255.0,0.000122,61.0,2.9e-05,4.24,,ct ct<-ct
xs5933wt,151_cascade_coldtransformer_singleaxis_l9,"dual_axis=False, l=9 — early img-mask fusion via PixelShuffle (axis_fuse_r=4) before a row-axis-only (cross-context) transformer, cold transformer, l=9 compute-matched vs 150",250,brachiocephalic_vein_left,False,s0650,s1046,False,0.5775,,0.5646,0.4360475242137909,25.4,212.0,0.000101,175.0,8.3e-05,4.24,,ct ct<-ct
xs5933wt,151_cascade_coldtransformer_singleaxis_l9,"dual_axis=False, l=9 — early img-mask fusion via PixelShuffle (axis_fuse_r=4) before a row-axis-only (cross-context) transformer, cold transformer, l=9 compute-matched vs 150",250,brachiocephalic_vein_right,False,s0650,s1199,False,0.0312,,0.077,0.9237498044967651,25.1,74.0,3.5e-05,65.0,3.1e-05,4.24,,ct ct<-ct
xs5933wt,151_cascade_coldtransformer_singleaxis_l9,"dual_axis=False, l=9 — early img-mask fusion via PixelShuffle (axis_fuse_r=4) before a row-axis-only (cross-context) transformer, cold transformer, l=9 compute-matched vs 150",250,brachiocephalic_vein_right,False,s0572,s1046,False,0.0781,,0.0651,0.9350963234901428,25.1,2.0,1e-06,90.0,4.3e-05,4.24,,ct ct<-ct
xs5933wt,151_cascade_coldtransformer_singleaxis_l9,"dual_axis=False, l=9 — early img-mask fusion via PixelShuffle (axis_fuse_r=4) before a row-axis-only (cross-context) transformer, cold transformer, l=9 compute-matched vs 150",250,brachiocephalic_vein_right,False,s0867,s0794,False,0.8913,,0.8741,0.12600141763687134,25.1,111.0,5.3e-05,121.0,5.8e-05,4.24,,ct ct<-ct
xs5933wt,151_cascade_coldtransformer_singleaxis_l9,"dual_axis=False, l=9 — early img-mask fusion via PixelShuffle (axis_fuse_r=4) before a row-axis-only (cross-context) transformer, cold transformer, l=9 compute-matched vs 150",250,brachiocephalic_vein_right,False,s0918,s0808,False,0.6035,,0.5994,0.4008815288543701,25.1,82.0,3.9e-05,62.0,3e-05,4.24,,ct ct<-ct
xs5933wt,151_cascade_coldtransformer_singleaxis_l9,"dual_axis=False, l=9 — early img-mask fusion via PixelShuffle (axis_fuse_r=4) before a row-axis-only (cross-context) transformer, cold transformer, l=9 compute-matched vs 150",250,brachiocephalic_vein_right,False,s0625,s1223,False,0.3043,,0.3015,0.6990442276000977,25.1,55.0,2.6e-05,43.0,2.1e-05,4.24,,ct ct<-ct
xs5933wt,151_cascade_coldtransformer_singleaxis_l9,"dual_axis=False, l=9 — early img-mask fusion via PixelShuffle (axis_fuse_r=4) before a row-axis-only (cross-context) transformer, cold transformer, l=9 compute-matched vs 150",250,brain,True,s1059,s0572,False,0.9106,,0.9078,0.09314026683568954,25.2,1500.0,0.000715,1466.0,0.000699,4.24,,ct ct<-ct
xs5933wt,151_cascade_coldtransformer_singleaxis_l9,"dual_axis=False, l=9 — early img-mask fusion via PixelShuffle (axis_fuse_r=4) before a row-axis-only (cross-context) transformer, cold transformer, l=9 compute-matched vs 150",250,brain,True,s0352,s0867,False,0.9298,,0.9284,0.07884909957647324,25.1,12280.0,0.005856,1519.0,0.000724,4.24,,ct ct<-ct
xs5933wt,151_cascade_coldtransformer_singleaxis_l9,"dual_axis=False, l=9 — early img-mask fusion via PixelShuffle (axis_fuse_r=4) before a row-axis-only (cross-context) transformer, cold transformer, l=9 compute-matched vs 150",250,brain,True,s1017,s0874,False,0.9194,,0.9149,0.08670161664485931,25.2,4352.0,0.002075,19054.0,0.009086,4.24,,ct ct<-ct
xs5933wt,151_cascade_coldtransformer_singleaxis_l9,"dual_axis=False, l=9 — early img-mask fusion via PixelShuffle (axis_fuse_r=4) before a row-axis-only (cross-context) transformer, cold transformer, l=9 compute-matched vs 150",250,brain,True,s0021,s0572,False,0.881,,0.8792,0.12347730994224548,25.1,3225.0,0.001538,1466.0,0.000699,4.24,,ct ct<-ct
xs5933wt,151_cascade_coldtransformer_singleaxis_l9,"dual_axis=False, l=9 — early img-mask fusion via PixelShuffle (axis_fuse_r=4) before a row-axis-only (cross-context) transformer, cold transformer, l=9 compute-matched vs 150",250,brain,True,s0874,s0346,False,0.9669,,0.9656,0.03673993796110153,25.1,19054.0,0.009086,19019.0,0.009069,4.24,,ct ct<-ct
xs5933wt,151_cascade_coldtransformer_singleaxis_l9,"dual_axis=False, l=9 — early img-mask fusion via PixelShuffle (axis_fuse_r=4) before a row-axis-only (cross-context) transformer, cold transformer, l=9 compute-matched vs 150",250,brain,True,s1059,s1161,False,0.8814,,0.882,0.11919519305229187,25.1,1500.0,0.000715,16651.0,0.00794,4.24,,ct ct<-ct
xs5933wt,151_cascade_coldtransformer_singleaxis_l9,"dual_axis=False, l=9 — early img-mask fusion via PixelShuffle (axis_fuse_r=4) before a row-axis-only (cross-context) transformer, cold transformer, l=9 compute-matched vs 150",250,brain,True,s0874,s1017,False,0.9378,,0.9367,0.06937230378389359,25.2,19054.0,0.009086,4352.0,0.002075,4.24,,ct ct<-ct
xs5933wt,151_cascade_coldtransformer_singleaxis_l9,"dual_axis=False, l=9 — early img-mask fusion via PixelShuffle (axis_fuse_r=4) before a row-axis-only (cross-context) transformer, cold transformer, l=9 compute-matched vs 150",250,brain,True,s1017,s0867,False,0.9107,,0.9074,0.09471708536148071,25.1,4352.0,0.002075,1519.0,0.000724,4.24,,ct ct<-ct
xs5933wt,151_cascade_coldtransformer_singleaxis_l9,"dual_axis=False, l=9 — early img-mask fusion via PixelShuffle (axis_fuse_r=4) before a row-axis-only (cross-context) transformer, cold transformer, l=9 compute-matched vs 150",250,brain,True,s0874,s0572,False,0.9731,,0.9707,0.031044885516166687,25.1,19054.0,0.009086,1466.0,0.000699,4.24,,ct ct<-ct
xs5933wt,151_cascade_coldtransformer_singleaxis_l9,"dual_axis=False, l=9 — early img-mask fusion via PixelShuffle (axis_fuse_r=4) before a row-axis-only (cross-context) transformer, cold transformer, l=9 compute-matched vs 150",250,brain,True,s0792,s0346,False,0.9649,,0.9627,0.03990019112825394,25.1,16759.0,0.007991,19019.0,0.009069,4.24,,ct ct<-ct
xs5933wt,151_cascade_coldtransformer_singleaxis_l9,"dual_axis=False, l=9 — early img-mask fusion via PixelShuffle (axis_fuse_r=4) before a row-axis-only (cross-context) transformer, cold transformer, l=9 compute-matched vs 150",250,clavicula_left,False,s0346,s1287,False,0.6399,,0.6345,0.3665458559989929,25.1,345.0,0.000165,275.0,0.000131,4.24,,ct ct<-ct
xs5933wt,151_cascade_coldtransformer_singleaxis_l9,"dual_axis=False, l=9 — early img-mask fusion via PixelShuffle (axis_fuse_r=4) before a row-axis-only (cross-context) transformer, cold transformer, l=9 compute-matched vs 150",250,clavicula_left,False,s1305,s1223,False,0.6194,,0.6205,0.38007745146751404,25.1,204.0,9.7e-05,274.0,0.000131,4.24,,ct ct<-ct
xs5933wt,151_cascade_coldtransformer_singleaxis_l9,"dual_axis=False, l=9 — early img-mask fusion via PixelShuffle (axis_fuse_r=4) before a row-axis-only (cross-context) transformer, cold transformer, l=9 compute-matched vs 150",250,clavicula_left,False,s1133,s1199,False,0.5225,,0.5191,0.4818606376647949,25.3,258.0,0.000123,225.0,0.000107,4.24,,ct ct<-ct
xs5933wt,151_cascade_coldtransformer_singleaxis_l9,"dual_axis=False, l=9 — early img-mask fusion via PixelShuffle (axis_fuse_r=4) before a row-axis-only (cross-context) transformer, cold transformer, l=9 compute-matched vs 150",250,clavicula_left,False,s0346,s1017,False,0.5995,,0.5962,0.4048260748386383,25.5,345.0,0.000165,191.0,9.1e-05,4.24,,ct ct<-ct
xs5933wt,151_cascade_coldtransformer_singleaxis_l9,"dual_axis=False, l=9 — early img-mask fusion via PixelShuffle (axis_fuse_r=4) before a row-axis-only (cross-context) transformer, cold transformer, l=9 compute-matched vs 150",250,clavicula_left,False,s1017,s1161,False,0.7481,,0.7381,0.26216962933540344,25.2,191.0,9.1e-05,393.0,0.000187,4.24,,ct ct<-ct
xs5933wt,151_cascade_coldtransformer_singleaxis_l9,"dual_axis=False, l=9 — early img-mask fusion via PixelShuffle (axis_fuse_r=4) before a row-axis-only (cross-context) transformer, cold transformer, l=9 compute-matched vs 150",250,clavicula_left,False,s1238,s0546,False,0.7328,,0.7307,0.27000853419303894,25.1,341.0,0.000163,324.0,0.000154,4.24,,ct ct<-ct
xs5933wt,151_cascade_coldtransformer_singleaxis_l9,"dual_axis=False, l=9 — early img-mask fusion via PixelShuffle (axis_fuse_r=4) before a row-axis-only (cross-context) transformer, cold transformer, l=9 compute-matched vs 150",250,clavicula_left,False,s1161,s0546,False,0.6321,,0.6246,0.3766153156757355,25.1,393.0,0.000187,324.0,0.000154,4.24,,ct ct<-ct
xs5933wt,151_cascade_coldtransformer_singleaxis_l9,"dual_axis=False, l=9 — early img-mask fusion via PixelShuffle (axis_fuse_r=4) before a row-axis-only (cross-context) transformer, cold transformer, l=9 compute-matched vs 150",250,clavicula_left,False,s0095,s0032,False,0.6687,,0.6665,0.3341619670391083,25.1,287.0,0.000137,239.0,0.000114,4.24,,ct ct<-ct
xs5933wt,151_cascade_coldtransformer_singleaxis_l9,"dual_axis=False, l=9 — early img-mask fusion via PixelShuffle (axis_fuse_r=4) before a row-axis-only (cross-context) transformer, cold transformer, l=9 compute-matched vs 150",250,clavicula_right,True,s0123,s1133,False,0.7723,,0.7702,0.23016200959682465,27.3,205.0,9.8e-05,319.0,0.000152,4.24,,ct ct<-ct
xs5933wt,151_cascade_coldtransformer_singleaxis_l9,"dual_axis=False, l=9 — early img-mask fusion via PixelShuffle (axis_fuse_r=4) before a row-axis-only (cross-context) transformer, cold transformer, l=9 compute-matched vs 150",250,clavicula_right,True,s1024,s1223,False,0.7229,,0.7093,0.29095667600631714,25.1,115.0,5.5e-05,307.0,0.000146,4.24,,ct ct<-ct
xs5933wt,151_cascade_coldtransformer_singleaxis_l9,"dual_axis=False, l=9 — early img-mask fusion via PixelShuffle (axis_fuse_r=4) before a row-axis-only (cross-context) transformer, cold transformer, l=9 compute-matched vs 150",250,clavicula_right,True,s1046,s1197,False,0.829,,0.8288,0.17173269391059875,25.1,467.0,0.000223,309.0,0.000147,4.24,,ct ct<-ct
xs5933wt,151_cascade_coldtransformer_singleaxis_l9,"dual_axis=False, l=9 — early img-mask fusion via PixelShuffle (axis_fuse_r=4) before a row-axis-only (cross-context) transformer, cold transformer, l=9 compute-matched vs 150",250,clavicula_right,True,s0794,s0546,False,0.6997,,0.7004,0.3007366359233856,25.1,424.0,0.000202,323.0,0.000154,4.24,,ct ct<-ct
xs5933wt,151_cascade_coldtransformer_singleaxis_l9,"dual_axis=False, l=9 — early img-mask fusion via PixelShuffle (axis_fuse_r=4) before a row-axis-only (cross-context) transformer, cold transformer, l=9 compute-matched vs 150",250,colon,True,s0216,s0000,False,0.4826,,0.4693,0.5432712435722351,25.2,4113.0,0.001961,2615.0,0.001247,4.24,,ct ct<-ct
xs5933wt,151_cascade_coldtransformer_singleaxis_l9,"dual_axis=False, l=9 — early img-mask fusion via PixelShuffle (axis_fuse_r=4) before a row-axis-only (cross-context) transformer, cold transformer, l=9 compute-matched vs 150",250,colon,True,s0420,s0794,False,0.6375,,0.6234,0.37742048501968384,25.1,482.0,0.00023,13305.0,0.006344,4.24,,ct ct<-ct
xs5933wt,151_cascade_coldtransformer_singleaxis_l9,"dual_axis=False, l=9 — early img-mask fusion via PixelShuffle (axis_fuse_r=4) before a row-axis-only (cross-context) transformer, cold transformer, l=9 compute-matched vs 150",250,colon,True,s1017,s0614,False,0.0007,,0.0012,1.0038399696350098,25.2,205.0,9.8e-05,2854.0,0.001361,4.24,,ct ct<-ct
xs5933wt,151_cascade_coldtransformer_singleaxis_l9,"dual_axis=False, l=9 — early img-mask fusion via PixelShuffle (axis_fuse_r=4) before a row-axis-only (cross-context) transformer, cold transformer, l=9 compute-matched vs 150",250,common_carotid_artery_left,True,s0095,s0794,False,0.372,,0.3803,0.6200786232948303,25.3,57.0,2.7e-05,46.0,2.2e-05,4.24,,ct ct<-ct
xs5933wt,151_cascade_coldtransformer_singleaxis_l9,"dual_axis=False, l=9 — early img-mask fusion via PixelShuffle (axis_fuse_r=4) before a row-axis-only (cross-context) transformer, cold transformer, l=9 compute-matched vs 150",250,common_carotid_artery_left,True,s1238,s0466,False,0.3511,,0.3422,0.658079206943512,25.1,44.0,2.1e-05,30.0,1.4e-05,4.24,,ct ct<-ct
xs5933wt,151_cascade_coldtransformer_singleaxis_l9,"dual_axis=False, l=9 — early img-mask fusion via PixelShuffle (axis_fuse_r=4) before a row-axis-only (cross-context) transformer, cold transformer, l=9 compute-matched vs 150",250,common_carotid_artery_left,True,s1199,s0572,False,0.3675,,0.3498,0.6503569483757019,25.2,38.0,1.8e-05,31.0,1.5e-05,4.24,,ct ct<-ct
xs5933wt,151_cascade_coldtransformer_singleaxis_l9,"dual_axis=False, l=9 — early img-mask fusion via PixelShuffle (axis_fuse_r=4) before a row-axis-only (cross-context) transformer, cold transformer, l=9 compute-matched vs 150",250,common_carotid_artery_left,True,s0650,s1002,False,0.4894,,0.4775,0.5229313373565674,25.2,75.0,3.6e-05,17.0,8e-06,4.24,,ct ct<-ct
xs5933wt,151_cascade_coldtransformer_singleaxis_l9,"dual_axis=False, l=9 — early img-mask fusion via PixelShuffle (axis_fuse_r=4) before a row-axis-only (cross-context) transformer, cold transformer, l=9 compute-matched vs 150",250,common_carotid_artery_left,True,s1197,s0095,False,0.1103,,0.1191,0.8813734650611877,25.1,58.0,2.8e-05,57.0,2.7e-05,4.24,,ct ct<-ct
xs5933wt,151_cascade_coldtransformer_singleaxis_l9,"dual_axis=False, l=9 — early img-mask fusion via PixelShuffle (axis_fuse_r=4) before a row-axis-only (cross-context) transformer, cold transformer, l=9 compute-matched vs 150",250,common_carotid_artery_left,True,s1278,s1059,False,0.1869,,0.1795,0.8212475776672363,25.2,87.0,4.1e-05,81.0,3.9e-05,4.24,,ct ct<-ct
xs5933wt,151_cascade_coldtransformer_singleaxis_l9,"dual_axis=False, l=9 — early img-mask fusion via PixelShuffle (axis_fuse_r=4) before a row-axis-only (cross-context) transformer, cold transformer, l=9 compute-matched vs 150",250,common_carotid_artery_left,True,s0021,s0123,False,0.283,,0.2761,0.7243511080741882,25.1,54.0,2.6e-05,57.0,2.7e-05,4.24,,ct ct<-ct
xs5933wt,151_cascade_coldtransformer_singleaxis_l9,"dual_axis=False, l=9 — early img-mask fusion via PixelShuffle (axis_fuse_r=4) before a row-axis-only (cross-context) transformer, cold transformer, l=9 compute-matched vs 150",250,common_carotid_artery_left,True,s0618,s0698,False,0.4335,,0.411,0.589350163936615,25.1,48.0,2.3e-05,61.0,2.9e-05,4.24,,ct ct<-ct
xs5933wt,151_cascade_coldtransformer_singleaxis_l9,"dual_axis=False, l=9 — early img-mask fusion via PixelShuffle (axis_fuse_r=4) before a row-axis-only (cross-context) transformer, cold transformer, l=9 compute-matched vs 150",250,common_carotid_artery_left,True,s1133,s1199,False,0.0088,,0.0004,1.000113844871521,25.2,44.0,2.1e-05,38.0,1.8e-05,4.24,,ct ct<-ct
xs5933wt,151_cascade_coldtransformer_singleaxis_l9,"dual_axis=False, l=9 — early img-mask fusion via PixelShuffle (axis_fuse_r=4) before a row-axis-only (cross-context) transformer, cold transformer, l=9 compute-matched vs 150",250,common_carotid_artery_right,False,s0095,s1017,False,0.114,,0.1215,0.8788195252418518,25.2,42.0,2e-05,33.0,1.6e-05,4.24,,ct ct<-ct
xs5933wt,151_cascade_coldtransformer_singleaxis_l9,"dual_axis=False, l=9 — early img-mask fusion via PixelShuffle (axis_fuse_r=4) before a row-axis-only (cross-context) transformer, cold transformer, l=9 compute-matched vs 150",250,common_carotid_artery_right,False,s1287,s1305,False,0.25,,0.2475,0.7531032562255859,25.6,80.0,3.8e-05,23.0,1.1e-05,4.24,,ct ct<-ct
xs5933wt,151_cascade_coldtransformer_singleaxis_l9,"dual_axis=False, l=9 — early img-mask fusion via PixelShuffle (axis_fuse_r=4) before a row-axis-only (cross-context) transformer, cold transformer, l=9 compute-matched vs 150",250,common_carotid_artery_right,False,s0032,s1337,False,0.0602,,0.0595,0.9408923983573914,25.1,22.0,1e-05,24.0,1.1e-05,4.24,,ct ct<-ct
xs5933wt,151_cascade_coldtransformer_singleaxis_l9,"dual_axis=False, l=9 — early img-mask fusion via PixelShuffle (axis_fuse_r=4) before a row-axis-only (cross-context) transformer, cold transformer, l=9 compute-matched vs 150",250,common_carotid_artery_right,False,s1024,s0466,False,0.0011,,0.0,1.0017503499984741,25.1,15.0,7e-06,12.0,6e-06,4.24,,ct ct<-ct
xs5933wt,151_cascade_coldtransformer_singleaxis_l9,"dual_axis=False, l=9 — early img-mask fusion via PixelShuffle (axis_fuse_r=4) before a row-axis-only (cross-context) transformer, cold transformer, l=9 compute-matched vs 150",250,common_carotid_artery_right,False,s0794,s0021,False,0.2721,,0.2645,0.7357537150382996,25.1,34.0,1.6e-05,43.0,2.1e-05,4.24,,ct ct<-ct
xs5933wt,151_cascade_coldtransformer_singleaxis_l9,"dual_axis=False, l=9 — early img-mask fusion via PixelShuffle (axis_fuse_r=4) before a row-axis-only (cross-context) transformer, cold transformer, l=9 compute-matched vs 150",250,common_carotid_artery_right,False,s0650,s1278,False,0.0294,,0.0594,0.9408078193664551,25.2,42.0,2e-05,41.0,2e-05,4.24,,ct ct<-ct
xs5933wt,151_cascade_coldtransformer_singleaxis_l9,"dual_axis=False, l=9 — early img-mask fusion via PixelShuffle (axis_fuse_r=4) before a row-axis-only (cross-context) transformer, cold transformer, l=9 compute-matched vs 150",250,common_carotid_artery_right,False,s0675,s0420,False,0.2931,,0.2844,0.7160635590553284,25.2,32.0,1.5e-05,46.0,2.2e-05,4.24,,ct ct<-ct
xs5933wt,151_cascade_coldtransformer_singleaxis_l9,"dual_axis=False, l=9 — early img-mask fusion via PixelShuffle (axis_fuse_r=4) before a row-axis-only (cross-context) transformer, cold transformer, l=9 compute-matched vs 150",250,costal_cartilages,True,s0839,s0095,False,0.4722,,0.4574,0.5440074801445007,25.1,430.0,0.000205,2016.0,0.000961,4.24,,ct ct<-ct
xs5933wt,151_cascade_coldtransformer_singleaxis_l9,"dual_axis=False, l=9 — early img-mask fusion via PixelShuffle (axis_fuse_r=4) before a row-axis-only (cross-context) transformer, cold transformer, l=9 compute-matched vs 150",250,costal_cartilages,True,s0420,s1233,False,0.4063,,0.4051,0.603737473487854,25.1,1897.0,0.000905,1401.0,0.000668,4.24,,ct ct<-ct
xs5933wt,151_cascade_coldtransformer_singleaxis_l9,"dual_axis=False, l=9 — early img-mask fusion via PixelShuffle (axis_fuse_r=4) before a row-axis-only (cross-context) transformer, cold transformer, l=9 compute-matched vs 150",250,costal_cartilages,True,s0544,s0546,False,0.6483,,0.6428,0.36049532890319824,25.1,1222.0,0.000583,2774.0,0.001323,4.24,,ct ct<-ct
xs5933wt,151_cascade_coldtransformer_singleaxis_l9,"dual_axis=False, l=9 — early img-mask fusion via PixelShuffle (axis_fuse_r=4) before a row-axis-only (cross-context) transformer, cold transformer, l=9 compute-matched vs 150",250,costal_cartilages,True,s1223,s0095,False,0.4303,,0.4297,0.5785948038101196,25.1,1466.0,0.000699,2016.0,0.000961,4.24,,ct ct<-ct
xs5933wt,151_cascade_coldtransformer_singleaxis_l9,"dual_axis=False, l=9 — early img-mask fusion via PixelShuffle (axis_fuse_r=4) before a row-axis-only (cross-context) transformer, cold transformer, l=9 compute-matched vs 150",250,costal_cartilages,True,s0808,s0675,False,0.5338,,0.5281,0.47613954544067383,25.1,1410.0,0.000672,1557.0,0.000742,4.24,,ct ct<-ct
xs5933wt,151_cascade_coldtransformer_singleaxis_l9,"dual_axis=False, l=9 — early img-mask fusion via PixelShuffle (axis_fuse_r=4) before a row-axis-only (cross-context) transformer, cold transformer, l=9 compute-matched vs 150",250,costal_cartilages,True,s1046,s0760,False,0.5633,,0.56,0.446636825799942,25.2,2313.0,0.001103,518.0,0.000247,4.24,,ct ct<-ct
xs5933wt,151_cascade_coldtransformer_singleaxis_l9,"dual_axis=False, l=9 — early img-mask fusion via PixelShuffle (axis_fuse_r=4) before a row-axis-only (cross-context) transformer, cold transformer, l=9 compute-matched vs 150",250,costal_cartilages,True,s0249,s0824,False,0.369,,0.3701,0.6368685960769653,25.1,916.0,0.000437,1957.0,0.000933,4.24,,ct ct<-ct
xs5933wt,151_cascade_coldtransformer_singleaxis_l9,"dual_axis=False, l=9 — early img-mask fusion via PixelShuffle (axis_fuse_r=4) before a row-axis-only (cross-context) transformer, cold transformer, l=9 compute-matched vs 150",250,costal_cartilages,True,s0808,s1223,False,0.5574,,0.5514,0.45263585448265076,25.2,1410.0,0.000672,1466.0,0.000699,4.24,,ct ct<-ct
xs5933wt,151_cascade_coldtransformer_singleaxis_l9,"dual_axis=False, l=9 — early img-mask fusion via PixelShuffle (axis_fuse_r=4) before a row-axis-only (cross-context) transformer, cold transformer, l=9 compute-matched vs 150",250,costal_cartilages,True,s0607,s0324,False,0.6238,,0.6206,0.38290393352508545,25.3,1681.0,0.000802,615.0,0.000293,4.24,,ct ct<-ct
xs5933wt,151_cascade_coldtransformer_singleaxis_l9,"dual_axis=False, l=9 — early img-mask fusion via PixelShuffle (axis_fuse_r=4) before a row-axis-only (cross-context) transformer, cold transformer, l=9 compute-matched vs 150",250,duodenum,True,s1287,s0506,False,0.001,,0.0,1.0052419900894165,25.4,774.0,0.000369,1.0,0.0,4.24,,ct ct<-ct
xs5933wt,151_cascade_coldtransformer_singleaxis_l9,"dual_axis=False, l=9 — early img-mask fusion via PixelShuffle (axis_fuse_r=4) before a row-axis-only (cross-context) transformer, cold transformer, l=9 compute-matched vs 150",250,duodenum,True,s0045,s1238,False,0.4713,,0.4679,0.5349059700965881,25.2,684.0,0.000326,856.0,0.000408,4.24,,ct ct<-ct
xs5933wt,151_cascade_coldtransformer_singleaxis_l9,"dual_axis=False, l=9 — early img-mask fusion via PixelShuffle (axis_fuse_r=4) before a row-axis-only (cross-context) transformer, cold transformer, l=9 compute-matched vs 150",250,duodenum,True,s1238,s0650,False,0.4155,,0.4147,0.5919820070266724,25.1,856.0,0.000408,1196.0,0.00057,4.24,,ct ct<-ct
xs5933wt,151_cascade_coldtransformer_singleaxis_l9,"dual_axis=False, l=9 — early img-mask fusion via PixelShuffle (axis_fuse_r=4) before a row-axis-only (cross-context) transformer, cold transformer, l=9 compute-matched vs 150",250,duodenum,True,s0625,s0760,False,0.5154,,0.5158,0.485929012298584,25.3,810.0,0.000386,521.0,0.000248,4.24,,ct ct<-ct
xs5933wt,151_cascade_coldtransformer_singleaxis_l9,"dual_axis=False, l=9 — early img-mask fusion via PixelShuffle (axis_fuse_r=4) before a row-axis-only (cross-context) transformer, cold transformer, l=9 compute-matched vs 150",250,duodenum,True,s0991,s1287,False,0.4454,,0.4427,0.5610646605491638,25.2,578.0,0.000276,774.0,0.000369,4.24,,ct ct<-ct
xs5933wt,151_cascade_coldtransformer_singleaxis_l9,"dual_axis=False, l=9 — early img-mask fusion via PixelShuffle (axis_fuse_r=4) before a row-axis-only (cross-context) transformer, cold transformer, l=9 compute-matched vs 150",250,esophagus,True,s1199,s0021,False,0.3627,,0.3672,0.635299563407898,25.1,516.0,0.000246,333.0,0.000159,4.24,,ct ct<-ct
xs5933wt,151_cascade_coldtransformer_singleaxis_l9,"dual_axis=False, l=9 — early img-mask fusion via PixelShuffle (axis_fuse_r=4) before a row-axis-only (cross-context) transformer, cold transformer, l=9 compute-matched vs 150",250,esophagus,True,s0918,s1199,False,0.5751,,0.5689,0.4331054985523224,25.1,721.0,0.000344,516.0,0.000246,4.24,,ct ct<-ct
xs5933wt,151_cascade_coldtransformer_singleaxis_l9,"dual_axis=False, l=9 — early img-mask fusion via PixelShuffle (axis_fuse_r=4) before a row-axis-only (cross-context) transformer, cold transformer, l=9 compute-matched vs 150",250,esophagus,True,s1223,s0045,False,0.3785,,0.3745,0.6274406313896179,25.2,295.0,0.000141,173.0,8.2e-05,4.24,,ct ct<-ct
xs5933wt,151_cascade_coldtransformer_singleaxis_l9,"dual_axis=False, l=9 — early img-mask fusion via PixelShuffle (axis_fuse_r=4) before a row-axis-only (cross-context) transformer, cold transformer, l=9 compute-matched vs 150",250,esophagus,True,s1133,s0249,False,0.3417,,0.3294,0.6731616854667664,25.1,411.0,0.000196,154.0,7.3e-05,4.24,,ct ct<-ct
xs5933wt,151_cascade_coldtransformer_singleaxis_l9,"dual_axis=False, l=9 — early img-mask fusion via PixelShuffle (axis_fuse_r=4) before a row-axis-only (cross-context) transformer, cold transformer, l=9 compute-matched vs 150",250,esophagus,True,s1133,s1337,False,0.3366,,0.3305,0.6720295548439026,25.2,411.0,0.000196,532.0,0.000254,4.24,,ct ct<-ct
xs5933wt,151_cascade_coldtransformer_singleaxis_l9,"dual_axis=False, l=9 — early img-mask fusion via PixelShuffle (axis_fuse_r=4) before a row-axis-only (cross-context) transformer, cold transformer, l=9 compute-matched vs 150",250,femur_left,True,s0760,s1287,False,0.9067,,0.9032,0.097846120595932,25.1,2090.0,0.000997,2726.0,0.0013,4.24,,ct ct<-ct
xs5933wt,151_cascade_coldtransformer_singleaxis_l9,"dual_axis=False, l=9 — early img-mask fusion via PixelShuffle (axis_fuse_r=4) before a row-axis-only (cross-context) transformer, cold transformer, l=9 compute-matched vs 150",250,femur_left,True,s0614,s1233,False,0.901,,0.8951,0.10604366660118103,25.2,2136.0,0.001019,1762.0,0.00084,4.24,,ct ct<-ct
xs5933wt,151_cascade_coldtransformer_singleaxis_l9,"dual_axis=False, l=9 — early img-mask fusion via PixelShuffle (axis_fuse_r=4) before a row-axis-only (cross-context) transformer, cold transformer, l=9 compute-matched vs 150",250,femur_left,True,s0506,s1024,False,0.8298,,0.8228,0.1787354052066803,25.2,2373.0,0.001132,1960.0,0.000935,4.24,,ct ct<-ct
xs5933wt,151_cascade_coldtransformer_singleaxis_l9,"dual_axis=False, l=9 — early img-mask fusion via PixelShuffle (axis_fuse_r=4) before a row-axis-only (cross-context) transformer, cold transformer, l=9 compute-matched vs 150",250,femur_left,True,s1223,s0614,False,0.8526,,0.8514,0.15055188536643982,25.1,2098.0,0.001,2136.0,0.001019,4.24,,ct ct<-ct
xs5933wt,151_cascade_coldtransformer_singleaxis_l9,"dual_axis=False, l=9 — early img-mask fusion via PixelShuffle (axis_fuse_r=4) before a row-axis-only (cross-context) transformer, cold transformer, l=9 compute-matched vs 150",250,femur_left,True,s0045,s0458,False,0.904,,0.9015,0.09979579597711563,25.2,2616.0,0.001247,2373.0,0.001132,4.24,,ct ct<-ct
xs5933wt,151_cascade_coldtransformer_singleaxis_l9,"dual_axis=False, l=9 — early img-mask fusion via PixelShuffle (axis_fuse_r=4) before a row-axis-only (cross-context) transformer, cold transformer, l=9 compute-matched vs 150",250,femur_left,True,s0794,s0000,False,0.8884,,0.8806,0.12060177326202393,25.1,2351.0,0.001121,3050.0,0.001454,4.24,,ct ct<-ct
xs5933wt,151_cascade_coldtransformer_singleaxis_l9,"dual_axis=False, l=9 — early img-mask fusion via PixelShuffle (axis_fuse_r=4) before a row-axis-only (cross-context) transformer, cold transformer, l=9 compute-matched vs 150",250,femur_right,False,s0991,s0324,False,0.888,,0.8859,0.1149522215127945,25.1,1867.0,0.00089,1318.0,0.000628,4.24,,ct ct<-ct
xs5933wt,151_cascade_coldtransformer_singleaxis_l9,"dual_axis=False, l=9 — early img-mask fusion via PixelShuffle (axis_fuse_r=4) before a row-axis-only (cross-context) transformer, cold transformer, l=9 compute-matched vs 150",250,femur_right,False,s0000,s1024,False,0.7466,,0.7409,0.2645464837551117,25.2,3245.0,0.001547,1898.0,0.000905,4.24,,ct ct<-ct
xs5933wt,151_cascade_coldtransformer_singleaxis_l9,"dual_axis=False, l=9 — early img-mask fusion via PixelShuffle (axis_fuse_r=4) before a row-axis-only (cross-context) transformer, cold transformer, l=9 compute-matched vs 150",250,femur_right,False,s1233,s0045,False,0.9085,,0.9071,0.09384723007678986,25.1,2004.0,0.000956,2565.0,0.001223,4.24,,ct ct<-ct
xs5933wt,151_cascade_coldtransformer_singleaxis_l9,"dual_axis=False, l=9 — early img-mask fusion via PixelShuffle (axis_fuse_r=4) before a row-axis-only (cross-context) transformer, cold transformer, l=9 compute-matched vs 150",250,femur_right,False,s0760,s0045,False,0.9303,,0.9248,0.07583147287368774,25.3,2199.0,0.001049,2565.0,0.001223,4.24,,ct ct<-ct
xs5933wt,151_cascade_coldtransformer_singleaxis_l9,"dual_axis=False, l=9 — early img-mask fusion via PixelShuffle (axis_fuse_r=4) before a row-axis-only (cross-context) transformer, cold transformer, l=9 compute-matched vs 150",250,femur_right,False,s1223,s0794,False,0.9015,,0.8986,0.1025976836681366,25.1,2204.0,0.001051,2443.0,0.001165,4.24,,ct ct<-ct
xs5933wt,151_cascade_coldtransformer_singleaxis_l9,"dual_axis=False, l=9 — early img-mask fusion via PixelShuffle (axis_fuse_r=4) before a row-axis-only (cross-context) transformer, cold transformer, l=9 compute-matched vs 150",250,femur_right,False,s0216,s1233,False,0.8962,,0.8951,0.1054031103849411,25.1,1170.0,0.000558,2004.0,0.000956,4.24,,ct ct<-ct
xs5933wt,151_cascade_coldtransformer_singleaxis_l9,"dual_axis=False, l=9 — early img-mask fusion via PixelShuffle (axis_fuse_r=4) before a row-axis-only (cross-context) transformer, cold transformer, l=9 compute-matched vs 150",250,femur_right,False,s1223,s1287,False,0.8889,,0.886,0.11565730720758438,25.1,2204.0,0.001051,2621.0,0.00125,4.24,,ct ct<-ct
xs5933wt,151_cascade_coldtransformer_singleaxis_l9,"dual_axis=False, l=9 — early img-mask fusion via PixelShuffle (axis_fuse_r=4) before a row-axis-only (cross-context) transformer, cold transformer, l=9 compute-matched vs 150",250,femur_right,False,s0045,s1046,False,0.8855,,0.883,0.11880451440811157,25.1,2565.0,0.001223,2733.0,0.001303,4.24,,ct ct<-ct
xs5933wt,151_cascade_coldtransformer_singleaxis_l9,"dual_axis=False, l=9 — early img-mask fusion via PixelShuffle (axis_fuse_r=4) before a row-axis-only (cross-context) transformer, cold transformer, l=9 compute-matched vs 150",250,femur_right,False,s1233,s0760,False,0.9124,,0.9106,0.09024857729673386,25.2,2004.0,0.000956,2199.0,0.001049,4.24,,ct ct<-ct
xs5933wt,151_cascade_coldtransformer_singleaxis_l9,"dual_axis=False, l=9 — early img-mask fusion via PixelShuffle (axis_fuse_r=4) before a row-axis-only (cross-context) transformer, cold transformer, l=9 compute-matched vs 150",250,femur_right,False,s1238,s1233,False,0.9468,,0.9422,0.058345645666122437,25.1,2690.0,0.001283,2004.0,0.000956,4.24,,ct ct<-ct
xs5933wt,151_cascade_coldtransformer_singleaxis_l9,"dual_axis=False, l=9 — early img-mask fusion via PixelShuffle (axis_fuse_r=4) before a row-axis-only (cross-context) transformer, cold transformer, l=9 compute-matched vs 150",250,femur_right,False,s0918,s1287,False,0.9064,,0.9028,0.09898220747709274,25.1,2846.0,0.001357,2621.0,0.00125,4.24,,ct ct<-ct
xs5933wt,151_cascade_coldtransformer_singleaxis_l9,"dual_axis=False, l=9 — early img-mask fusion via PixelShuffle (axis_fuse_r=4) before a row-axis-only (cross-context) transformer, cold transformer, l=9 compute-matched vs 150",250,femur_right,False,s0045,s0918,False,0.8787,,0.877,0.1249503493309021,25.2,2565.0,0.001223,2846.0,0.001357,4.24,,ct ct<-ct
xs5933wt,151_cascade_coldtransformer_singleaxis_l9,"dual_axis=False, l=9 — early img-mask fusion via PixelShuffle (axis_fuse_r=4) before a row-axis-only (cross-context) transformer, cold transformer, l=9 compute-matched vs 150",250,gallbladder,True,s1046,s0607,False,0.6843,,0.6801,0.3204594552516937,25.2,411.0,0.000196,202.0,9.6e-05,4.24,,ct ct<-ct
xs5933wt,151_cascade_coldtransformer_singleaxis_l9,"dual_axis=False, l=9 — early img-mask fusion via PixelShuffle (axis_fuse_r=4) before a row-axis-only (cross-context) transformer, cold transformer, l=9 compute-matched vs 150",250,gallbladder,True,s1286,s1305,False,0.399,,0.4027,0.5984004139900208,27.3,403.0,0.000192,69.0,3.3e-05,4.24,,ct ct<-ct
xs5933wt,151_cascade_coldtransformer_singleaxis_l9,"dual_axis=False, l=9 — early img-mask fusion via PixelShuffle (axis_fuse_r=4) before a row-axis-only (cross-context) transformer, cold transformer, l=9 compute-matched vs 150",250,gallbladder,True,s0095,s1233,False,0.0712,,0.0613,0.9398478269577026,25.1,75.0,3.6e-05,409.0,0.000195,4.24,,ct ct<-ct
xs5933wt,151_cascade_coldtransformer_singleaxis_l9,"dual_axis=False, l=9 — early img-mask fusion via PixelShuffle (axis_fuse_r=4) before a row-axis-only (cross-context) transformer, cold transformer, l=9 compute-matched vs 150",250,gallbladder,True,s0747,s1286,False,0.0058,,0.0001,1.0001112222671509,25.2,2.0,1e-06,403.0,0.000192,4.24,,ct ct<-ct
xs5933wt,151_cascade_coldtransformer_singleaxis_l9,"dual_axis=False, l=9 — early img-mask fusion via PixelShuffle (axis_fuse_r=4) before a row-axis-only (cross-context) transformer, cold transformer, l=9 compute-matched vs 150",250,gallbladder,True,s0675,s0324,False,0.2899,,0.2973,0.7046910524368286,25.2,460.0,0.000219,172.0,8.2e-05,4.24,,ct ct<-ct
xs5933wt,151_cascade_coldtransformer_singleaxis_l9,"dual_axis=False, l=9 — early img-mask fusion via PixelShuffle (axis_fuse_r=4) before a row-axis-only (cross-context) transformer, cold transformer, l=9 compute-matched vs 150",250,gallbladder,True,s1287,s0794,False,0.2087,,0.213,0.788289487361908,25.1,142.0,6.8e-05,341.0,0.000163,4.24,,ct ct<-ct
xs5933wt,151_cascade_coldtransformer_singleaxis_l9,"dual_axis=False, l=9 — early img-mask fusion via PixelShuffle (axis_fuse_r=4) before a row-axis-only (cross-context) transformer, cold transformer, l=9 compute-matched vs 150",250,gallbladder,True,s0675,s0324,False,0.2899,,0.2973,0.7046910524368286,25.1,460.0,0.000219,172.0,8.2e-05,4.24,,ct ct<-ct
xs5933wt,151_cascade_coldtransformer_singleaxis_l9,"dual_axis=False, l=9 — early img-mask fusion via PixelShuffle (axis_fuse_r=4) before a row-axis-only (cross-context) transformer, cold transformer, l=9 compute-matched vs 150",250,gallbladder,True,s0544,s0095,False,0.0538,,0.0529,0.9489522576332092,25.1,184.0,8.8e-05,75.0,3.6e-05,4.24,,ct ct<-ct
xs5933wt,151_cascade_coldtransformer_singleaxis_l9,"dual_axis=False, l=9 — early img-mask fusion via PixelShuffle (axis_fuse_r=4) before a row-axis-only (cross-context) transformer, cold transformer, l=9 compute-matched vs 150",250,gallbladder,True,s0618,s0698,False,0.0022,,0.0,1.0019012689590454,25.2,64.0,3.1e-05,1.0,0.0,4.24,,ct ct<-ct
xs5933wt,151_cascade_coldtransformer_singleaxis_l9,"dual_axis=False, l=9 — early img-mask fusion via PixelShuffle (axis_fuse_r=4) before a row-axis-only (cross-context) transformer, cold transformer, l=9 compute-matched vs 150",250,gallbladder,True,s0045,s0607,False,0.6415,,0.6131,0.38718685507774353,25.2,130.0,6.2e-05,202.0,9.6e-05,4.24,,ct ct<-ct
xs5933wt,151_cascade_coldtransformer_singleaxis_l9,"dual_axis=False, l=9 — early img-mask fusion via PixelShuffle (axis_fuse_r=4) before a row-axis-only (cross-context) transformer, cold transformer, l=9 compute-matched vs 150",250,gallbladder,True,s0747,s1046,False,0.0303,,0.0138,0.9863376617431641,25.1,2.0,1e-06,411.0,0.000196,4.24,,ct ct<-ct
xs5933wt,151_cascade_coldtransformer_singleaxis_l9,"dual_axis=False, l=9 — early img-mask fusion via PixelShuffle (axis_fuse_r=4) before a row-axis-only (cross-context) transformer, cold transformer, l=9 compute-matched vs 150",250,gallbladder,True,s1017,s0123,False,0.0415,,0.0412,0.9611251354217529,25.1,138.0,6.6e-05,382.0,0.000182,4.24,,ct ct<-ct
xs5933wt,151_cascade_coldtransformer_singleaxis_l9,"dual_axis=False, l=9 — early img-mask fusion via PixelShuffle (axis_fuse_r=4) before a row-axis-only (cross-context) transformer, cold transformer, l=9 compute-matched vs 150",250,gallbladder,True,s1287,s0991,False,0.2874,,0.2852,0.7160471081733704,25.1,142.0,6.8e-05,456.0,0.000217,4.24,,ct ct<-ct
xs5933wt,151_cascade_coldtransformer_singleaxis_l9,"dual_axis=False, l=9 — early img-mask fusion via PixelShuffle (axis_fuse_r=4) before a row-axis-only (cross-context) transformer, cold transformer, l=9 compute-matched vs 150",250,gluteus_maximus_left,True,s0760,s0458,False,0.9457,,0.9406,0.06067914515733719,25.2,7338.0,0.003499,4753.0,0.002266,4.24,,ct ct<-ct
xs5933wt,151_cascade_coldtransformer_singleaxis_l9,"dual_axis=False, l=9 — early img-mask fusion via PixelShuffle (axis_fuse_r=4) before a row-axis-only (cross-context) transformer, cold transformer, l=9 compute-matched vs 150",250,gluteus_maximus_left,True,s0045,s0095,False,0.906,,0.9038,0.09871480613946915,25.1,6892.0,0.003286,6748.0,0.003218,4.24,,ct ct<-ct
xs5933wt,151_cascade_coldtransformer_singleaxis_l9,"dual_axis=False, l=9 — early img-mask fusion via PixelShuffle (axis_fuse_r=4) before a row-axis-only (cross-context) transformer, cold transformer, l=9 compute-matched vs 150",250,gluteus_maximus_left,True,s0095,s1223,False,0.783,,0.7791,0.2263994961977005,25.1,6748.0,0.003218,5674.0,0.002706,4.24,,ct ct<-ct
xs5933wt,151_cascade_coldtransformer_singleaxis_l9,"dual_axis=False, l=9 — early img-mask fusion via PixelShuffle (axis_fuse_r=4) before a row-axis-only (cross-context) transformer, cold transformer, l=9 compute-matched vs 150",250,gluteus_maximus_left,True,s1287,s0991,False,0.906,,0.9022,0.10015805065631866,25.2,5618.0,0.002679,4712.0,0.002247,4.24,,ct ct<-ct
xs5933wt,151_cascade_coldtransformer_singleaxis_l9,"dual_axis=False, l=9 — early img-mask fusion via PixelShuffle (axis_fuse_r=4) before a row-axis-only (cross-context) transformer, cold transformer, l=9 compute-matched vs 150",250,gluteus_maximus_left,True,s1046,s0760,False,0.9088,,0.9042,0.09885493665933609,25.1,8405.0,0.004008,7338.0,0.003499,4.24,,ct ct<-ct
xs5933wt,151_cascade_coldtransformer_singleaxis_l9,"dual_axis=False, l=9 — early img-mask fusion via PixelShuffle (axis_fuse_r=4) before a row-axis-only (cross-context) transformer, cold transformer, l=9 compute-matched vs 150",250,gluteus_maximus_left,True,s0324,s0458,False,0.8887,,0.884,0.11831475049257278,25.1,4240.0,0.002022,4753.0,0.002266,4.24,,ct ct<-ct
xs5933wt,151_cascade_coldtransformer_singleaxis_l9,"dual_axis=False, l=9 — early img-mask fusion via PixelShuffle (axis_fuse_r=4) before a row-axis-only (cross-context) transformer, cold transformer, l=9 compute-matched vs 150",250,gluteus_maximus_right,False,s1287,s0991,False,0.8827,,0.8799,0.12359852343797684,27.7,5783.0,0.002758,5432.0,0.00259,4.24,,ct ct<-ct
xs5933wt,151_cascade_coldtransformer_singleaxis_l9,"dual_axis=False, l=9 — early img-mask fusion via PixelShuffle (axis_fuse_r=4) before a row-axis-only (cross-context) transformer, cold transformer, l=9 compute-matched vs 150",250,gluteus_maximus_right,False,s0506,s1223,False,0.908,,0.9002,0.10321377217769623,25.2,10816.0,0.005157,5960.0,0.002842,4.24,,ct ct<-ct
xs5933wt,151_cascade_coldtransformer_singleaxis_l9,"dual_axis=False, l=9 — early img-mask fusion via PixelShuffle (axis_fuse_r=4) before a row-axis-only (cross-context) transformer, cold transformer, l=9 compute-matched vs 150",250,gluteus_maximus_right,False,s1287,s0000,False,0.8343,,0.8257,0.1792476326227188,25.1,5783.0,0.002758,6672.0,0.003181,4.24,,ct ct<-ct
xs5933wt,151_cascade_coldtransformer_singleaxis_l9,"dual_axis=False, l=9 — early img-mask fusion via PixelShuffle (axis_fuse_r=4) before a row-axis-only (cross-context) transformer, cold transformer, l=9 compute-matched vs 150",250,gluteus_maximus_right,False,s1223,s0794,False,0.9263,,0.9235,0.07809628546237946,25.1,5960.0,0.002842,6641.0,0.003167,4.24,,ct ct<-ct
xs5933wt,151_cascade_coldtransformer_singleaxis_l9,"dual_axis=False, l=9 — early img-mask fusion via PixelShuffle (axis_fuse_r=4) before a row-axis-only (cross-context) transformer, cold transformer, l=9 compute-matched vs 150",250,gluteus_maximus_right,False,s0650,s0095,False,0.8934,,0.8891,0.11386146396398544,25.1,6280.0,0.002995,6836.0,0.00326,4.24,,ct ct<-ct
xs5933wt,151_cascade_coldtransformer_singleaxis_l9,"dual_axis=False, l=9 — early img-mask fusion via PixelShuffle (axis_fuse_r=4) before a row-axis-only (cross-context) transformer, cold transformer, l=9 compute-matched vs 150",250,gluteus_medius_left,False,s0546,s0607,False,0.842,,0.8365,0.1664832979440689,25.1,3900.0,0.00186,3700.0,0.001764,4.24,,ct ct<-ct
xs5933wt,151_cascade_coldtransformer_singleaxis_l9,"dual_axis=False, l=9 — early img-mask fusion via PixelShuffle (axis_fuse_r=4) before a row-axis-only (cross-context) transformer, cold transformer, l=9 compute-matched vs 150",250,gluteus_medius_left,False,s0506,s1223,False,0.7709,,0.7677,0.23569689691066742,25.1,2313.0,0.001103,2903.0,0.001384,4.24,,ct ct<-ct
xs5933wt,151_cascade_coldtransformer_singleaxis_l9,"dual_axis=False, l=9 — early img-mask fusion via PixelShuffle (axis_fuse_r=4) before a row-axis-only (cross-context) transformer, cold transformer, l=9 compute-matched vs 150",250,gluteus_medius_left,False,s1161,s1238,False,0.8694,,0.863,0.13851341605186462,25.1,3405.0,0.001624,3033.0,0.001446,4.24,,ct ct<-ct
xs5933wt,151_cascade_coldtransformer_singleaxis_l9,"dual_axis=False, l=9 — early img-mask fusion via PixelShuffle (axis_fuse_r=4) before a row-axis-only (cross-context) transformer, cold transformer, l=9 compute-matched vs 150",250,gluteus_medius_right,True,s1161,s0614,False,0.8087,,0.7959,0.20650608837604523,25.1,2961.0,0.001412,3176.0,0.001514,4.24,,ct ct<-ct
xs5933wt,151_cascade_coldtransformer_singleaxis_l9,"dual_axis=False, l=9 — early img-mask fusion via PixelShuffle (axis_fuse_r=4) before a row-axis-only (cross-context) transformer, cold transformer, l=9 compute-matched vs 150",250,gluteus_medius_right,True,s0000,s1024,False,0.6408,,0.6275,0.3784025311470032,25.3,1545.0,0.000737,2754.0,0.001313,4.24,,ct ct<-ct
xs5933wt,151_cascade_coldtransformer_singleaxis_l9,"dual_axis=False, l=9 — early img-mask fusion via PixelShuffle (axis_fuse_r=4) before a row-axis-only (cross-context) transformer, cold transformer, l=9 compute-matched vs 150",250,gluteus_medius_right,True,s0991,s0095,False,0.8017,,0.8001,0.20260140299797058,25.1,2325.0,0.001109,3054.0,0.001456,4.24,,ct ct<-ct
xs5933wt,151_cascade_coldtransformer_singleaxis_l9,"dual_axis=False, l=9 — early img-mask fusion via PixelShuffle (axis_fuse_r=4) before a row-axis-only (cross-context) transformer, cold transformer, l=9 compute-matched vs 150",250,gluteus_medius_right,True,s0614,s0607,False,0.8147,,0.8089,0.19436687231063843,25.2,3176.0,0.001514,3520.0,0.001678,4.24,,ct ct<-ct
xs5933wt,151_cascade_coldtransformer_singleaxis_l9,"dual_axis=False, l=9 — early img-mask fusion via PixelShuffle (axis_fuse_r=4) before a row-axis-only (cross-context) transformer, cold transformer, l=9 compute-matched vs 150",250,gluteus_medius_right,True,s1046,s1233,False,0.7969,,0.7952,0.20991429686546326,25.1,3750.0,0.001788,3046.0,0.001452,4.24,,ct ct<-ct
xs5933wt,151_cascade_coldtransformer_singleaxis_l9,"dual_axis=False, l=9 — early img-mask fusion via PixelShuffle (axis_fuse_r=4) before a row-axis-only (cross-context) transformer, cold transformer, l=9 compute-matched vs 150",250,gluteus_medius_right,True,s1046,s0000,False,0.82,,0.8129,0.19074684381484985,25.1,3750.0,0.001788,1545.0,0.000737,4.24,,ct ct<-ct
xs5933wt,151_cascade_coldtransformer_singleaxis_l9,"dual_axis=False, l=9 — early img-mask fusion via PixelShuffle (axis_fuse_r=4) before a row-axis-only (cross-context) transformer, cold transformer, l=9 compute-matched vs 150",250,gluteus_medius_right,True,s0506,s1046,False,0.7529,,0.7495,0.2560805380344391,25.1,5307.0,0.002531,3750.0,0.001788,4.24,,ct ct<-ct
xs5933wt,151_cascade_coldtransformer_singleaxis_l9,"dual_axis=False, l=9 — early img-mask fusion via PixelShuffle (axis_fuse_r=4) before a row-axis-only (cross-context) transformer, cold transformer, l=9 compute-matched vs 150",250,gluteus_minimus_left,True,s0918,s0625,False,0.613,,0.6032,0.39929434657096863,25.6,777.0,0.000371,796.0,0.00038,4.24,,ct ct<-ct
xs5933wt,151_cascade_coldtransformer_singleaxis_l9,"dual_axis=False, l=9 — early img-mask fusion via PixelShuffle (axis_fuse_r=4) before a row-axis-only (cross-context) transformer, cold transformer, l=9 compute-matched vs 150",250,gluteus_minimus_left,True,s0546,s1024,False,0.7385,,0.7283,0.27338775992393494,25.1,948.0,0.000452,571.0,0.000272,4.24,,ct ct<-ct
xs5933wt,151_cascade_coldtransformer_singleaxis_l9,"dual_axis=False, l=9 — early img-mask fusion via PixelShuffle (axis_fuse_r=4) before a row-axis-only (cross-context) transformer, cold transformer, l=9 compute-matched vs 150",250,gluteus_minimus_left,True,s1233,s0095,False,0.6235,,0.6157,0.3857243061065674,25.2,509.0,0.000243,1001.0,0.000477,4.24,,ct ct<-ct
xs5933wt,151_cascade_coldtransformer_singleaxis_l9,"dual_axis=False, l=9 — early img-mask fusion via PixelShuffle (axis_fuse_r=4) before a row-axis-only (cross-context) transformer, cold transformer, l=9 compute-matched vs 150",250,gluteus_minimus_left,True,s0625,s1238,False,0.7487,,0.7441,0.2569615840911865,25.2,796.0,0.00038,778.0,0.000371,4.24,,ct ct<-ct
xs5933wt,151_cascade_coldtransformer_singleaxis_l9,"dual_axis=False, l=9 — early img-mask fusion via PixelShuffle (axis_fuse_r=4) before a row-axis-only (cross-context) transformer, cold transformer, l=9 compute-matched vs 150",250,gluteus_minimus_left,True,s0000,s0650,False,0.6782,,0.672,0.32949233055114746,25.2,420.0,0.0002,947.0,0.000452,4.24,,ct ct<-ct
xs5933wt,151_cascade_coldtransformer_singleaxis_l9,"dual_axis=False, l=9 — early img-mask fusion via PixelShuffle (axis_fuse_r=4) before a row-axis-only (cross-context) transformer, cold transformer, l=9 compute-matched vs 150",250,gluteus_minimus_left,True,s0607,s0794,False,0.743,,0.7413,0.26056888699531555,25.1,949.0,0.000453,813.0,0.000388,4.24,,ct ct<-ct
xs5933wt,151_cascade_coldtransformer_singleaxis_l9,"dual_axis=False, l=9 — early img-mask fusion via PixelShuffle (axis_fuse_r=4) before a row-axis-only (cross-context) transformer, cold transformer, l=9 compute-matched vs 150",250,gluteus_minimus_right,False,s1287,s1161,False,0.6884,,0.6789,0.323306679725647,25.2,1061.0,0.000506,748.0,0.000357,4.24,,ct ct<-ct
xs5933wt,151_cascade_coldtransformer_singleaxis_l9,"dual_axis=False, l=9 — early img-mask fusion via PixelShuffle (axis_fuse_r=4) before a row-axis-only (cross-context) transformer, cold transformer, l=9 compute-matched vs 150",250,gluteus_minimus_right,False,s0991,s1233,False,0.7238,,0.7144,0.2870735824108124,25.1,719.0,0.000343,644.0,0.000307,4.24,,ct ct<-ct
xs5933wt,151_cascade_coldtransformer_singleaxis_l9,"dual_axis=False, l=9 — early img-mask fusion via PixelShuffle (axis_fuse_r=4) before a row-axis-only (cross-context) transformer, cold transformer, l=9 compute-matched vs 150",250,gluteus_minimus_right,False,s0095,s0506,False,0.7285,,0.7236,0.27865204215049744,25.3,1198.0,0.000571,1589.0,0.000758,4.24,,ct ct<-ct
xs5933wt,151_cascade_coldtransformer_singleaxis_l9,"dual_axis=False, l=9 — early img-mask fusion via PixelShuffle (axis_fuse_r=4) before a row-axis-only (cross-context) transformer, cold transformer, l=9 compute-matched vs 150",250,gluteus_minimus_right,False,s0760,s1238,False,0.7777,,0.7776,0.22373054921627045,25.1,931.0,0.000444,908.0,0.000433,4.24,,ct ct<-ct
xs5933wt,151_cascade_coldtransformer_singleaxis_l9,"dual_axis=False, l=9 — early img-mask fusion via PixelShuffle (axis_fuse_r=4) before a row-axis-only (cross-context) transformer, cold transformer, l=9 compute-matched vs 150",250,gluteus_minimus_right,False,s0506,s1024,False,0.4455,,0.4484,0.5574585795402527,25.1,1589.0,0.000758,740.0,0.000353,4.24,,ct ct<-ct
xs5933wt,151_cascade_coldtransformer_singleaxis_l9,"dual_axis=False, l=9 — early img-mask fusion via PixelShuffle (axis_fuse_r=4) before a row-axis-only (cross-context) transformer, cold transformer, l=9 compute-matched vs 150",250,gluteus_minimus_right,False,s0324,s1161,False,0.6054,,0.5989,0.4031470715999603,25.1,410.0,0.000196,748.0,0.000357,4.24,,ct ct<-ct
xs5933wt,151_cascade_coldtransformer_singleaxis_l9,"dual_axis=False, l=9 — early img-mask fusion via PixelShuffle (axis_fuse_r=4) before a row-axis-only (cross-context) transformer, cold transformer, l=9 compute-matched vs 150",250,gluteus_minimus_right,False,s1046,s1238,False,0.7286,,0.7226,0.2791804373264313,25.1,924.0,0.000441,908.0,0.000433,4.24,,ct ct<-ct
xs5933wt,151_cascade_coldtransformer_singleaxis_l9,"dual_axis=False, l=9 — early img-mask fusion via PixelShuffle (axis_fuse_r=4) before a row-axis-only (cross-context) transformer, cold transformer, l=9 compute-matched vs 150",250,gluteus_minimus_right,False,s0794,s0625,False,0.5803,,0.5831,0.4194936454296112,25.2,918.0,0.000438,790.0,0.000377,4.24,,ct ct<-ct
xs5933wt,151_cascade_coldtransformer_singleaxis_l9,"dual_axis=False, l=9 — early img-mask fusion via PixelShuffle (axis_fuse_r=4) before a row-axis-only (cross-context) transformer, cold transformer, l=9 compute-matched vs 150",250,gluteus_minimus_right,False,s1223,s0794,False,0.7607,,0.7546,0.24682843685150146,25.1,882.0,0.000421,918.0,0.000438,4.24,,ct ct<-ct
xs5933wt,151_cascade_coldtransformer_singleaxis_l9,"dual_axis=False, l=9 — early img-mask fusion via PixelShuffle (axis_fuse_r=4) before a row-axis-only (cross-context) transformer, cold transformer, l=9 compute-matched vs 150",250,gluteus_minimus_right,False,s0918,s1238,False,0.6326,,0.6319,0.3707372844219208,25.2,1054.0,0.000503,908.0,0.000433,4.24,,ct ct<-ct
xs5933wt,151_cascade_coldtransformer_singleaxis_l9,"dual_axis=False, l=9 — early img-mask fusion via PixelShuffle (axis_fuse_r=4) before a row-axis-only (cross-context) transformer, cold transformer, l=9 compute-matched vs 150",250,heart,True,s1305,s0839,False,0.8397,,0.8373,0.16803990304470062,25.1,5556.0,0.002649,4806.0,0.002292,4.24,,ct ct<-ct
xs5933wt,151_cascade_coldtransformer_singleaxis_l9,"dual_axis=False, l=9 — early img-mask fusion via PixelShuffle (axis_fuse_r=4) before a row-axis-only (cross-context) transformer, cold transformer, l=9 compute-matched vs 150",250,heart,True,s0839,s0607,False,0.8535,,0.851,0.1548222452402115,25.1,4806.0,0.002292,6019.0,0.00287,4.24,,ct ct<-ct
xs5933wt,151_cascade_coldtransformer_singleaxis_l9,"dual_axis=False, l=9 — early img-mask fusion via PixelShuffle (axis_fuse_r=4) before a row-axis-only (cross-context) transformer, cold transformer, l=9 compute-matched vs 150",250,heart,True,s0249,s0458,False,0.9002,,0.8984,0.1031622365117073,25.2,3114.0,0.001485,6446.0,0.003074,4.24,,ct ct<-ct
xs5933wt,151_cascade_coldtransformer_singleaxis_l9,"dual_axis=False, l=9 — early img-mask fusion via PixelShuffle (axis_fuse_r=4) before a row-axis-only (cross-context) transformer, cold transformer, l=9 compute-matched vs 150",250,heart,True,s0249,s0045,False,0.9187,,0.9157,0.08545567095279694,25.1,3114.0,0.001485,4735.0,0.002258,4.24,,ct ct<-ct
xs5933wt,151_cascade_coldtransformer_singleaxis_l9,"dual_axis=False, l=9 — early img-mask fusion via PixelShuffle (axis_fuse_r=4) before a row-axis-only (cross-context) transformer, cold transformer, l=9 compute-matched vs 150",250,heart,True,s0650,s1223,False,0.8662,,0.861,0.14705206453800201,25.2,8751.0,0.004173,5214.0,0.002486,4.24,,ct ct<-ct
xs5933wt,151_cascade_coldtransformer_singleaxis_l9,"dual_axis=False, l=9 — early img-mask fusion via PixelShuffle (axis_fuse_r=4) before a row-axis-only (cross-context) transformer, cold transformer, l=9 compute-matched vs 150",250,heart,True,s0650,s1287,False,0.8753,,0.8722,0.13334141671657562,25.2,8751.0,0.004173,7272.0,0.003468,4.24,,ct ct<-ct
xs5933wt,151_cascade_coldtransformer_singleaxis_l9,"dual_axis=False, l=9 — early img-mask fusion via PixelShuffle (axis_fuse_r=4) before a row-axis-only (cross-context) transformer, cold transformer, l=9 compute-matched vs 150",250,heart,True,s0839,s0650,False,0.8572,,0.8542,0.15083330869674683,25.2,4806.0,0.002292,8751.0,0.004173,4.24,,ct ct<-ct
xs5933wt,151_cascade_coldtransformer_singleaxis_l9,"dual_axis=False, l=9 — early img-mask fusion via PixelShuffle (axis_fuse_r=4) before a row-axis-only (cross-context) transformer, cold transformer, l=9 compute-matched vs 150",250,hip_left,False,s1024,s0607,False,0.7277,,0.7241,0.28196632862091064,27.3,4203.0,0.002004,5888.0,0.002808,4.24,,ct ct<-ct
xs5933wt,151_cascade_coldtransformer_singleaxis_l9,"dual_axis=False, l=9 — early img-mask fusion via PixelShuffle (axis_fuse_r=4) before a row-axis-only (cross-context) transformer, cold transformer, l=9 compute-matched vs 150",250,hip_left,False,s1046,s1161,False,0.7837,,0.7804,0.2279316931962967,25.1,6635.0,0.003164,3344.0,0.001595,4.24,,ct ct<-ct
xs5933wt,151_cascade_coldtransformer_singleaxis_l9,"dual_axis=False, l=9 — early img-mask fusion via PixelShuffle (axis_fuse_r=4) before a row-axis-only (cross-context) transformer, cold transformer, l=9 compute-matched vs 150",250,hip_left,False,s0650,s0458,False,0.8458,,0.8399,0.1638326793909073,25.1,5538.0,0.002641,4556.0,0.002172,4.24,,ct ct<-ct
xs5933wt,151_cascade_coldtransformer_singleaxis_l9,"dual_axis=False, l=9 — early img-mask fusion via PixelShuffle (axis_fuse_r=4) before a row-axis-only (cross-context) transformer, cold transformer, l=9 compute-matched vs 150",250,hip_left,False,s1287,s1305,False,0.0001,,0.0,1.0463504791259766,25.1,5944.0,0.002834,1.0,0.0,4.24,,ct ct<-ct
xs5933wt,151_cascade_coldtransformer_singleaxis_l9,"dual_axis=False, l=9 — early img-mask fusion via PixelShuffle (axis_fuse_r=4) before a row-axis-only (cross-context) transformer, cold transformer, l=9 compute-matched vs 150",250,hip_left,False,s0918,s0216,False,0.7728,,0.7701,0.2361476868391037,25.2,5550.0,0.002646,3463.0,0.001651,4.24,,ct ct<-ct
xs5933wt,151_cascade_coldtransformer_singleaxis_l9,"dual_axis=False, l=9 — early img-mask fusion via PixelShuffle (axis_fuse_r=4) before a row-axis-only (cross-context) transformer, cold transformer, l=9 compute-matched vs 150",250,hip_right,True,s0607,s1305,False,0.2854,,0.287,0.7331974506378174,25.2,5897.0,0.002812,37.0,1.8e-05,4.24,,ct ct<-ct
xs5933wt,151_cascade_coldtransformer_singleaxis_l9,"dual_axis=False, l=9 — early img-mask fusion via PixelShuffle (axis_fuse_r=4) before a row-axis-only (cross-context) transformer, cold transformer, l=9 compute-matched vs 150",250,hip_right,True,s0095,s0614,False,0.8412,,0.8313,0.17236120998859406,25.1,6692.0,0.003191,4138.0,0.001973,4.24,,ct ct<-ct
xs5933wt,151_cascade_coldtransformer_singleaxis_l9,"dual_axis=False, l=9 — early img-mask fusion via PixelShuffle (axis_fuse_r=4) before a row-axis-only (cross-context) transformer, cold transformer, l=9 compute-matched vs 150",250,hip_right,True,s0324,s1223,False,0.8305,,0.826,0.1775071769952774,25.1,2898.0,0.001382,4425.0,0.00211,4.24,,ct ct<-ct
xs5933wt,151_cascade_coldtransformer_singleaxis_l9,"dual_axis=False, l=9 — early img-mask fusion via PixelShuffle (axis_fuse_r=4) before a row-axis-only (cross-context) transformer, cold transformer, l=9 compute-matched vs 150",250,hip_right,True,s1223,s0000,False,0.8622,,0.8573,0.1452120989561081,25.1,4425.0,0.00211,2108.0,0.001005,4.24,,ct ct<-ct
xs5933wt,151_cascade_coldtransformer_singleaxis_l9,"dual_axis=False, l=9 — early img-mask fusion via PixelShuffle (axis_fuse_r=4) before a row-axis-only (cross-context) transformer, cold transformer, l=9 compute-matched vs 150",250,hip_right,True,s1024,s0000,False,0.742,,0.7092,0.29555147886276245,25.1,4251.0,0.002027,2108.0,0.001005,4.24,,ct ct<-ct
xs5933wt,151_cascade_coldtransformer_singleaxis_l9,"dual_axis=False, l=9 — early img-mask fusion via PixelShuffle (axis_fuse_r=4) before a row-axis-only (cross-context) transformer, cold transformer, l=9 compute-matched vs 150",250,humerus_left,True,s0794,s0808,False,0.9199,,0.9164,0.0837722197175026,25.1,696.0,0.000332,850.0,0.000405,4.24,,ct ct<-ct
xs5933wt,151_cascade_coldtransformer_singleaxis_l9,"dual_axis=False, l=9 — early img-mask fusion via PixelShuffle (axis_fuse_r=4) before a row-axis-only (cross-context) transformer, cold transformer, l=9 compute-matched vs 150",250,humerus_left,True,s1059,s0991,False,0.9329,,0.9293,0.07090535014867783,25.1,693.0,0.00033,538.0,0.000257,4.24,,ct ct<-ct
xs5933wt,151_cascade_coldtransformer_singleaxis_l9,"dual_axis=False, l=9 — early img-mask fusion via PixelShuffle (axis_fuse_r=4) before a row-axis-only (cross-context) transformer, cold transformer, l=9 compute-matched vs 150",250,humerus_left,True,s0675,s0824,False,0.7045,,0.7026,0.29898780584335327,25.1,806.0,0.000384,1279.0,0.00061,4.24,,ct ct<-ct
xs5933wt,151_cascade_coldtransformer_singleaxis_l9,"dual_axis=False, l=9 — early img-mask fusion via PixelShuffle (axis_fuse_r=4) before a row-axis-only (cross-context) transformer, cold transformer, l=9 compute-matched vs 150",250,humerus_left,True,s0991,s1287,False,0.8679,,0.865,0.1355532556772232,25.1,538.0,0.000257,574.0,0.000274,4.24,,ct ct<-ct
xs5933wt,151_cascade_coldtransformer_singleaxis_l9,"dual_axis=False, l=9 — early img-mask fusion via PixelShuffle (axis_fuse_r=4) before a row-axis-only (cross-context) transformer, cold transformer, l=9 compute-matched vs 150",250,humerus_left,True,s0794,s0466,False,0.0011,,0.0,1.0051296949386597,25.2,696.0,0.000332,8.0,4e-06,4.24,,ct ct<-ct
xs5933wt,151_cascade_coldtransformer_singleaxis_l9,"dual_axis=False, l=9 — early img-mask fusion via PixelShuffle (axis_fuse_r=4) before a row-axis-only (cross-context) transformer, cold transformer, l=9 compute-matched vs 150",250,humerus_left,True,s0698,s1046,False,0.9066,,0.9039,0.09630338847637177,25.1,493.0,0.000235,647.0,0.000309,4.24,,ct ct<-ct
xs5933wt,151_cascade_coldtransformer_singleaxis_l9,"dual_axis=False, l=9 — early img-mask fusion via PixelShuffle (axis_fuse_r=4) before a row-axis-only (cross-context) transformer, cold transformer, l=9 compute-matched vs 150",250,humerus_left,True,s0991,s1233,False,0.8633,,0.8548,0.14554256200790405,25.2,538.0,0.000257,852.0,0.000406,4.24,,ct ct<-ct
xs5933wt,151_cascade_coldtransformer_singleaxis_l9,"dual_axis=False, l=9 — early img-mask fusion via PixelShuffle (axis_fuse_r=4) before a row-axis-only (cross-context) transformer, cold transformer, l=9 compute-matched vs 150",250,humerus_right,False,s0698,s0123,False,0.7978,,0.7875,0.21325471997261047,25.2,473.0,0.000226,574.0,0.000274,4.24,,ct ct<-ct
xs5933wt,151_cascade_coldtransformer_singleaxis_l9,"dual_axis=False, l=9 — early img-mask fusion via PixelShuffle (axis_fuse_r=4) before a row-axis-only (cross-context) transformer, cold transformer, l=9 compute-matched vs 150",250,humerus_right,False,s1287,s0991,False,0.7931,,0.7946,0.20617391169071198,25.1,471.0,0.000225,377.0,0.00018,4.24,,ct ct<-ct
xs5933wt,151_cascade_coldtransformer_singleaxis_l9,"dual_axis=False, l=9 — early img-mask fusion via PixelShuffle (axis_fuse_r=4) before a row-axis-only (cross-context) transformer, cold transformer, l=9 compute-matched vs 150",250,humerus_right,False,s0032,s0991,False,0.8554,,0.8514,0.14926987886428833,25.1,800.0,0.000381,377.0,0.00018,4.24,,ct ct<-ct
xs5933wt,151_cascade_coldtransformer_singleaxis_l9,"dual_axis=False, l=9 — early img-mask fusion via PixelShuffle (axis_fuse_r=4) before a row-axis-only (cross-context) transformer, cold transformer, l=9 compute-matched vs 150",250,humerus_right,False,s0918,s0032,False,0.9082,,0.9066,0.09364698082208633,25.1,972.0,0.000463,800.0,0.000381,4.24,,ct ct<-ct
xs5933wt,151_cascade_coldtransformer_singleaxis_l9,"dual_axis=False, l=9 — early img-mask fusion via PixelShuffle (axis_fuse_r=4) before a row-axis-only (cross-context) transformer, cold transformer, l=9 compute-matched vs 150",250,humerus_right,False,s1337,s0794,False,0.8505,,0.8474,0.15305301547050476,25.2,484.0,0.000231,864.0,0.000412,4.24,,ct ct<-ct
xs5933wt,151_cascade_coldtransformer_singleaxis_l9,"dual_axis=False, l=9 — early img-mask fusion via PixelShuffle (axis_fuse_r=4) before a row-axis-only (cross-context) transformer, cold transformer, l=9 compute-matched vs 150",250,iliac_artery_left,True,s0000,s0614,False,0.5046,,0.5024,0.4977366030216217,25.1,38.0,1.8e-05,150.0,7.2e-05,4.24,,ct ct<-ct
xs5933wt,151_cascade_coldtransformer_singleaxis_l9,"dual_axis=False, l=9 — early img-mask fusion via PixelShuffle (axis_fuse_r=4) before a row-axis-only (cross-context) transformer, cold transformer, l=9 compute-matched vs 150",250,iliac_artery_left,True,s0095,s1161,False,0.6671,,0.6607,0.34008222818374634,25.1,360.0,0.000172,140.0,6.7e-05,4.24,,ct ct<-ct
xs5933wt,151_cascade_coldtransformer_singleaxis_l9,"dual_axis=False, l=9 — early img-mask fusion via PixelShuffle (axis_fuse_r=4) before a row-axis-only (cross-context) transformer, cold transformer, l=9 compute-matched vs 150",250,iliac_artery_left,True,s0095,s1024,False,0.6314,,0.624,0.3768412172794342,25.1,360.0,0.000172,157.0,7.5e-05,4.24,,ct ct<-ct
xs5933wt,151_cascade_coldtransformer_singleaxis_l9,"dual_axis=False, l=9 — early img-mask fusion via PixelShuffle (axis_fuse_r=4) before a row-axis-only (cross-context) transformer, cold transformer, l=9 compute-matched vs 150",250,iliac_artery_left,True,s1238,s1046,False,0.4696,,0.4615,0.5399966835975647,25.1,204.0,9.7e-05,347.0,0.000165,4.24,,ct ct<-ct
xs5933wt,151_cascade_coldtransformer_singleaxis_l9,"dual_axis=False, l=9 — early img-mask fusion via PixelShuffle (axis_fuse_r=4) before a row-axis-only (cross-context) transformer, cold transformer, l=9 compute-matched vs 150",250,iliac_artery_left,True,s1046,s0000,False,0.3166,,0.3047,0.6970107555389404,27.1,347.0,0.000165,38.0,1.8e-05,4.24,,ct ct<-ct
xs5933wt,151_cascade_coldtransformer_singleaxis_l9,"dual_axis=False, l=9 — early img-mask fusion via PixelShuffle (axis_fuse_r=4) before a row-axis-only (cross-context) transformer, cold transformer, l=9 compute-matched vs 150",250,iliac_artery_left,True,s1024,s1233,False,0.3916,,0.3858,0.6156187653541565,25.1,157.0,7.5e-05,124.0,5.9e-05,4.24,,ct ct<-ct
xs5933wt,151_cascade_coldtransformer_singleaxis_l9,"dual_axis=False, l=9 — early img-mask fusion via PixelShuffle (axis_fuse_r=4) before a row-axis-only (cross-context) transformer, cold transformer, l=9 compute-matched vs 150",250,iliac_artery_right,False,s0045,s0607,False,0.5087,,0.5145,0.4878513216972351,25.2,502.0,0.000239,213.0,0.000102,4.24,,ct ct<-ct
xs5933wt,151_cascade_coldtransformer_singleaxis_l9,"dual_axis=False, l=9 — early img-mask fusion via PixelShuffle (axis_fuse_r=4) before a row-axis-only (cross-context) transformer, cold transformer, l=9 compute-matched vs 150",250,iliac_artery_right,False,s0614,s1233,False,0.3831,,0.3811,0.6194767355918884,25.2,154.0,7.3e-05,159.0,7.6e-05,4.24,,ct ct<-ct
xs5933wt,151_cascade_coldtransformer_singleaxis_l9,"dual_axis=False, l=9 — early img-mask fusion via PixelShuffle (axis_fuse_r=4) before a row-axis-only (cross-context) transformer, cold transformer, l=9 compute-matched vs 150",250,iliac_artery_right,False,s1161,s0614,False,0.3837,,0.371,0.629722535610199,25.2,105.0,5e-05,154.0,7.3e-05,4.24,,ct ct<-ct
xs5933wt,151_cascade_coldtransformer_singleaxis_l9,"dual_axis=False, l=9 — early img-mask fusion via PixelShuffle (axis_fuse_r=4) before a row-axis-only (cross-context) transformer, cold transformer, l=9 compute-matched vs 150",250,iliac_artery_right,False,s1287,s0794,False,0.5306,,0.522,0.4789300560951233,25.2,337.0,0.000161,137.0,6.5e-05,4.24,,ct ct<-ct
xs5933wt,151_cascade_coldtransformer_singleaxis_l9,"dual_axis=False, l=9 — early img-mask fusion via PixelShuffle (axis_fuse_r=4) before a row-axis-only (cross-context) transformer, cold transformer, l=9 compute-matched vs 150",250,iliac_artery_right,False,s0650,s1305,False,0.3834,,0.3648,0.6359595656394958,25.1,260.0,0.000124,16.0,8e-06,4.24,,ct ct<-ct
xs5933wt,151_cascade_coldtransformer_singleaxis_l9,"dual_axis=False, l=9 — early img-mask fusion via PixelShuffle (axis_fuse_r=4) before a row-axis-only (cross-context) transformer, cold transformer, l=9 compute-matched vs 150",250,iliac_artery_right,False,s1238,s1024,False,0.5395,,0.5347,0.46592092514038086,25.1,202.0,9.6e-05,145.0,6.9e-05,4.24,,ct ct<-ct
xs5933wt,151_cascade_coldtransformer_singleaxis_l9,"dual_axis=False, l=9 — early img-mask fusion via PixelShuffle (axis_fuse_r=4) before a row-axis-only (cross-context) transformer, cold transformer, l=9 compute-matched vs 150",250,iliac_artery_right,False,s0794,s1233,False,0.4293,,0.4254,0.5750839710235596,25.1,137.0,6.5e-05,159.0,7.6e-05,4.24,,ct ct<-ct
xs5933wt,151_cascade_coldtransformer_singleaxis_l9,"dual_axis=False, l=9 — early img-mask fusion via PixelShuffle (axis_fuse_r=4) before a row-axis-only (cross-context) transformer, cold transformer, l=9 compute-matched vs 150",250,iliac_artery_right,False,s0607,s1024,False,0.4799,,0.4687,0.532114565372467,25.1,213.0,0.000102,145.0,6.9e-05,4.24,,ct ct<-ct
xs5933wt,151_cascade_coldtransformer_singleaxis_l9,"dual_axis=False, l=9 — early img-mask fusion via PixelShuffle (axis_fuse_r=4) before a row-axis-only (cross-context) transformer, cold transformer, l=9 compute-matched vs 150",250,iliac_artery_right,False,s1233,s0045,False,0.3584,,0.3568,0.6447854042053223,25.2,159.0,7.6e-05,502.0,0.000239,4.24,,ct ct<-ct
xs5933wt,151_cascade_coldtransformer_singleaxis_l9,"dual_axis=False, l=9 — early img-mask fusion via PixelShuffle (axis_fuse_r=4) before a row-axis-only (cross-context) transformer, cold transformer, l=9 compute-matched vs 150",250,iliac_artery_right,False,s0458,s0760,False,0.3075,,0.3067,0.6944208145141602,25.1,238.0,0.000113,143.0,6.8e-05,4.24,,ct ct<-ct
xs5933wt,151_cascade_coldtransformer_singleaxis_l9,"dual_axis=False, l=9 — early img-mask fusion via PixelShuffle (axis_fuse_r=4) before a row-axis-only (cross-context) transformer, cold transformer, l=9 compute-matched vs 150",250,iliac_vena_left,True,s1305,s1233,False,0.1667,,0.0,1.0000290870666504,25.1,5.0,2e-06,252.0,0.00012,4.24,,ct ct<-ct
xs5933wt,151_cascade_coldtransformer_singleaxis_l9,"dual_axis=False, l=9 — early img-mask fusion via PixelShuffle (axis_fuse_r=4) before a row-axis-only (cross-context) transformer, cold transformer, l=9 compute-matched vs 150",250,iliac_vena_left,True,s0546,s0458,False,0.5505,,0.5397,0.46248364448547363,25.1,484.0,0.000231,300.0,0.000143,4.24,,ct ct<-ct
xs5933wt,151_cascade_coldtransformer_singleaxis_l9,"dual_axis=False, l=9 — early img-mask fusion via PixelShuffle (axis_fuse_r=4) before a row-axis-only (cross-context) transformer, cold transformer, l=9 compute-matched vs 150",250,iliac_vena_left,True,s1305,s1238,False,0.0182,,0.0006,0.999548077583313,25.1,5.0,2e-06,300.0,0.000143,4.24,,ct ct<-ct
xs5933wt,151_cascade_coldtransformer_singleaxis_l9,"dual_axis=False, l=9 — early img-mask fusion via PixelShuffle (axis_fuse_r=4) before a row-axis-only (cross-context) transformer, cold transformer, l=9 compute-matched vs 150",250,iliac_vena_left,True,s1024,s1233,False,0.549,,0.5468,0.45501378178596497,25.1,453.0,0.000216,252.0,0.00012,4.24,,ct ct<-ct
xs5933wt,151_cascade_coldtransformer_singleaxis_l9,"dual_axis=False, l=9 — early img-mask fusion via PixelShuffle (axis_fuse_r=4) before a row-axis-only (cross-context) transformer, cold transformer, l=9 compute-matched vs 150",250,iliac_vena_left,True,s0607,s1223,False,0.5271,,0.5279,0.47401607036590576,25.1,405.0,0.000193,323.0,0.000154,4.24,,ct ct<-ct
xs5933wt,151_cascade_coldtransformer_singleaxis_l9,"dual_axis=False, l=9 — early img-mask fusion via PixelShuffle (axis_fuse_r=4) before a row-axis-only (cross-context) transformer, cold transformer, l=9 compute-matched vs 150",250,iliac_vena_left,True,s0607,s0918,False,0.3703,,0.3655,0.6367838382720947,25.1,405.0,0.000193,275.0,0.000131,4.24,,ct ct<-ct
xs5933wt,151_cascade_coldtransformer_singleaxis_l9,"dual_axis=False, l=9 — early img-mask fusion via PixelShuffle (axis_fuse_r=4) before a row-axis-only (cross-context) transformer, cold transformer, l=9 compute-matched vs 150",250,iliac_vena_right,False,s0650,s0794,False,0.5035,,0.4994,0.5028541684150696,25.3,322.0,0.000154,305.0,0.000145,4.24,,ct ct<-ct
xs5933wt,151_cascade_coldtransformer_singleaxis_l9,"dual_axis=False, l=9 — early img-mask fusion via PixelShuffle (axis_fuse_r=4) before a row-axis-only (cross-context) transformer, cold transformer, l=9 compute-matched vs 150",250,iliac_vena_right,False,s0216,s1223,False,0.2842,,0.2756,0.7259684801101685,25.5,155.0,7.4e-05,326.0,0.000155,4.24,,ct ct<-ct
xs5933wt,151_cascade_coldtransformer_singleaxis_l9,"dual_axis=False, l=9 — early img-mask fusion via PixelShuffle (axis_fuse_r=4) before a row-axis-only (cross-context) transformer, cold transformer, l=9 compute-matched vs 150",250,iliac_vena_right,False,s0794,s0625,False,0.6034,,0.5992,0.4016730487346649,25.1,305.0,0.000145,337.0,0.000161,4.24,,ct ct<-ct
xs5933wt,151_cascade_coldtransformer_singleaxis_l9,"dual_axis=False, l=9 — early img-mask fusion via PixelShuffle (axis_fuse_r=4) before a row-axis-only (cross-context) transformer, cold transformer, l=9 compute-matched vs 150",250,iliac_vena_right,False,s1305,s0546,False,0.1,,0.117,0.8830070495605469,25.1,5.0,2e-06,417.0,0.000199,4.24,,ct ct<-ct
xs5933wt,151_cascade_coldtransformer_singleaxis_l9,"dual_axis=False, l=9 — early img-mask fusion via PixelShuffle (axis_fuse_r=4) before a row-axis-only (cross-context) transformer, cold transformer, l=9 compute-matched vs 150",250,iliac_vena_right,False,s0794,s1233,False,0.6818,,0.6709,0.3295624554157257,25.1,305.0,0.000145,254.0,0.000121,4.24,,ct ct<-ct
xs5933wt,151_cascade_coldtransformer_singleaxis_l9,"dual_axis=False, l=9 — early img-mask fusion via PixelShuffle (axis_fuse_r=4) before a row-axis-only (cross-context) transformer, cold transformer, l=9 compute-matched vs 150",250,iliac_vena_right,False,s0625,s0991,False,0.5225,,0.5152,0.4865034520626068,25.1,337.0,0.000161,337.0,0.000161,4.24,,ct ct<-ct
xs5933wt,151_cascade_coldtransformer_singleaxis_l9,"dual_axis=False, l=9 — early img-mask fusion via PixelShuffle (axis_fuse_r=4) before a row-axis-only (cross-context) transformer, cold transformer, l=9 compute-matched vs 150",250,iliac_vena_right,False,s0607,s1161,False,0.4155,,0.4073,0.5943272709846497,25.1,346.0,0.000165,179.0,8.5e-05,4.24,,ct ct<-ct
xs5933wt,151_cascade_coldtransformer_singleaxis_l9,"dual_axis=False, l=9 — early img-mask fusion via PixelShuffle (axis_fuse_r=4) before a row-axis-only (cross-context) transformer, cold transformer, l=9 compute-matched vs 150",250,iliac_vena_right,False,s0458,s1161,False,0.4795,,0.4745,0.5263158679008484,25.1,215.0,0.000103,179.0,8.5e-05,4.24,,ct ct<-ct
xs5933wt,151_cascade_coldtransformer_singleaxis_l9,"dual_axis=False, l=9 — early img-mask fusion via PixelShuffle (axis_fuse_r=4) before a row-axis-only (cross-context) transformer, cold transformer, l=9 compute-matched vs 150",250,iliac_vena_right,False,s1046,s1305,False,0.1965,,0.1885,0.8160998225212097,25.1,432.0,0.000206,5.0,2e-06,4.24,,ct ct<-ct
xs5933wt,151_cascade_coldtransformer_singleaxis_l9,"dual_axis=False, l=9 — early img-mask fusion via PixelShuffle (axis_fuse_r=4) before a row-axis-only (cross-context) transformer, cold transformer, l=9 compute-matched vs 150",250,iliac_vena_right,False,s0918,s0607,False,0.5072,,0.502,0.4991006553173065,25.2,249.0,0.000119,346.0,0.000165,4.24,,ct ct<-ct
xs5933wt,151_cascade_coldtransformer_singleaxis_l9,"dual_axis=False, l=9 — early img-mask fusion via PixelShuffle (axis_fuse_r=4) before a row-axis-only (cross-context) transformer, cold transformer, l=9 compute-matched vs 150",250,iliopsoas_left,False,s1024,s0032,False,0.4326,,0.4118,0.5987257957458496,25.1,2983.0,0.001422,8.0,4e-06,4.24,,ct ct<-ct
xs5933wt,151_cascade_coldtransformer_singleaxis_l9,"dual_axis=False, l=9 — early img-mask fusion via PixelShuffle (axis_fuse_r=4) before a row-axis-only (cross-context) transformer, cold transformer, l=9 compute-matched vs 150",250,iliopsoas_left,False,s0000,s0675,False,0.0004,,0.0,1.0094736814498901,25.1,933.0,0.000445,10.0,5e-06,4.24,,ct ct<-ct
xs5933wt,151_cascade_coldtransformer_singleaxis_l9,"dual_axis=False, l=9 — early img-mask fusion via PixelShuffle (axis_fuse_r=4) before a row-axis-only (cross-context) transformer, cold transformer, l=9 compute-matched vs 150",250,iliopsoas_left,False,s0918,s0794,False,0.7961,,0.7942,0.20980840921401978,25.1,3410.0,0.001626,3028.0,0.001444,4.24,,ct ct<-ct
xs5933wt,151_cascade_coldtransformer_singleaxis_l9,"dual_axis=False, l=9 — early img-mask fusion via PixelShuffle (axis_fuse_r=4) before a row-axis-only (cross-context) transformer, cold transformer, l=9 compute-matched vs 150",250,iliopsoas_left,False,s0324,s0045,False,0.7573,,0.7517,0.25166016817092896,25.2,2705.0,0.00129,3638.0,0.001735,4.24,,ct ct<-ct
xs5933wt,151_cascade_coldtransformer_singleaxis_l9,"dual_axis=False, l=9 — early img-mask fusion via PixelShuffle (axis_fuse_r=4) before a row-axis-only (cross-context) transformer, cold transformer, l=9 compute-matched vs 150",250,iliopsoas_left,False,s0249,s0918,False,0.2973,,0.2496,0.7504198551177979,25.2,5.0,2e-06,3410.0,0.001626,4.24,,ct ct<-ct
xs5933wt,151_cascade_coldtransformer_singleaxis_l9,"dual_axis=False, l=9 — early img-mask fusion via PixelShuffle (axis_fuse_r=4) before a row-axis-only (cross-context) transformer, cold transformer, l=9 compute-matched vs 150",250,iliopsoas_left,False,s0000,s1024,False,0.6371,,0.5997,0.4019577205181122,25.2,933.0,0.000445,2983.0,0.001422,4.24,,ct ct<-ct
xs5933wt,151_cascade_coldtransformer_singleaxis_l9,"dual_axis=False, l=9 — early img-mask fusion via PixelShuffle (axis_fuse_r=4) before a row-axis-only (cross-context) transformer, cold transformer, l=9 compute-matched vs 150",250,iliopsoas_left,False,s0747,s0506,False,0.2966,,0.2584,0.7417265772819519,25.2,48.0,2.3e-05,4307.0,0.002054,4.24,,ct ct<-ct
xs5933wt,151_cascade_coldtransformer_singleaxis_l9,"dual_axis=False, l=9 — early img-mask fusion via PixelShuffle (axis_fuse_r=4) before a row-axis-only (cross-context) transformer, cold transformer, l=9 compute-matched vs 150",250,iliopsoas_left,False,s1233,s1278,False,0.4125,,0.4058,0.6052097082138062,25.2,2809.0,0.001339,117.0,5.6e-05,4.24,,ct ct<-ct
xs5933wt,151_cascade_coldtransformer_singleaxis_l9,"dual_axis=False, l=9 — early img-mask fusion via PixelShuffle (axis_fuse_r=4) before a row-axis-only (cross-context) transformer, cold transformer, l=9 compute-matched vs 150",250,iliopsoas_left,False,s0506,s1024,False,0.5197,,0.5226,0.48969724774360657,25.2,4307.0,0.002054,2983.0,0.001422,4.24,,ct ct<-ct
xs5933wt,151_cascade_coldtransformer_singleaxis_l9,"dual_axis=False, l=9 — early img-mask fusion via PixelShuffle (axis_fuse_r=4) before a row-axis-only (cross-context) transformer, cold transformer, l=9 compute-matched vs 150",250,iliopsoas_left,False,s0032,s1161,False,0.1339,,0.1155,0.8847945332527161,25.2,8.0,4e-06,2122.0,0.001012,4.24,,ct ct<-ct
xs5933wt,151_cascade_coldtransformer_singleaxis_l9,"dual_axis=False, l=9 — early img-mask fusion via PixelShuffle (axis_fuse_r=4) before a row-axis-only (cross-context) transformer, cold transformer, l=9 compute-matched vs 150",250,iliopsoas_left,False,s0324,s0032,False,0.3879,,0.3768,0.632203221321106,25.1,2705.0,0.00129,8.0,4e-06,4.24,,ct ct<-ct
xs5933wt,151_cascade_coldtransformer_singleaxis_l9,"dual_axis=False, l=9 — early img-mask fusion via PixelShuffle (axis_fuse_r=4) before a row-axis-only (cross-context) transformer, cold transformer, l=9 compute-matched vs 150",250,iliopsoas_right,True,s0650,s0824,False,0.0003,,0.0,1.0174726247787476,25.2,2962.0,0.001412,1.0,0.0,4.24,,ct ct<-ct
xs5933wt,151_cascade_coldtransformer_singleaxis_l9,"dual_axis=False, l=9 — early img-mask fusion via PixelShuffle (axis_fuse_r=4) before a row-axis-only (cross-context) transformer, cold transformer, l=9 compute-matched vs 150",250,iliopsoas_right,True,s0607,s0506,False,0.7685,,0.7612,0.2441502809524536,25.1,3881.0,0.001851,4246.0,0.002025,4.24,,ct ct<-ct
xs5933wt,151_cascade_coldtransformer_singleaxis_l9,"dual_axis=False, l=9 — early img-mask fusion via PixelShuffle (axis_fuse_r=4) before a row-axis-only (cross-context) transformer, cold transformer, l=9 compute-matched vs 150",250,iliopsoas_right,True,s0123,s0614,False,0.0053,,0.0058,0.9944570660591125,25.2,14.0,7e-06,2881.0,0.001374,4.24,,ct ct<-ct
xs5933wt,151_cascade_coldtransformer_singleaxis_l9,"dual_axis=False, l=9 — early img-mask fusion via PixelShuffle (axis_fuse_r=4) before a row-axis-only (cross-context) transformer, cold transformer, l=9 compute-matched vs 150",250,iliopsoas_right,True,s1233,s0216,False,0.7614,,0.7569,0.24652370810508728,25.2,2486.0,0.001185,2135.0,0.001018,4.24,,ct ct<-ct
xs5933wt,151_cascade_coldtransformer_singleaxis_l9,"dual_axis=False, l=9 — early img-mask fusion via PixelShuffle (axis_fuse_r=4) before a row-axis-only (cross-context) transformer, cold transformer, l=9 compute-matched vs 150",250,iliopsoas_right,True,s0420,s0216,False,0.1542,,0.1412,0.8591631650924683,25.1,19.0,9e-06,2135.0,0.001018,4.24,,ct ct<-ct
xs5933wt,151_cascade_coldtransformer_singleaxis_l9,"dual_axis=False, l=9 — early img-mask fusion via PixelShuffle (axis_fuse_r=4) before a row-axis-only (cross-context) transformer, cold transformer, l=9 compute-matched vs 150",250,inferior_vena_cava,True,s0458,s1278,False,0.7084,,0.7024,0.298851877450943,25.1,753.0,0.000359,657.0,0.000313,4.24,,ct ct<-ct
xs5933wt,151_cascade_coldtransformer_singleaxis_l9,"dual_axis=False, l=9 — early img-mask fusion via PixelShuffle (axis_fuse_r=4) before a row-axis-only (cross-context) transformer, cold transformer, l=9 compute-matched vs 150",250,inferior_vena_cava,True,s1197,s0698,False,0.3224,,0.3097,0.6907596588134766,25.2,38.0,1.8e-05,485.0,0.000231,4.24,,ct ct<-ct
xs5933wt,151_cascade_coldtransformer_singleaxis_l9,"dual_axis=False, l=9 — early img-mask fusion via PixelShuffle (axis_fuse_r=4) before a row-axis-only (cross-context) transformer, cold transformer, l=9 compute-matched vs 150",250,inferior_vena_cava,True,s1133,s1161,False,0.7838,,0.7712,0.22916802763938904,25.1,387.0,0.000185,859.0,0.00041,4.24,,ct ct<-ct
xs5933wt,151_cascade_coldtransformer_singleaxis_l9,"dual_axis=False, l=9 — early img-mask fusion via PixelShuffle (axis_fuse_r=4) before a row-axis-only (cross-context) transformer, cold transformer, l=9 compute-matched vs 150",250,inferior_vena_cava,True,s1223,s1017,False,0.6644,,0.6642,0.3382391631603241,25.1,1301.0,0.00062,310.0,0.000148,4.24,,ct ct<-ct
xs5933wt,151_cascade_coldtransformer_singleaxis_l9,"dual_axis=False, l=9 — early img-mask fusion via PixelShuffle (axis_fuse_r=4) before a row-axis-only (cross-context) transformer, cold transformer, l=9 compute-matched vs 150",250,inferior_vena_cava,True,s0760,s0675,False,0.7717,,0.7685,0.23317016661167145,25.3,1320.0,0.000629,492.0,0.000235,4.24,,ct ct<-ct
xs5933wt,151_cascade_coldtransformer_singleaxis_l9,"dual_axis=False, l=9 — early img-mask fusion via PixelShuffle (axis_fuse_r=4) before a row-axis-only (cross-context) transformer, cold transformer, l=9 compute-matched vs 150",250,kidney_left,True,s0675,s0918,False,0.9305,,0.9255,0.07485660165548325,25.2,888.0,0.000423,1796.0,0.000856,4.24,,ct ct<-ct
xs5933wt,151_cascade_coldtransformer_singleaxis_l9,"dual_axis=False, l=9 — early img-mask fusion via PixelShuffle (axis_fuse_r=4) before a row-axis-only (cross-context) transformer, cold transformer, l=9 compute-matched vs 150",250,kidney_left,True,s0458,s1046,False,0.8576,,0.8568,0.14517055451869965,25.1,1998.0,0.000953,2004.0,0.000956,4.24,,ct ct<-ct
xs5933wt,151_cascade_coldtransformer_singleaxis_l9,"dual_axis=False, l=9 — early img-mask fusion via PixelShuffle (axis_fuse_r=4) before a row-axis-only (cross-context) transformer, cold transformer, l=9 compute-matched vs 150",250,kidney_left,True,s0544,s1287,False,0.867,,0.8604,0.1399947702884674,25.2,348.0,0.000166,2137.0,0.001019,4.24,,ct ct<-ct
xs5933wt,151_cascade_coldtransformer_singleaxis_l9,"dual_axis=False, l=9 — early img-mask fusion via PixelShuffle (axis_fuse_r=4) before a row-axis-only (cross-context) transformer, cold transformer, l=9 compute-matched vs 150",250,kidney_right,False,s0794,s0249,False,0.5702,,0.5729,0.43107661604881287,25.1,2063.0,0.000984,154.0,7.3e-05,4.24,,ct ct<-ct
xs5933wt,151_cascade_coldtransformer_singleaxis_l9,"dual_axis=False, l=9 — early img-mask fusion via PixelShuffle (axis_fuse_r=4) before a row-axis-only (cross-context) transformer, cold transformer, l=9 compute-matched vs 150",250,kidney_right,False,s1017,s0045,False,0.8808,,0.876,0.12462474405765533,25.1,790.0,0.000377,1630.0,0.000777,4.24,,ct ct<-ct
xs5933wt,151_cascade_coldtransformer_singleaxis_l9,"dual_axis=False, l=9 — early img-mask fusion via PixelShuffle (axis_fuse_r=4) before a row-axis-only (cross-context) transformer, cold transformer, l=9 compute-matched vs 150",250,kidney_right,False,s0625,s1199,False,0.8663,,0.8628,0.13998472690582275,25.2,2352.0,0.001122,879.0,0.000419,4.24,,ct ct<-ct
xs5933wt,151_cascade_coldtransformer_singleaxis_l9,"dual_axis=False, l=9 — early img-mask fusion via PixelShuffle (axis_fuse_r=4) before a row-axis-only (cross-context) transformer, cold transformer, l=9 compute-matched vs 150",250,kidney_right,False,s0918,s0249,False,0.6871,,0.6979,0.30395615100860596,25.1,1740.0,0.00083,154.0,7.3e-05,4.24,,ct ct<-ct
xs5933wt,151_cascade_coldtransformer_singleaxis_l9,"dual_axis=False, l=9 — early img-mask fusion via PixelShuffle (axis_fuse_r=4) before a row-axis-only (cross-context) transformer, cold transformer, l=9 compute-matched vs 150",250,kidney_right,False,s1337,s1305,False,0.6424,,0.6115,0.3886181116104126,25.1,71.0,3.4e-05,1767.0,0.000843,4.24,,ct ct<-ct
xs5933wt,151_cascade_coldtransformer_singleaxis_l9,"dual_axis=False, l=9 — early img-mask fusion via PixelShuffle (axis_fuse_r=4) before a row-axis-only (cross-context) transformer, cold transformer, l=9 compute-matched vs 150",250,liver,True,s1197,s0123,False,0.5931,,0.5808,0.4232651889324188,25.1,1328.0,0.000633,21888.0,0.010437,4.24,,ct ct<-ct
xs5933wt,151_cascade_coldtransformer_singleaxis_l9,"dual_axis=False, l=9 — early img-mask fusion via PixelShuffle (axis_fuse_r=4) before a row-axis-only (cross-context) transformer, cold transformer, l=9 compute-matched vs 150",250,liver,True,s0808,s1337,False,0.9268,,0.9233,0.08238039165735245,25.2,18340.0,0.008745,21214.0,0.010116,4.24,,ct ct<-ct
xs5933wt,151_cascade_coldtransformer_singleaxis_l9,"dual_axis=False, l=9 — early img-mask fusion via PixelShuffle (axis_fuse_r=4) before a row-axis-only (cross-context) transformer, cold transformer, l=9 compute-matched vs 150",250,liver,True,s0794,s1233,False,0.9425,,0.9382,0.06902588903903961,25.2,29286.0,0.013965,20455.0,0.009754,4.24,,ct ct<-ct
xs5933wt,151_cascade_coldtransformer_singleaxis_l9,"dual_axis=False, l=9 — early img-mask fusion via PixelShuffle (axis_fuse_r=4) before a row-axis-only (cross-context) transformer, cold transformer, l=9 compute-matched vs 150",250,liver,True,s1133,s0032,False,0.9306,,0.9276,0.07614415138959885,25.2,10789.0,0.005145,12502.0,0.005961,4.24,,ct ct<-ct
xs5933wt,151_cascade_coldtransformer_singleaxis_l9,"dual_axis=False, l=9 — early img-mask fusion via PixelShuffle (axis_fuse_r=4) before a row-axis-only (cross-context) transformer, cold transformer, l=9 compute-matched vs 150",250,liver,True,s0249,s1133,False,0.929,,0.925,0.08020926266908646,25.1,19867.0,0.009473,10789.0,0.005145,4.24,,ct ct<-ct
xs5933wt,151_cascade_coldtransformer_singleaxis_l9,"dual_axis=False, l=9 — early img-mask fusion via PixelShuffle (axis_fuse_r=4) before a row-axis-only (cross-context) transformer, cold transformer, l=9 compute-matched vs 150",250,liver,True,s0839,s1024,False,0.9063,,0.9013,0.1003306582570076,25.3,3846.0,0.001834,43196.0,0.020597,4.24,,ct ct<-ct
xs5933wt,151_cascade_coldtransformer_singleaxis_l9,"dual_axis=False, l=9 — early img-mask fusion via PixelShuffle (axis_fuse_r=4) before a row-axis-only (cross-context) transformer, cold transformer, l=9 compute-matched vs 150",250,liver,True,s0839,s1233,False,0.8779,,0.8745,0.128546804189682,25.1,3846.0,0.001834,20455.0,0.009754,4.24,,ct ct<-ct
xs5933wt,151_cascade_coldtransformer_singleaxis_l9,"dual_axis=False, l=9 — early img-mask fusion via PixelShuffle (axis_fuse_r=4) before a row-axis-only (cross-context) transformer, cold transformer, l=9 compute-matched vs 150",250,liver,True,s0032,s0458,False,0.7476,,0.7449,0.2768029570579529,25.1,12502.0,0.005961,21472.0,0.010239,4.24,,ct ct<-ct
xs5933wt,151_cascade_coldtransformer_singleaxis_l9,"dual_axis=False, l=9 — early img-mask fusion via PixelShuffle (axis_fuse_r=4) before a row-axis-only (cross-context) transformer, cold transformer, l=9 compute-matched vs 150",250,liver,True,s0918,s1133,False,0.9382,,0.9356,0.07046040147542953,25.2,22373.0,0.010668,10789.0,0.005145,4.24,,ct ct<-ct
xs5933wt,151_cascade_coldtransformer_singleaxis_l9,"dual_axis=False, l=9 — early img-mask fusion via PixelShuffle (axis_fuse_r=4) before a row-axis-only (cross-context) transformer, cold transformer, l=9 compute-matched vs 150",250,liver,True,s1287,s0618,False,0.9456,,0.9417,0.062114596366882324,25.1,17607.0,0.008396,14939.0,0.007123,4.24,,ct ct<-ct
xs5933wt,151_cascade_coldtransformer_singleaxis_l9,"dual_axis=False, l=9 — early img-mask fusion via PixelShuffle (axis_fuse_r=4) before a row-axis-only (cross-context) transformer, cold transformer, l=9 compute-matched vs 150",250,liver,True,s1133,s0324,False,0.9121,,0.91,0.09559831768274307,25.2,10789.0,0.005145,14376.0,0.006855,4.24,,ct ct<-ct
xs5933wt,151_cascade_coldtransformer_singleaxis_l9,"dual_axis=False, l=9 — early img-mask fusion via PixelShuffle (axis_fuse_r=4) before a row-axis-only (cross-context) transformer, cold transformer, l=9 compute-matched vs 150",250,liver,True,s0095,s1287,False,0.8907,,0.8846,0.12772107124328613,25.1,27299.0,0.013017,17607.0,0.008396,4.24,,ct ct<-ct
xs5933wt,151_cascade_coldtransformer_singleaxis_l9,"dual_axis=False, l=9 — early img-mask fusion via PixelShuffle (axis_fuse_r=4) before a row-axis-only (cross-context) transformer, cold transformer, l=9 compute-matched vs 150",250,liver,True,s0607,s0324,False,0.9545,,0.9483,0.05725406855344772,25.1,33423.0,0.015937,14376.0,0.006855,4.24,,ct ct<-ct
xs5933wt,151_cascade_coldtransformer_singleaxis_l9,"dual_axis=False, l=9 — early img-mask fusion via PixelShuffle (axis_fuse_r=4) before a row-axis-only (cross-context) transformer, cold transformer, l=9 compute-matched vs 150",250,lung_lower_lobe_left,True,s1161,s1287,False,0.7948,,0.7916,0.2210528403520584,25.2,8122.0,0.003873,19056.0,0.009087,4.24,,ct ct<-ct
xs5933wt,151_cascade_coldtransformer_singleaxis_l9,"dual_axis=False, l=9 — early img-mask fusion via PixelShuffle (axis_fuse_r=4) before a row-axis-only (cross-context) transformer, cold transformer, l=9 compute-matched vs 150",250,lung_lower_lobe_left,True,s0698,s1002,False,0.7133,,0.7085,0.3038274049758911,25.1,5822.0,0.002776,14336.0,0.006836,4.24,,ct ct<-ct
xs5933wt,151_cascade_coldtransformer_singleaxis_l9,"dual_axis=False, l=9 — early img-mask fusion via PixelShuffle (axis_fuse_r=4) before a row-axis-only (cross-context) transformer, cold transformer, l=9 compute-matched vs 150",250,lung_lower_lobe_left,True,s0760,s0625,False,0.8618,,0.8547,0.14927417039871216,25.1,6234.0,0.002973,11156.0,0.00532,4.24,,ct ct<-ct
xs5933wt,151_cascade_coldtransformer_singleaxis_l9,"dual_axis=False, l=9 — early img-mask fusion via PixelShuffle (axis_fuse_r=4) before a row-axis-only (cross-context) transformer, cold transformer, l=9 compute-matched vs 150",250,lung_lower_lobe_left,True,s1287,s1161,False,0.7918,,0.7904,0.2319515347480774,25.2,19056.0,0.009087,8122.0,0.003873,4.24,,ct ct<-ct
xs5933wt,151_cascade_coldtransformer_singleaxis_l9,"dual_axis=False, l=9 — early img-mask fusion via PixelShuffle (axis_fuse_r=4) before a row-axis-only (cross-context) transformer, cold transformer, l=9 compute-matched vs 150",250,lung_lower_lobe_left,True,s0698,s1223,False,0.704,,0.6981,0.31379884481430054,25.1,5822.0,0.002776,20751.0,0.009895,4.24,,ct ct<-ct
xs5933wt,151_cascade_coldtransformer_singleaxis_l9,"dual_axis=False, l=9 — early img-mask fusion via PixelShuffle (axis_fuse_r=4) before a row-axis-only (cross-context) transformer, cold transformer, l=9 compute-matched vs 150",250,lung_lower_lobe_left,True,s0546,s1106,False,0.799,,0.7966,0.22188922762870789,25.1,21743.0,0.010368,3257.0,0.001553,4.24,,ct ct<-ct
xs5933wt,151_cascade_coldtransformer_singleaxis_l9,"dual_axis=False, l=9 — early img-mask fusion via PixelShuffle (axis_fuse_r=4) before a row-axis-only (cross-context) transformer, cold transformer, l=9 compute-matched vs 150",250,lung_lower_lobe_left,True,s0650,s0420,False,0.5467,,0.5366,0.5020748972892761,25.1,11579.0,0.005521,14223.0,0.006782,4.24,,ct ct<-ct
xs5933wt,151_cascade_coldtransformer_singleaxis_l9,"dual_axis=False, l=9 — early img-mask fusion via PixelShuffle (axis_fuse_r=4) before a row-axis-only (cross-context) transformer, cold transformer, l=9 compute-matched vs 150",250,lung_lower_lobe_left,True,s1199,s0607,False,0.8585,,0.8554,0.15223336219787598,25.2,10920.0,0.005207,9060.0,0.00432,4.24,,ct ct<-ct
xs5933wt,151_cascade_coldtransformer_singleaxis_l9,"dual_axis=False, l=9 — early img-mask fusion via PixelShuffle (axis_fuse_r=4) before a row-axis-only (cross-context) transformer, cold transformer, l=9 compute-matched vs 150",250,lung_lower_lobe_left,True,s1223,s0760,False,0.8485,,0.8432,0.16583319008350372,25.1,20751.0,0.009895,6234.0,0.002973,4.24,,ct ct<-ct
xs5933wt,151_cascade_coldtransformer_singleaxis_l9,"dual_axis=False, l=9 — early img-mask fusion via PixelShuffle (axis_fuse_r=4) before a row-axis-only (cross-context) transformer, cold transformer, l=9 compute-matched vs 150",250,lung_lower_lobe_left,True,s0655,s1017,False,0.6078,,0.6039,0.4091157019138336,25.2,5692.0,0.002714,2876.0,0.001371,4.24,,ct ct<-ct
xs5933wt,151_cascade_coldtransformer_singleaxis_l9,"dual_axis=False, l=9 — early img-mask fusion via PixelShuffle (axis_fuse_r=4) before a row-axis-only (cross-context) transformer, cold transformer, l=9 compute-matched vs 150",250,lung_lower_lobe_left,True,s0045,s0625,False,0.8398,,0.835,0.1732441484928131,25.1,7674.0,0.003659,11156.0,0.00532,4.24,,ct ct<-ct
xs5933wt,151_cascade_coldtransformer_singleaxis_l9,"dual_axis=False, l=9 — early img-mask fusion via PixelShuffle (axis_fuse_r=4) before a row-axis-only (cross-context) transformer, cold transformer, l=9 compute-matched vs 150",250,lung_lower_lobe_left,True,s0918,s1133,False,0.8952,,0.8926,0.11456098407506943,25.2,14524.0,0.006926,9134.0,0.004355,4.24,,ct ct<-ct
xs5933wt,151_cascade_coldtransformer_singleaxis_l9,"dual_axis=False, l=9 — early img-mask fusion via PixelShuffle (axis_fuse_r=4) before a row-axis-only (cross-context) transformer, cold transformer, l=9 compute-matched vs 150",250,lung_lower_lobe_right,False,s1046,s1233,False,0.8636,,0.8614,0.14987580478191376,25.1,18628.0,0.008883,11906.0,0.005677,4.24,,ct ct<-ct
xs5933wt,151_cascade_coldtransformer_singleaxis_l9,"dual_axis=False, l=9 — early img-mask fusion via PixelShuffle (axis_fuse_r=4) before a row-axis-only (cross-context) transformer, cold transformer, l=9 compute-matched vs 150",250,lung_lower_lobe_right,False,s0839,s0458,False,0.8002,,0.7932,0.21029269695281982,25.1,3831.0,0.001827,8333.0,0.003973,4.24,,ct ct<-ct
xs5933wt,151_cascade_coldtransformer_singleaxis_l9,"dual_axis=False, l=9 — early img-mask fusion via PixelShuffle (axis_fuse_r=4) before a row-axis-only (cross-context) transformer, cold transformer, l=9 compute-matched vs 150",250,lung_lower_lobe_right,False,s1046,s1161,False,0.8615,,0.8554,0.15590597689151764,25.2,18628.0,0.008883,10664.0,0.005085,4.24,,ct ct<-ct
xs5933wt,151_cascade_coldtransformer_singleaxis_l9,"dual_axis=False, l=9 — early img-mask fusion via PixelShuffle (axis_fuse_r=4) before a row-axis-only (cross-context) transformer, cold transformer, l=9 compute-matched vs 150",250,lung_lower_lobe_right,False,s0324,s1337,False,0.8626,,0.8614,0.14051197469234467,25.2,3618.0,0.001725,20268.0,0.009665,4.24,,ct ct<-ct
xs5933wt,151_cascade_coldtransformer_singleaxis_l9,"dual_axis=False, l=9 — early img-mask fusion via PixelShuffle (axis_fuse_r=4) before a row-axis-only (cross-context) transformer, cold transformer, l=9 compute-matched vs 150",250,lung_lower_lobe_right,False,s0808,s0607,False,0.7969,,0.7928,0.21843741834163666,25.1,8959.0,0.004272,12691.0,0.006052,4.24,,ct ct<-ct
xs5933wt,151_cascade_coldtransformer_singleaxis_l9,"dual_axis=False, l=9 — early img-mask fusion via PixelShuffle (axis_fuse_r=4) before a row-axis-only (cross-context) transformer, cold transformer, l=9 compute-matched vs 150",250,lung_lower_lobe_right,False,s0991,s0874,False,0.4126,,0.4241,0.5965797305107117,25.1,11142.0,0.005313,47.0,2.2e-05,4.24,,ct ct<-ct
xs5933wt,151_cascade_coldtransformer_singleaxis_l9,"dual_axis=False, l=9 — early img-mask fusion via PixelShuffle (axis_fuse_r=4) before a row-axis-only (cross-context) transformer, cold transformer, l=9 compute-matched vs 150",250,lung_lower_lobe_right,False,s1002,s0458,False,0.794,,0.7799,0.2239634245634079,25.1,5450.0,0.002599,8333.0,0.003973,4.24,,ct ct<-ct
xs5933wt,151_cascade_coldtransformer_singleaxis_l9,"dual_axis=False, l=9 — early img-mask fusion via PixelShuffle (axis_fuse_r=4) before a row-axis-only (cross-context) transformer, cold transformer, l=9 compute-matched vs 150",250,lung_lower_lobe_right,False,s0346,s1024,False,0.3098,,0.3057,0.6969206929206848,25.2,156.0,7.4e-05,7394.0,0.003526,4.24,,ct ct<-ct
xs5933wt,151_cascade_coldtransformer_singleaxis_l9,"dual_axis=False, l=9 — early img-mask fusion via PixelShuffle (axis_fuse_r=4) before a row-axis-only (cross-context) transformer, cold transformer, l=9 compute-matched vs 150",250,lung_middle_lobe_right,True,s0824,s0045,False,0.7608,,0.7571,0.25207382440567017,25.2,5704.0,0.00272,3176.0,0.001514,4.24,,ct ct<-ct
xs5933wt,151_cascade_coldtransformer_singleaxis_l9,"dual_axis=False, l=9 — early img-mask fusion via PixelShuffle (axis_fuse_r=4) before a row-axis-only (cross-context) transformer, cold transformer, l=9 compute-matched vs 150",250,lung_middle_lobe_right,True,s0794,s0747,False,0.8411,,0.8356,0.1678244024515152,25.2,4869.0,0.002322,8471.0,0.004039,4.24,,ct ct<-ct
xs5933wt,151_cascade_coldtransformer_singleaxis_l9,"dual_axis=False, l=9 — early img-mask fusion via PixelShuffle (axis_fuse_r=4) before a row-axis-only (cross-context) transformer, cold transformer, l=9 compute-matched vs 150",250,lung_middle_lobe_right,True,s1002,s1278,False,0.7042,,0.7009,0.3038873076438904,25.2,2048.0,0.000977,8214.0,0.003917,4.24,,ct ct<-ct
xs5933wt,151_cascade_coldtransformer_singleaxis_l9,"dual_axis=False, l=9 — early img-mask fusion via PixelShuffle (axis_fuse_r=4) before a row-axis-only (cross-context) transformer, cold transformer, l=9 compute-matched vs 150",250,lung_middle_lobe_right,True,s1024,s1197,False,0.6228,,0.6193,0.3876911699771881,25.1,2029.0,0.000968,3421.0,0.001631,4.24,,ct ct<-ct
xs5933wt,151_cascade_coldtransformer_singleaxis_l9,"dual_axis=False, l=9 — early img-mask fusion via PixelShuffle (axis_fuse_r=4) before a row-axis-only (cross-context) transformer, cold transformer, l=9 compute-matched vs 150",250,lung_middle_lobe_right,True,s0655,s1161,False,0.5256,,0.5214,0.48247846961021423,27.1,928.0,0.000443,5252.0,0.002504,4.24,,ct ct<-ct
xs5933wt,151_cascade_coldtransformer_singleaxis_l9,"dual_axis=False, l=9 — early img-mask fusion via PixelShuffle (axis_fuse_r=4) before a row-axis-only (cross-context) transformer, cold transformer, l=9 compute-matched vs 150",250,lung_middle_lobe_right,True,s1199,s1024,False,0.8387,,0.8324,0.1708221435546875,25.1,5262.0,0.002509,2029.0,0.000968,4.24,,ct ct<-ct
xs5933wt,151_cascade_coldtransformer_singleaxis_l9,"dual_axis=False, l=9 — early img-mask fusion via PixelShuffle (axis_fuse_r=4) before a row-axis-only (cross-context) transformer, cold transformer, l=9 compute-matched vs 150",250,lung_upper_lobe_left,False,s1233,s0747,False,0.8863,,0.8799,0.12490721046924591,25.4,11865.0,0.005658,15890.0,0.007577,4.24,,ct ct<-ct
xs5933wt,151_cascade_coldtransformer_singleaxis_l9,"dual_axis=False, l=9 — early img-mask fusion via PixelShuffle (axis_fuse_r=4) before a row-axis-only (cross-context) transformer, cold transformer, l=9 compute-matched vs 150",250,lung_upper_lobe_left,False,s0021,s0832,False,0.4646,,0.4653,0.5657682418823242,25.1,9512.0,0.004536,9857.0,0.0047,4.24,,ct ct<-ct
xs5933wt,151_cascade_coldtransformer_singleaxis_l9,"dual_axis=False, l=9 — early img-mask fusion via PixelShuffle (axis_fuse_r=4) before a row-axis-only (cross-context) transformer, cold transformer, l=9 compute-matched vs 150",250,lung_upper_lobe_left,False,s0095,s1161,False,0.6616,,0.6604,0.37998059391975403,25.2,18724.0,0.008928,11195.0,0.005338,4.24,,ct ct<-ct
xs5933wt,151_cascade_coldtransformer_singleaxis_l9,"dual_axis=False, l=9 — early img-mask fusion via PixelShuffle (axis_fuse_r=4) before a row-axis-only (cross-context) transformer, cold transformer, l=9 compute-matched vs 150",250,lung_upper_lobe_left,False,s0045,s1238,False,0.6703,,0.6699,0.33463212847709656,25.1,2579.0,0.00123,8583.0,0.004093,4.24,,ct ct<-ct
xs5933wt,151_cascade_coldtransformer_singleaxis_l9,"dual_axis=False, l=9 — early img-mask fusion via PixelShuffle (axis_fuse_r=4) before a row-axis-only (cross-context) transformer, cold transformer, l=9 compute-matched vs 150",250,lung_upper_lobe_left,False,s0249,s1059,False,0.2359,,0.2517,0.751411497592926,25.1,1292.0,0.000616,2223.0,0.00106,4.24,,ct ct<-ct
xs5933wt,151_cascade_coldtransformer_singleaxis_l9,"dual_axis=False, l=9 — early img-mask fusion via PixelShuffle (axis_fuse_r=4) before a row-axis-only (cross-context) transformer, cold transformer, l=9 compute-matched vs 150",250,lung_upper_lobe_left,False,s0032,s0991,False,0.8116,,0.8071,0.1999671906232834,25.1,5829.0,0.002779,13593.0,0.006482,4.24,,ct ct<-ct
xs5933wt,151_cascade_coldtransformer_singleaxis_l9,"dual_axis=False, l=9 — early img-mask fusion via PixelShuffle (axis_fuse_r=4) before a row-axis-only (cross-context) transformer, cold transformer, l=9 compute-matched vs 150",250,lung_upper_lobe_right,True,s0625,s0572,False,0.8144,,0.8115,0.19762925803661346,25.2,12412.0,0.005919,868.0,0.000414,4.24,,ct ct<-ct
xs5933wt,151_cascade_coldtransformer_singleaxis_l9,"dual_axis=False, l=9 — early img-mask fusion via PixelShuffle (axis_fuse_r=4) before a row-axis-only (cross-context) transformer, cold transformer, l=9 compute-matched vs 150",250,lung_upper_lobe_right,True,s0544,s0625,False,0.0087,,0.0056,0.9953250288963318,25.1,1.0,0.0,12412.0,0.005919,4.24,,ct ct<-ct
xs5933wt,151_cascade_coldtransformer_singleaxis_l9,"dual_axis=False, l=9 — early img-mask fusion via PixelShuffle (axis_fuse_r=4) before a row-axis-only (cross-context) transformer, cold transformer, l=9 compute-matched vs 150",250,lung_upper_lobe_right,True,s0544,s1223,False,0.0159,,0.0101,0.9906693696975708,25.1,1.0,0.0,15308.0,0.007299,4.24,,ct ct<-ct
xs5933wt,151_cascade_coldtransformer_singleaxis_l9,"dual_axis=False, l=9 — early img-mask fusion via PixelShuffle (axis_fuse_r=4) before a row-axis-only (cross-context) transformer, cold transformer, l=9 compute-matched vs 150",250,lung_upper_lobe_right,True,s0625,s0045,False,0.0001,,0.0,1.0820465087890625,25.2,12412.0,0.005919,1.0,0.0,4.24,,ct ct<-ct
xs5933wt,151_cascade_coldtransformer_singleaxis_l9,"dual_axis=False, l=9 — early img-mask fusion via PixelShuffle (axis_fuse_r=4) before a row-axis-only (cross-context) transformer, cold transformer, l=9 compute-matched vs 150",250,lung_upper_lobe_right,True,s0808,s0420,False,0.884,,0.8781,0.12838728725910187,25.1,10096.0,0.004814,19139.0,0.009126,4.24,,ct ct<-ct
xs5933wt,151_cascade_coldtransformer_singleaxis_l9,"dual_axis=False, l=9 — early img-mask fusion via PixelShuffle (axis_fuse_r=4) before a row-axis-only (cross-context) transformer, cold transformer, l=9 compute-matched vs 150",250,lung_upper_lobe_right,True,s0458,s0918,False,0.0291,,0.0262,0.9749508500099182,25.1,7.0,3e-06,21467.0,0.010236,4.24,,ct ct<-ct
xs5933wt,151_cascade_coldtransformer_singleaxis_l9,"dual_axis=False, l=9 — early img-mask fusion via PixelShuffle (axis_fuse_r=4) before a row-axis-only (cross-context) transformer, cold transformer, l=9 compute-matched vs 150",250,lung_upper_lobe_right,True,s1024,s0874,False,0.587,,0.5779,0.4408767521381378,25.2,4483.0,0.002138,4191.0,0.001998,4.24,,ct ct<-ct
xs5933wt,151_cascade_coldtransformer_singleaxis_l9,"dual_axis=False, l=9 — early img-mask fusion via PixelShuffle (axis_fuse_r=4) before a row-axis-only (cross-context) transformer, cold transformer, l=9 compute-matched vs 150",250,lung_upper_lobe_right,True,s0625,s1199,False,0.8918,,0.8895,0.11573266983032227,25.1,12412.0,0.005919,11337.0,0.005406,4.24,,ct ct<-ct
xs5933wt,151_cascade_coldtransformer_singleaxis_l9,"dual_axis=False, l=9 — early img-mask fusion via PixelShuffle (axis_fuse_r=4) before a row-axis-only (cross-context) transformer, cold transformer, l=9 compute-matched vs 150",250,lung_upper_lobe_right,True,s1024,s0045,False,0.0034,,0.0071,1.0158460140228271,25.1,4483.0,0.002138,1.0,0.0,4.24,,ct ct<-ct
xs5933wt,151_cascade_coldtransformer_singleaxis_l9,"dual_axis=False, l=9 — early img-mask fusion via PixelShuffle (axis_fuse_r=4) before a row-axis-only (cross-context) transformer, cold transformer, l=9 compute-matched vs 150",250,pancreas,True,s0544,s1199,False,0.1838,,0.1814,0.8207768201828003,25.1,189.0,9e-05,541.0,0.000258,4.24,,ct ct<-ct
xs5933wt,151_cascade_coldtransformer_singleaxis_l9,"dual_axis=False, l=9 — early img-mask fusion via PixelShuffle (axis_fuse_r=4) before a row-axis-only (cross-context) transformer, cold transformer, l=9 compute-matched vs 150",250,pancreas,True,s0546,s1278,False,0.5481,,0.5377,0.4664601981639862,25.1,1059.0,0.000505,1071.0,0.000511,4.24,,ct ct<-ct
xs5933wt,151_cascade_coldtransformer_singleaxis_l9,"dual_axis=False, l=9 — early img-mask fusion via PixelShuffle (axis_fuse_r=4) before a row-axis-only (cross-context) transformer, cold transformer, l=9 compute-matched vs 150",250,pancreas,True,s1017,s1161,False,0.0506,,0.0625,0.9416601061820984,25.1,401.0,0.000191,1014.0,0.000484,4.24,,ct ct<-ct
xs5933wt,151_cascade_coldtransformer_singleaxis_l9,"dual_axis=False, l=9 — early img-mask fusion via PixelShuffle (axis_fuse_r=4) before a row-axis-only (cross-context) transformer, cold transformer, l=9 compute-matched vs 150",250,pancreas,True,s0324,s0794,False,0.6064,,0.5992,0.40319204330444336,25.1,778.0,0.000371,1074.0,0.000512,4.24,,ct ct<-ct
xs5933wt,151_cascade_coldtransformer_singleaxis_l9,"dual_axis=False, l=9 — early img-mask fusion via PixelShuffle (axis_fuse_r=4) before a row-axis-only (cross-context) transformer, cold transformer, l=9 compute-matched vs 150",250,pancreas,True,s1133,s0808,False,0.5435,,0.5323,0.46851420402526855,25.2,201.0,9.6e-05,201.0,9.6e-05,4.24,,ct ct<-ct
xs5933wt,151_cascade_coldtransformer_singleaxis_l9,"dual_axis=False, l=9 — early img-mask fusion via PixelShuffle (axis_fuse_r=4) before a row-axis-only (cross-context) transformer, cold transformer, l=9 compute-matched vs 150",250,pancreas,True,s0607,s0458,False,0.5262,,0.5184,0.48576581478118896,25.1,924.0,0.000441,918.0,0.000438,4.24,,ct ct<-ct
xs5933wt,151_cascade_coldtransformer_singleaxis_l9,"dual_axis=False, l=9 — early img-mask fusion via PixelShuffle (axis_fuse_r=4) before a row-axis-only (cross-context) transformer, cold transformer, l=9 compute-matched vs 150",250,pancreas,True,s0546,s0420,False,0.4727,,0.4527,0.5510277152061462,25.1,1059.0,0.000505,74.0,3.5e-05,4.24,,ct ct<-ct
xs5933wt,151_cascade_coldtransformer_singleaxis_l9,"dual_axis=False, l=9 — early img-mask fusion via PixelShuffle (axis_fuse_r=4) before a row-axis-only (cross-context) transformer, cold transformer, l=9 compute-matched vs 150",250,portal_vein_and_splenic_vein,True,s0095,s1278,False,0.1856,,0.1813,0.8204858899116516,25.1,230.0,0.00011,292.0,0.000139,4.24,,ct ct<-ct
xs5933wt,151_cascade_coldtransformer_singleaxis_l9,"dual_axis=False, l=9 — early img-mask fusion via PixelShuffle (axis_fuse_r=4) before a row-axis-only (cross-context) transformer, cold transformer, l=9 compute-matched vs 150",250,portal_vein_and_splenic_vein,True,s0618,s0420,False,0.3338,,0.3197,0.681837797164917,25.1,225.0,0.000107,142.0,6.8e-05,4.24,,ct ct<-ct
xs5933wt,151_cascade_coldtransformer_singleaxis_l9,"dual_axis=False, l=9 — early img-mask fusion via PixelShuffle (axis_fuse_r=4) before a row-axis-only (cross-context) transformer, cold transformer, l=9 compute-matched vs 150",250,portal_vein_and_splenic_vein,True,s0123,s1305,False,0.5235,,0.5185,0.4829781651496887,25.2,394.0,0.000188,99.0,4.7e-05,4.24,,ct ct<-ct
xs5933wt,151_cascade_coldtransformer_singleaxis_l9,"dual_axis=False, l=9 — early img-mask fusion via PixelShuffle (axis_fuse_r=4) before a row-axis-only (cross-context) transformer, cold transformer, l=9 compute-matched vs 150",250,portal_vein_and_splenic_vein,True,s1305,s0760,False,0.2987,,0.2931,0.7077755928039551,25.1,99.0,4.7e-05,325.0,0.000155,4.24,,ct ct<-ct
xs5933wt,151_cascade_coldtransformer_singleaxis_l9,"dual_axis=False, l=9 — early img-mask fusion via PixelShuffle (axis_fuse_r=4) before a row-axis-only (cross-context) transformer, cold transformer, l=9 compute-matched vs 150",250,portal_vein_and_splenic_vein,True,s0544,s1238,False,0.0536,,0.046,0.9543732404708862,25.2,5.0,2e-06,437.0,0.000208,4.24,,ct ct<-ct
xs5933wt,151_cascade_coldtransformer_singleaxis_l9,"dual_axis=False, l=9 — early img-mask fusion via PixelShuffle (axis_fuse_r=4) before a row-axis-only (cross-context) transformer, cold transformer, l=9 compute-matched vs 150",250,portal_vein_and_splenic_vein,True,s0249,s1223,False,0.2601,,0.2447,0.755714476108551,25.1,43.0,2.1e-05,325.0,0.000155,4.24,,ct ct<-ct
xs5933wt,151_cascade_coldtransformer_singleaxis_l9,"dual_axis=False, l=9 — early img-mask fusion via PixelShuffle (axis_fuse_r=4) before a row-axis-only (cross-context) transformer, cold transformer, l=9 compute-matched vs 150",250,portal_vein_and_splenic_vein,True,s0546,s0808,False,0.5905,,0.5766,0.4246682822704315,25.1,434.0,0.000207,245.0,0.000117,4.24,,ct ct<-ct
xs5933wt,151_cascade_coldtransformer_singleaxis_l9,"dual_axis=False, l=9 — early img-mask fusion via PixelShuffle (axis_fuse_r=4) before a row-axis-only (cross-context) transformer, cold transformer, l=9 compute-matched vs 150",250,portal_vein_and_splenic_vein,True,s0324,s1305,False,0.1228,,0.1111,0.8891221880912781,25.2,15.0,7e-06,99.0,4.7e-05,4.24,,ct ct<-ct
xs5933wt,151_cascade_coldtransformer_singleaxis_l9,"dual_axis=False, l=9 — early img-mask fusion via PixelShuffle (axis_fuse_r=4) before a row-axis-only (cross-context) transformer, cold transformer, l=9 compute-matched vs 150",250,portal_vein_and_splenic_vein,True,s0794,s0544,False,0.0019,,0.0001,1.0026438236236572,25.2,407.0,0.000194,5.0,2e-06,4.24,,ct ct<-ct
xs5933wt,151_cascade_coldtransformer_singleaxis_l9,"dual_axis=False, l=9 — early img-mask fusion via PixelShuffle (axis_fuse_r=4) before a row-axis-only (cross-context) transformer, cold transformer, l=9 compute-matched vs 150",250,prostate,False,s1059,s0607,False,0.0014,,0.0,1.0011584758758545,25.1,1.0,0.0,348.0,0.000166,4.24,,ct ct<-ct
xs5933wt,151_cascade_coldtransformer_singleaxis_l9,"dual_axis=False, l=9 — early img-mask fusion via PixelShuffle (axis_fuse_r=4) before a row-axis-only (cross-context) transformer, cold transformer, l=9 compute-matched vs 150",250,prostate,False,s0614,s0650,False,0.0263,,0.0292,0.9782769680023193,25.2,315.0,0.00015,322.0,0.000154,4.24,,ct ct<-ct
xs5933wt,151_cascade_coldtransformer_singleaxis_l9,"dual_axis=False, l=9 — early img-mask fusion via PixelShuffle (axis_fuse_r=4) before a row-axis-only (cross-context) transformer, cold transformer, l=9 compute-matched vs 150",250,pulmonary_vein,True,s0625,s1278,False,0.6155,,0.6133,0.3873159885406494,25.1,262.0,0.000125,343.0,0.000164,4.24,,ct ct<-ct
xs5933wt,151_cascade_coldtransformer_singleaxis_l9,"dual_axis=False, l=9 — early img-mask fusion via PixelShuffle (axis_fuse_r=4) before a row-axis-only (cross-context) transformer, cold transformer, l=9 compute-matched vs 150",250,pulmonary_vein,True,s0021,s0839,False,0.5033,,0.4996,0.5013517737388611,25.1,240.0,0.000114,126.0,6e-05,4.24,,ct ct<-ct
xs5933wt,151_cascade_coldtransformer_singleaxis_l9,"dual_axis=False, l=9 — early img-mask fusion via PixelShuffle (axis_fuse_r=4) before a row-axis-only (cross-context) transformer, cold transformer, l=9 compute-matched vs 150",250,pulmonary_vein,True,s0991,s0458,False,0.4794,,0.4805,0.5206156969070435,25.2,258.0,0.000123,205.0,9.8e-05,4.24,,ct ct<-ct
xs5933wt,151_cascade_coldtransformer_singleaxis_l9,"dual_axis=False, l=9 — early img-mask fusion via PixelShuffle (axis_fuse_r=4) before a row-axis-only (cross-context) transformer, cold transformer, l=9 compute-matched vs 150",250,pulmonary_vein,True,s1305,s0607,False,0.3027,,0.2933,0.7081211805343628,25.2,183.0,8.7e-05,34.0,1.6e-05,4.24,,ct ct<-ct
xs5933wt,151_cascade_coldtransformer_singleaxis_l9,"dual_axis=False, l=9 — early img-mask fusion via PixelShuffle (axis_fuse_r=4) before a row-axis-only (cross-context) transformer, cold transformer, l=9 compute-matched vs 150",250,rib_left_1,False,s0794,s0824,False,0.4644,,0.4473,0.553221583366394,25.1,120.0,5.7e-05,135.0,6.4e-05,4.24,,ct ct<-ct
xs5933wt,151_cascade_coldtransformer_singleaxis_l9,"dual_axis=False, l=9 — early img-mask fusion via PixelShuffle (axis_fuse_r=4) before a row-axis-only (cross-context) transformer, cold transformer, l=9 compute-matched vs 150",250,rib_left_1,False,s0123,s0698,False,0.3086,,0.3115,0.6894186735153198,25.3,140.0,6.7e-05,131.0,6.2e-05,4.24,,ct ct<-ct
xs5933wt,151_cascade_coldtransformer_singleaxis_l9,"dual_axis=False, l=9 — early img-mask fusion via PixelShuffle (axis_fuse_r=4) before a row-axis-only (cross-context) transformer, cold transformer, l=9 compute-matched vs 150",250,rib_left_1,False,s1305,s1287,False,0.364,,0.3553,0.6454790234565735,25.2,81.0,3.9e-05,95.0,4.5e-05,4.24,,ct ct<-ct
xs5933wt,151_cascade_coldtransformer_singleaxis_l9,"dual_axis=False, l=9 — early img-mask fusion via PixelShuffle (axis_fuse_r=4) before a row-axis-only (cross-context) transformer, cold transformer, l=9 compute-matched vs 150",250,rib_left_1,False,s0346,s0918,False,0.0029,,0.0,1.0025274753570557,25.3,116.0,5.5e-05,152.0,7.2e-05,4.24,,ct ct<-ct
xs5933wt,151_cascade_coldtransformer_singleaxis_l9,"dual_axis=False, l=9 — early img-mask fusion via PixelShuffle (axis_fuse_r=4) before a row-axis-only (cross-context) transformer, cold transformer, l=9 compute-matched vs 150",250,rib_left_1,False,s1002,s1238,False,0.0441,,0.0283,0.972011387348175,25.1,1.0,0.0,157.0,7.5e-05,4.24,,ct ct<-ct
xs5933wt,151_cascade_coldtransformer_singleaxis_l9,"dual_axis=False, l=9 — early img-mask fusion via PixelShuffle (axis_fuse_r=4) before a row-axis-only (cross-context) transformer, cold transformer, l=9 compute-matched vs 150",250,rib_left_1,False,s0032,s0618,False,0.4836,,0.4736,0.5267594456672668,25.2,78.0,3.7e-05,94.0,4.5e-05,4.24,,ct ct<-ct
xs5933wt,151_cascade_coldtransformer_singleaxis_l9,"dual_axis=False, l=9 — early img-mask fusion via PixelShuffle (axis_fuse_r=4) before a row-axis-only (cross-context) transformer, cold transformer, l=9 compute-matched vs 150",250,rib_left_10,False,s0045,s1305,False,0.3114,,0.3215,0.679694652557373,25.1,182.0,8.7e-05,91.0,4.3e-05,4.24,,ct ct<-ct
xs5933wt,151_cascade_coldtransformer_singleaxis_l9,"dual_axis=False, l=9 — early img-mask fusion via PixelShuffle (axis_fuse_r=4) before a row-axis-only (cross-context) transformer, cold transformer, l=9 compute-matched vs 150",250,rib_left_10,False,s1046,s0324,False,0.4993,,0.4971,0.5043553113937378,25.2,256.0,0.000122,53.0,2.5e-05,4.24,,ct ct<-ct
xs5933wt,151_cascade_coldtransformer_singleaxis_l9,"dual_axis=False, l=9 — early img-mask fusion via PixelShuffle (axis_fuse_r=4) before a row-axis-only (cross-context) transformer, cold transformer, l=9 compute-matched vs 150",250,rib_left_10,False,s0095,s0544,False,0.2772,,0.2485,0.7518929839134216,25.2,42.0,2e-05,188.0,9e-05,4.24,,ct ct<-ct
xs5933wt,151_cascade_coldtransformer_singleaxis_l9,"dual_axis=False, l=9 — early img-mask fusion via PixelShuffle (axis_fuse_r=4) before a row-axis-only (cross-context) transformer, cold transformer, l=9 compute-matched vs 150",250,rib_left_10,False,s0032,s1133,False,0.226,,0.2309,0.7701296806335449,25.5,60.0,2.9e-05,121.0,5.8e-05,4.24,,ct ct<-ct
xs5933wt,151_cascade_coldtransformer_singleaxis_l9,"dual_axis=False, l=9 — early img-mask fusion via PixelShuffle (axis_fuse_r=4) before a row-axis-only (cross-context) transformer, cold transformer, l=9 compute-matched vs 150",250,rib_left_10,False,s0698,s0794,False,0.4599,,0.4575,0.5435889363288879,25.1,151.0,7.2e-05,188.0,9e-05,4.24,,ct ct<-ct
xs5933wt,151_cascade_coldtransformer_singleaxis_l9,"dual_axis=False, l=9 — early img-mask fusion via PixelShuffle (axis_fuse_r=4) before a row-axis-only (cross-context) transformer, cold transformer, l=9 compute-matched vs 150",250,rib_left_10,False,s0824,s0991,False,0.3535,,0.3363,0.6645524501800537,25.2,151.0,7.2e-05,109.0,5.2e-05,4.24,,ct ct<-ct
xs5933wt,151_cascade_coldtransformer_singleaxis_l9,"dual_axis=False, l=9 — early img-mask fusion via PixelShuffle (axis_fuse_r=4) before a row-axis-only (cross-context) transformer, cold transformer, l=9 compute-matched vs 150",250,rib_left_10,False,s1287,s1024,False,0.0167,,0.0209,0.981390655040741,25.1,190.0,9.1e-05,157.0,7.5e-05,4.24,,ct ct<-ct
xs5933wt,151_cascade_coldtransformer_singleaxis_l9,"dual_axis=False, l=9 — early img-mask fusion via PixelShuffle (axis_fuse_r=4) before a row-axis-only (cross-context) transformer, cold transformer, l=9 compute-matched vs 150",250,rib_left_10,False,s0095,s1046,False,0.3894,,0.3678,0.632492184638977,25.1,42.0,2e-05,256.0,0.000122,4.24,,ct ct<-ct
xs5933wt,151_cascade_coldtransformer_singleaxis_l9,"dual_axis=False, l=9 — early img-mask fusion via PixelShuffle (axis_fuse_r=4) before a row-axis-only (cross-context) transformer, cold transformer, l=9 compute-matched vs 150",250,rib_left_10,False,s0618,s0544,False,0.2235,,0.2139,0.7878931760787964,25.1,55.0,2.6e-05,188.0,9e-05,4.24,,ct ct<-ct
xs5933wt,151_cascade_coldtransformer_singleaxis_l9,"dual_axis=False, l=9 — early img-mask fusion via PixelShuffle (axis_fuse_r=4) before a row-axis-only (cross-context) transformer, cold transformer, l=9 compute-matched vs 150",250,rib_left_10,False,s1024,s0123,False,0.3132,,0.3058,0.6961464285850525,25.2,157.0,7.5e-05,144.0,6.9e-05,4.24,,ct ct<-ct
xs5933wt,151_cascade_coldtransformer_singleaxis_l9,"dual_axis=False, l=9 — early img-mask fusion via PixelShuffle (axis_fuse_r=4) before a row-axis-only (cross-context) transformer, cold transformer, l=9 compute-matched vs 150",250,rib_left_10,False,s0618,s0045,False,0.1573,,0.1519,0.8503365516662598,25.1,55.0,2.6e-05,182.0,8.7e-05,4.24,,ct ct<-ct
xs5933wt,151_cascade_coldtransformer_singleaxis_l9,"dual_axis=False, l=9 — early img-mask fusion via PixelShuffle (axis_fuse_r=4) before a row-axis-only (cross-context) transformer, cold transformer, l=9 compute-matched vs 150",250,rib_left_10,False,s1046,s0991,False,0.4785,,0.4703,0.5308703780174255,25.1,256.0,0.000122,109.0,5.2e-05,4.24,,ct ct<-ct
xs5933wt,151_cascade_coldtransformer_singleaxis_l9,"dual_axis=False, l=9 — early img-mask fusion via PixelShuffle (axis_fuse_r=4) before a row-axis-only (cross-context) transformer, cold transformer, l=9 compute-matched vs 150",250,rib_left_11,False,s0544,s1337,False,0.5845,,0.5707,0.42957302927970886,25.2,96.0,4.6e-05,121.0,5.8e-05,4.24,,ct ct<-ct
xs5933wt,151_cascade_coldtransformer_singleaxis_l9,"dual_axis=False, l=9 — early img-mask fusion via PixelShuffle (axis_fuse_r=4) before a row-axis-only (cross-context) transformer, cold transformer, l=9 compute-matched vs 150",250,rib_left_11,False,s1046,s0698,False,0.557,,0.5537,0.44693395495414734,27.7,175.0,8.3e-05,76.0,3.6e-05,4.24,,ct ct<-ct
xs5933wt,151_cascade_coldtransformer_singleaxis_l9,"dual_axis=False, l=9 — early img-mask fusion via PixelShuffle (axis_fuse_r=4) before a row-axis-only (cross-context) transformer, cold transformer, l=9 compute-matched vs 150",250,rib_left_11,False,s1199,s0832,False,0.569,,0.5602,0.440244197845459,25.2,103.0,4.9e-05,88.0,4.2e-05,4.24,,ct ct<-ct
xs5933wt,151_cascade_coldtransformer_singleaxis_l9,"dual_axis=False, l=9 — early img-mask fusion via PixelShuffle (axis_fuse_r=4) before a row-axis-only (cross-context) transformer, cold transformer, l=9 compute-matched vs 150",250,rib_left_11,False,s1024,s1337,False,0.4169,,0.4063,0.594463050365448,25.5,79.0,3.8e-05,121.0,5.8e-05,4.24,,ct ct<-ct
xs5933wt,151_cascade_coldtransformer_singleaxis_l9,"dual_axis=False, l=9 — early img-mask fusion via PixelShuffle (axis_fuse_r=4) before a row-axis-only (cross-context) transformer, cold transformer, l=9 compute-matched vs 150",250,rib_left_11,False,s0625,s0991,False,0.55,,0.541,0.45926493406295776,25.1,80.0,3.8e-05,103.0,4.9e-05,4.24,,ct ct<-ct
xs5933wt,151_cascade_coldtransformer_singleaxis_l9,"dual_axis=False, l=9 — early img-mask fusion via PixelShuffle (axis_fuse_r=4) before a row-axis-only (cross-context) transformer, cold transformer, l=9 compute-matched vs 150",250,rib_left_11,False,s0650,s0458,False,0.5973,,0.5984,0.4018572270870209,25.2,83.0,4e-05,74.0,3.5e-05,4.24,,ct ct<-ct
xs5933wt,151_cascade_coldtransformer_singleaxis_l9,"dual_axis=False, l=9 — early img-mask fusion via PixelShuffle (axis_fuse_r=4) before a row-axis-only (cross-context) transformer, cold transformer, l=9 compute-matched vs 150",250,rib_left_11,False,s0794,s0045,False,0.5439,,0.5383,0.46215420961380005,25.1,95.0,4.5e-05,111.0,5.3e-05,4.24,,ct ct<-ct
xs5933wt,151_cascade_coldtransformer_singleaxis_l9,"dual_axis=False, l=9 — early img-mask fusion via PixelShuffle (axis_fuse_r=4) before a row-axis-only (cross-context) transformer, cold transformer, l=9 compute-matched vs 150",250,rib_left_11,False,s0824,s1197,False,0.4006,,0.3942,0.6066372990608215,25.1,92.0,4.4e-05,20.0,1e-05,4.24,,ct ct<-ct
xs5933wt,151_cascade_coldtransformer_singleaxis_l9,"dual_axis=False, l=9 — early img-mask fusion via PixelShuffle (axis_fuse_r=4) before a row-axis-only (cross-context) transformer, cold transformer, l=9 compute-matched vs 150",250,rib_left_11,False,s1017,s0095,False,0.0056,,0.0,1.0007132291793823,25.2,25.0,1.2e-05,57.0,2.7e-05,4.24,,ct ct<-ct
xs5933wt,151_cascade_coldtransformer_singleaxis_l9,"dual_axis=False, l=9 — early img-mask fusion via PixelShuffle (axis_fuse_r=4) before a row-axis-only (cross-context) transformer, cold transformer, l=9 compute-matched vs 150",250,rib_left_11,False,s0123,s0032,False,0.6212,,0.6024,0.39805418252944946,25.1,69.0,3.3e-05,42.0,2e-05,4.24,,ct ct<-ct
xs5933wt,151_cascade_coldtransformer_singleaxis_l9,"dual_axis=False, l=9 — early img-mask fusion via PixelShuffle (axis_fuse_r=4) before a row-axis-only (cross-context) transformer, cold transformer, l=9 compute-matched vs 150",250,rib_left_11,False,s0824,s1161,False,0.3913,,0.3775,0.6230727434158325,25.2,92.0,4.4e-05,122.0,5.8e-05,4.24,,ct ct<-ct
xs5933wt,151_cascade_coldtransformer_singleaxis_l9,"dual_axis=False, l=9 — early img-mask fusion via PixelShuffle (axis_fuse_r=4) before a row-axis-only (cross-context) transformer, cold transformer, l=9 compute-matched vs 150",250,rib_left_11,False,s1197,s0618,False,0.661,,0.6464,0.35364291071891785,27.1,20.0,1e-05,31.0,1.5e-05,4.24,,ct ct<-ct
xs5933wt,151_cascade_coldtransformer_singleaxis_l9,"dual_axis=False, l=9 — early img-mask fusion via PixelShuffle (axis_fuse_r=4) before a row-axis-only (cross-context) transformer, cold transformer, l=9 compute-matched vs 150",250,rib_left_12,True,s0824,s1233,False,0.6491,,0.6269,0.3732201159000397,25.2,31.0,1.5e-05,19.0,9e-06,4.24,,ct ct<-ct
xs5933wt,151_cascade_coldtransformer_singleaxis_l9,"dual_axis=False, l=9 — early img-mask fusion via PixelShuffle (axis_fuse_r=4) before a row-axis-only (cross-context) transformer, cold transformer, l=9 compute-matched vs 150",250,rib_left_12,True,s0032,s0747,False,0.2235,,0.208,0.7922881841659546,25.2,11.0,5e-06,35.0,1.7e-05,4.24,,ct ct<-ct
xs5933wt,151_cascade_coldtransformer_singleaxis_l9,"dual_axis=False, l=9 — early img-mask fusion via PixelShuffle (axis_fuse_r=4) before a row-axis-only (cross-context) transformer, cold transformer, l=9 compute-matched vs 150",250,rib_left_12,True,s0675,s1133,False,0.5833,,0.5665,0.43364813923835754,25.1,29.0,1.4e-05,29.0,1.4e-05,4.24,,ct ct<-ct
xs5933wt,151_cascade_coldtransformer_singleaxis_l9,"dual_axis=False, l=9 — early img-mask fusion via PixelShuffle (axis_fuse_r=4) before a row-axis-only (cross-context) transformer, cold transformer, l=9 compute-matched vs 150",250,rib_left_2,True,s0420,s0618,False,0.5317,,0.529,0.47155192494392395,25.1,141.0,6.7e-05,108.0,5.1e-05,4.24,,ct ct<-ct
xs5933wt,151_cascade_coldtransformer_singleaxis_l9,"dual_axis=False, l=9 — early img-mask fusion via PixelShuffle (axis_fuse_r=4) before a row-axis-only (cross-context) transformer, cold transformer, l=9 compute-matched vs 150",250,rib_left_2,True,s0698,s1337,False,0.4737,,0.4633,0.5374019742012024,25.1,117.0,5.6e-05,170.0,8.1e-05,4.24,,ct ct<-ct
xs5933wt,151_cascade_coldtransformer_singleaxis_l9,"dual_axis=False, l=9 — early img-mask fusion via PixelShuffle (axis_fuse_r=4) before a row-axis-only (cross-context) transformer, cold transformer, l=9 compute-matched vs 150",250,rib_left_2,True,s0698,s0625,False,0.3445,,0.3393,0.6616199612617493,25.3,117.0,5.6e-05,144.0,6.9e-05,4.24,,ct ct<-ct
xs5933wt,151_cascade_coldtransformer_singleaxis_l9,"dual_axis=False, l=9 — early img-mask fusion via PixelShuffle (axis_fuse_r=4) before a row-axis-only (cross-context) transformer, cold transformer, l=9 compute-matched vs 150",250,rib_left_2,True,s1278,s0698,False,0.597,,0.5956,0.40473124384880066,25.1,162.0,7.7e-05,117.0,5.6e-05,4.24,,ct ct<-ct
xs5933wt,151_cascade_coldtransformer_singleaxis_l9,"dual_axis=False, l=9 — early img-mask fusion via PixelShuffle (axis_fuse_r=4) before a row-axis-only (cross-context) transformer, cold transformer, l=9 compute-matched vs 150",250,rib_left_2,True,s1337,s1197,False,0.6984,,0.693,0.30737563967704773,25.1,170.0,8.1e-05,118.0,5.6e-05,4.24,,ct ct<-ct
xs5933wt,151_cascade_coldtransformer_singleaxis_l9,"dual_axis=False, l=9 — early img-mask fusion via PixelShuffle (axis_fuse_r=4) before a row-axis-only (cross-context) transformer, cold transformer, l=9 compute-matched vs 150",250,rib_left_2,True,s1233,s0698,False,0.5789,,0.5731,0.4271981120109558,25.1,101.0,4.8e-05,117.0,5.6e-05,4.24,,ct ct<-ct
xs5933wt,151_cascade_coldtransformer_singleaxis_l9,"dual_axis=False, l=9 — early img-mask fusion via PixelShuffle (axis_fuse_r=4) before a row-axis-only (cross-context) transformer, cold transformer, l=9 compute-matched vs 150",250,rib_left_2,True,s1197,s0095,False,0.5839,,0.5721,0.42842039465904236,25.2,118.0,5.6e-05,167.0,8e-05,4.24,,ct ct<-ct
xs5933wt,151_cascade_coldtransformer_singleaxis_l9,"dual_axis=False, l=9 — early img-mask fusion via PixelShuffle (axis_fuse_r=4) before a row-axis-only (cross-context) transformer, cold transformer, l=9 compute-matched vs 150",250,rib_left_2,True,s0874,s0824,False,0.6212,,0.616,0.38470837473869324,25.2,162.0,7.7e-05,162.0,7.7e-05,4.24,,ct ct<-ct
xs5933wt,151_cascade_coldtransformer_singleaxis_l9,"dual_axis=False, l=9 — early img-mask fusion via PixelShuffle (axis_fuse_r=4) before a row-axis-only (cross-context) transformer, cold transformer, l=9 compute-matched vs 150",250,rib_left_2,True,s1233,s0747,False,0.4216,,0.4211,0.5793929696083069,25.1,101.0,4.8e-05,211.0,0.000101,4.24,,ct ct<-ct
xs5933wt,151_cascade_coldtransformer_singleaxis_l9,"dual_axis=False, l=9 — early img-mask fusion via PixelShuffle (axis_fuse_r=4) before a row-axis-only (cross-context) transformer, cold transformer, l=9 compute-matched vs 150",250,rib_left_3,True,s0650,s0123,False,0.3684,,0.369,0.6323010325431824,25.1,211.0,0.000101,167.0,8e-05,4.24,,ct ct<-ct
xs5933wt,151_cascade_coldtransformer_singleaxis_l9,"dual_axis=False, l=9 — early img-mask fusion via PixelShuffle (axis_fuse_r=4) before a row-axis-only (cross-context) transformer, cold transformer, l=9 compute-matched vs 150",250,rib_left_3,True,s0698,s1024,False,0.4522,,0.4447,0.5561926364898682,25.1,190.0,9.1e-05,148.0,7.1e-05,4.24,,ct ct<-ct
xs5933wt,151_cascade_coldtransformer_singleaxis_l9,"dual_axis=False, l=9 — early img-mask fusion via PixelShuffle (axis_fuse_r=4) before a row-axis-only (cross-context) transformer, cold transformer, l=9 compute-matched vs 150",250,rib_left_3,True,s1161,s0466,False,0.4522,,0.4419,0.5592615008354187,25.1,233.0,0.000111,53.0,2.5e-05,4.24,,ct ct<-ct
xs5933wt,151_cascade_coldtransformer_singleaxis_l9,"dual_axis=False, l=9 — early img-mask fusion via PixelShuffle (axis_fuse_r=4) before a row-axis-only (cross-context) transformer, cold transformer, l=9 compute-matched vs 150",250,rib_left_4,False,s0095,s1024,False,0.0024,,0.0012,1.0007611513137817,25.2,258.0,0.000123,197.0,9.4e-05,4.24,,ct ct<-ct
xs5933wt,151_cascade_coldtransformer_singleaxis_l9,"dual_axis=False, l=9 — early img-mask fusion via PixelShuffle (axis_fuse_r=4) before a row-axis-only (cross-context) transformer, cold transformer, l=9 compute-matched vs 150",250,rib_left_4,False,s1046,s1059,False,0.0002,,0.0,1.0101102590560913,27.3,274.0,0.000131,41.0,2e-05,4.24,,ct ct<-ct
xs5933wt,151_cascade_coldtransformer_singleaxis_l9,"dual_axis=False, l=9 — early img-mask fusion via PixelShuffle (axis_fuse_r=4) before a row-axis-only (cross-context) transformer, cold transformer, l=9 compute-matched vs 150",250,rib_left_4,False,s1287,s1197,False,0.3642,,0.3531,0.6478140354156494,25.1,199.0,9.5e-05,175.0,8.3e-05,4.24,,ct ct<-ct
xs5933wt,151_cascade_coldtransformer_singleaxis_l9,"dual_axis=False, l=9 — early img-mask fusion via PixelShuffle (axis_fuse_r=4) before a row-axis-only (cross-context) transformer, cold transformer, l=9 compute-matched vs 150",250,rib_left_4,False,s0420,s1161,False,0.1981,,0.1982,0.8039376735687256,27.7,227.0,0.000108,337.0,0.000161,4.24,,ct ct<-ct
xs5933wt,151_cascade_coldtransformer_singleaxis_l9,"dual_axis=False, l=9 — early img-mask fusion via PixelShuffle (axis_fuse_r=4) before a row-axis-only (cross-context) transformer, cold transformer, l=9 compute-matched vs 150",250,rib_left_5,False,s0095,s0675,False,0.4493,,0.4462,0.5549386739730835,25.1,302.0,0.000144,201.0,9.6e-05,4.24,,ct ct<-ct
xs5933wt,151_cascade_coldtransformer_singleaxis_l9,"dual_axis=False, l=9 — early img-mask fusion via PixelShuffle (axis_fuse_r=4) before a row-axis-only (cross-context) transformer, cold transformer, l=9 compute-matched vs 150",250,rib_left_5,False,s1223,s0760,False,0.0022,,0.0,1.00150728225708,25.2,156.0,7.4e-05,3.0,1e-06,4.24,,ct ct<-ct
xs5933wt,151_cascade_coldtransformer_singleaxis_l9,"dual_axis=False, l=9 — early img-mask fusion via PixelShuffle (axis_fuse_r=4) before a row-axis-only (cross-context) transformer, cold transformer, l=9 compute-matched vs 150",250,rib_left_5,False,s0032,s0650,False,0.4537,,0.4466,0.5546460747718811,25.1,169.0,8.1e-05,335.0,0.00016,4.24,,ct ct<-ct
xs5933wt,151_cascade_coldtransformer_singleaxis_l9,"dual_axis=False, l=9 — early img-mask fusion via PixelShuffle (axis_fuse_r=4) before a row-axis-only (cross-context) transformer, cold transformer, l=9 compute-matched vs 150",250,rib_left_5,False,s1199,s0021,False,0.1427,,0.1377,0.8653174042701721,25.1,244.0,0.000116,211.0,0.000101,4.24,,ct ct<-ct
xs5933wt,151_cascade_coldtransformer_singleaxis_l9,"dual_axis=False, l=9 — early img-mask fusion via PixelShuffle (axis_fuse_r=4) before a row-axis-only (cross-context) transformer, cold transformer, l=9 compute-matched vs 150",250,rib_left_5,False,s1305,s0918,False,0.369,,0.3582,0.6426892876625061,25.1,109.0,5.2e-05,285.0,0.000136,4.24,,ct ct<-ct
xs5933wt,151_cascade_coldtransformer_singleaxis_l9,"dual_axis=False, l=9 — early img-mask fusion via PixelShuffle (axis_fuse_r=4) before a row-axis-only (cross-context) transformer, cold transformer, l=9 compute-matched vs 150",250,rib_left_5,False,s0045,s0346,False,0.0056,,0.0,1.0004757642745972,25.1,29.0,1.4e-05,82.0,3.9e-05,4.24,,ct ct<-ct
xs5933wt,151_cascade_coldtransformer_singleaxis_l9,"dual_axis=False, l=9 — early img-mask fusion via PixelShuffle (axis_fuse_r=4) before a row-axis-only (cross-context) transformer, cold transformer, l=9 compute-matched vs 150",250,rib_left_5,False,s0045,s1046,False,0.1055,,0.0987,0.9020229578018188,25.3,29.0,1.4e-05,312.0,0.000149,4.24,,ct ct<-ct
xs5933wt,151_cascade_coldtransformer_singleaxis_l9,"dual_axis=False, l=9 — early img-mask fusion via PixelShuffle (axis_fuse_r=4) before a row-axis-only (cross-context) transformer, cold transformer, l=9 compute-matched vs 150",250,rib_left_6,False,s1106,s0991,False,0.0538,,0.0337,0.9666288495063782,25.1,2.0,1e-06,172.0,8.2e-05,4.24,,ct ct<-ct
xs5933wt,151_cascade_coldtransformer_singleaxis_l9,"dual_axis=False, l=9 — early img-mask fusion via PixelShuffle (axis_fuse_r=4) before a row-axis-only (cross-context) transformer, cold transformer, l=9 compute-matched vs 150",250,rib_left_6,False,s1278,s1046,False,0.3386,,0.335,0.6669397354125977,25.2,312.0,0.000149,371.0,0.000177,4.24,,ct ct<-ct
xs5933wt,151_cascade_coldtransformer_singleaxis_l9,"dual_axis=False, l=9 — early img-mask fusion via PixelShuffle (axis_fuse_r=4) before a row-axis-only (cross-context) transformer, cold transformer, l=9 compute-matched vs 150",250,rib_left_6,False,s0991,s0346,False,0.0135,,0.0137,1.006606101989746,25.2,172.0,8.2e-05,36.0,1.7e-05,4.24,,ct ct<-ct
xs5933wt,151_cascade_coldtransformer_singleaxis_l9,"dual_axis=False, l=9 — early img-mask fusion via PixelShuffle (axis_fuse_r=4) before a row-axis-only (cross-context) transformer, cold transformer, l=9 compute-matched vs 150",250,rib_left_6,False,s0045,s1161,False,0.0429,,0.0493,0.9524638056755066,25.1,75.0,3.6e-05,344.0,0.000164,4.24,,ct ct<-ct
xs5933wt,151_cascade_coldtransformer_singleaxis_l9,"dual_axis=False, l=9 — early img-mask fusion via PixelShuffle (axis_fuse_r=4) before a row-axis-only (cross-context) transformer, cold transformer, l=9 compute-matched vs 150",250,rib_left_6,False,s1278,s0607,False,0.0718,,0.0662,0.9379697442054749,25.2,312.0,0.000149,60.0,2.9e-05,4.24,,ct ct<-ct
xs5933wt,151_cascade_coldtransformer_singleaxis_l9,"dual_axis=False, l=9 — early img-mask fusion via PixelShuffle (axis_fuse_r=4) before a row-axis-only (cross-context) transformer, cold transformer, l=9 compute-matched vs 150",250,rib_left_6,False,s0747,s0698,False,0.1844,,0.1839,0.8188653588294983,25.2,293.0,0.00014,243.0,0.000116,4.24,,ct ct<-ct
xs5933wt,151_cascade_coldtransformer_singleaxis_l9,"dual_axis=False, l=9 — early img-mask fusion via PixelShuffle (axis_fuse_r=4) before a row-axis-only (cross-context) transformer, cold transformer, l=9 compute-matched vs 150",250,rib_left_6,False,s1305,s1002,False,0.2652,,0.2629,0.738304615020752,25.1,147.0,7e-05,156.0,7.4e-05,4.24,,ct ct<-ct
xs5933wt,151_cascade_coldtransformer_singleaxis_l9,"dual_axis=False, l=9 — early img-mask fusion via PixelShuffle (axis_fuse_r=4) before a row-axis-only (cross-context) transformer, cold transformer, l=9 compute-matched vs 150",250,rib_left_6,False,s1017,s0991,False,0.1467,,0.1397,0.8609480261802673,25.2,30.0,1.4e-05,172.0,8.2e-05,4.24,,ct ct<-ct
xs5933wt,151_cascade_coldtransformer_singleaxis_l9,"dual_axis=False, l=9 — early img-mask fusion via PixelShuffle (axis_fuse_r=4) before a row-axis-only (cross-context) transformer, cold transformer, l=9 compute-matched vs 150",250,rib_left_6,False,s1305,s1233,False,0.2889,,0.2799,0.7215843796730042,25.1,147.0,7e-05,235.0,0.000112,4.24,,ct ct<-ct
xs5933wt,151_cascade_coldtransformer_singleaxis_l9,"dual_axis=False, l=9 — early img-mask fusion via PixelShuffle (axis_fuse_r=4) before a row-axis-only (cross-context) transformer, cold transformer, l=9 compute-matched vs 150",250,rib_left_7,False,s1133,s0991,False,0.3886,,0.3791,0.6217313408851624,25.1,191.0,9.1e-05,191.0,9.1e-05,4.24,,ct ct<-ct
xs5933wt,151_cascade_coldtransformer_singleaxis_l9,"dual_axis=False, l=9 — early img-mask fusion via PixelShuffle (axis_fuse_r=4) before a row-axis-only (cross-context) transformer, cold transformer, l=9 compute-matched vs 150",250,rib_left_7,False,s0123,s1278,False,0.4183,,0.409,0.5928265452384949,25.2,296.0,0.000141,318.0,0.000152,4.24,,ct ct<-ct
xs5933wt,151_cascade_coldtransformer_singleaxis_l9,"dual_axis=False, l=9 — early img-mask fusion via PixelShuffle (axis_fuse_r=4) before a row-axis-only (cross-context) transformer, cold transformer, l=9 compute-matched vs 150",250,rib_left_7,False,s0650,s0698,False,0.2689,,0.2672,0.7360233664512634,25.2,304.0,0.000145,319.0,0.000152,4.24,,ct ct<-ct
xs5933wt,151_cascade_coldtransformer_singleaxis_l9,"dual_axis=False, l=9 — early img-mask fusion via PixelShuffle (axis_fuse_r=4) before a row-axis-only (cross-context) transformer, cold transformer, l=9 compute-matched vs 150",250,rib_left_7,False,s0794,s0760,False,0.3066,,0.3002,0.7017892003059387,25.1,286.0,0.000136,33.0,1.6e-05,4.24,,ct ct<-ct
xs5933wt,151_cascade_coldtransformer_singleaxis_l9,"dual_axis=False, l=9 — early img-mask fusion via PixelShuffle (axis_fuse_r=4) before a row-axis-only (cross-context) transformer, cold transformer, l=9 compute-matched vs 150",250,rib_left_7,False,s1046,s1305,False,0.4192,,0.4112,0.5899161696434021,25.1,370.0,0.000176,159.0,7.6e-05,4.24,,ct ct<-ct
xs5933wt,151_cascade_coldtransformer_singleaxis_l9,"dual_axis=False, l=9 — early img-mask fusion via PixelShuffle (axis_fuse_r=4) before a row-axis-only (cross-context) transformer, cold transformer, l=9 compute-matched vs 150",250,rib_left_7,False,s1199,s0032,False,0.2507,,0.2582,0.743472158908844,25.1,327.0,0.000156,151.0,7.2e-05,4.24,,ct ct<-ct
xs5933wt,151_cascade_coldtransformer_singleaxis_l9,"dual_axis=False, l=9 — early img-mask fusion via PixelShuffle (axis_fuse_r=4) before a row-axis-only (cross-context) transformer, cold transformer, l=9 compute-matched vs 150",250,rib_left_7,False,s1046,s1305,False,0.4192,,0.4112,0.5899161696434021,25.2,370.0,0.000176,159.0,7.6e-05,4.24,,ct ct<-ct
xs5933wt,151_cascade_coldtransformer_singleaxis_l9,"dual_axis=False, l=9 — early img-mask fusion via PixelShuffle (axis_fuse_r=4) before a row-axis-only (cross-context) transformer, cold transformer, l=9 compute-matched vs 150",250,rib_left_7,False,s0458,s0794,False,0.1765,,0.1707,0.830284059047699,25.1,127.0,6.1e-05,286.0,0.000136,4.24,,ct ct<-ct
xs5933wt,151_cascade_coldtransformer_singleaxis_l9,"dual_axis=False, l=9 — early img-mask fusion via PixelShuffle (axis_fuse_r=4) before a row-axis-only (cross-context) transformer, cold transformer, l=9 compute-matched vs 150",250,rib_left_7,False,s0618,s0760,False,0.1115,,0.1099,0.8924367427825928,25.2,166.0,7.9e-05,33.0,1.6e-05,4.24,,ct ct<-ct
xs5933wt,151_cascade_coldtransformer_singleaxis_l9,"dual_axis=False, l=9 — early img-mask fusion via PixelShuffle (axis_fuse_r=4) before a row-axis-only (cross-context) transformer, cold transformer, l=9 compute-matched vs 150",250,rib_left_8,False,s0021,s0808,False,0.0054,,0.0,1.0005906820297241,25.1,2.0,1e-06,129.0,6.2e-05,4.24,,ct ct<-ct
xs5933wt,151_cascade_coldtransformer_singleaxis_l9,"dual_axis=False, l=9 — early img-mask fusion via PixelShuffle (axis_fuse_r=4) before a row-axis-only (cross-context) transformer, cold transformer, l=9 compute-matched vs 150",250,rib_left_8,False,s0618,s0824,False,0.1404,,0.1417,0.8610691428184509,25.1,147.0,7e-05,252.0,0.00012,4.24,,ct ct<-ct
xs5933wt,151_cascade_coldtransformer_singleaxis_l9,"dual_axis=False, l=9 — early img-mask fusion via PixelShuffle (axis_fuse_r=4) before a row-axis-only (cross-context) transformer, cold transformer, l=9 compute-matched vs 150",250,rib_left_8,False,s0618,s0546,False,0.2937,,0.2885,0.713359534740448,25.1,147.0,7e-05,272.0,0.00013,4.24,,ct ct<-ct
xs5933wt,151_cascade_coldtransformer_singleaxis_l9,"dual_axis=False, l=9 — early img-mask fusion via PixelShuffle (axis_fuse_r=4) before a row-axis-only (cross-context) transformer, cold transformer, l=9 compute-matched vs 150",250,rib_left_8,False,s0249,s1337,False,0.415,,0.4068,0.5937982201576233,25.1,104.0,5e-05,262.0,0.000125,4.24,,ct ct<-ct
xs5933wt,151_cascade_coldtransformer_singleaxis_l9,"dual_axis=False, l=9 — early img-mask fusion via PixelShuffle (axis_fuse_r=4) before a row-axis-only (cross-context) transformer, cold transformer, l=9 compute-matched vs 150",250,rib_left_8,False,s0918,s0747,False,0.2776,,0.2688,0.7333834171295166,25.2,328.0,0.000156,284.0,0.000135,4.24,,ct ct<-ct
xs5933wt,151_cascade_coldtransformer_singleaxis_l9,"dual_axis=False, l=9 — early img-mask fusion via PixelShuffle (axis_fuse_r=4) before a row-axis-only (cross-context) transformer, cold transformer, l=9 compute-matched vs 150",250,rib_left_8,False,s1233,s1238,False,0.3885,,0.3888,0.6130409240722656,25.1,230.0,0.00011,244.0,0.000116,4.24,,ct ct<-ct
xs5933wt,151_cascade_coldtransformer_singleaxis_l9,"dual_axis=False, l=9 — early img-mask fusion via PixelShuffle (axis_fuse_r=4) before a row-axis-only (cross-context) transformer, cold transformer, l=9 compute-matched vs 150",250,rib_left_8,False,s0918,s1286,False,0.001,,0.0002,1.0033098459243774,25.1,328.0,0.000156,9.0,4e-06,4.24,,ct ct<-ct
xs5933wt,151_cascade_coldtransformer_singleaxis_l9,"dual_axis=False, l=9 — early img-mask fusion via PixelShuffle (axis_fuse_r=4) before a row-axis-only (cross-context) transformer, cold transformer, l=9 compute-matched vs 150",250,rib_left_8,False,s1024,s1199,False,0.0014,,0.0071,0.9957653880119324,25.2,243.0,0.000116,263.0,0.000125,4.24,,ct ct<-ct
xs5933wt,151_cascade_coldtransformer_singleaxis_l9,"dual_axis=False, l=9 — early img-mask fusion via PixelShuffle (axis_fuse_r=4) before a row-axis-only (cross-context) transformer, cold transformer, l=9 compute-matched vs 150",250,rib_left_9,True,s0123,s1017,False,0.3511,,0.3346,0.6667497754096985,25.4,208.0,9.9e-05,33.0,1.6e-05,4.24,,ct ct<-ct
xs5933wt,151_cascade_coldtransformer_singleaxis_l9,"dual_axis=False, l=9 — early img-mask fusion via PixelShuffle (axis_fuse_r=4) before a row-axis-only (cross-context) transformer, cold transformer, l=9 compute-matched vs 150",250,rib_left_9,True,s0045,s0698,False,0.4627,,0.4586,0.5428279042243958,27.3,174.0,8.3e-05,219.0,0.000104,4.24,,ct ct<-ct
xs5933wt,151_cascade_coldtransformer_singleaxis_l9,"dual_axis=False, l=9 — early img-mask fusion via PixelShuffle (axis_fuse_r=4) before a row-axis-only (cross-context) transformer, cold transformer, l=9 compute-matched vs 150",250,rib_left_9,True,s0824,s0918,False,0.4027,,0.3948,0.6069204211235046,25.2,180.0,8.6e-05,281.0,0.000134,4.24,,ct ct<-ct
xs5933wt,151_cascade_coldtransformer_singleaxis_l9,"dual_axis=False, l=9 — early img-mask fusion via PixelShuffle (axis_fuse_r=4) before a row-axis-only (cross-context) transformer, cold transformer, l=9 compute-matched vs 150",250,rib_left_9,True,s0095,s0625,False,0.1737,,0.1514,0.8489781022071838,25.2,32.0,1.5e-05,220.0,0.000105,4.24,,ct ct<-ct
xs5933wt,151_cascade_coldtransformer_singleaxis_l9,"dual_axis=False, l=9 — early img-mask fusion via PixelShuffle (axis_fuse_r=4) before a row-axis-only (cross-context) transformer, cold transformer, l=9 compute-matched vs 150",250,rib_left_9,True,s0458,s1024,False,0.3251,,0.3167,0.6844261884689331,25.2,165.0,7.9e-05,199.0,9.5e-05,4.24,,ct ct<-ct
xs5933wt,151_cascade_coldtransformer_singleaxis_l9,"dual_axis=False, l=9 — early img-mask fusion via PixelShuffle (axis_fuse_r=4) before a row-axis-only (cross-context) transformer, cold transformer, l=9 compute-matched vs 150",250,rib_left_9,True,s1238,s0760,False,0.2982,,0.2986,0.703336775302887,25.1,253.0,0.000121,109.0,5.2e-05,4.24,,ct ct<-ct
xs5933wt,151_cascade_coldtransformer_singleaxis_l9,"dual_axis=False, l=9 — early img-mask fusion via PixelShuffle (axis_fuse_r=4) before a row-axis-only (cross-context) transformer, cold transformer, l=9 compute-matched vs 150",250,rib_left_9,True,s0991,s0832,False,0.3838,,0.3895,0.6113638877868652,25.1,157.0,7.5e-05,213.0,0.000102,4.24,,ct ct<-ct
xs5933wt,151_cascade_coldtransformer_singleaxis_l9,"dual_axis=False, l=9 — early img-mask fusion via PixelShuffle (axis_fuse_r=4) before a row-axis-only (cross-context) transformer, cold transformer, l=9 compute-matched vs 150",250,rib_left_9,True,s0824,s1238,False,0.398,,0.3951,0.6062116026878357,27.1,180.0,8.6e-05,253.0,0.000121,4.24,,ct ct<-ct
xs5933wt,151_cascade_coldtransformer_singleaxis_l9,"dual_axis=False, l=9 — early img-mask fusion via PixelShuffle (axis_fuse_r=4) before a row-axis-only (cross-context) transformer, cold transformer, l=9 compute-matched vs 150",250,rib_left_9,True,s0607,s0991,False,0.5308,,0.527,0.47392168641090393,25.4,356.0,0.00017,157.0,7.5e-05,4.24,,ct ct<-ct
xs5933wt,151_cascade_coldtransformer_singleaxis_l9,"dual_axis=False, l=9 — early img-mask fusion via PixelShuffle (axis_fuse_r=4) before a row-axis-only (cross-context) transformer, cold transformer, l=9 compute-matched vs 150",250,rib_right_1,False,s1337,s0991,False,0.2356,,0.2388,0.7616845965385437,25.6,146.0,7e-05,98.0,4.7e-05,4.24,,ct ct<-ct
xs5933wt,151_cascade_coldtransformer_singleaxis_l9,"dual_axis=False, l=9 — early img-mask fusion via PixelShuffle (axis_fuse_r=4) before a row-axis-only (cross-context) transformer, cold transformer, l=9 compute-matched vs 150",250,rib_right_1,False,s0824,s1133,False,0.4818,,0.4737,0.5268388986587524,25.3,172.0,8.2e-05,124.0,5.9e-05,4.24,,ct ct<-ct
xs5933wt,151_cascade_coldtransformer_singleaxis_l9,"dual_axis=False, l=9 — early img-mask fusion via PixelShuffle (axis_fuse_r=4) before a row-axis-only (cross-context) transformer, cold transformer, l=9 compute-matched vs 150",250,rib_right_1,False,s0808,s0095,False,0.6482,,0.6403,0.3599555194377899,25.2,109.0,5.2e-05,164.0,7.8e-05,4.24,,ct ct<-ct
xs5933wt,151_cascade_coldtransformer_singleaxis_l9,"dual_axis=False, l=9 — early img-mask fusion via PixelShuffle (axis_fuse_r=4) before a row-axis-only (cross-context) transformer, cold transformer, l=9 compute-matched vs 150",250,rib_right_1,False,s0466,s0625,False,0.1893,,0.1797,0.8208127617835999,25.1,56.0,2.7e-05,151.0,7.2e-05,4.24,,ct ct<-ct
xs5933wt,151_cascade_coldtransformer_singleaxis_l9,"dual_axis=False, l=9 — early img-mask fusion via PixelShuffle (axis_fuse_r=4) before a row-axis-only (cross-context) transformer, cold transformer, l=9 compute-matched vs 150",250,rib_right_1,False,s1046,s0021,False,0.1372,,0.1337,0.8676061630249023,25.1,140.0,6.7e-05,221.0,0.000105,4.24,,ct ct<-ct
xs5933wt,151_cascade_coldtransformer_singleaxis_l9,"dual_axis=False, l=9 — early img-mask fusion via PixelShuffle (axis_fuse_r=4) before a row-axis-only (cross-context) transformer, cold transformer, l=9 compute-matched vs 150",250,rib_right_1,False,s0824,s1024,False,0.018,,0.0132,0.9882274866104126,25.1,172.0,8.2e-05,83.0,4e-05,4.24,,ct ct<-ct
xs5933wt,151_cascade_coldtransformer_singleaxis_l9,"dual_axis=False, l=9 — early img-mask fusion via PixelShuffle (axis_fuse_r=4) before a row-axis-only (cross-context) transformer, cold transformer, l=9 compute-matched vs 150",250,rib_right_1,False,s1024,s1002,False,0.0013,,0.0,1.0016287565231323,25.1,83.0,4e-05,1.0,0.0,4.24,,ct ct<-ct
xs5933wt,151_cascade_coldtransformer_singleaxis_l9,"dual_axis=False, l=9 — early img-mask fusion via PixelShuffle (axis_fuse_r=4) before a row-axis-only (cross-context) transformer, cold transformer, l=9 compute-matched vs 150",250,rib_right_1,False,s0032,s0618,False,0.4264,,0.4221,0.5784662365913391,25.1,97.0,4.6e-05,122.0,5.8e-05,4.24,,ct ct<-ct
xs5933wt,151_cascade_coldtransformer_singleaxis_l9,"dual_axis=False, l=9 — early img-mask fusion via PixelShuffle (axis_fuse_r=4) before a row-axis-only (cross-context) transformer, cold transformer, l=9 compute-matched vs 150",250,rib_right_1,False,s1278,s0032,False,0.3502,,0.3603,0.6406082510948181,25.1,164.0,7.8e-05,97.0,4.6e-05,4.24,,ct ct<-ct
xs5933wt,151_cascade_coldtransformer_singleaxis_l9,"dual_axis=False, l=9 — early img-mask fusion via PixelShuffle (axis_fuse_r=4) before a row-axis-only (cross-context) transformer, cold transformer, l=9 compute-matched vs 150",250,rib_right_10,False,s0991,s1199,False,0.4442,,0.4264,0.5743417739868164,25.1,132.0,6.3e-05,188.0,9e-05,4.24,,ct ct<-ct
xs5933wt,151_cascade_coldtransformer_singleaxis_l9,"dual_axis=False, l=9 — early img-mask fusion via PixelShuffle (axis_fuse_r=4) before a row-axis-only (cross-context) transformer, cold transformer, l=9 compute-matched vs 150",250,rib_right_10,False,s1017,s0675,False,0.1969,,0.2002,0.8009188771247864,25.1,60.0,2.9e-05,152.0,7.2e-05,4.24,,ct ct<-ct
xs5933wt,151_cascade_coldtransformer_singleaxis_l9,"dual_axis=False, l=9 — early img-mask fusion via PixelShuffle (axis_fuse_r=4) before a row-axis-only (cross-context) transformer, cold transformer, l=9 compute-matched vs 150",250,rib_right_10,False,s0747,s1024,False,0.0027,,0.0002,1.0018280744552612,25.1,183.0,8.7e-05,128.0,6.1e-05,4.24,,ct ct<-ct
xs5933wt,151_cascade_coldtransformer_singleaxis_l9,"dual_axis=False, l=9 — early img-mask fusion via PixelShuffle (axis_fuse_r=4) before a row-axis-only (cross-context) transformer, cold transformer, l=9 compute-matched vs 150",250,rib_right_10,False,s0607,s0760,False,0.5073,,0.499,0.5021241307258606,25.2,293.0,0.00014,172.0,8.2e-05,4.24,,ct ct<-ct
xs5933wt,151_cascade_coldtransformer_singleaxis_l9,"dual_axis=False, l=9 — early img-mask fusion via PixelShuffle (axis_fuse_r=4) before a row-axis-only (cross-context) transformer, cold transformer, l=9 compute-matched vs 150",250,rib_right_10,False,s1199,s1278,False,0.4565,,0.4455,0.5560730695724487,25.1,188.0,9e-05,271.0,0.000129,4.24,,ct ct<-ct
xs5933wt,151_cascade_coldtransformer_singleaxis_l9,"dual_axis=False, l=9 — early img-mask fusion via PixelShuffle (axis_fuse_r=4) before a row-axis-only (cross-context) transformer, cold transformer, l=9 compute-matched vs 150",250,rib_right_10,False,s1287,s0698,False,0.4519,,0.4489,0.5520998239517212,25.2,196.0,9.3e-05,169.0,8.1e-05,4.24,,ct ct<-ct
xs5933wt,151_cascade_coldtransformer_singleaxis_l9,"dual_axis=False, l=9 — early img-mask fusion via PixelShuffle (axis_fuse_r=4) before a row-axis-only (cross-context) transformer, cold transformer, l=9 compute-matched vs 150",250,rib_right_11,True,s0698,s1238,False,0.6352,,0.6183,0.3819444477558136,25.4,65.0,3.1e-05,110.0,5.2e-05,4.24,,ct ct<-ct
xs5933wt,151_cascade_coldtransformer_singleaxis_l9,"dual_axis=False, l=9 — early img-mask fusion via PixelShuffle (axis_fuse_r=4) before a row-axis-only (cross-context) transformer, cold transformer, l=9 compute-matched vs 150",250,rib_right_11,True,s0420,s1024,False,0.0311,,0.0261,0.9750723242759705,25.2,106.0,5.1e-05,64.0,3.1e-05,4.24,,ct ct<-ct
xs5933wt,151_cascade_coldtransformer_singleaxis_l9,"dual_axis=False, l=9 — early img-mask fusion via PixelShuffle (axis_fuse_r=4) before a row-axis-only (cross-context) transformer, cold transformer, l=9 compute-matched vs 150",250,rib_right_11,True,s0675,s1287,False,0.599,,0.6055,0.3947666585445404,25.2,79.0,3.8e-05,125.0,6e-05,4.24,,ct ct<-ct
xs5933wt,151_cascade_coldtransformer_singleaxis_l9,"dual_axis=False, l=9 — early img-mask fusion via PixelShuffle (axis_fuse_r=4) before a row-axis-only (cross-context) transformer, cold transformer, l=9 compute-matched vs 150",250,rib_right_11,True,s0324,s0832,False,0.3333,,0.3252,0.6752184629440308,25.1,38.0,1.8e-05,82.0,3.9e-05,4.24,,ct ct<-ct
xs5933wt,151_cascade_coldtransformer_singleaxis_l9,"dual_axis=False, l=9 — early img-mask fusion via PixelShuffle (axis_fuse_r=4) before a row-axis-only (cross-context) transformer, cold transformer, l=9 compute-matched vs 150",250,rib_right_11,True,s0808,s0794,False,0.4495,,0.4395,0.5606910586357117,25.2,34.0,1.6e-05,116.0,5.5e-05,4.24,,ct ct<-ct
xs5933wt,151_cascade_coldtransformer_singleaxis_l9,"dual_axis=False, l=9 — early img-mask fusion via PixelShuffle (axis_fuse_r=4) before a row-axis-only (cross-context) transformer, cold transformer, l=9 compute-matched vs 150",250,rib_right_11,True,s0650,s0832,False,0.4104,,0.4059,0.5952557921409607,25.2,97.0,4.6e-05,82.0,3.9e-05,4.24,,ct ct<-ct
xs5933wt,151_cascade_coldtransformer_singleaxis_l9,"dual_axis=False, l=9 — early img-mask fusion via PixelShuffle (axis_fuse_r=4) before a row-axis-only (cross-context) transformer, cold transformer, l=9 compute-matched vs 150",250,rib_right_12,False,s1046,s0324,False,0.4481,,0.3314,0.6687052249908447,25.2,55.0,2.6e-05,3.0,1e-06,4.24,,ct ct<-ct
xs5933wt,151_cascade_coldtransformer_singleaxis_l9,"dual_axis=False, l=9 — early img-mask fusion via PixelShuffle (axis_fuse_r=4) before a row-axis-only (cross-context) transformer, cold transformer, l=9 compute-matched vs 150",250,rib_right_12,False,s1133,s0808,False,0.096,,0.0962,0.9049996137619019,25.1,32.0,1.5e-05,5.0,2e-06,4.24,,ct ct<-ct
xs5933wt,151_cascade_coldtransformer_singleaxis_l9,"dual_axis=False, l=9 — early img-mask fusion via PixelShuffle (axis_fuse_r=4) before a row-axis-only (cross-context) transformer, cold transformer, l=9 compute-matched vs 150",250,rib_right_12,False,s0095,s0324,False,0.0138,,0.0231,0.9774209856987,25.1,139.0,6.6e-05,3.0,1e-06,4.24,,ct ct<-ct
xs5933wt,151_cascade_coldtransformer_singleaxis_l9,"dual_axis=False, l=9 — early img-mask fusion via PixelShuffle (axis_fuse_r=4) before a row-axis-only (cross-context) transformer, cold transformer, l=9 compute-matched vs 150",250,rib_right_12,False,s0546,s0625,False,0.6296,,0.6115,0.3887307941913605,25.1,51.0,2.4e-05,26.0,1.2e-05,4.24,,ct ct<-ct
xs5933wt,151_cascade_coldtransformer_singleaxis_l9,"dual_axis=False, l=9 — early img-mask fusion via PixelShuffle (axis_fuse_r=4) before a row-axis-only (cross-context) transformer, cold transformer, l=9 compute-matched vs 150",250,rib_right_12,False,s0760,s1287,False,0.3438,,0.328,0.6723883152008057,25.1,28.0,1.3e-05,87.0,4.1e-05,4.24,,ct ct<-ct
xs5933wt,151_cascade_coldtransformer_singleaxis_l9,"dual_axis=False, l=9 — early img-mask fusion via PixelShuffle (axis_fuse_r=4) before a row-axis-only (cross-context) transformer, cold transformer, l=9 compute-matched vs 150",250,rib_right_12,False,s0675,s1223,False,0.6279,,0.5932,0.40686774253845215,25.2,15.0,7e-06,23.0,1.1e-05,4.24,,ct ct<-ct
xs5933wt,151_cascade_coldtransformer_singleaxis_l9,"dual_axis=False, l=9 — early img-mask fusion via PixelShuffle (axis_fuse_r=4) before a row-axis-only (cross-context) transformer, cold transformer, l=9 compute-matched vs 150",250,rib_right_12,False,s0123,s0824,False,0.3258,,0.3252,0.675234854221344,25.3,23.0,1.1e-05,29.0,1.4e-05,4.24,,ct ct<-ct
xs5933wt,151_cascade_coldtransformer_singleaxis_l9,"dual_axis=False, l=9 — early img-mask fusion via PixelShuffle (axis_fuse_r=4) before a row-axis-only (cross-context) transformer, cold transformer, l=9 compute-matched vs 150",250,rib_right_2,True,s0625,s0747,False,0.6862,,0.6732,0.3271068334579468,25.2,142.0,6.8e-05,193.0,9.2e-05,4.24,,ct ct<-ct
xs5933wt,151_cascade_coldtransformer_singleaxis_l9,"dual_axis=False, l=9 — early img-mask fusion via PixelShuffle (axis_fuse_r=4) before a row-axis-only (cross-context) transformer, cold transformer, l=9 compute-matched vs 150",250,rib_right_2,True,s0032,s1238,False,0.5559,,0.5514,0.44906845688819885,25.2,115.0,5.5e-05,160.0,7.6e-05,4.24,,ct ct<-ct
xs5933wt,151_cascade_coldtransformer_singleaxis_l9,"dual_axis=False, l=9 — early img-mask fusion via PixelShuffle (axis_fuse_r=4) before a row-axis-only (cross-context) transformer, cold transformer, l=9 compute-matched vs 150",250,rib_right_2,True,s0095,s1278,False,0.4658,,0.4747,0.5258335471153259,25.1,149.0,7.1e-05,172.0,8.2e-05,4.24,,ct ct<-ct
xs5933wt,151_cascade_coldtransformer_singleaxis_l9,"dual_axis=False, l=9 — early img-mask fusion via PixelShuffle (axis_fuse_r=4) before a row-axis-only (cross-context) transformer, cold transformer, l=9 compute-matched vs 150",250,rib_right_2,True,s0874,s0747,False,0.4775,,0.4732,0.5276286005973816,25.1,167.0,8e-05,193.0,9.2e-05,4.24,,ct ct<-ct
xs5933wt,151_cascade_coldtransformer_singleaxis_l9,"dual_axis=False, l=9 — early img-mask fusion via PixelShuffle (axis_fuse_r=4) before a row-axis-only (cross-context) transformer, cold transformer, l=9 compute-matched vs 150",250,rib_right_2,True,s0123,s0918,False,0.6968,,0.6955,0.30489158630371094,25.2,133.0,6.3e-05,205.0,9.8e-05,4.24,,ct ct<-ct
xs5933wt,151_cascade_coldtransformer_singleaxis_l9,"dual_axis=False, l=9 — early img-mask fusion via PixelShuffle (axis_fuse_r=4) before a row-axis-only (cross-context) transformer, cold transformer, l=9 compute-matched vs 150",250,rib_right_2,True,s1337,s1197,False,0.7423,,0.7336,0.2667068839073181,25.1,177.0,8.4e-05,120.0,5.7e-05,4.24,,ct ct<-ct
xs5933wt,151_cascade_coldtransformer_singleaxis_l9,"dual_axis=False, l=9 — early img-mask fusion via PixelShuffle (axis_fuse_r=4) before a row-axis-only (cross-context) transformer, cold transformer, l=9 compute-matched vs 150",250,rib_right_3,False,s0675,s0867,False,0.1467,,0.1364,0.8644413948059082,25.4,124.0,5.9e-05,9.0,4e-06,4.24,,ct ct<-ct
xs5933wt,151_cascade_coldtransformer_singleaxis_l9,"dual_axis=False, l=9 — early img-mask fusion via PixelShuffle (axis_fuse_r=4) before a row-axis-only (cross-context) transformer, cold transformer, l=9 compute-matched vs 150",250,rib_right_3,False,s1233,s0839,False,0.0023,,0.0,1.0015159845352173,25.2,98.0,4.7e-05,1.0,0.0,4.24,,ct ct<-ct
xs5933wt,151_cascade_coldtransformer_singleaxis_l9,"dual_axis=False, l=9 — early img-mask fusion via PixelShuffle (axis_fuse_r=4) before a row-axis-only (cross-context) transformer, cold transformer, l=9 compute-matched vs 150",250,rib_right_3,False,s1002,s1223,False,0.0448,,0.0288,0.9714601039886475,25.2,1.0,0.0,104.0,5e-05,4.24,,ct ct<-ct
xs5933wt,151_cascade_coldtransformer_singleaxis_l9,"dual_axis=False, l=9 — early img-mask fusion via PixelShuffle (axis_fuse_r=4) before a row-axis-only (cross-context) transformer, cold transformer, l=9 compute-matched vs 150",250,rib_right_3,False,s1024,s1199,False,0.5952,,0.5778,0.42268118262290955,25.1,137.0,6.5e-05,157.0,7.5e-05,4.24,,ct ct<-ct
xs5933wt,151_cascade_coldtransformer_singleaxis_l9,"dual_axis=False, l=9 — early img-mask fusion via PixelShuffle (axis_fuse_r=4) before a row-axis-only (cross-context) transformer, cold transformer, l=9 compute-matched vs 150",250,rib_right_3,False,s0618,s1199,False,0.3618,,0.3579,0.6430636048316956,27.7,140.0,6.7e-05,157.0,7.5e-05,4.24,,ct ct<-ct
xs5933wt,151_cascade_coldtransformer_singleaxis_l9,"dual_axis=False, l=9 — early img-mask fusion via PixelShuffle (axis_fuse_r=4) before a row-axis-only (cross-context) transformer, cold transformer, l=9 compute-matched vs 150",250,rib_right_3,False,s0824,s0466,False,0.4626,,0.468,0.5328273177146912,25.5,186.0,8.9e-05,58.0,2.8e-05,4.24,,ct ct<-ct
xs5933wt,151_cascade_coldtransformer_singleaxis_l9,"dual_axis=False, l=9 — early img-mask fusion via PixelShuffle (axis_fuse_r=4) before a row-axis-only (cross-context) transformer, cold transformer, l=9 compute-matched vs 150",250,rib_right_3,False,s1199,s1046,False,0.3938,,0.3892,0.6118121147155762,25.1,157.0,7.5e-05,191.0,9.1e-05,4.24,,ct ct<-ct
xs5933wt,151_cascade_coldtransformer_singleaxis_l9,"dual_axis=False, l=9 — early img-mask fusion via PixelShuffle (axis_fuse_r=4) before a row-axis-only (cross-context) transformer, cold transformer, l=9 compute-matched vs 150",250,rib_right_3,False,s1305,s1199,False,0.2521,,0.2512,0.7497265338897705,25.1,81.0,3.9e-05,157.0,7.5e-05,4.24,,ct ct<-ct
xs5933wt,151_cascade_coldtransformer_singleaxis_l9,"dual_axis=False, l=9 — early img-mask fusion via PixelShuffle (axis_fuse_r=4) before a row-axis-only (cross-context) transformer, cold transformer, l=9 compute-matched vs 150",250,rib_right_3,False,s0874,s0918,False,0.2645,,0.2697,0.7311329245567322,25.2,90.0,4.3e-05,262.0,0.000125,4.24,,ct ct<-ct
xs5933wt,151_cascade_coldtransformer_singleaxis_l9,"dual_axis=False, l=9 — early img-mask fusion via PixelShuffle (axis_fuse_r=4) before a row-axis-only (cross-context) transformer, cold transformer, l=9 compute-matched vs 150",250,rib_right_4,False,s0808,s1046,False,0.1018,,0.1112,0.8902725577354431,25.6,164.0,7.8e-05,261.0,0.000124,4.24,,ct ct<-ct
xs5933wt,151_cascade_coldtransformer_singleaxis_l9,"dual_axis=False, l=9 — early img-mask fusion via PixelShuffle (axis_fuse_r=4) before a row-axis-only (cross-context) transformer, cold transformer, l=9 compute-matched vs 150",250,rib_right_4,False,s0991,s0095,False,0.4004,,0.3887,0.6122974753379822,25.1,147.0,7e-05,279.0,0.000133,4.24,,ct ct<-ct
xs5933wt,151_cascade_coldtransformer_singleaxis_l9,"dual_axis=False, l=9 — early img-mask fusion via PixelShuffle (axis_fuse_r=4) before a row-axis-only (cross-context) transformer, cold transformer, l=9 compute-matched vs 150",250,rib_right_4,False,s1197,s1017,False,0.0025,,0.0,1.002396583557129,25.2,167.0,8e-05,114.0,5.4e-05,4.24,,ct ct<-ct
xs5933wt,151_cascade_coldtransformer_singleaxis_l9,"dual_axis=False, l=9 — early img-mask fusion via PixelShuffle (axis_fuse_r=4) before a row-axis-only (cross-context) transformer, cold transformer, l=9 compute-matched vs 150",250,rib_right_4,False,s0794,s0546,False,0.4157,,0.4132,0.5875862836837769,25.2,180.0,8.6e-05,326.0,0.000155,4.24,,ct ct<-ct
xs5933wt,151_cascade_coldtransformer_singleaxis_l9,"dual_axis=False, l=9 — early img-mask fusion via PixelShuffle (axis_fuse_r=4) before a row-axis-only (cross-context) transformer, cold transformer, l=9 compute-matched vs 150",250,rib_right_4,False,s1305,s0466,False,0.2177,,0.2076,0.7939816117286682,25.1,104.0,5e-05,53.0,2.5e-05,4.24,,ct ct<-ct
xs5933wt,151_cascade_coldtransformer_singleaxis_l9,"dual_axis=False, l=9 — early img-mask fusion via PixelShuffle (axis_fuse_r=4) before a row-axis-only (cross-context) transformer, cold transformer, l=9 compute-matched vs 150",250,rib_right_4,False,s0095,s0874,False,0.069,,0.0652,0.9395672678947449,25.1,279.0,0.000133,60.0,2.9e-05,4.24,,ct ct<-ct
xs5933wt,151_cascade_coldtransformer_singleaxis_l9,"dual_axis=False, l=9 — early img-mask fusion via PixelShuffle (axis_fuse_r=4) before a row-axis-only (cross-context) transformer, cold transformer, l=9 compute-matched vs 150",250,rib_right_4,False,s0625,s0618,False,0.5129,,0.5034,0.4971597194671631,25.3,168.0,8e-05,153.0,7.3e-05,4.24,,ct ct<-ct
xs5933wt,151_cascade_coldtransformer_singleaxis_l9,"dual_axis=False, l=9 — early img-mask fusion via PixelShuffle (axis_fuse_r=4) before a row-axis-only (cross-context) transformer, cold transformer, l=9 compute-matched vs 150",250,rib_right_4,False,s1238,s0874,False,0.0988,,0.0945,0.9089498519897461,25.1,228.0,0.000109,60.0,2.9e-05,4.24,,ct ct<-ct
xs5933wt,151_cascade_coldtransformer_singleaxis_l9,"dual_axis=False, l=9 — early img-mask fusion via PixelShuffle (axis_fuse_r=4) before a row-axis-only (cross-context) transformer, cold transformer, l=9 compute-matched vs 150",250,rib_right_5,False,s1161,s0032,False,0.2585,,0.2534,0.7487996220588684,25.4,302.0,0.000144,156.0,7.4e-05,4.24,,ct ct<-ct
xs5933wt,151_cascade_coldtransformer_singleaxis_l9,"dual_axis=False, l=9 — early img-mask fusion via PixelShuffle (axis_fuse_r=4) before a row-axis-only (cross-context) transformer, cold transformer, l=9 compute-matched vs 150",250,rib_right_5,False,s1233,s1223,False,0.2954,,0.2889,0.7130057215690613,25.2,209.0,0.0001,138.0,6.6e-05,4.24,,ct ct<-ct
xs5933wt,151_cascade_coldtransformer_singleaxis_l9,"dual_axis=False, l=9 — early img-mask fusion via PixelShuffle (axis_fuse_r=4) before a row-axis-only (cross-context) transformer, cold transformer, l=9 compute-matched vs 150",250,rib_right_5,False,s1305,s1223,False,0.2625,,0.2517,0.7497895359992981,25.1,143.0,6.8e-05,138.0,6.6e-05,4.24,,ct ct<-ct
xs5933wt,151_cascade_coldtransformer_singleaxis_l9,"dual_axis=False, l=9 — early img-mask fusion via PixelShuffle (axis_fuse_r=4) before a row-axis-only (cross-context) transformer, cold transformer, l=9 compute-matched vs 150",250,rib_right_5,False,s0747,s1233,False,0.1519,,0.1467,0.8557543754577637,25.1,295.0,0.000141,209.0,0.0001,4.24,,ct ct<-ct
xs5933wt,151_cascade_coldtransformer_singleaxis_l9,"dual_axis=False, l=9 — early img-mask fusion via PixelShuffle (axis_fuse_r=4) before a row-axis-only (cross-context) transformer, cold transformer, l=9 compute-matched vs 150",250,rib_right_5,False,s0021,s1286,False,0.0081,,0.0073,0.9941376447677612,27.1,185.0,8.8e-05,1.0,0.0,4.24,,ct ct<-ct
xs5933wt,151_cascade_coldtransformer_singleaxis_l9,"dual_axis=False, l=9 — early img-mask fusion via PixelShuffle (axis_fuse_r=4) before a row-axis-only (cross-context) transformer, cold transformer, l=9 compute-matched vs 150",250,rib_right_5,False,s0466,s1305,False,0.2941,,0.2903,0.7100928425788879,25.1,22.0,1e-05,143.0,6.8e-05,4.24,,ct ct<-ct
xs5933wt,151_cascade_coldtransformer_singleaxis_l9,"dual_axis=False, l=9 — early img-mask fusion via PixelShuffle (axis_fuse_r=4) before a row-axis-only (cross-context) transformer, cold transformer, l=9 compute-matched vs 150",250,rib_right_5,False,s0808,s0032,False,0.3595,,0.3556,0.6455734372138977,25.4,166.0,7.9e-05,156.0,7.4e-05,4.24,,ct ct<-ct
xs5933wt,151_cascade_coldtransformer_singleaxis_l9,"dual_axis=False, l=9 — early img-mask fusion via PixelShuffle (axis_fuse_r=4) before a row-axis-only (cross-context) transformer, cold transformer, l=9 compute-matched vs 150",250,rib_right_5,False,s0747,s0991,False,0.4494,,0.4523,0.5488277673721313,25.1,295.0,0.000141,169.0,8.1e-05,4.24,,ct ct<-ct
xs5933wt,151_cascade_coldtransformer_singleaxis_l9,"dual_axis=False, l=9 — early img-mask fusion via PixelShuffle (axis_fuse_r=4) before a row-axis-only (cross-context) transformer, cold transformer, l=9 compute-matched vs 150",250,rib_right_5,False,s1133,s1197,False,0.1704,,0.177,0.823771059513092,25.2,114.0,5.4e-05,162.0,7.7e-05,4.24,,ct ct<-ct
xs5933wt,151_cascade_coldtransformer_singleaxis_l9,"dual_axis=False, l=9 — early img-mask fusion via PixelShuffle (axis_fuse_r=4) before a row-axis-only (cross-context) transformer, cold transformer, l=9 compute-matched vs 150",250,rib_right_6,True,s1046,s0991,False,0.5485,,0.5429,0.45802566409111023,25.1,406.0,0.000194,186.0,8.9e-05,4.24,,ct ct<-ct
xs5933wt,151_cascade_coldtransformer_singleaxis_l9,"dual_axis=False, l=9 — early img-mask fusion via PixelShuffle (axis_fuse_r=4) before a row-axis-only (cross-context) transformer, cold transformer, l=9 compute-matched vs 150",250,rib_right_6,True,s0546,s1197,False,0.244,,0.244,0.7585698366165161,25.1,438.0,0.000209,218.0,0.000104,4.24,,ct ct<-ct
xs5933wt,151_cascade_coldtransformer_singleaxis_l9,"dual_axis=False, l=9 — early img-mask fusion via PixelShuffle (axis_fuse_r=4) before a row-axis-only (cross-context) transformer, cold transformer, l=9 compute-matched vs 150",250,rib_right_6,True,s0747,s0618,False,0.0902,,0.0936,0.9093543291091919,25.1,297.0,0.000142,213.0,0.000102,4.24,,ct ct<-ct
xs5933wt,151_cascade_coldtransformer_singleaxis_l9,"dual_axis=False, l=9 — early img-mask fusion via PixelShuffle (axis_fuse_r=4) before a row-axis-only (cross-context) transformer, cold transformer, l=9 compute-matched vs 150",250,rib_right_6,True,s0991,s1223,False,0.4975,,0.4919,0.509046733379364,25.2,186.0,8.9e-05,187.0,8.9e-05,4.24,,ct ct<-ct
xs5933wt,151_cascade_coldtransformer_singleaxis_l9,"dual_axis=False, l=9 — early img-mask fusion via PixelShuffle (axis_fuse_r=4) before a row-axis-only (cross-context) transformer, cold transformer, l=9 compute-matched vs 150",250,rib_right_6,True,s0045,s1017,False,0.0027,,0.0011,1.0006542205810547,25.1,75.0,3.6e-05,110.0,5.2e-05,4.24,,ct ct<-ct
xs5933wt,151_cascade_coldtransformer_singleaxis_l9,"dual_axis=False, l=9 — early img-mask fusion via PixelShuffle (axis_fuse_r=4) before a row-axis-only (cross-context) transformer, cold transformer, l=9 compute-matched vs 150",250,rib_right_6,True,s0123,s1337,False,0.4456,,0.4493,0.5522312521934509,25.1,287.0,0.000137,245.0,0.000117,4.24,,ct ct<-ct
xs5933wt,151_cascade_coldtransformer_singleaxis_l9,"dual_axis=False, l=9 — early img-mask fusion via PixelShuffle (axis_fuse_r=4) before a row-axis-only (cross-context) transformer, cold transformer, l=9 compute-matched vs 150",250,rib_right_6,True,s0123,s0045,False,0.3561,,0.3501,0.6517568826675415,25.1,287.0,0.000137,75.0,3.6e-05,4.24,,ct ct<-ct
xs5933wt,151_cascade_coldtransformer_singleaxis_l9,"dual_axis=False, l=9 — early img-mask fusion via PixelShuffle (axis_fuse_r=4) before a row-axis-only (cross-context) transformer, cold transformer, l=9 compute-matched vs 150",250,rib_right_7,False,s0021,s0747,False,0.1448,,0.1462,0.8551761507987976,25.1,69.0,3.3e-05,323.0,0.000154,4.24,,ct ct<-ct
xs5933wt,151_cascade_coldtransformer_singleaxis_l9,"dual_axis=False, l=9 — early img-mask fusion via PixelShuffle (axis_fuse_r=4) before a row-axis-only (cross-context) transformer, cold transformer, l=9 compute-matched vs 150",250,rib_right_7,False,s0991,s0458,False,0.3917,,0.3749,0.626500129699707,25.1,205.0,9.8e-05,197.0,9.4e-05,4.24,,ct ct<-ct
xs5933wt,151_cascade_coldtransformer_singleaxis_l9,"dual_axis=False, l=9 — early img-mask fusion via PixelShuffle (axis_fuse_r=4) before a row-axis-only (cross-context) transformer, cold transformer, l=9 compute-matched vs 150",250,rib_right_7,False,s0618,s0032,False,0.3378,,0.3282,0.6734492778778076,25.1,184.0,8.8e-05,175.0,8.3e-05,4.24,,ct ct<-ct
xs5933wt,151_cascade_coldtransformer_singleaxis_l9,"dual_axis=False, l=9 — early img-mask fusion via PixelShuffle (axis_fuse_r=4) before a row-axis-only (cross-context) transformer, cold transformer, l=9 compute-matched vs 150",250,rib_right_7,False,s0045,s1133,False,0.2885,,0.2773,0.7238385677337646,25.1,115.0,5.5e-05,145.0,6.9e-05,4.24,,ct ct<-ct
xs5933wt,151_cascade_coldtransformer_singleaxis_l9,"dual_axis=False, l=9 — early img-mask fusion via PixelShuffle (axis_fuse_r=4) before a row-axis-only (cross-context) transformer, cold transformer, l=9 compute-matched vs 150",250,rib_right_7,False,s1287,s1337,False,0.2932,,0.2944,0.7071573734283447,25.1,328.0,0.000156,259.0,0.000124,4.24,,ct ct<-ct
xs5933wt,151_cascade_coldtransformer_singleaxis_l9,"dual_axis=False, l=9 — early img-mask fusion via PixelShuffle (axis_fuse_r=4) before a row-axis-only (cross-context) transformer, cold transformer, l=9 compute-matched vs 150",250,rib_right_7,False,s0675,s0458,False,0.3347,,0.3245,0.6769952178001404,25.1,237.0,0.000113,197.0,9.4e-05,4.24,,ct ct<-ct
xs5933wt,151_cascade_coldtransformer_singleaxis_l9,"dual_axis=False, l=9 — early img-mask fusion via PixelShuffle (axis_fuse_r=4) before a row-axis-only (cross-context) transformer, cold transformer, l=9 compute-matched vs 150",250,rib_right_7,False,s0249,s0045,False,0.3172,,0.3143,0.6860897541046143,25.1,35.0,1.7e-05,115.0,5.5e-05,4.24,,ct ct<-ct
xs5933wt,151_cascade_coldtransformer_singleaxis_l9,"dual_axis=False, l=9 — early img-mask fusion via PixelShuffle (axis_fuse_r=4) before a row-axis-only (cross-context) transformer, cold transformer, l=9 compute-matched vs 150",250,rib_right_8,False,s0607,s0808,False,0.381,,0.3786,0.6229368448257446,25.2,295.0,0.000141,133.0,6.3e-05,4.24,,ct ct<-ct
xs5933wt,151_cascade_coldtransformer_singleaxis_l9,"dual_axis=False, l=9 — early img-mask fusion via PixelShuffle (axis_fuse_r=4) before a row-axis-only (cross-context) transformer, cold transformer, l=9 compute-matched vs 150",250,rib_right_8,False,s1233,s0625,False,0.3836,,0.3799,0.6216678619384766,25.2,182.0,8.7e-05,186.0,8.9e-05,4.24,,ct ct<-ct
xs5933wt,151_cascade_coldtransformer_singleaxis_l9,"dual_axis=False, l=9 — early img-mask fusion via PixelShuffle (axis_fuse_r=4) before a row-axis-only (cross-context) transformer, cold transformer, l=9 compute-matched vs 150",250,rib_right_8,False,s1287,s0420,False,0.3285,,0.3242,0.6779569387435913,25.1,279.0,0.000133,286.0,0.000136,4.24,,ct ct<-ct
xs5933wt,151_cascade_coldtransformer_singleaxis_l9,"dual_axis=False, l=9 — early img-mask fusion via PixelShuffle (axis_fuse_r=4) before a row-axis-only (cross-context) transformer, cold transformer, l=9 compute-matched vs 150",250,rib_right_8,False,s0607,s1161,False,0.5205,,0.5153,0.4860959053039551,25.2,295.0,0.000141,303.0,0.000144,4.24,,ct ct<-ct
xs5933wt,151_cascade_coldtransformer_singleaxis_l9,"dual_axis=False, l=9 — early img-mask fusion via PixelShuffle (axis_fuse_r=4) before a row-axis-only (cross-context) transformer, cold transformer, l=9 compute-matched vs 150",250,rib_right_8,False,s0625,s0675,False,0.4278,,0.415,0.5863643884658813,25.1,186.0,8.9e-05,233.0,0.000111,4.24,,ct ct<-ct
xs5933wt,151_cascade_coldtransformer_singleaxis_l9,"dual_axis=False, l=9 — early img-mask fusion via PixelShuffle (axis_fuse_r=4) before a row-axis-only (cross-context) transformer, cold transformer, l=9 compute-matched vs 150",250,rib_right_8,False,s0747,s1238,False,0.0429,,0.0545,0.9488028883934021,25.1,303.0,0.000144,262.0,0.000125,4.24,,ct ct<-ct
xs5933wt,151_cascade_coldtransformer_singleaxis_l9,"dual_axis=False, l=9 — early img-mask fusion via PixelShuffle (axis_fuse_r=4) before a row-axis-only (cross-context) transformer, cold transformer, l=9 compute-matched vs 150",250,rib_right_8,False,s0607,s1233,False,0.4343,,0.4318,0.5696529746055603,25.2,295.0,0.000141,182.0,8.7e-05,4.24,,ct ct<-ct
xs5933wt,151_cascade_coldtransformer_singleaxis_l9,"dual_axis=False, l=9 — early img-mask fusion via PixelShuffle (axis_fuse_r=4) before a row-axis-only (cross-context) transformer, cold transformer, l=9 compute-matched vs 150",250,rib_right_9,False,s0095,s1278,False,0.36,,0.352,0.6495553255081177,25.2,251.0,0.00012,283.0,0.000135,4.24,,ct ct<-ct
xs5933wt,151_cascade_coldtransformer_singleaxis_l9,"dual_axis=False, l=9 — early img-mask fusion via PixelShuffle (axis_fuse_r=4) before a row-axis-only (cross-context) transformer, cold transformer, l=9 compute-matched vs 150",250,rib_right_9,False,s1197,s0747,False,0.4485,,0.4403,0.5611044764518738,25.1,149.0,7.1e-05,282.0,0.000134,4.24,,ct ct<-ct
xs5933wt,151_cascade_coldtransformer_singleaxis_l9,"dual_axis=False, l=9 — early img-mask fusion via PixelShuffle (axis_fuse_r=4) before a row-axis-only (cross-context) transformer, cold transformer, l=9 compute-matched vs 150",250,rib_right_9,False,s1197,s0045,False,0.4512,,0.4427,0.5585503578186035,25.1,149.0,7.1e-05,159.0,7.6e-05,4.24,,ct ct<-ct
xs5933wt,151_cascade_coldtransformer_singleaxis_l9,"dual_axis=False, l=9 — early img-mask fusion via PixelShuffle (axis_fuse_r=4) before a row-axis-only (cross-context) transformer, cold transformer, l=9 compute-matched vs 150",250,rib_right_9,False,s0095,s0794,False,0.2828,,0.2834,0.718389093875885,25.1,251.0,0.00012,222.0,0.000106,4.24,,ct ct<-ct
xs5933wt,151_cascade_coldtransformer_singleaxis_l9,"dual_axis=False, l=9 — early img-mask fusion via PixelShuffle (axis_fuse_r=4) before a row-axis-only (cross-context) transformer, cold transformer, l=9 compute-matched vs 150",250,rib_right_9,False,s1046,s0045,False,0.3981,,0.3951,0.6071714162826538,25.1,319.0,0.000152,159.0,7.6e-05,4.24,,ct ct<-ct
xs5933wt,151_cascade_coldtransformer_singleaxis_l9,"dual_axis=False, l=9 — early img-mask fusion via PixelShuffle (axis_fuse_r=4) before a row-axis-only (cross-context) transformer, cold transformer, l=9 compute-matched vs 150",250,rib_right_9,False,s0324,s0123,False,0.1737,,0.1609,0.8399993777275085,25.2,31.0,1.5e-05,229.0,0.000109,4.24,,ct ct<-ct
xs5933wt,151_cascade_coldtransformer_singleaxis_l9,"dual_axis=False, l=9 — early img-mask fusion via PixelShuffle (axis_fuse_r=4) before a row-axis-only (cross-context) transformer, cold transformer, l=9 compute-matched vs 150",250,rib_right_9,False,s0918,s0618,False,0.5021,,0.4988,0.5020777583122253,25.2,275.0,0.000131,120.0,5.7e-05,4.24,,ct ct<-ct
xs5933wt,151_cascade_coldtransformer_singleaxis_l9,"dual_axis=False, l=9 — early img-mask fusion via PixelShuffle (axis_fuse_r=4) before a row-axis-only (cross-context) transformer, cold transformer, l=9 compute-matched vs 150",250,rib_right_9,False,s0420,s1305,False,0.4273,,0.4212,0.580158531665802,25.1,245.0,0.000117,119.0,5.7e-05,4.24,,ct ct<-ct
xs5933wt,151_cascade_coldtransformer_singleaxis_l9,"dual_axis=False, l=9 — early img-mask fusion via PixelShuffle (axis_fuse_r=4) before a row-axis-only (cross-context) transformer, cold transformer, l=9 compute-matched vs 150",250,rib_right_9,False,s0918,s1024,False,0.2649,,0.2714,0.7305657267570496,25.1,275.0,0.000131,189.0,9e-05,4.24,,ct ct<-ct
xs5933wt,151_cascade_coldtransformer_singleaxis_l9,"dual_axis=False, l=9 — early img-mask fusion via PixelShuffle (axis_fuse_r=4) before a row-axis-only (cross-context) transformer, cold transformer, l=9 compute-matched vs 150",250,sacrum,True,s1024,s1046,False,0.7203,,0.7154,0.29004791378974915,25.2,2316.0,0.001104,2853.0,0.00136,4.24,,ct ct<-ct
xs5933wt,151_cascade_coldtransformer_singleaxis_l9,"dual_axis=False, l=9 — early img-mask fusion via PixelShuffle (axis_fuse_r=4) before a row-axis-only (cross-context) transformer, cold transformer, l=9 compute-matched vs 150",250,sacrum,True,s1233,s0760,False,0.7756,,0.7713,0.2316172569990158,25.2,1982.0,0.000945,2491.0,0.001188,4.24,,ct ct<-ct
xs5933wt,151_cascade_coldtransformer_singleaxis_l9,"dual_axis=False, l=9 — early img-mask fusion via PixelShuffle (axis_fuse_r=4) before a row-axis-only (cross-context) transformer, cold transformer, l=9 compute-matched vs 150",250,sacrum,True,s0000,s0650,False,0.8163,,0.789,0.21122628450393677,25.2,166.0,7.9e-05,2689.0,0.001282,4.24,,ct ct<-ct
xs5933wt,151_cascade_coldtransformer_singleaxis_l9,"dual_axis=False, l=9 — early img-mask fusion via PixelShuffle (axis_fuse_r=4) before a row-axis-only (cross-context) transformer, cold transformer, l=9 compute-matched vs 150",250,sacrum,True,s0650,s0324,False,0.7748,,0.7691,0.23453322052955627,25.1,2689.0,0.001282,1421.0,0.000678,4.24,,ct ct<-ct
xs5933wt,151_cascade_coldtransformer_singleaxis_l9,"dual_axis=False, l=9 — early img-mask fusion via PixelShuffle (axis_fuse_r=4) before a row-axis-only (cross-context) transformer, cold transformer, l=9 compute-matched vs 150",250,sacrum,True,s0650,s0918,False,0.8202,,0.8101,0.19240747392177582,25.1,2689.0,0.001282,2371.0,0.001131,4.24,,ct ct<-ct
xs5933wt,151_cascade_coldtransformer_singleaxis_l9,"dual_axis=False, l=9 — early img-mask fusion via PixelShuffle (axis_fuse_r=4) before a row-axis-only (cross-context) transformer, cold transformer, l=9 compute-matched vs 150",250,sacrum,True,s0000,s0458,False,0.844,,0.8258,0.1743834763765335,25.1,166.0,7.9e-05,2197.0,0.001048,4.24,,ct ct<-ct
xs5933wt,151_cascade_coldtransformer_singleaxis_l9,"dual_axis=False, l=9 — early img-mask fusion via PixelShuffle (axis_fuse_r=4) before a row-axis-only (cross-context) transformer, cold transformer, l=9 compute-matched vs 150",250,scapula_left,True,s0625,s0824,False,0.7894,,0.7822,0.21934233605861664,25.2,1328.0,0.000633,1713.0,0.000817,4.24,,ct ct<-ct
xs5933wt,151_cascade_coldtransformer_singleaxis_l9,"dual_axis=False, l=9 — early img-mask fusion via PixelShuffle (axis_fuse_r=4) before a row-axis-only (cross-context) transformer, cold transformer, l=9 compute-matched vs 150",250,scapula_left,True,s0650,s1278,False,0.646,,0.6353,0.368532657623291,25.2,1341.0,0.000639,1928.0,0.000919,4.24,,ct ct<-ct
xs5933wt,151_cascade_coldtransformer_singleaxis_l9,"dual_axis=False, l=9 — early img-mask fusion via PixelShuffle (axis_fuse_r=4) before a row-axis-only (cross-context) transformer, cold transformer, l=9 compute-matched vs 150",250,scapula_left,True,s1233,s0123,False,0.6049,,0.6056,0.3970162868499756,25.2,1136.0,0.000542,1455.0,0.000694,4.24,,ct ct<-ct
xs5933wt,151_cascade_coldtransformer_singleaxis_l9,"dual_axis=False, l=9 — early img-mask fusion via PixelShuffle (axis_fuse_r=4) before a row-axis-only (cross-context) transformer, cold transformer, l=9 compute-matched vs 150",250,scapula_left,True,s0572,s0794,False,0.6827,,0.6816,0.3194367289543152,25.2,515.0,0.000246,1334.0,0.000636,4.24,,ct ct<-ct
xs5933wt,151_cascade_coldtransformer_singleaxis_l9,"dual_axis=False, l=9 — early img-mask fusion via PixelShuffle (axis_fuse_r=4) before a row-axis-only (cross-context) transformer, cold transformer, l=9 compute-matched vs 150",250,scapula_left,True,s0991,s1305,False,0.6947,,0.6903,0.3117849826812744,25.2,1082.0,0.000516,816.0,0.000389,4.24,,ct ct<-ct
xs5933wt,151_cascade_coldtransformer_singleaxis_l9,"dual_axis=False, l=9 — early img-mask fusion via PixelShuffle (axis_fuse_r=4) before a row-axis-only (cross-context) transformer, cold transformer, l=9 compute-matched vs 150",250,scapula_right,False,s0032,s0572,False,0.5066,,0.5022,0.5029178857803345,25.1,907.0,0.000432,680.0,0.000324,4.24,,ct ct<-ct
xs5933wt,151_cascade_coldtransformer_singleaxis_l9,"dual_axis=False, l=9 — early img-mask fusion via PixelShuffle (axis_fuse_r=4) before a row-axis-only (cross-context) transformer, cold transformer, l=9 compute-matched vs 150",250,scapula_right,False,s0832,s0466,False,0.7662,,0.7634,0.23682521283626556,25.1,221.0,0.000105,638.0,0.000304,4.24,,ct ct<-ct
xs5933wt,151_cascade_coldtransformer_singleaxis_l9,"dual_axis=False, l=9 — early img-mask fusion via PixelShuffle (axis_fuse_r=4) before a row-axis-only (cross-context) transformer, cold transformer, l=9 compute-matched vs 150",250,scapula_right,False,s1199,s0874,False,0.2528,,0.2499,0.7564250230789185,25.1,1182.0,0.000564,212.0,0.000101,4.24,,ct ct<-ct
xs5933wt,151_cascade_coldtransformer_singleaxis_l9,"dual_axis=False, l=9 — early img-mask fusion via PixelShuffle (axis_fuse_r=4) before a row-axis-only (cross-context) transformer, cold transformer, l=9 compute-matched vs 150",250,scapula_right,False,s1059,s0546,False,0.7325,,0.7273,0.27458369731903076,25.1,1265.0,0.000603,1769.0,0.000844,4.24,,ct ct<-ct
xs5933wt,151_cascade_coldtransformer_singleaxis_l9,"dual_axis=False, l=9 — early img-mask fusion via PixelShuffle (axis_fuse_r=4) before a row-axis-only (cross-context) transformer, cold transformer, l=9 compute-matched vs 150",250,scapula_right,False,s0832,s1199,False,0.8294,,0.8271,0.1730525940656662,25.1,221.0,0.000105,1182.0,0.000564,4.24,,ct ct<-ct
xs5933wt,151_cascade_coldtransformer_singleaxis_l9,"dual_axis=False, l=9 — early img-mask fusion via PixelShuffle (axis_fuse_r=4) before a row-axis-only (cross-context) transformer, cold transformer, l=9 compute-matched vs 150",250,scapula_right,False,s0625,s0572,False,0.6093,,0.5926,0.4107384979724884,25.3,1422.0,0.000678,680.0,0.000324,4.24,,ct ct<-ct
xs5933wt,151_cascade_coldtransformer_singleaxis_l9,"dual_axis=False, l=9 — early img-mask fusion via PixelShuffle (axis_fuse_r=4) before a row-axis-only (cross-context) transformer, cold transformer, l=9 compute-matched vs 150",250,skull,True,s1059,s0021,False,0.8481,,0.8427,0.16054129600524902,27.7,5447.0,0.002597,5988.0,0.002855,4.24,,ct ct<-ct
xs5933wt,151_cascade_coldtransformer_singleaxis_l9,"dual_axis=False, l=9 — early img-mask fusion via PixelShuffle (axis_fuse_r=4) before a row-axis-only (cross-context) transformer, cold transformer, l=9 compute-matched vs 150",250,skull,True,s0832,s0352,False,0.5,,0.0,1.000004768371582,25.1,1.0,0.0,3955.0,0.001886,4.24,,ct ct<-ct
xs5933wt,151_cascade_coldtransformer_singleaxis_l9,"dual_axis=False, l=9 — early img-mask fusion via PixelShuffle (axis_fuse_r=4) before a row-axis-only (cross-context) transformer, cold transformer, l=9 compute-matched vs 150",250,skull,True,s0123,s0546,False,0.3056,,0.2588,0.7414714694023132,25.5,20.0,1e-05,1.0,0.0,4.24,,ct ct<-ct
xs5933wt,151_cascade_coldtransformer_singleaxis_l9,"dual_axis=False, l=9 — early img-mask fusion via PixelShuffle (axis_fuse_r=4) before a row-axis-only (cross-context) transformer, cold transformer, l=9 compute-matched vs 150",250,skull,True,s0032,s1233,False,0.8932,,0.8946,0.10553935915231705,25.1,228.0,0.000109,192.0,9.2e-05,4.24,,ct ct<-ct
xs5933wt,151_cascade_coldtransformer_singleaxis_l9,"dual_axis=False, l=9 — early img-mask fusion via PixelShuffle (axis_fuse_r=4) before a row-axis-only (cross-context) transformer, cold transformer, l=9 compute-matched vs 150",250,skull,True,s1017,s0546,False,0.6038,,0.5968,0.41193217039108276,25.1,3903.0,0.001861,1.0,0.0,4.24,,ct ct<-ct
xs5933wt,151_cascade_coldtransformer_singleaxis_l9,"dual_axis=False, l=9 — early img-mask fusion via PixelShuffle (axis_fuse_r=4) before a row-axis-only (cross-context) transformer, cold transformer, l=9 compute-matched vs 150",250,skull,True,s1233,s0832,False,0.1748,,0.1584,0.8423299193382263,25.1,192.0,9.2e-05,1.0,0.0,4.24,,ct ct<-ct
xs5933wt,151_cascade_coldtransformer_singleaxis_l9,"dual_axis=False, l=9 — early img-mask fusion via PixelShuffle (axis_fuse_r=4) before a row-axis-only (cross-context) transformer, cold transformer, l=9 compute-matched vs 150",250,small_bowel,True,s0000,s0095,False,0.001,,0.0007,1.0039854049682617,25.2,6.0,3e-06,16342.0,0.007792,4.24,,ct ct<-ct
xs5933wt,151_cascade_coldtransformer_singleaxis_l9,"dual_axis=False, l=9 — early img-mask fusion via PixelShuffle (axis_fuse_r=4) before a row-axis-only (cross-context) transformer, cold transformer, l=9 compute-matched vs 150",250,small_bowel,True,s0045,s0607,False,0.6757,,0.6616,0.36079928278923035,25.1,14707.0,0.007013,16422.0,0.007831,4.24,,ct ct<-ct
xs5933wt,151_cascade_coldtransformer_singleaxis_l9,"dual_axis=False, l=9 — early img-mask fusion via PixelShuffle (axis_fuse_r=4) before a row-axis-only (cross-context) transformer, cold transformer, l=9 compute-matched vs 150",250,small_bowel,True,s0618,s1286,False,0.3204,,0.2574,0.7426440715789795,25.1,42.0,2e-05,312.0,0.000149,4.24,,ct ct<-ct
xs5933wt,151_cascade_coldtransformer_singleaxis_l9,"dual_axis=False, l=9 — early img-mask fusion via PixelShuffle (axis_fuse_r=4) before a row-axis-only (cross-context) transformer, cold transformer, l=9 compute-matched vs 150",250,small_bowel,True,s0614,s1046,False,0.3789,,0.3714,0.6393406391143799,25.1,1852.0,0.000883,12943.0,0.006172,4.24,,ct ct<-ct
xs5933wt,151_cascade_coldtransformer_singleaxis_l9,"dual_axis=False, l=9 — early img-mask fusion via PixelShuffle (axis_fuse_r=4) before a row-axis-only (cross-context) transformer, cold transformer, l=9 compute-matched vs 150",250,small_bowel,True,s1199,s0607,False,0.1524,,0.1515,0.851841926574707,25.2,312.0,0.000149,16422.0,0.007831,4.24,,ct ct<-ct
xs5933wt,151_cascade_coldtransformer_singleaxis_l9,"dual_axis=False, l=9 — early img-mask fusion via PixelShuffle (axis_fuse_r=4) before a row-axis-only (cross-context) transformer, cold transformer, l=9 compute-matched vs 150",250,small_bowel,True,s1233,s0458,False,0.6436,,0.6274,0.39931339025497437,25.2,11639.0,0.00555,15059.0,0.007181,4.24,,ct ct<-ct
xs5933wt,151_cascade_coldtransformer_singleaxis_l9,"dual_axis=False, l=9 — early img-mask fusion via PixelShuffle (axis_fuse_r=4) before a row-axis-only (cross-context) transformer, cold transformer, l=9 compute-matched vs 150",250,small_bowel,True,s1024,s0045,False,0.6214,,0.5984,0.4278160035610199,25.1,18695.0,0.008914,14707.0,0.007013,4.24,,ct ct<-ct
xs5933wt,151_cascade_coldtransformer_singleaxis_l9,"dual_axis=False, l=9 — early img-mask fusion via PixelShuffle (axis_fuse_r=4) before a row-axis-only (cross-context) transformer, cold transformer, l=9 compute-matched vs 150",250,spinal_cord,True,s0698,s0346,False,0.7996,,0.7971,0.20337975025177002,25.2,567.0,0.00027,621.0,0.000296,4.24,,ct ct<-ct
xs5933wt,151_cascade_coldtransformer_singleaxis_l9,"dual_axis=False, l=9 — early img-mask fusion via PixelShuffle (axis_fuse_r=4) before a row-axis-only (cross-context) transformer, cold transformer, l=9 compute-matched vs 150",250,spinal_cord,True,s0032,s0698,False,0.7542,,0.7536,0.24754714965820312,25.1,594.0,0.000283,567.0,0.00027,4.24,,ct ct<-ct
xs5933wt,151_cascade_coldtransformer_singleaxis_l9,"dual_axis=False, l=9 — early img-mask fusion via PixelShuffle (axis_fuse_r=4) before a row-axis-only (cross-context) transformer, cold transformer, l=9 compute-matched vs 150",250,spinal_cord,True,s0249,s0650,False,0.8259,,0.8217,0.17849846184253693,25.1,320.0,0.000153,1583.0,0.000755,4.24,,ct ct<-ct
xs5933wt,151_cascade_coldtransformer_singleaxis_l9,"dual_axis=False, l=9 — early img-mask fusion via PixelShuffle (axis_fuse_r=4) before a row-axis-only (cross-context) transformer, cold transformer, l=9 compute-matched vs 150",250,spleen,True,s1305,s0832,False,0.8868,,0.8829,0.11803898960351944,25.6,1473.0,0.000702,1484.0,0.000708,4.24,,ct ct<-ct
xs5933wt,151_cascade_coldtransformer_singleaxis_l9,"dual_axis=False, l=9 — early img-mask fusion via PixelShuffle (axis_fuse_r=4) before a row-axis-only (cross-context) transformer, cold transformer, l=9 compute-matched vs 150",250,spleen,True,s0458,s0546,False,0.8855,,0.8805,0.12187335640192032,25.6,3237.0,0.001544,1981.0,0.000945,4.24,,ct ct<-ct
xs5933wt,151_cascade_coldtransformer_singleaxis_l9,"dual_axis=False, l=9 — early img-mask fusion via PixelShuffle (axis_fuse_r=4) before a row-axis-only (cross-context) transformer, cold transformer, l=9 compute-matched vs 150",250,spleen,True,s1161,s1106,False,0.0002,,0.0002,1.0329089164733887,25.1,4357.0,0.002078,159.0,7.6e-05,4.24,,ct ct<-ct
xs5933wt,151_cascade_coldtransformer_singleaxis_l9,"dual_axis=False, l=9 — early img-mask fusion via PixelShuffle (axis_fuse_r=4) before a row-axis-only (cross-context) transformer, cold transformer, l=9 compute-matched vs 150",250,spleen,True,s1233,s0655,False,0.7939,,0.7865,0.2153714895248413,25.2,1478.0,0.000705,143.0,6.8e-05,4.24,,ct ct<-ct
xs5933wt,151_cascade_coldtransformer_singleaxis_l9,"dual_axis=False, l=9 — early img-mask fusion via PixelShuffle (axis_fuse_r=4) before a row-axis-only (cross-context) transformer, cold transformer, l=9 compute-matched vs 150",250,spleen,True,s1002,s1046,False,0.8317,,0.8304,0.16999593377113342,25.1,467.0,0.000223,1895.0,0.000904,4.24,,ct ct<-ct
xs5933wt,151_cascade_coldtransformer_singleaxis_l9,"dual_axis=False, l=9 — early img-mask fusion via PixelShuffle (axis_fuse_r=4) before a row-axis-only (cross-context) transformer, cold transformer, l=9 compute-matched vs 150",250,spleen,True,s0698,s0420,False,0.9348,,0.9119,0.08871019631624222,25.2,2210.0,0.001054,2209.0,0.001053,4.24,,ct ct<-ct
xs5933wt,151_cascade_coldtransformer_singleaxis_l9,"dual_axis=False, l=9 — early img-mask fusion via PixelShuffle (axis_fuse_r=4) before a row-axis-only (cross-context) transformer, cold transformer, l=9 compute-matched vs 150",250,spleen,True,s0698,s1197,False,0.705,,0.6965,0.30701786279678345,25.1,2210.0,0.001054,522.0,0.000249,4.24,,ct ct<-ct
xs5933wt,151_cascade_coldtransformer_singleaxis_l9,"dual_axis=False, l=9 — early img-mask fusion via PixelShuffle (axis_fuse_r=4) before a row-axis-only (cross-context) transformer, cold transformer, l=9 compute-matched vs 150",250,sternum,True,s1059,s1337,False,0.7796,,0.7753,0.2252652943134308,25.2,431.0,0.000206,1079.0,0.000515,4.24,,ct ct<-ct
xs5933wt,151_cascade_coldtransformer_singleaxis_l9,"dual_axis=False, l=9 — early img-mask fusion via PixelShuffle (axis_fuse_r=4) before a row-axis-only (cross-context) transformer, cold transformer, l=9 compute-matched vs 150",250,sternum,True,s0544,s1287,False,0.2363,,0.2346,0.7662892937660217,25.2,23.0,1.1e-05,977.0,0.000466,4.24,,ct ct<-ct
xs5933wt,151_cascade_coldtransformer_singleaxis_l9,"dual_axis=False, l=9 — early img-mask fusion via PixelShuffle (axis_fuse_r=4) before a row-axis-only (cross-context) transformer, cold transformer, l=9 compute-matched vs 150",250,sternum,True,s0832,s0618,False,0.7724,,0.7659,0.23482339084148407,25.2,425.0,0.000203,606.0,0.000289,4.24,,ct ct<-ct
xs5933wt,151_cascade_coldtransformer_singleaxis_l9,"dual_axis=False, l=9 — early img-mask fusion via PixelShuffle (axis_fuse_r=4) before a row-axis-only (cross-context) transformer, cold transformer, l=9 compute-matched vs 150",250,sternum,True,s0625,s0123,False,0.7075,,0.7055,0.2967066764831543,25.1,891.0,0.000425,916.0,0.000437,4.24,,ct ct<-ct
xs5933wt,151_cascade_coldtransformer_singleaxis_l9,"dual_axis=False, l=9 — early img-mask fusion via PixelShuffle (axis_fuse_r=4) before a row-axis-only (cross-context) transformer, cold transformer, l=9 compute-matched vs 150",250,stomach,True,s0655,s0832,False,0.5498,,0.5443,0.4571874737739563,25.1,230.0,0.00011,1219.0,0.000581,4.24,,ct ct<-ct
xs5933wt,151_cascade_coldtransformer_singleaxis_l9,"dual_axis=False, l=9 — early img-mask fusion via PixelShuffle (axis_fuse_r=4) before a row-axis-only (cross-context) transformer, cold transformer, l=9 compute-matched vs 150",250,stomach,True,s1106,s1133,False,0.4272,,0.4244,0.5833609104156494,25.1,2409.0,0.001149,1959.0,0.000934,4.24,,ct ct<-ct
xs5933wt,151_cascade_coldtransformer_singleaxis_l9,"dual_axis=False, l=9 — early img-mask fusion via PixelShuffle (axis_fuse_r=4) before a row-axis-only (cross-context) transformer, cold transformer, l=9 compute-matched vs 150",250,stomach,True,s0832,s0095,False,0.8713,,0.8696,0.13116991519927979,25.1,1219.0,0.000581,2504.0,0.001194,4.24,,ct ct<-ct
xs5933wt,151_cascade_coldtransformer_singleaxis_l9,"dual_axis=False, l=9 — early img-mask fusion via PixelShuffle (axis_fuse_r=4) before a row-axis-only (cross-context) transformer, cold transformer, l=9 compute-matched vs 150",250,stomach,True,s0760,s1278,False,0.5113,,0.5144,0.49403703212738037,25.1,3501.0,0.001669,3209.0,0.00153,4.24,,ct ct<-ct
xs5933wt,151_cascade_coldtransformer_singleaxis_l9,"dual_axis=False, l=9 — early img-mask fusion via PixelShuffle (axis_fuse_r=4) before a row-axis-only (cross-context) transformer, cold transformer, l=9 compute-matched vs 150",250,stomach,True,s1287,s0546,False,0.8068,,0.8013,0.2045333832502365,25.3,6660.0,0.003176,7487.0,0.00357,4.24,,ct ct<-ct
xs5933wt,151_cascade_coldtransformer_singleaxis_l9,"dual_axis=False, l=9 — early img-mask fusion via PixelShuffle (axis_fuse_r=4) before a row-axis-only (cross-context) transformer, cold transformer, l=9 compute-matched vs 150",250,stomach,True,s0918,s0324,False,0.5821,,0.5747,0.4311102032661438,25.1,2314.0,0.001103,2199.0,0.001049,4.24,,ct ct<-ct
xs5933wt,151_cascade_coldtransformer_singleaxis_l9,"dual_axis=False, l=9 — early img-mask fusion via PixelShuffle (axis_fuse_r=4) before a row-axis-only (cross-context) transformer, cold transformer, l=9 compute-matched vs 150",250,subclavian_artery_left,True,s0824,s0874,False,0.506,,0.4931,0.5076138973236084,25.2,113.0,5.4e-05,101.0,4.8e-05,4.24,,ct ct<-ct
xs5933wt,151_cascade_coldtransformer_singleaxis_l9,"dual_axis=False, l=9 — early img-mask fusion via PixelShuffle (axis_fuse_r=4) before a row-axis-only (cross-context) transformer, cold transformer, l=9 compute-matched vs 150",250,subclavian_artery_left,True,s1002,s0572,False,0.2866,,0.2747,0.7257382273674011,27.3,25.0,1.2e-05,54.0,2.6e-05,4.24,,ct ct<-ct
xs5933wt,151_cascade_coldtransformer_singleaxis_l9,"dual_axis=False, l=9 — early img-mask fusion via PixelShuffle (axis_fuse_r=4) before a row-axis-only (cross-context) transformer, cold transformer, l=9 compute-matched vs 150",250,subclavian_artery_left,True,s0546,s1002,False,0.458,,0.453,0.5476266741752625,25.2,117.0,5.6e-05,25.0,1.2e-05,4.24,,ct ct<-ct
xs5933wt,151_cascade_coldtransformer_singleaxis_l9,"dual_axis=False, l=9 — early img-mask fusion via PixelShuffle (axis_fuse_r=4) before a row-axis-only (cross-context) transformer, cold transformer, l=9 compute-matched vs 150",250,subclavian_artery_left,True,s0650,s0867,False,0.1882,,0.1815,0.8200878500938416,25.1,96.0,4.6e-05,103.0,4.9e-05,4.24,,ct ct<-ct
xs5933wt,151_cascade_coldtransformer_singleaxis_l9,"dual_axis=False, l=9 — early img-mask fusion via PixelShuffle (axis_fuse_r=4) before a row-axis-only (cross-context) transformer, cold transformer, l=9 compute-matched vs 150",250,subclavian_artery_left,True,s1161,s0420,False,0.1302,,0.1373,0.864160418510437,25.1,121.0,5.8e-05,147.0,7e-05,4.24,,ct ct<-ct
xs5933wt,151_cascade_coldtransformer_singleaxis_l9,"dual_axis=False, l=9 — early img-mask fusion via PixelShuffle (axis_fuse_r=4) before a row-axis-only (cross-context) transformer, cold transformer, l=9 compute-matched vs 150",250,subclavian_artery_left,True,s1223,s1133,False,0.3277,,0.3191,0.6813673377037048,25.1,63.0,3e-05,26.0,1.2e-05,4.24,,ct ct<-ct
xs5933wt,151_cascade_coldtransformer_singleaxis_l9,"dual_axis=False, l=9 — early img-mask fusion via PixelShuffle (axis_fuse_r=4) before a row-axis-only (cross-context) transformer, cold transformer, l=9 compute-matched vs 150",250,subclavian_artery_left,True,s0032,s0618,False,0.2928,,0.2926,0.7080383896827698,25.1,66.0,3.1e-05,98.0,4.7e-05,4.24,,ct ct<-ct
xs5933wt,151_cascade_coldtransformer_singleaxis_l9,"dual_axis=False, l=9 — early img-mask fusion via PixelShuffle (axis_fuse_r=4) before a row-axis-only (cross-context) transformer, cold transformer, l=9 compute-matched vs 150",250,subclavian_artery_left,True,s0032,s1046,False,0.1986,,0.1966,0.8041816353797913,25.1,66.0,3.1e-05,118.0,5.6e-05,4.24,,ct ct<-ct
xs5933wt,151_cascade_coldtransformer_singleaxis_l9,"dual_axis=False, l=9 — early img-mask fusion via PixelShuffle (axis_fuse_r=4) before a row-axis-only (cross-context) transformer, cold transformer, l=9 compute-matched vs 150",250,subclavian_artery_right,False,s0572,s0867,False,0.2778,,0.2834,0.7168342471122742,25.2,30.0,1.4e-05,84.0,4e-05,4.24,,ct ct<-ct
xs5933wt,151_cascade_coldtransformer_singleaxis_l9,"dual_axis=False, l=9 — early img-mask fusion via PixelShuffle (axis_fuse_r=4) before a row-axis-only (cross-context) transformer, cold transformer, l=9 compute-matched vs 150",250,subclavian_artery_right,False,s0808,s0572,False,0.3885,,0.3905,0.6103991866111755,27.7,117.0,5.6e-05,30.0,1.4e-05,4.24,,ct ct<-ct
xs5933wt,151_cascade_coldtransformer_singleaxis_l9,"dual_axis=False, l=9 — early img-mask fusion via PixelShuffle (axis_fuse_r=4) before a row-axis-only (cross-context) transformer, cold transformer, l=9 compute-matched vs 150",250,subclavian_artery_right,False,s0123,s1046,False,0.4536,,0.4476,0.5531789064407349,25.1,125.0,6e-05,134.0,6.4e-05,4.24,,ct ct<-ct
xs5933wt,151_cascade_coldtransformer_singleaxis_l9,"dual_axis=False, l=9 — early img-mask fusion via PixelShuffle (axis_fuse_r=4) before a row-axis-only (cross-context) transformer, cold transformer, l=9 compute-matched vs 150",250,subclavian_artery_right,False,s0650,s0346,False,0.3919,,0.3831,0.6175270080566406,25.2,89.0,4.2e-05,71.0,3.4e-05,4.24,,ct ct<-ct
xs5933wt,151_cascade_coldtransformer_singleaxis_l9,"dual_axis=False, l=9 — early img-mask fusion via PixelShuffle (axis_fuse_r=4) before a row-axis-only (cross-context) transformer, cold transformer, l=9 compute-matched vs 150",250,subclavian_artery_right,False,s1278,s0095,False,0.1458,,0.1476,0.8537837862968445,25.1,149.0,7.1e-05,171.0,8.2e-05,4.24,,ct ct<-ct
xs5933wt,151_cascade_coldtransformer_singleaxis_l9,"dual_axis=False, l=9 — early img-mask fusion via PixelShuffle (axis_fuse_r=4) before a row-axis-only (cross-context) transformer, cold transformer, l=9 compute-matched vs 150",250,subclavian_artery_right,False,s0032,s0095,False,0.2543,,0.2442,0.7565333843231201,25.1,57.0,2.7e-05,171.0,8.2e-05,4.24,,ct ct<-ct
xs5933wt,151_cascade_coldtransformer_singleaxis_l9,"dual_axis=False, l=9 — early img-mask fusion via PixelShuffle (axis_fuse_r=4) before a row-axis-only (cross-context) transformer, cold transformer, l=9 compute-matched vs 150",250,superior_vena_cava,True,s0123,s0346,False,0.7753,,0.7693,0.23123414814472198,25.1,310.0,0.000148,89.0,4.2e-05,4.24,,ct ct<-ct
xs5933wt,151_cascade_coldtransformer_singleaxis_l9,"dual_axis=False, l=9 — early img-mask fusion via PixelShuffle (axis_fuse_r=4) before a row-axis-only (cross-context) transformer, cold transformer, l=9 compute-matched vs 150",250,superior_vena_cava,True,s0839,s0747,False,0.5726,,0.5653,0.4348104000091553,25.2,38.0,1.8e-05,75.0,3.6e-05,4.24,,ct ct<-ct
xs5933wt,151_cascade_coldtransformer_singleaxis_l9,"dual_axis=False, l=9 — early img-mask fusion via PixelShuffle (axis_fuse_r=4) before a row-axis-only (cross-context) transformer, cold transformer, l=9 compute-matched vs 150",250,superior_vena_cava,True,s0625,s1233,False,0.7268,,0.7201,0.28043463826179504,25.1,234.0,0.000112,282.0,0.000134,4.24,,ct ct<-ct
xs5933wt,151_cascade_coldtransformer_singleaxis_l9,"dual_axis=False, l=9 — early img-mask fusion via PixelShuffle (axis_fuse_r=4) before a row-axis-only (cross-context) transformer, cold transformer, l=9 compute-matched vs 150",250,superior_vena_cava,True,s0650,s1106,False,0.6138,,0.6061,0.39441269636154175,25.1,294.0,0.00014,89.0,4.2e-05,4.24,,ct ct<-ct
xs5933wt,151_cascade_coldtransformer_singleaxis_l9,"dual_axis=False, l=9 — early img-mask fusion via PixelShuffle (axis_fuse_r=4) before a row-axis-only (cross-context) transformer, cold transformer, l=9 compute-matched vs 150",250,superior_vena_cava,True,s0546,s1046,False,0.7253,,0.7246,0.2759034335613251,25.4,221.0,0.000105,316.0,0.000151,4.24,,ct ct<-ct
xs5933wt,151_cascade_coldtransformer_singleaxis_l9,"dual_axis=False, l=9 — early img-mask fusion via PixelShuffle (axis_fuse_r=4) before a row-axis-only (cross-context) transformer, cold transformer, l=9 compute-matched vs 150",250,thyroid_gland,True,s0021,s0572,False,0.5091,,0.4947,0.5060139298439026,25.1,173.0,8.2e-05,146.0,7e-05,4.24,,ct ct<-ct
xs5933wt,151_cascade_coldtransformer_singleaxis_l9,"dual_axis=False, l=9 — early img-mask fusion via PixelShuffle (axis_fuse_r=4) before a row-axis-only (cross-context) transformer, cold transformer, l=9 compute-matched vs 150",250,thyroid_gland,True,s0794,s1046,False,0.6124,,0.6112,0.38949131965637207,25.1,185.0,8.8e-05,218.0,0.000104,4.24,,ct ct<-ct
xs5933wt,151_cascade_coldtransformer_singleaxis_l9,"dual_axis=False, l=9 — early img-mask fusion via PixelShuffle (axis_fuse_r=4) before a row-axis-only (cross-context) transformer, cold transformer, l=9 compute-matched vs 150",250,thyroid_gland,True,s0824,s0123,False,0.0427,,0.0363,0.9643191695213318,25.1,14.0,7e-06,174.0,8.3e-05,4.24,,ct ct<-ct
xs5933wt,151_cascade_coldtransformer_singleaxis_l9,"dual_axis=False, l=9 — early img-mask fusion via PixelShuffle (axis_fuse_r=4) before a row-axis-only (cross-context) transformer, cold transformer, l=9 compute-matched vs 150",250,thyroid_gland,True,s0625,s0918,False,0.7244,,0.7228,0.27747857570648193,25.1,157.0,7.5e-05,203.0,9.7e-05,4.24,,ct ct<-ct
xs5933wt,151_cascade_coldtransformer_singleaxis_l9,"dual_axis=False, l=9 — early img-mask fusion via PixelShuffle (axis_fuse_r=4) before a row-axis-only (cross-context) transformer, cold transformer, l=9 compute-matched vs 150",250,thyroid_gland,True,s0747,s0824,False,0.1712,,0.1556,0.8447538018226624,25.2,62.0,3e-05,14.0,7e-06,4.24,,ct ct<-ct
xs5933wt,151_cascade_coldtransformer_singleaxis_l9,"dual_axis=False, l=9 — early img-mask fusion via PixelShuffle (axis_fuse_r=4) before a row-axis-only (cross-context) transformer, cold transformer, l=9 compute-matched vs 150",250,thyroid_gland,True,s1238,s0032,False,0.4911,,0.4849,0.5156568288803101,25.1,134.0,6.4e-05,95.0,4.5e-05,4.24,,ct ct<-ct
xs5933wt,151_cascade_coldtransformer_singleaxis_l9,"dual_axis=False, l=9 — early img-mask fusion via PixelShuffle (axis_fuse_r=4) before a row-axis-only (cross-context) transformer, cold transformer, l=9 compute-matched vs 150",250,thyroid_gland,True,s0546,s0747,False,0.3583,,0.3592,0.6439211368560791,25.1,446.0,0.000213,62.0,3e-05,4.24,,ct ct<-ct
xs5933wt,151_cascade_coldtransformer_singleaxis_l9,"dual_axis=False, l=9 — early img-mask fusion via PixelShuffle (axis_fuse_r=4) before a row-axis-only (cross-context) transformer, cold transformer, l=9 compute-matched vs 150",250,thyroid_gland,True,s1305,s1238,False,0.4262,,0.4161,0.5844064950942993,25.2,59.0,2.8e-05,134.0,6.4e-05,4.24,,ct ct<-ct
xs5933wt,151_cascade_coldtransformer_singleaxis_l9,"dual_axis=False, l=9 — early img-mask fusion via PixelShuffle (axis_fuse_r=4) before a row-axis-only (cross-context) transformer, cold transformer, l=9 compute-matched vs 150",250,thyroid_gland,True,s0346,s1017,False,0.4474,,0.4442,0.5575003623962402,25.2,340.0,0.000162,327.0,0.000156,4.24,,ct ct<-ct
xs5933wt,151_cascade_coldtransformer_singleaxis_l9,"dual_axis=False, l=9 — early img-mask fusion via PixelShuffle (axis_fuse_r=4) before a row-axis-only (cross-context) transformer, cold transformer, l=9 compute-matched vs 150",250,trachea,True,s1233,s0991,False,0.7391,,0.7331,0.26775023341178894,25.2,351.0,0.000167,450.0,0.000215,4.24,,ct ct<-ct
xs5933wt,151_cascade_coldtransformer_singleaxis_l9,"dual_axis=False, l=9 — early img-mask fusion via PixelShuffle (axis_fuse_r=4) before a row-axis-only (cross-context) transformer, cold transformer, l=9 compute-matched vs 150",250,trachea,True,s1046,s0123,False,0.8458,,0.8389,0.1615598350763321,25.1,515.0,0.000246,366.0,0.000175,4.24,,ct ct<-ct
xs5933wt,151_cascade_coldtransformer_singleaxis_l9,"dual_axis=False, l=9 — early img-mask fusion via PixelShuffle (axis_fuse_r=4) before a row-axis-only (cross-context) transformer, cold transformer, l=9 compute-matched vs 150",250,trachea,True,s0618,s1133,False,0.5956,,0.5872,0.41412654519081116,25.2,297.0,0.000142,351.0,0.000167,4.24,,ct ct<-ct
xs5933wt,151_cascade_coldtransformer_singleaxis_l9,"dual_axis=False, l=9 — early img-mask fusion via PixelShuffle (axis_fuse_r=4) before a row-axis-only (cross-context) transformer, cold transformer, l=9 compute-matched vs 150",250,trachea,True,s1024,s0625,False,0.6778,,0.6732,0.32746177911758423,25.1,212.0,0.000101,502.0,0.000239,4.24,,ct ct<-ct
xs5933wt,151_cascade_coldtransformer_singleaxis_l9,"dual_axis=False, l=9 — early img-mask fusion via PixelShuffle (axis_fuse_r=4) before a row-axis-only (cross-context) transformer, cold transformer, l=9 compute-matched vs 150",250,trachea,True,s0698,s1161,False,0.7885,,0.7882,0.2126566469669342,25.3,566.0,0.00027,370.0,0.000176,4.24,,ct ct<-ct
xs5933wt,151_cascade_coldtransformer_singleaxis_l9,"dual_axis=False, l=9 — early img-mask fusion via PixelShuffle (axis_fuse_r=4) before a row-axis-only (cross-context) transformer, cold transformer, l=9 compute-matched vs 150",250,trachea,True,s0650,s0032,False,0.7726,,0.7675,0.23326058685779572,25.2,498.0,0.000237,361.0,0.000172,4.24,,ct ct<-ct
xs5933wt,151_cascade_coldtransformer_singleaxis_l9,"dual_axis=False, l=9 — early img-mask fusion via PixelShuffle (axis_fuse_r=4) before a row-axis-only (cross-context) transformer, cold transformer, l=9 compute-matched vs 150",250,trachea,True,s0747,s0867,False,0.7679,,0.7579,0.24288539588451385,25.2,544.0,0.000259,205.0,9.8e-05,4.24,,ct ct<-ct
xs5933wt,151_cascade_coldtransformer_singleaxis_l9,"dual_axis=False, l=9 — early img-mask fusion via PixelShuffle (axis_fuse_r=4) before a row-axis-only (cross-context) transformer, cold transformer, l=9 compute-matched vs 150",250,urinary_bladder,True,s0216,s1223,False,0.8576,,0.8516,0.14970457553863525,25.1,1606.0,0.000766,1886.0,0.000899,4.24,,ct ct<-ct
xs5933wt,151_cascade_coldtransformer_singleaxis_l9,"dual_axis=False, l=9 — early img-mask fusion via PixelShuffle (axis_fuse_r=4) before a row-axis-only (cross-context) transformer, cold transformer, l=9 compute-matched vs 150",250,urinary_bladder,True,s0000,s0650,False,0.7997,,0.799,0.20450077950954437,25.1,3005.0,0.001433,2091.0,0.000997,4.24,,ct ct<-ct
xs5933wt,151_cascade_coldtransformer_singleaxis_l9,"dual_axis=False, l=9 — early img-mask fusion via PixelShuffle (axis_fuse_r=4) before a row-axis-only (cross-context) transformer, cold transformer, l=9 compute-matched vs 150",250,urinary_bladder,True,s0991,s0546,False,0.8144,,0.8063,0.19581158459186554,25.1,1605.0,0.000765,2410.0,0.001149,4.24,,ct ct<-ct
xs5933wt,151_cascade_coldtransformer_singleaxis_l9,"dual_axis=False, l=9 — early img-mask fusion via PixelShuffle (axis_fuse_r=4) before a row-axis-only (cross-context) transformer, cold transformer, l=9 compute-matched vs 150",250,vertebrae_C1,False,s0346,s1161,False,0.0025,,0.0002,1.002190351486206,27.3,159.0,7.6e-05,168.0,8e-05,4.24,,ct ct<-ct
xs5933wt,151_cascade_coldtransformer_singleaxis_l9,"dual_axis=False, l=9 — early img-mask fusion via PixelShuffle (axis_fuse_r=4) before a row-axis-only (cross-context) transformer, cold transformer, l=9 compute-matched vs 150",250,vertebrae_C1,False,s0346,s1059,False,0.0018,,0.0023,1.0173697471618652,25.3,159.0,7.6e-05,166.0,7.9e-05,4.24,,ct ct<-ct
xs5933wt,151_cascade_coldtransformer_singleaxis_l9,"dual_axis=False, l=9 — early img-mask fusion via PixelShuffle (axis_fuse_r=4) before a row-axis-only (cross-context) transformer, cold transformer, l=9 compute-matched vs 150",250,vertebrae_C1,False,s1017,s1161,False,0.0342,,0.0287,0.9733747839927673,25.1,108.0,5.1e-05,168.0,8e-05,4.24,,ct ct<-ct
xs5933wt,151_cascade_coldtransformer_singleaxis_l9,"dual_axis=False, l=9 — early img-mask fusion via PixelShuffle (axis_fuse_r=4) before a row-axis-only (cross-context) transformer, cold transformer, l=9 compute-matched vs 150",250,vertebrae_C1,False,s0792,s0346,False,0.4366,,0.4166,0.5835227966308594,25.1,22.0,1e-05,159.0,7.6e-05,4.24,,ct ct<-ct
xs5933wt,151_cascade_coldtransformer_singleaxis_l9,"dual_axis=False, l=9 — early img-mask fusion via PixelShuffle (axis_fuse_r=4) before a row-axis-only (cross-context) transformer, cold transformer, l=9 compute-matched vs 150",250,vertebrae_C1,False,s1059,s0867,False,0.0118,,0.012,0.99080890417099,25.1,166.0,7.9e-05,176.0,8.4e-05,4.24,,ct ct<-ct
xs5933wt,151_cascade_coldtransformer_singleaxis_l9,"dual_axis=False, l=9 — early img-mask fusion via PixelShuffle (axis_fuse_r=4) before a row-axis-only (cross-context) transformer, cold transformer, l=9 compute-matched vs 150",250,vertebrae_C2,False,s1260,s0874,False,0.0286,,0.0,1.0000640153884888,25.2,8.0,4e-06,319.0,0.000152,4.24,,ct ct<-ct
xs5933wt,151_cascade_coldtransformer_singleaxis_l9,"dual_axis=False, l=9 — early img-mask fusion via PixelShuffle (axis_fuse_r=4) before a row-axis-only (cross-context) transformer, cold transformer, l=9 compute-matched vs 150",250,vertebrae_C2,False,s0572,s0867,False,0.2678,,0.2718,0.7309084534645081,25.1,293.0,0.00014,247.0,0.000118,4.24,,ct ct<-ct
xs5933wt,151_cascade_coldtransformer_singleaxis_l9,"dual_axis=False, l=9 — early img-mask fusion via PixelShuffle (axis_fuse_r=4) before a row-axis-only (cross-context) transformer, cold transformer, l=9 compute-matched vs 150",250,vertebrae_C2,False,s0346,s1017,False,0.4788,,0.4654,0.5360220074653625,25.2,237.0,0.000113,175.0,8.3e-05,4.24,,ct ct<-ct
xs5933wt,151_cascade_coldtransformer_singleaxis_l9,"dual_axis=False, l=9 — early img-mask fusion via PixelShuffle (axis_fuse_r=4) before a row-axis-only (cross-context) transformer, cold transformer, l=9 compute-matched vs 150",250,vertebrae_C2,False,s1161,s1059,False,0.4808,,0.4736,0.5272647142410278,25.2,238.0,0.000113,253.0,0.000121,4.24,,ct ct<-ct
xs5933wt,151_cascade_coldtransformer_singleaxis_l9,"dual_axis=False, l=9 — early img-mask fusion via PixelShuffle (axis_fuse_r=4) before a row-axis-only (cross-context) transformer, cold transformer, l=9 compute-matched vs 150",250,vertebrae_C2,False,s0792,s0572,False,0.0588,,0.0338,0.9662463068962097,25.1,1.0,0.0,293.0,0.00014,4.24,,ct ct<-ct
xs5933wt,151_cascade_coldtransformer_singleaxis_l9,"dual_axis=False, l=9 — early img-mask fusion via PixelShuffle (axis_fuse_r=4) before a row-axis-only (cross-context) transformer, cold transformer, l=9 compute-matched vs 150",250,vertebrae_C2,False,s1059,s1161,False,0.1075,,0.1063,0.897571861743927,25.3,253.0,0.000121,238.0,0.000113,4.24,,ct ct<-ct
xs5933wt,151_cascade_coldtransformer_singleaxis_l9,"dual_axis=False, l=9 — early img-mask fusion via PixelShuffle (axis_fuse_r=4) before a row-axis-only (cross-context) transformer, cold transformer, l=9 compute-matched vs 150",250,vertebrae_C3,True,s0572,s0346,False,0.5723,,0.5674,0.4333798885345459,25.2,197.0,9.4e-05,167.0,8e-05,4.24,,ct ct<-ct
xs5933wt,151_cascade_coldtransformer_singleaxis_l9,"dual_axis=False, l=9 — early img-mask fusion via PixelShuffle (axis_fuse_r=4) before a row-axis-only (cross-context) transformer, cold transformer, l=9 compute-matched vs 150",250,vertebrae_C3,True,s0874,s1161,False,0.5211,,0.5207,0.4804326295852661,25.1,238.0,0.000113,153.0,7.3e-05,4.24,,ct ct<-ct
xs5933wt,151_cascade_coldtransformer_singleaxis_l9,"dual_axis=False, l=9 — early img-mask fusion via PixelShuffle (axis_fuse_r=4) before a row-axis-only (cross-context) transformer, cold transformer, l=9 compute-matched vs 150",250,vertebrae_C3,True,s0346,s0867,False,0.6476,,0.6408,0.35972490906715393,25.1,167.0,8e-05,136.0,6.5e-05,4.24,,ct ct<-ct
xs5933wt,151_cascade_coldtransformer_singleaxis_l9,"dual_axis=False, l=9 — early img-mask fusion via PixelShuffle (axis_fuse_r=4) before a row-axis-only (cross-context) transformer, cold transformer, l=9 compute-matched vs 150",250,vertebrae_C3,True,s0867,s0346,False,0.207,,0.1873,0.814103901386261,27.1,136.0,6.5e-05,167.0,8e-05,4.24,,ct ct<-ct
xs5933wt,151_cascade_coldtransformer_singleaxis_l9,"dual_axis=False, l=9 — early img-mask fusion via PixelShuffle (axis_fuse_r=4) before a row-axis-only (cross-context) transformer, cold transformer, l=9 compute-matched vs 150",250,vertebrae_C3,True,s0021,s0466,False,0.3118,,0.3135,0.688133180141449,25.1,257.0,0.000123,102.0,4.9e-05,4.24,,ct ct<-ct
xs5933wt,151_cascade_coldtransformer_singleaxis_l9,"dual_axis=False, l=9 — early img-mask fusion via PixelShuffle (axis_fuse_r=4) before a row-axis-only (cross-context) transformer, cold transformer, l=9 compute-matched vs 150",250,vertebrae_C4,False,s0466,s1017,False,0.4647,,0.4608,0.5396255254745483,25.4,108.0,5.1e-05,116.0,5.5e-05,4.24,,ct ct<-ct
xs5933wt,151_cascade_coldtransformer_singleaxis_l9,"dual_axis=False, l=9 — early img-mask fusion via PixelShuffle (axis_fuse_r=4) before a row-axis-only (cross-context) transformer, cold transformer, l=9 compute-matched vs 150",250,vertebrae_C4,False,s0466,s0572,False,0.1253,,0.1235,0.8782761693000793,25.1,108.0,5.1e-05,200.0,9.5e-05,4.24,,ct ct<-ct
xs5933wt,151_cascade_coldtransformer_singleaxis_l9,"dual_axis=False, l=9 — early img-mask fusion via PixelShuffle (axis_fuse_r=4) before a row-axis-only (cross-context) transformer, cold transformer, l=9 compute-matched vs 150",250,vertebrae_C4,False,s0874,s0021,False,0.3284,,0.3261,0.6756348013877869,25.1,222.0,0.000106,236.0,0.000113,4.24,,ct ct<-ct
xs5933wt,151_cascade_coldtransformer_singleaxis_l9,"dual_axis=False, l=9 — early img-mask fusion via PixelShuffle (axis_fuse_r=4) before a row-axis-only (cross-context) transformer, cold transformer, l=9 compute-matched vs 150",250,vertebrae_C4,False,s0572,s1161,False,0.5863,,0.573,0.42794516682624817,25.2,200.0,9.5e-05,144.0,6.9e-05,4.24,,ct ct<-ct
xs5933wt,151_cascade_coldtransformer_singleaxis_l9,"dual_axis=False, l=9 — early img-mask fusion via PixelShuffle (axis_fuse_r=4) before a row-axis-only (cross-context) transformer, cold transformer, l=9 compute-matched vs 150",250,vertebrae_C4,False,s1059,s0466,False,0.6532,,0.6405,0.3599211573600769,25.1,191.0,9.1e-05,108.0,5.1e-05,4.24,,ct ct<-ct
xs5933wt,151_cascade_coldtransformer_singleaxis_l9,"dual_axis=False, l=9 — early img-mask fusion via PixelShuffle (axis_fuse_r=4) before a row-axis-only (cross-context) transformer, cold transformer, l=9 compute-matched vs 150",250,vertebrae_C4,False,s0346,s0618,False,0.2029,,0.175,0.8286238312721252,25.1,140.0,6.7e-05,6.0,3e-06,4.24,,ct ct<-ct
xs5933wt,151_cascade_coldtransformer_singleaxis_l9,"dual_axis=False, l=9 — early img-mask fusion via PixelShuffle (axis_fuse_r=4) before a row-axis-only (cross-context) transformer, cold transformer, l=9 compute-matched vs 150",250,vertebrae_C5,False,s1197,s0021,False,0.5,,0.0,1.0000063180923462,25.2,1.0,0.0,310.0,0.000148,4.24,,ct ct<-ct
xs5933wt,151_cascade_coldtransformer_singleaxis_l9,"dual_axis=False, l=9 — early img-mask fusion via PixelShuffle (axis_fuse_r=4) before a row-axis-only (cross-context) transformer, cold transformer, l=9 compute-matched vs 150",250,vertebrae_C5,False,s0874,s0747,False,0.0001,,0.0,1.0392262935638428,25.6,282.0,0.000134,6.0,3e-06,4.24,,ct ct<-ct
xs5933wt,151_cascade_coldtransformer_singleaxis_l9,"dual_axis=False, l=9 — early img-mask fusion via PixelShuffle (axis_fuse_r=4) before a row-axis-only (cross-context) transformer, cold transformer, l=9 compute-matched vs 150",250,vertebrae_C5,False,s0824,s1197,False,0.0227,,0.0,1.0001744031906128,25.1,19.0,9e-06,1.0,0.0,4.24,,ct ct<-ct
xs5933wt,151_cascade_coldtransformer_singleaxis_l9,"dual_axis=False, l=9 — early img-mask fusion via PixelShuffle (axis_fuse_r=4) before a row-axis-only (cross-context) transformer, cold transformer, l=9 compute-matched vs 150",250,vertebrae_C5,False,s0466,s0874,False,0.0025,,0.0003,1.0024560689926147,25.1,114.0,5.4e-05,282.0,0.000134,4.24,,ct ct<-ct
xs5933wt,151_cascade_coldtransformer_singleaxis_l9,"dual_axis=False, l=9 — early img-mask fusion via PixelShuffle (axis_fuse_r=4) before a row-axis-only (cross-context) transformer, cold transformer, l=9 compute-matched vs 150",250,vertebrae_C5,False,s1233,s1017,False,0.1645,,0.1528,0.8476258516311646,25.1,28.0,1.3e-05,119.0,5.7e-05,4.24,,ct ct<-ct
xs5933wt,151_cascade_coldtransformer_singleaxis_l9,"dual_axis=False, l=9 — early img-mask fusion via PixelShuffle (axis_fuse_r=4) before a row-axis-only (cross-context) transformer, cold transformer, l=9 compute-matched vs 150",250,vertebrae_C5,False,s1017,s0867,False,0.5923,,0.5822,0.4182029068470001,25.5,119.0,5.7e-05,153.0,7.3e-05,4.24,,ct ct<-ct
xs5933wt,151_cascade_coldtransformer_singleaxis_l9,"dual_axis=False, l=9 — early img-mask fusion via PixelShuffle (axis_fuse_r=4) before a row-axis-only (cross-context) transformer, cold transformer, l=9 compute-matched vs 150",250,vertebrae_C5,False,s0747,s0021,False,0.1429,,0.0001,0.9999330639839172,25.2,6.0,3e-06,310.0,0.000148,4.24,,ct ct<-ct
xs5933wt,151_cascade_coldtransformer_singleaxis_l9,"dual_axis=False, l=9 — early img-mask fusion via PixelShuffle (axis_fuse_r=4) before a row-axis-only (cross-context) transformer, cold transformer, l=9 compute-matched vs 150",250,vertebrae_C5,False,s0021,s0032,False,0.525,,0.5163,0.4844895303249359,25.1,310.0,0.000148,57.0,2.7e-05,4.24,,ct ct<-ct
xs5933wt,151_cascade_coldtransformer_singleaxis_l9,"dual_axis=False, l=9 — early img-mask fusion via PixelShuffle (axis_fuse_r=4) before a row-axis-only (cross-context) transformer, cold transformer, l=9 compute-matched vs 150",250,vertebrae_C5,False,s1161,s0747,False,0.0053,,0.0043,0.9986149668693542,25.1,139.0,6.6e-05,6.0,3e-06,4.24,,ct ct<-ct
xs5933wt,151_cascade_coldtransformer_singleaxis_l9,"dual_axis=False, l=9 — early img-mask fusion via PixelShuffle (axis_fuse_r=4) before a row-axis-only (cross-context) transformer, cold transformer, l=9 compute-matched vs 150",250,vertebrae_C5,False,s0572,s0466,False,0.1632,,0.16,0.8419430255889893,25.1,216.0,0.000103,114.0,5.4e-05,4.24,,ct ct<-ct
xs5933wt,151_cascade_coldtransformer_singleaxis_l9,"dual_axis=False, l=9 — early img-mask fusion via PixelShuffle (axis_fuse_r=4) before a row-axis-only (cross-context) transformer, cold transformer, l=9 compute-matched vs 150",250,vertebrae_C5,False,s0824,s0747,False,0.2387,,0.2255,0.7747883200645447,25.1,19.0,9e-06,6.0,3e-06,4.24,,ct ct<-ct
xs5933wt,151_cascade_coldtransformer_singleaxis_l9,"dual_axis=False, l=9 — early img-mask fusion via PixelShuffle (axis_fuse_r=4) before a row-axis-only (cross-context) transformer, cold transformer, l=9 compute-matched vs 150",250,vertebrae_C5,False,s0618,s1197,False,0.0025,,0.0,1.0015251636505127,25.1,46.0,2.2e-05,1.0,0.0,4.24,,ct ct<-ct
xs5933wt,151_cascade_coldtransformer_singleaxis_l9,"dual_axis=False, l=9 — early img-mask fusion via PixelShuffle (axis_fuse_r=4) before a row-axis-only (cross-context) transformer, cold transformer, l=9 compute-matched vs 150",250,vertebrae_C6,False,s0546,s1059,False,0.2755,,0.2647,0.7364240884780884,25.1,39.0,1.9e-05,223.0,0.000106,4.24,,ct ct<-ct
xs5933wt,151_cascade_coldtransformer_singleaxis_l9,"dual_axis=False, l=9 — early img-mask fusion via PixelShuffle (axis_fuse_r=4) before a row-axis-only (cross-context) transformer, cold transformer, l=9 compute-matched vs 150",250,vertebrae_C6,False,s1337,s1287,False,0.0219,,0.0146,0.9859742522239685,25.1,1.0,0.0,64.0,3.1e-05,4.24,,ct ct<-ct
xs5933wt,151_cascade_coldtransformer_singleaxis_l9,"dual_axis=False, l=9 — early img-mask fusion via PixelShuffle (axis_fuse_r=4) before a row-axis-only (cross-context) transformer, cold transformer, l=9 compute-matched vs 150",250,vertebrae_C6,False,s0546,s0346,False,0.3831,,0.3717,0.6290249228477478,25.2,39.0,1.9e-05,205.0,9.8e-05,4.24,,ct ct<-ct
xs5933wt,151_cascade_coldtransformer_singleaxis_l9,"dual_axis=False, l=9 — early img-mask fusion via PixelShuffle (axis_fuse_r=4) before a row-axis-only (cross-context) transformer, cold transformer, l=9 compute-matched vs 150",250,vertebrae_C6,False,s0698,s0808,False,0.2066,,0.1957,0.8047526478767395,25.1,12.0,6e-06,99.0,4.7e-05,4.24,,ct ct<-ct
xs5933wt,151_cascade_coldtransformer_singleaxis_l9,"dual_axis=False, l=9 — early img-mask fusion via PixelShuffle (axis_fuse_r=4) before a row-axis-only (cross-context) transformer, cold transformer, l=9 compute-matched vs 150",250,vertebrae_C6,False,s0466,s1223,False,0.4259,,0.4175,0.583087682723999,27.1,124.0,5.9e-05,44.0,2.1e-05,4.24,,ct ct<-ct
xs5933wt,151_cascade_coldtransformer_singleaxis_l9,"dual_axis=False, l=9 — early img-mask fusion via PixelShuffle (axis_fuse_r=4) before a row-axis-only (cross-context) transformer, cold transformer, l=9 compute-matched vs 150",250,vertebrae_C6,False,s0747,s0867,False,0.25,,0.2462,0.7546044588088989,25.1,109.0,5.2e-05,167.0,8e-05,4.24,,ct ct<-ct
xs5933wt,151_cascade_coldtransformer_singleaxis_l9,"dual_axis=False, l=9 — early img-mask fusion via PixelShuffle (axis_fuse_r=4) before a row-axis-only (cross-context) transformer, cold transformer, l=9 compute-matched vs 150",250,vertebrae_C6,False,s0021,s1278,False,0.3167,,0.3106,0.6927846670150757,25.1,333.0,0.000159,46.0,2.2e-05,4.24,,ct ct<-ct
xs5933wt,151_cascade_coldtransformer_singleaxis_l9,"dual_axis=False, l=9 — early img-mask fusion via PixelShuffle (axis_fuse_r=4) before a row-axis-only (cross-context) transformer, cold transformer, l=9 compute-matched vs 150",250,vertebrae_C7,True,s0123,s0546,False,0.7004,,0.7021,0.29811999201774597,25.1,123.0,5.9e-05,233.0,0.000111,4.24,,ct ct<-ct
xs5933wt,151_cascade_coldtransformer_singleaxis_l9,"dual_axis=False, l=9 — early img-mask fusion via PixelShuffle (axis_fuse_r=4) before a row-axis-only (cross-context) transformer, cold transformer, l=9 compute-matched vs 150",250,vertebrae_C7,True,s0747,s1238,False,0.3936,,0.3877,0.6139657497406006,25.1,274.0,0.000131,225.0,0.000107,4.24,,ct ct<-ct
xs5933wt,151_cascade_coldtransformer_singleaxis_l9,"dual_axis=False, l=9 — early img-mask fusion via PixelShuffle (axis_fuse_r=4) before a row-axis-only (cross-context) transformer, cold transformer, l=9 compute-matched vs 150",250,vertebrae_C7,True,s0466,s0747,False,0.5048,,0.5043,0.49710336327552795,25.1,171.0,8.2e-05,274.0,0.000131,4.24,,ct ct<-ct
xs5933wt,151_cascade_coldtransformer_singleaxis_l9,"dual_axis=False, l=9 — early img-mask fusion via PixelShuffle (axis_fuse_r=4) before a row-axis-only (cross-context) transformer, cold transformer, l=9 compute-matched vs 150",250,vertebrae_C7,True,s1199,s1223,False,0.3371,,0.3347,0.6661638021469116,25.1,59.0,2.8e-05,206.0,9.8e-05,4.24,,ct ct<-ct
xs5933wt,151_cascade_coldtransformer_singleaxis_l9,"dual_axis=False, l=9 — early img-mask fusion via PixelShuffle (axis_fuse_r=4) before a row-axis-only (cross-context) transformer, cold transformer, l=9 compute-matched vs 150",250,vertebrae_C7,True,s1161,s1059,False,0.2578,,0.2522,0.7500547170639038,25.1,229.0,0.000109,287.0,0.000137,4.24,,ct ct<-ct
xs5933wt,151_cascade_coldtransformer_singleaxis_l9,"dual_axis=False, l=9 — early img-mask fusion via PixelShuffle (axis_fuse_r=4) before a row-axis-only (cross-context) transformer, cold transformer, l=9 compute-matched vs 150",250,vertebrae_C7,True,s1305,s0918,False,0.382,,0.3815,0.6202415227890015,25.3,169.0,8.1e-05,248.0,0.000118,4.24,,ct ct<-ct
xs5933wt,151_cascade_coldtransformer_singleaxis_l9,"dual_axis=False, l=9 — early img-mask fusion via PixelShuffle (axis_fuse_r=4) before a row-axis-only (cross-context) transformer, cold transformer, l=9 compute-matched vs 150",250,vertebrae_C7,True,s0698,s0794,False,0.5573,,0.5419,0.4585152864456177,25.2,95.0,4.5e-05,186.0,8.9e-05,4.24,,ct ct<-ct
xs5933wt,151_cascade_coldtransformer_singleaxis_l9,"dual_axis=False, l=9 — early img-mask fusion via PixelShuffle (axis_fuse_r=4) before a row-axis-only (cross-context) transformer, cold transformer, l=9 compute-matched vs 150",250,vertebrae_L1,True,s0123,s0625,False,0.7597,,0.7515,0.2495943158864975,25.1,531.0,0.000253,637.0,0.000304,4.24,,ct ct<-ct
xs5933wt,151_cascade_coldtransformer_singleaxis_l9,"dual_axis=False, l=9 — early img-mask fusion via PixelShuffle (axis_fuse_r=4) before a row-axis-only (cross-context) transformer, cold transformer, l=9 compute-matched vs 150",250,vertebrae_L1,True,s0794,s0544,False,0.4911,,0.491,0.514103353023529,25.2,791.0,0.000377,681.0,0.000325,4.24,,ct ct<-ct
xs5933wt,151_cascade_coldtransformer_singleaxis_l9,"dual_axis=False, l=9 — early img-mask fusion via PixelShuffle (axis_fuse_r=4) before a row-axis-only (cross-context) transformer, cold transformer, l=9 compute-matched vs 150",250,vertebrae_L1,True,s1305,s1199,False,0.4752,,0.4707,0.5340315103530884,27.7,580.0,0.000277,669.0,0.000319,4.24,,ct ct<-ct
xs5933wt,151_cascade_coldtransformer_singleaxis_l9,"dual_axis=False, l=9 — early img-mask fusion via PixelShuffle (axis_fuse_r=4) before a row-axis-only (cross-context) transformer, cold transformer, l=9 compute-matched vs 150",250,vertebrae_L1,True,s1199,s0032,False,0.5861,,0.5793,0.4228915870189667,25.1,669.0,0.000319,390.0,0.000186,4.24,,ct ct<-ct
xs5933wt,151_cascade_coldtransformer_singleaxis_l9,"dual_axis=False, l=9 — early img-mask fusion via PixelShuffle (axis_fuse_r=4) before a row-axis-only (cross-context) transformer, cold transformer, l=9 compute-matched vs 150",250,vertebrae_L1,True,s0045,s1337,False,0.5798,,0.5769,0.4265502989292145,25.1,679.0,0.000324,815.0,0.000389,4.24,,ct ct<-ct
xs5933wt,151_cascade_coldtransformer_singleaxis_l9,"dual_axis=False, l=9 — early img-mask fusion via PixelShuffle (axis_fuse_r=4) before a row-axis-only (cross-context) transformer, cold transformer, l=9 compute-matched vs 150",250,vertebrae_L1,True,s1024,s1161,False,0.5399,,0.5291,0.47352975606918335,25.1,585.0,0.000279,761.0,0.000363,4.24,,ct ct<-ct
xs5933wt,151_cascade_coldtransformer_singleaxis_l9,"dual_axis=False, l=9 — early img-mask fusion via PixelShuffle (axis_fuse_r=4) before a row-axis-only (cross-context) transformer, cold transformer, l=9 compute-matched vs 150",250,vertebrae_L1,True,s0458,s0747,False,0.4752,,0.4673,0.5367371439933777,25.2,690.0,0.000329,860.0,0.00041,4.24,,ct ct<-ct
xs5933wt,151_cascade_coldtransformer_singleaxis_l9,"dual_axis=False, l=9 — early img-mask fusion via PixelShuffle (axis_fuse_r=4) before a row-axis-only (cross-context) transformer, cold transformer, l=9 compute-matched vs 150",250,vertebrae_L2,False,s1238,s1223,False,0.7019,,0.6938,0.3075011968612671,25.1,798.0,0.000381,720.0,0.000343,4.24,,ct ct<-ct
xs5933wt,151_cascade_coldtransformer_singleaxis_l9,"dual_axis=False, l=9 — early img-mask fusion via PixelShuffle (axis_fuse_r=4) before a row-axis-only (cross-context) transformer, cold transformer, l=9 compute-matched vs 150",250,vertebrae_L2,False,s0760,s0918,False,0.5682,,0.5651,0.43749314546585083,25.1,747.0,0.000356,893.0,0.000426,4.24,,ct ct<-ct
xs5933wt,151_cascade_coldtransformer_singleaxis_l9,"dual_axis=False, l=9 — early img-mask fusion via PixelShuffle (axis_fuse_r=4) before a row-axis-only (cross-context) transformer, cold transformer, l=9 compute-matched vs 150",250,vertebrae_L2,False,s0420,s1305,False,0.0094,,0.0056,0.9953448176383972,25.1,2.0,1e-06,636.0,0.000303,4.24,,ct ct<-ct
xs5933wt,151_cascade_coldtransformer_singleaxis_l9,"dual_axis=False, l=9 — early img-mask fusion via PixelShuffle (axis_fuse_r=4) before a row-axis-only (cross-context) transformer, cold transformer, l=9 compute-matched vs 150",250,vertebrae_L2,False,s0918,s0625,False,0.7371,,0.7304,0.2712916135787964,25.1,893.0,0.000426,688.0,0.000328,4.24,,ct ct<-ct
xs5933wt,151_cascade_coldtransformer_singleaxis_l9,"dual_axis=False, l=9 — early img-mask fusion via PixelShuffle (axis_fuse_r=4) before a row-axis-only (cross-context) transformer, cold transformer, l=9 compute-matched vs 150",250,vertebrae_L2,False,s0991,s0918,False,0.5712,,0.5666,0.4358469843864441,25.2,733.0,0.00035,893.0,0.000426,4.24,,ct ct<-ct
xs5933wt,151_cascade_coldtransformer_singleaxis_l9,"dual_axis=False, l=9 — early img-mask fusion via PixelShuffle (axis_fuse_r=4) before a row-axis-only (cross-context) transformer, cold transformer, l=9 compute-matched vs 150",250,vertebrae_L2,False,s0747,s0324,False,0.7261,,0.7126,0.28810182213783264,25.1,502.0,0.000239,498.0,0.000237,4.24,,ct ct<-ct
xs5933wt,151_cascade_coldtransformer_singleaxis_l9,"dual_axis=False, l=9 — early img-mask fusion via PixelShuffle (axis_fuse_r=4) before a row-axis-only (cross-context) transformer, cold transformer, l=9 compute-matched vs 150",250,vertebrae_L3,True,s0095,s0324,False,0.5726,,0.5709,0.4318806529045105,25.1,751.0,0.000358,529.0,0.000252,4.24,,ct ct<-ct
xs5933wt,151_cascade_coldtransformer_singleaxis_l9,"dual_axis=False, l=9 — early img-mask fusion via PixelShuffle (axis_fuse_r=4) before a row-axis-only (cross-context) transformer, cold transformer, l=9 compute-matched vs 150",250,vertebrae_L3,True,s1046,s0458,False,0.6768,,0.6756,0.326471745967865,25.3,1039.0,0.000495,857.0,0.000409,4.24,,ct ct<-ct
xs5933wt,151_cascade_coldtransformer_singleaxis_l9,"dual_axis=False, l=9 — early img-mask fusion via PixelShuffle (axis_fuse_r=4) before a row-axis-only (cross-context) transformer, cold transformer, l=9 compute-matched vs 150",250,vertebrae_L3,True,s0324,s1046,False,0.6026,,0.5907,0.4114605486392975,25.1,529.0,0.000252,1039.0,0.000495,4.24,,ct ct<-ct
xs5933wt,151_cascade_coldtransformer_singleaxis_l9,"dual_axis=False, l=9 — early img-mask fusion via PixelShuffle (axis_fuse_r=4) before a row-axis-only (cross-context) transformer, cold transformer, l=9 compute-matched vs 150",250,vertebrae_L3,True,s0625,s0458,False,0.7037,,0.6997,0.30197134613990784,25.1,751.0,0.000358,857.0,0.000409,4.24,,ct ct<-ct
xs5933wt,151_cascade_coldtransformer_singleaxis_l9,"dual_axis=False, l=9 — early img-mask fusion via PixelShuffle (axis_fuse_r=4) before a row-axis-only (cross-context) transformer, cold transformer, l=9 compute-matched vs 150",250,vertebrae_L3,True,s1238,s1233,False,0.6916,,0.6836,0.31789490580558777,25.1,882.0,0.000421,676.0,0.000322,4.24,,ct ct<-ct
xs5933wt,151_cascade_coldtransformer_singleaxis_l9,"dual_axis=False, l=9 — early img-mask fusion via PixelShuffle (axis_fuse_r=4) before a row-axis-only (cross-context) transformer, cold transformer, l=9 compute-matched vs 150",250,vertebrae_L3,True,s0095,s1233,False,0.5727,,0.5713,0.43171340227127075,25.1,751.0,0.000358,676.0,0.000322,4.24,,ct ct<-ct
xs5933wt,151_cascade_coldtransformer_singleaxis_l9,"dual_axis=False, l=9 — early img-mask fusion via PixelShuffle (axis_fuse_r=4) before a row-axis-only (cross-context) transformer, cold transformer, l=9 compute-matched vs 150",250,vertebrae_L3,True,s1024,s1287,False,0.1353,,0.1324,0.8745928406715393,25.2,127.0,6.1e-05,880.0,0.00042,4.24,,ct ct<-ct
xs5933wt,151_cascade_coldtransformer_singleaxis_l9,"dual_axis=False, l=9 — early img-mask fusion via PixelShuffle (axis_fuse_r=4) before a row-axis-only (cross-context) transformer, cold transformer, l=9 compute-matched vs 150",250,vertebrae_L4,False,s0095,s1024,False,0.2144,,0.2187,0.7878406643867493,25.2,996.0,0.000475,622.0,0.000297,4.24,,ct ct<-ct
xs5933wt,151_cascade_coldtransformer_singleaxis_l9,"dual_axis=False, l=9 — early img-mask fusion via PixelShuffle (axis_fuse_r=4) before a row-axis-only (cross-context) transformer, cold transformer, l=9 compute-matched vs 150",250,vertebrae_L4,False,s0918,s0794,False,0.338,,0.3391,0.666270911693573,25.1,1017.0,0.000485,965.0,0.00046,4.24,,ct ct<-ct
xs5933wt,151_cascade_coldtransformer_singleaxis_l9,"dual_axis=False, l=9 — early img-mask fusion via PixelShuffle (axis_fuse_r=4) before a row-axis-only (cross-context) transformer, cold transformer, l=9 compute-matched vs 150",250,vertebrae_L4,False,s0506,s1161,False,0.7637,,0.7563,0.24438358843326569,25.1,418.0,0.000199,859.0,0.00041,4.24,,ct ct<-ct
xs5933wt,151_cascade_coldtransformer_singleaxis_l9,"dual_axis=False, l=9 — early img-mask fusion via PixelShuffle (axis_fuse_r=4) before a row-axis-only (cross-context) transformer, cold transformer, l=9 compute-matched vs 150",250,vertebrae_L4,False,s0625,s1161,False,0.7411,,0.7286,0.2724444270133972,25.1,755.0,0.00036,859.0,0.00041,4.24,,ct ct<-ct
xs5933wt,151_cascade_coldtransformer_singleaxis_l9,"dual_axis=False, l=9 — early img-mask fusion via PixelShuffle (axis_fuse_r=4) before a row-axis-only (cross-context) transformer, cold transformer, l=9 compute-matched vs 150",250,vertebrae_L5,True,s0506,s0625,False,0.7193,,0.7092,0.2925417423248291,25.1,872.0,0.000416,717.0,0.000342,4.24,,ct ct<-ct
xs5933wt,151_cascade_coldtransformer_singleaxis_l9,"dual_axis=False, l=9 — early img-mask fusion via PixelShuffle (axis_fuse_r=4) before a row-axis-only (cross-context) transformer, cold transformer, l=9 compute-matched vs 150",250,vertebrae_L5,True,s1161,s0324,False,0.5347,,0.5332,0.47087711095809937,25.1,851.0,0.000406,579.0,0.000276,4.24,,ct ct<-ct
xs5933wt,151_cascade_coldtransformer_singleaxis_l9,"dual_axis=False, l=9 — early img-mask fusion via PixelShuffle (axis_fuse_r=4) before a row-axis-only (cross-context) transformer, cold transformer, l=9 compute-matched vs 150",250,vertebrae_L5,True,s1286,s0045,False,0.0183,,0.0123,0.9883741140365601,25.1,1.0,0.0,762.0,0.000363,4.24,,ct ct<-ct
xs5933wt,151_cascade_coldtransformer_singleaxis_l9,"dual_axis=False, l=9 — early img-mask fusion via PixelShuffle (axis_fuse_r=4) before a row-axis-only (cross-context) transformer, cold transformer, l=9 compute-matched vs 150",250,vertebrae_L5,True,s1287,s1305,False,0.4688,,0.4642,0.541294515132904,25.1,811.0,0.000387,12.0,6e-06,4.24,,ct ct<-ct
xs5933wt,151_cascade_coldtransformer_singleaxis_l9,"dual_axis=False, l=9 — early img-mask fusion via PixelShuffle (axis_fuse_r=4) before a row-axis-only (cross-context) transformer, cold transformer, l=9 compute-matched vs 150",250,vertebrae_L5,True,s0625,s0546,False,0.6971,,0.6942,0.3080637454986572,25.1,717.0,0.000342,1100.0,0.000525,4.24,,ct ct<-ct
xs5933wt,151_cascade_coldtransformer_singleaxis_l9,"dual_axis=False, l=9 — early img-mask fusion via PixelShuffle (axis_fuse_r=4) before a row-axis-only (cross-context) transformer, cold transformer, l=9 compute-matched vs 150",250,vertebrae_L5,True,s0650,s0506,False,0.7653,,0.7617,0.24026936292648315,25.1,1018.0,0.000485,872.0,0.000416,4.24,,ct ct<-ct
xs5933wt,151_cascade_coldtransformer_singleaxis_l9,"dual_axis=False, l=9 — early img-mask fusion via PixelShuffle (axis_fuse_r=4) before a row-axis-only (cross-context) transformer, cold transformer, l=9 compute-matched vs 150",250,vertebrae_L5,True,s0045,s0625,False,0.6346,,0.6328,0.37026137113571167,25.1,762.0,0.000363,717.0,0.000342,4.24,,ct ct<-ct
xs5933wt,151_cascade_coldtransformer_singleaxis_l9,"dual_axis=False, l=9 — early img-mask fusion via PixelShuffle (axis_fuse_r=4) before a row-axis-only (cross-context) transformer, cold transformer, l=9 compute-matched vs 150",250,vertebrae_L5,True,s0625,s0324,False,0.6872,,0.6865,0.3157343566417694,25.1,717.0,0.000342,579.0,0.000276,4.24,,ct ct<-ct
xs5933wt,151_cascade_coldtransformer_singleaxis_l9,"dual_axis=False, l=9 — early img-mask fusion via PixelShuffle (axis_fuse_r=4) before a row-axis-only (cross-context) transformer, cold transformer, l=9 compute-matched vs 150",250,vertebrae_L5,True,s0324,s0095,False,0.6152,,0.6109,0.3920333683490753,25.3,579.0,0.000276,1075.0,0.000513,4.24,,ct ct<-ct
xs5933wt,151_cascade_coldtransformer_singleaxis_l9,"dual_axis=False, l=9 — early img-mask fusion via PixelShuffle (axis_fuse_r=4) before a row-axis-only (cross-context) transformer, cold transformer, l=9 compute-matched vs 150",250,vertebrae_L5,True,s1233,s0095,False,0.7167,,0.7051,0.29643625020980835,25.2,721.0,0.000344,1075.0,0.000513,4.24,,ct ct<-ct
xs5933wt,151_cascade_coldtransformer_singleaxis_l9,"dual_axis=False, l=9 — early img-mask fusion via PixelShuffle (axis_fuse_r=4) before a row-axis-only (cross-context) transformer, cold transformer, l=9 compute-matched vs 150",250,vertebrae_L5,True,s1233,s0045,False,0.6037,,0.6021,0.4005320370197296,25.2,721.0,0.000344,762.0,0.000363,4.24,,ct ct<-ct
xs5933wt,151_cascade_coldtransformer_singleaxis_l9,"dual_axis=False, l=9 — early img-mask fusion via PixelShuffle (axis_fuse_r=4) before a row-axis-only (cross-context) transformer, cold transformer, l=9 compute-matched vs 150",250,vertebrae_S1,True,s0614,s1223,False,0.7112,,0.7083,0.2928965389728546,25.1,452.0,0.000216,605.0,0.000288,4.24,,ct ct<-ct
xs5933wt,151_cascade_coldtransformer_singleaxis_l9,"dual_axis=False, l=9 — early img-mask fusion via PixelShuffle (axis_fuse_r=4) before a row-axis-only (cross-context) transformer, cold transformer, l=9 compute-matched vs 150",250,vertebrae_S1,True,s1238,s0991,False,0.7036,,0.6909,0.31043577194213867,25.2,583.0,0.000278,664.0,0.000317,4.24,,ct ct<-ct
xs5933wt,151_cascade_coldtransformer_singleaxis_l9,"dual_axis=False, l=9 — early img-mask fusion via PixelShuffle (axis_fuse_r=4) before a row-axis-only (cross-context) transformer, cold transformer, l=9 compute-matched vs 150",250,vertebrae_S1,True,s1238,s0625,False,0.7316,,0.7276,0.2737516760826111,25.1,583.0,0.000278,579.0,0.000276,4.24,,ct ct<-ct
xs5933wt,151_cascade_coldtransformer_singleaxis_l9,"dual_axis=False, l=9 — early img-mask fusion via PixelShuffle (axis_fuse_r=4) before a row-axis-only (cross-context) transformer, cold transformer, l=9 compute-matched vs 150",250,vertebrae_S1,True,s1305,s0625,False,0.25,,0.0001,0.9999315142631531,25.2,1.0,0.0,579.0,0.000276,4.24,,ct ct<-ct
xs5933wt,151_cascade_coldtransformer_singleaxis_l9,"dual_axis=False, l=9 — early img-mask fusion via PixelShuffle (axis_fuse_r=4) before a row-axis-only (cross-context) transformer, cold transformer, l=9 compute-matched vs 150",250,vertebrae_S1,True,s0506,s0991,False,0.8191,,0.8182,0.18250499665737152,25.2,659.0,0.000314,664.0,0.000317,4.24,,ct ct<-ct
xs5933wt,151_cascade_coldtransformer_singleaxis_l9,"dual_axis=False, l=9 — early img-mask fusion via PixelShuffle (axis_fuse_r=4) before a row-axis-only (cross-context) transformer, cold transformer, l=9 compute-matched vs 150",250,vertebrae_S1,True,s0794,s1223,False,0.831,,0.8221,0.17858751118183136,25.1,700.0,0.000334,605.0,0.000288,4.24,,ct ct<-ct
xs5933wt,151_cascade_coldtransformer_singleaxis_l9,"dual_axis=False, l=9 — early img-mask fusion via PixelShuffle (axis_fuse_r=4) before a row-axis-only (cross-context) transformer, cold transformer, l=9 compute-matched vs 150",250,vertebrae_S1,True,s1024,s0991,False,0.6275,,0.6216,0.38178184628486633,27.1,625.0,0.000298,664.0,0.000317,4.24,,ct ct<-ct
xs5933wt,151_cascade_coldtransformer_singleaxis_l9,"dual_axis=False, l=9 — early img-mask fusion via PixelShuffle (axis_fuse_r=4) before a row-axis-only (cross-context) transformer, cold transformer, l=9 compute-matched vs 150",250,vertebrae_S1,True,s1233,s1223,False,0.7334,,0.7284,0.2727557420730591,25.2,572.0,0.000273,605.0,0.000288,4.24,,ct ct<-ct
xs5933wt,151_cascade_coldtransformer_singleaxis_l9,"dual_axis=False, l=9 — early img-mask fusion via PixelShuffle (axis_fuse_r=4) before a row-axis-only (cross-context) transformer, cold transformer, l=9 compute-matched vs 150",250,vertebrae_T1,False,s0021,s0698,False,0.6856,,0.6755,0.32546210289001465,25.6,432.0,0.000206,247.0,0.000118,4.24,,ct ct<-ct
xs5933wt,151_cascade_coldtransformer_singleaxis_l9,"dual_axis=False, l=9 — early img-mask fusion via PixelShuffle (axis_fuse_r=4) before a row-axis-only (cross-context) transformer, cold transformer, l=9 compute-matched vs 150",250,vertebrae_T1,False,s0794,s1337,False,0.5012,,0.5002,0.5017923712730408,27.3,287.0,0.000137,325.0,0.000155,4.24,,ct ct<-ct
xs5933wt,151_cascade_coldtransformer_singleaxis_l9,"dual_axis=False, l=9 — early img-mask fusion via PixelShuffle (axis_fuse_r=4) before a row-axis-only (cross-context) transformer, cold transformer, l=9 compute-matched vs 150",250,vertebrae_T1,False,s0650,s0546,False,0.4885,,0.4862,0.5159733891487122,25.1,348.0,0.000166,396.0,0.000189,4.24,,ct ct<-ct
xs5933wt,151_cascade_coldtransformer_singleaxis_l9,"dual_axis=False, l=9 — early img-mask fusion via PixelShuffle (axis_fuse_r=4) before a row-axis-only (cross-context) transformer, cold transformer, l=9 compute-matched vs 150",250,vertebrae_T1,False,s0918,s0991,False,0.3785,,0.3818,0.6206614971160889,25.1,355.0,0.000169,161.0,7.7e-05,4.24,,ct ct<-ct
xs5933wt,151_cascade_coldtransformer_singleaxis_l9,"dual_axis=False, l=9 — early img-mask fusion via PixelShuffle (axis_fuse_r=4) before a row-axis-only (cross-context) transformer, cold transformer, l=9 compute-matched vs 150",250,vertebrae_T1,False,s0618,s0867,False,0.244,,0.238,0.7657037377357483,25.1,270.0,0.000129,290.0,0.000138,4.24,,ct ct<-ct
xs5933wt,151_cascade_coldtransformer_singleaxis_l9,"dual_axis=False, l=9 — early img-mask fusion via PixelShuffle (axis_fuse_r=4) before a row-axis-only (cross-context) transformer, cold transformer, l=9 compute-matched vs 150",250,vertebrae_T1,False,s0021,s0032,False,0.6447,,0.6428,0.3583512306213379,25.2,432.0,0.000206,215.0,0.000103,4.24,,ct ct<-ct
xs5933wt,151_cascade_coldtransformer_singleaxis_l9,"dual_axis=False, l=9 — early img-mask fusion via PixelShuffle (axis_fuse_r=4) before a row-axis-only (cross-context) transformer, cold transformer, l=9 compute-matched vs 150",250,vertebrae_T1,False,s0698,s0618,False,0.6498,,0.6422,0.3585399091243744,25.2,247.0,0.000118,270.0,0.000129,4.24,,ct ct<-ct
xs5933wt,151_cascade_coldtransformer_singleaxis_l9,"dual_axis=False, l=9 — early img-mask fusion via PixelShuffle (axis_fuse_r=4) before a row-axis-only (cross-context) transformer, cold transformer, l=9 compute-matched vs 150",250,vertebrae_T1,False,s0874,s0991,False,0.5865,,0.5794,0.42207634449005127,25.1,394.0,0.000188,161.0,7.7e-05,4.24,,ct ct<-ct
xs5933wt,151_cascade_coldtransformer_singleaxis_l9,"dual_axis=False, l=9 — early img-mask fusion via PixelShuffle (axis_fuse_r=4) before a row-axis-only (cross-context) transformer, cold transformer, l=9 compute-matched vs 150",250,vertebrae_T1,False,s0618,s0572,False,0.5041,,0.5028,0.4982547163963318,25.1,270.0,0.000129,237.0,0.000113,4.24,,ct ct<-ct
xs5933wt,151_cascade_coldtransformer_singleaxis_l9,"dual_axis=False, l=9 — early img-mask fusion via PixelShuffle (axis_fuse_r=4) before a row-axis-only (cross-context) transformer, cold transformer, l=9 compute-matched vs 150",250,vertebrae_T1,False,s0546,s0650,False,0.5675,,0.5671,0.4346561133861542,25.1,396.0,0.000189,348.0,0.000166,4.24,,ct ct<-ct
xs5933wt,151_cascade_coldtransformer_singleaxis_l9,"dual_axis=False, l=9 — early img-mask fusion via PixelShuffle (axis_fuse_r=4) before a row-axis-only (cross-context) transformer, cold transformer, l=9 compute-matched vs 150",250,vertebrae_T10,False,s0095,s0918,False,0.5796,,0.5756,0.4276908338069916,25.1,769.0,0.000367,603.0,0.000288,4.24,,ct ct<-ct
xs5933wt,151_cascade_coldtransformer_singleaxis_l9,"dual_axis=False, l=9 — early img-mask fusion via PixelShuffle (axis_fuse_r=4) before a row-axis-only (cross-context) transformer, cold transformer, l=9 compute-matched vs 150",250,vertebrae_T10,False,s0839,s1046,False,0.4401,,0.4387,0.563031017780304,25.2,151.0,7.2e-05,592.0,0.000282,4.24,,ct ct<-ct
xs5933wt,151_cascade_coldtransformer_singleaxis_l9,"dual_axis=False, l=9 — early img-mask fusion via PixelShuffle (axis_fuse_r=4) before a row-axis-only (cross-context) transformer, cold transformer, l=9 compute-matched vs 150",250,vertebrae_T10,False,s1278,s0824,False,0.0701,,0.0689,0.9392684698104858,25.1,692.0,0.00033,505.0,0.000241,4.24,,ct ct<-ct
xs5933wt,151_cascade_coldtransformer_singleaxis_l9,"dual_axis=False, l=9 — early img-mask fusion via PixelShuffle (axis_fuse_r=4) before a row-axis-only (cross-context) transformer, cold transformer, l=9 compute-matched vs 150",250,vertebrae_T10,False,s1305,s1278,False,0.5836,,0.5748,0.4264618158340454,25.2,404.0,0.000193,692.0,0.00033,4.24,,ct ct<-ct
xs5933wt,151_cascade_coldtransformer_singleaxis_l9,"dual_axis=False, l=9 — early img-mask fusion via PixelShuffle (axis_fuse_r=4) before a row-axis-only (cross-context) transformer, cold transformer, l=9 compute-matched vs 150",250,vertebrae_T11,False,s0249,s0747,False,0.5952,,0.5945,0.40777140855789185,25.1,779.0,0.000371,786.0,0.000375,4.24,,ct ct<-ct
xs5933wt,151_cascade_coldtransformer_singleaxis_l9,"dual_axis=False, l=9 — early img-mask fusion via PixelShuffle (axis_fuse_r=4) before a row-axis-only (cross-context) transformer, cold transformer, l=9 compute-matched vs 150",250,vertebrae_T11,False,s0095,s1233,False,0.555,,0.5459,0.45651087164878845,25.2,615.0,0.000293,465.0,0.000222,4.24,,ct ct<-ct
xs5933wt,151_cascade_coldtransformer_singleaxis_l9,"dual_axis=False, l=9 — early img-mask fusion via PixelShuffle (axis_fuse_r=4) before a row-axis-only (cross-context) transformer, cold transformer, l=9 compute-matched vs 150",250,vertebrae_T11,False,s1278,s0420,False,0.0535,,0.0566,0.9510641694068909,25.1,698.0,0.000333,567.0,0.00027,4.24,,ct ct<-ct
xs5933wt,151_cascade_coldtransformer_singleaxis_l9,"dual_axis=False, l=9 — early img-mask fusion via PixelShuffle (axis_fuse_r=4) before a row-axis-only (cross-context) transformer, cold transformer, l=9 compute-matched vs 150",250,vertebrae_T11,False,s0655,s1238,False,0.1685,,0.165,0.8369391560554504,25.2,137.0,6.5e-05,562.0,0.000268,4.24,,ct ct<-ct
xs5933wt,151_cascade_coldtransformer_singleaxis_l9,"dual_axis=False, l=9 — early img-mask fusion via PixelShuffle (axis_fuse_r=4) before a row-axis-only (cross-context) transformer, cold transformer, l=9 compute-matched vs 150",250,vertebrae_T11,False,s0698,s0420,False,0.3814,,0.3807,0.6223189234733582,25.1,588.0,0.00028,567.0,0.00027,4.24,,ct ct<-ct
xs5933wt,151_cascade_coldtransformer_singleaxis_l9,"dual_axis=False, l=9 — early img-mask fusion via PixelShuffle (axis_fuse_r=4) before a row-axis-only (cross-context) transformer, cold transformer, l=9 compute-matched vs 150",250,vertebrae_T11,False,s0839,s1002,False,0.2207,,0.2251,0.7778921127319336,25.1,196.0,9.3e-05,249.0,0.000119,4.24,,ct ct<-ct
xs5933wt,151_cascade_coldtransformer_singleaxis_l9,"dual_axis=False, l=9 — early img-mask fusion via PixelShuffle (axis_fuse_r=4) before a row-axis-only (cross-context) transformer, cold transformer, l=9 compute-matched vs 150",250,vertebrae_T12,True,s0618,s0650,False,0.4551,,0.4472,0.5559380054473877,25.1,530.0,0.000253,765.0,0.000365,4.24,,ct ct<-ct
xs5933wt,151_cascade_coldtransformer_singleaxis_l9,"dual_axis=False, l=9 — early img-mask fusion via PixelShuffle (axis_fuse_r=4) before a row-axis-only (cross-context) transformer, cold transformer, l=9 compute-matched vs 150",250,vertebrae_T12,True,s0544,s0650,False,0.4547,,0.4473,0.5555592179298401,25.2,630.0,0.0003,765.0,0.000365,4.24,,ct ct<-ct
xs5933wt,151_cascade_coldtransformer_singleaxis_l9,"dual_axis=False, l=9 — early img-mask fusion via PixelShuffle (axis_fuse_r=4) before a row-axis-only (cross-context) transformer, cold transformer, l=9 compute-matched vs 150",250,vertebrae_T12,True,s1197,s0698,False,0.2247,,0.2247,0.7761865258216858,25.5,50.0,2.4e-05,637.0,0.000304,4.24,,ct ct<-ct
xs5933wt,151_cascade_coldtransformer_singleaxis_l9,"dual_axis=False, l=9 — early img-mask fusion via PixelShuffle (axis_fuse_r=4) before a row-axis-only (cross-context) transformer, cold transformer, l=9 compute-matched vs 150",250,vertebrae_T12,True,s1046,s0458,False,0.6647,,0.6588,0.343483567237854,25.1,750.0,0.000358,610.0,0.000291,4.24,,ct ct<-ct
xs5933wt,151_cascade_coldtransformer_singleaxis_l9,"dual_axis=False, l=9 — early img-mask fusion via PixelShuffle (axis_fuse_r=4) before a row-axis-only (cross-context) transformer, cold transformer, l=9 compute-matched vs 150",250,vertebrae_T12,True,s1305,s0324,False,0.6801,,0.6812,0.32018566131591797,25.3,484.0,0.000231,409.0,0.000195,4.24,,ct ct<-ct
xs5933wt,151_cascade_coldtransformer_singleaxis_l9,"dual_axis=False, l=9 — early img-mask fusion via PixelShuffle (axis_fuse_r=4) before a row-axis-only (cross-context) transformer, cold transformer, l=9 compute-matched vs 150",250,vertebrae_T12,True,s0991,s1337,False,0.5708,,0.5657,0.43653014302253723,25.1,608.0,0.00029,650.0,0.00031,4.24,,ct ct<-ct
xs5933wt,151_cascade_coldtransformer_singleaxis_l9,"dual_axis=False, l=9 — early img-mask fusion via PixelShuffle (axis_fuse_r=4) before a row-axis-only (cross-context) transformer, cold transformer, l=9 compute-matched vs 150",250,vertebrae_T12,True,s0650,s0655,False,0.0968,,0.1192,0.8839978575706482,25.1,765.0,0.000365,78.0,3.7e-05,4.24,,ct ct<-ct
xs5933wt,151_cascade_coldtransformer_singleaxis_l9,"dual_axis=False, l=9 — early img-mask fusion via PixelShuffle (axis_fuse_r=4) before a row-axis-only (cross-context) transformer, cold transformer, l=9 compute-matched vs 150",250,vertebrae_T2,False,s1287,s1223,False,0.4165,,0.4131,0.5883375406265259,27.7,306.0,0.000146,158.0,7.5e-05,4.24,,ct ct<-ct
xs5933wt,151_cascade_coldtransformer_singleaxis_l9,"dual_axis=False, l=9 — early img-mask fusion via PixelShuffle (axis_fuse_r=4) before a row-axis-only (cross-context) transformer, cold transformer, l=9 compute-matched vs 150",250,vertebrae_T2,False,s0625,s0824,False,0.2562,,0.2547,0.7479974031448364,25.1,285.0,0.000136,311.0,0.000148,4.24,,ct ct<-ct
xs5933wt,151_cascade_coldtransformer_singleaxis_l9,"dual_axis=False, l=9 — early img-mask fusion via PixelShuffle (axis_fuse_r=4) before a row-axis-only (cross-context) transformer, cold transformer, l=9 compute-matched vs 150",250,vertebrae_T2,False,s0466,s0698,False,0.5225,,0.5204,0.4809424877166748,25.1,229.0,0.000109,301.0,0.000144,4.24,,ct ct<-ct
xs5933wt,151_cascade_coldtransformer_singleaxis_l9,"dual_axis=False, l=9 — early img-mask fusion via PixelShuffle (axis_fuse_r=4) before a row-axis-only (cross-context) transformer, cold transformer, l=9 compute-matched vs 150",250,vertebrae_T2,False,s1046,s0021,False,0.57,,0.5634,0.4384007155895233,25.3,380.0,0.000181,469.0,0.000224,4.24,,ct ct<-ct
xs5933wt,151_cascade_coldtransformer_singleaxis_l9,"dual_axis=False, l=9 — early img-mask fusion via PixelShuffle (axis_fuse_r=4) before a row-axis-only (cross-context) transformer, cold transformer, l=9 compute-matched vs 150",250,vertebrae_T2,False,s0918,s1133,False,0.4551,,0.4489,0.553199291229248,25.2,329.0,0.000157,297.0,0.000142,4.24,,ct ct<-ct
xs5933wt,151_cascade_coldtransformer_singleaxis_l9,"dual_axis=False, l=9 — early img-mask fusion via PixelShuffle (axis_fuse_r=4) before a row-axis-only (cross-context) transformer, cold transformer, l=9 compute-matched vs 150",250,vertebrae_T2,False,s0794,s0918,False,0.5924,,0.5846,0.41633594036102295,25.1,292.0,0.000139,329.0,0.000157,4.24,,ct ct<-ct
xs5933wt,151_cascade_coldtransformer_singleaxis_l9,"dual_axis=False, l=9 — early img-mask fusion via PixelShuffle (axis_fuse_r=4) before a row-axis-only (cross-context) transformer, cold transformer, l=9 compute-matched vs 150",250,vertebrae_T3,True,s1024,s0346,False,0.4458,,0.4414,0.5602428317070007,25.1,221.0,0.000105,304.0,0.000145,4.24,,ct ct<-ct
xs5933wt,151_cascade_coldtransformer_singleaxis_l9,"dual_axis=False, l=9 — early img-mask fusion via PixelShuffle (axis_fuse_r=4) before a row-axis-only (cross-context) transformer, cold transformer, l=9 compute-matched vs 150",250,vertebrae_T3,True,s0346,s1287,False,0.3351,,0.3351,0.667508602142334,25.1,304.0,0.000145,301.0,0.000144,4.24,,ct ct<-ct
xs5933wt,151_cascade_coldtransformer_singleaxis_l9,"dual_axis=False, l=9 — early img-mask fusion via PixelShuffle (axis_fuse_r=4) before a row-axis-only (cross-context) transformer, cold transformer, l=9 compute-matched vs 150",250,vertebrae_T3,True,s1046,s0874,False,0.4671,,0.4641,0.5387993454933167,25.1,371.0,0.000177,362.0,0.000173,4.24,,ct ct<-ct
xs5933wt,151_cascade_coldtransformer_singleaxis_l9,"dual_axis=False, l=9 — early img-mask fusion via PixelShuffle (axis_fuse_r=4) before a row-axis-only (cross-context) transformer, cold transformer, l=9 compute-matched vs 150",250,vertebrae_T3,True,s0808,s0675,False,0.5064,,0.5041,0.49706459045410156,25.1,202.0,9.6e-05,236.0,0.000113,4.24,,ct ct<-ct
xs5933wt,151_cascade_coldtransformer_singleaxis_l9,"dual_axis=False, l=9 — early img-mask fusion via PixelShuffle (axis_fuse_r=4) before a row-axis-only (cross-context) transformer, cold transformer, l=9 compute-matched vs 150",250,vertebrae_T3,True,s1337,s0466,False,0.5442,,0.5466,0.4548373520374298,25.1,301.0,0.000144,218.0,0.000104,4.24,,ct ct<-ct
xs5933wt,151_cascade_coldtransformer_singleaxis_l9,"dual_axis=False, l=9 — early img-mask fusion via PixelShuffle (axis_fuse_r=4) before a row-axis-only (cross-context) transformer, cold transformer, l=9 compute-matched vs 150",250,vertebrae_T3,True,s1305,s0867,False,0.3174,,0.3156,0.6871129870414734,25.1,212.0,0.000101,131.0,6.2e-05,4.24,,ct ct<-ct
xs5933wt,151_cascade_coldtransformer_singleaxis_l9,"dual_axis=False, l=9 — early img-mask fusion via PixelShuffle (axis_fuse_r=4) before a row-axis-only (cross-context) transformer, cold transformer, l=9 compute-matched vs 150",250,vertebrae_T3,True,s1017,s0698,False,0.0139,,0.0145,0.9883140921592712,25.2,86.0,4.1e-05,313.0,0.000149,4.24,,ct ct<-ct
xs5933wt,151_cascade_coldtransformer_singleaxis_l9,"dual_axis=False, l=9 — early img-mask fusion via PixelShuffle (axis_fuse_r=4) before a row-axis-only (cross-context) transformer, cold transformer, l=9 compute-matched vs 150",250,vertebrae_T3,True,s1223,s0675,False,0.3028,,0.3019,0.7000569701194763,25.1,108.0,5.1e-05,236.0,0.000113,4.24,,ct ct<-ct
xs5933wt,151_cascade_coldtransformer_singleaxis_l9,"dual_axis=False, l=9 — early img-mask fusion via PixelShuffle (axis_fuse_r=4) before a row-axis-only (cross-context) transformer, cold transformer, l=9 compute-matched vs 150",250,vertebrae_T3,True,s1161,s0625,False,0.4838,,0.4785,0.5233700275421143,25.1,289.0,0.000138,257.0,0.000123,4.24,,ct ct<-ct
xs5933wt,151_cascade_coldtransformer_singleaxis_l9,"dual_axis=False, l=9 — early img-mask fusion via PixelShuffle (axis_fuse_r=4) before a row-axis-only (cross-context) transformer, cold transformer, l=9 compute-matched vs 150",250,vertebrae_T3,True,s1197,s0546,False,0.1607,,0.1622,0.8419678211212158,25.1,251.0,0.00012,394.0,0.000188,4.24,,ct ct<-ct
xs5933wt,151_cascade_coldtransformer_singleaxis_l9,"dual_axis=False, l=9 — early img-mask fusion via PixelShuffle (axis_fuse_r=4) before a row-axis-only (cross-context) transformer, cold transformer, l=9 compute-matched vs 150",250,vertebrae_T4,False,s0625,s1305,False,0.1057,,0.1033,0.9005386829376221,25.2,299.0,0.000143,223.0,0.000106,4.24,,ct ct<-ct
xs5933wt,151_cascade_coldtransformer_singleaxis_l9,"dual_axis=False, l=9 — early img-mask fusion via PixelShuffle (axis_fuse_r=4) before a row-axis-only (cross-context) transformer, cold transformer, l=9 compute-matched vs 150",250,vertebrae_T4,False,s1337,s1002,False,0.442,,0.4345,0.5674874186515808,25.1,332.0,0.000158,93.0,4.4e-05,4.24,,ct ct<-ct
xs5933wt,151_cascade_coldtransformer_singleaxis_l9,"dual_axis=False, l=9 — early img-mask fusion via PixelShuffle (axis_fuse_r=4) before a row-axis-only (cross-context) transformer, cold transformer, l=9 compute-matched vs 150",250,vertebrae_T4,False,s0867,s0095,False,0.0577,,0.0546,0.9473668932914734,25.1,10.0,5e-06,452.0,0.000216,4.24,,ct ct<-ct
xs5933wt,151_cascade_coldtransformer_singleaxis_l9,"dual_axis=False, l=9 — early img-mask fusion via PixelShuffle (axis_fuse_r=4) before a row-axis-only (cross-context) transformer, cold transformer, l=9 compute-matched vs 150",250,vertebrae_T4,False,s0918,s0867,False,0.0022,,0.0024,0.9992665648460388,25.3,356.0,0.00017,10.0,5e-06,4.24,,ct ct<-ct
xs5933wt,151_cascade_coldtransformer_singleaxis_l9,"dual_axis=False, l=9 — early img-mask fusion via PixelShuffle (axis_fuse_r=4) before a row-axis-only (cross-context) transformer, cold transformer, l=9 compute-matched vs 150",250,vertebrae_T4,False,s0808,s0874,False,0.12,,0.1189,0.8881412148475647,25.2,219.0,0.000104,335.0,0.00016,4.24,,ct ct<-ct
xs5933wt,151_cascade_coldtransformer_singleaxis_l9,"dual_axis=False, l=9 — early img-mask fusion via PixelShuffle (axis_fuse_r=4) before a row-axis-only (cross-context) transformer, cold transformer, l=9 compute-matched vs 150",250,vertebrae_T4,False,s1233,s0698,False,0.1058,,0.1042,0.8989813327789307,25.1,243.0,0.000116,337.0,0.000161,4.24,,ct ct<-ct
xs5933wt,151_cascade_coldtransformer_singleaxis_l9,"dual_axis=False, l=9 — early img-mask fusion via PixelShuffle (axis_fuse_r=4) before a row-axis-only (cross-context) transformer, cold transformer, l=9 compute-matched vs 150",250,vertebrae_T4,False,s1046,s0123,False,0.5386,,0.5351,0.4667142927646637,25.2,382.0,0.000182,299.0,0.000143,4.24,,ct ct<-ct
xs5933wt,151_cascade_coldtransformer_singleaxis_l9,"dual_axis=False, l=9 — early img-mask fusion via PixelShuffle (axis_fuse_r=4) before a row-axis-only (cross-context) transformer, cold transformer, l=9 compute-matched vs 150",250,vertebrae_T4,False,s0794,s1059,False,0.354,,0.3533,0.6498665809631348,25.1,309.0,0.000147,135.0,6.4e-05,4.24,,ct ct<-ct
xs5933wt,151_cascade_coldtransformer_singleaxis_l9,"dual_axis=False, l=9 — early img-mask fusion via PixelShuffle (axis_fuse_r=4) before a row-axis-only (cross-context) transformer, cold transformer, l=9 compute-matched vs 150",250,vertebrae_T5,False,s0021,s0095,False,0.5268,,0.5263,0.4754718244075775,25.1,469.0,0.000224,451.0,0.000215,4.24,,ct ct<-ct
xs5933wt,151_cascade_coldtransformer_singleaxis_l9,"dual_axis=False, l=9 — early img-mask fusion via PixelShuffle (axis_fuse_r=4) before a row-axis-only (cross-context) transformer, cold transformer, l=9 compute-matched vs 150",250,vertebrae_T5,False,s0618,s0698,False,0.3986,,0.3991,0.603226900100708,25.1,226.0,0.000108,368.0,0.000175,4.24,,ct ct<-ct
xs5933wt,151_cascade_coldtransformer_singleaxis_l9,"dual_axis=False, l=9 — early img-mask fusion via PixelShuffle (axis_fuse_r=4) before a row-axis-only (cross-context) transformer, cold transformer, l=9 compute-matched vs 150",250,vertebrae_T5,False,s1161,s1133,False,0.0012,,0.0002,1.005787968635559,25.1,354.0,0.000169,332.0,0.000158,4.24,,ct ct<-ct
xs5933wt,151_cascade_coldtransformer_singleaxis_l9,"dual_axis=False, l=9 — early img-mask fusion via PixelShuffle (axis_fuse_r=4) before a row-axis-only (cross-context) transformer, cold transformer, l=9 compute-matched vs 150",250,vertebrae_T5,False,s1278,s0675,False,0.5157,,0.5091,0.49342426657676697,25.2,396.0,0.000189,277.0,0.000132,4.24,,ct ct<-ct
xs5933wt,151_cascade_coldtransformer_singleaxis_l9,"dual_axis=False, l=9 — early img-mask fusion via PixelShuffle (axis_fuse_r=4) before a row-axis-only (cross-context) transformer, cold transformer, l=9 compute-matched vs 150",250,vertebrae_T5,False,s0123,s1133,False,0.3644,,0.3637,0.6395297050476074,25.1,323.0,0.000154,332.0,0.000158,4.24,,ct ct<-ct
xs5933wt,151_cascade_coldtransformer_singleaxis_l9,"dual_axis=False, l=9 — early img-mask fusion via PixelShuffle (axis_fuse_r=4) before a row-axis-only (cross-context) transformer, cold transformer, l=9 compute-matched vs 150",250,vertebrae_T5,False,s0618,s1287,False,0.0208,,0.0221,0.9820649027824402,25.2,226.0,0.000108,375.0,0.000179,4.24,,ct ct<-ct
xs5933wt,151_cascade_coldtransformer_singleaxis_l9,"dual_axis=False, l=9 — early img-mask fusion via PixelShuffle (axis_fuse_r=4) before a row-axis-only (cross-context) transformer, cold transformer, l=9 compute-matched vs 150",250,vertebrae_T5,False,s1233,s0618,False,0.0312,,0.0322,0.9710107445716858,25.1,266.0,0.000127,226.0,0.000108,4.24,,ct ct<-ct
xs5933wt,151_cascade_coldtransformer_singleaxis_l9,"dual_axis=False, l=9 — early img-mask fusion via PixelShuffle (axis_fuse_r=4) before a row-axis-only (cross-context) transformer, cold transformer, l=9 compute-matched vs 150",250,vertebrae_T5,False,s0123,s0346,False,0.3151,,0.3125,0.6927804350852966,25.2,323.0,0.000154,304.0,0.000145,4.24,,ct ct<-ct
xs5933wt,151_cascade_coldtransformer_singleaxis_l9,"dual_axis=False, l=9 — early img-mask fusion via PixelShuffle (axis_fuse_r=4) before a row-axis-only (cross-context) transformer, cold transformer, l=9 compute-matched vs 150",250,vertebrae_T5,False,s1002,s0346,False,0.121,,0.1193,0.8853302597999573,25.3,58.0,2.8e-05,304.0,0.000145,4.24,,ct ct<-ct
xs5933wt,151_cascade_coldtransformer_singleaxis_l9,"dual_axis=False, l=9 — early img-mask fusion via PixelShuffle (axis_fuse_r=4) before a row-axis-only (cross-context) transformer, cold transformer, l=9 compute-matched vs 150",250,vertebrae_T5,False,s0698,s1197,False,0.6506,,0.644,0.3569888174533844,25.2,368.0,0.000175,274.0,0.000131,4.24,,ct ct<-ct
xs5933wt,151_cascade_coldtransformer_singleaxis_l9,"dual_axis=False, l=9 — early img-mask fusion via PixelShuffle (axis_fuse_r=4) before a row-axis-only (cross-context) transformer, cold transformer, l=9 compute-matched vs 150",250,vertebrae_T6,True,s0832,s1337,False,0.3253,,0.3247,0.6772931814193726,25.2,156.0,7.4e-05,386.0,0.000184,4.24,,ct ct<-ct
xs5933wt,151_cascade_coldtransformer_singleaxis_l9,"dual_axis=False, l=9 — early img-mask fusion via PixelShuffle (axis_fuse_r=4) before a row-axis-only (cross-context) transformer, cold transformer, l=9 compute-matched vs 150",250,vertebrae_T6,True,s1199,s0698,False,0.0374,,0.0395,0.9663928151130676,25.1,375.0,0.000179,375.0,0.000179,4.24,,ct ct<-ct
xs5933wt,151_cascade_coldtransformer_singleaxis_l9,"dual_axis=False, l=9 — early img-mask fusion via PixelShuffle (axis_fuse_r=4) before a row-axis-only (cross-context) transformer, cold transformer, l=9 compute-matched vs 150",250,vertebrae_T6,True,s0650,s1024,False,0.1562,,0.1603,0.8454607129096985,25.2,408.0,0.000195,262.0,0.000125,4.24,,ct ct<-ct
xs5933wt,151_cascade_coldtransformer_singleaxis_l9,"dual_axis=False, l=9 — early img-mask fusion via PixelShuffle (axis_fuse_r=4) before a row-axis-only (cross-context) transformer, cold transformer, l=9 compute-matched vs 150",250,vertebrae_T6,True,s0420,s1305,False,0.4387,,0.4255,0.5767648816108704,25.2,378.0,0.00018,233.0,0.000111,4.24,,ct ct<-ct
xs5933wt,151_cascade_coldtransformer_singleaxis_l9,"dual_axis=False, l=9 — early img-mask fusion via PixelShuffle (axis_fuse_r=4) before a row-axis-only (cross-context) transformer, cold transformer, l=9 compute-matched vs 150",250,vertebrae_T7,False,s1024,s0918,False,0.3892,,0.3862,0.6168466210365295,25.1,317.0,0.000151,464.0,0.000221,4.24,,ct ct<-ct
xs5933wt,151_cascade_coldtransformer_singleaxis_l9,"dual_axis=False, l=9 — early img-mask fusion via PixelShuffle (axis_fuse_r=4) before a row-axis-only (cross-context) transformer, cold transformer, l=9 compute-matched vs 150",250,vertebrae_T7,False,s1337,s0650,False,0.4208,,0.4108,0.5920493006706238,25.2,410.0,0.000196,492.0,0.000235,4.24,,ct ct<-ct
xs5933wt,151_cascade_coldtransformer_singleaxis_l9,"dual_axis=False, l=9 — early img-mask fusion via PixelShuffle (axis_fuse_r=4) before a row-axis-only (cross-context) transformer, cold transformer, l=9 compute-matched vs 150",250,vertebrae_T7,False,s0918,s0794,False,0.5059,,0.5039,0.498169869184494,25.1,464.0,0.000221,412.0,0.000196,4.24,,ct ct<-ct
xs5933wt,151_cascade_coldtransformer_singleaxis_l9,"dual_axis=False, l=9 — early img-mask fusion via PixelShuffle (axis_fuse_r=4) before a row-axis-only (cross-context) transformer, cold transformer, l=9 compute-matched vs 150",250,vertebrae_T7,False,s1106,s1161,False,0.0087,,0.0096,0.9920167922973633,25.1,50.0,2.4e-05,402.0,0.000192,4.24,,ct ct<-ct
xs5933wt,151_cascade_coldtransformer_singleaxis_l9,"dual_axis=False, l=9 — early img-mask fusion via PixelShuffle (axis_fuse_r=4) before a row-axis-only (cross-context) transformer, cold transformer, l=9 compute-matched vs 150",250,vertebrae_T7,False,s1233,s0607,False,0.2791,,0.2706,0.7338765859603882,25.2,327.0,0.000156,7.0,3e-06,4.24,,ct ct<-ct
xs5933wt,151_cascade_coldtransformer_singleaxis_l9,"dual_axis=False, l=9 — early img-mask fusion via PixelShuffle (axis_fuse_r=4) before a row-axis-only (cross-context) transformer, cold transformer, l=9 compute-matched vs 150",250,vertebrae_T7,False,s0607,s1197,False,0.0263,,0.0154,0.9849934577941895,25.2,7.0,3e-06,350.0,0.000167,4.24,,ct ct<-ct
xs5933wt,151_cascade_coldtransformer_singleaxis_l9,"dual_axis=False, l=9 — early img-mask fusion via PixelShuffle (axis_fuse_r=4) before a row-axis-only (cross-context) transformer, cold transformer, l=9 compute-matched vs 150",250,vertebrae_T8,False,s1305,s0794,False,0.42,,0.4214,0.580855667591095,25.2,295.0,0.000141,435.0,0.000207,4.24,,ct ct<-ct
xs5933wt,151_cascade_coldtransformer_singleaxis_l9,"dual_axis=False, l=9 — early img-mask fusion via PixelShuffle (axis_fuse_r=4) before a row-axis-only (cross-context) transformer, cold transformer, l=9 compute-matched vs 150",250,vertebrae_T8,False,s0650,s1278,False,0.3387,,0.3313,0.6740554571151733,25.1,518.0,0.000247,565.0,0.000269,4.24,,ct ct<-ct
xs5933wt,151_cascade_coldtransformer_singleaxis_l9,"dual_axis=False, l=9 — early img-mask fusion via PixelShuffle (axis_fuse_r=4) before a row-axis-only (cross-context) transformer, cold transformer, l=9 compute-matched vs 150",250,vertebrae_T8,False,s0618,s0420,False,0.5659,,0.5638,0.43762439489364624,25.2,309.0,0.000147,451.0,0.000215,4.24,,ct ct<-ct
xs5933wt,151_cascade_coldtransformer_singleaxis_l9,"dual_axis=False, l=9 — early img-mask fusion via PixelShuffle (axis_fuse_r=4) before a row-axis-only (cross-context) transformer, cold transformer, l=9 compute-matched vs 150",250,vertebrae_T8,False,s1002,s0458,False,0.1399,,0.136,0.8671174049377441,25.4,70.0,3.3e-05,352.0,0.000168,4.24,,ct ct<-ct
xs5933wt,151_cascade_coldtransformer_singleaxis_l9,"dual_axis=False, l=9 — early img-mask fusion via PixelShuffle (axis_fuse_r=4) before a row-axis-only (cross-context) transformer, cold transformer, l=9 compute-matched vs 150",250,vertebrae_T9,True,s0991,s1223,False,0.4861,,0.4819,0.5204960703849792,25.1,508.0,0.000242,410.0,0.000196,4.24,,ct ct<-ct
xs5933wt,151_cascade_coldtransformer_singleaxis_l9,"dual_axis=False, l=9 — early img-mask fusion via PixelShuffle (axis_fuse_r=4) before a row-axis-only (cross-context) transformer, cold transformer, l=9 compute-matched vs 150",250,vertebrae_T9,True,s0123,s0839,False,0.3158,,0.3125,0.6912652254104614,25.1,457.0,0.000218,138.0,6.6e-05,4.24,,ct ct<-ct
xs5933wt,151_cascade_coldtransformer_singleaxis_l9,"dual_axis=False, l=9 — early img-mask fusion via PixelShuffle (axis_fuse_r=4) before a row-axis-only (cross-context) transformer, cold transformer, l=9 compute-matched vs 150",250,vertebrae_T9,True,s1223,s0625,False,0.3964,,0.397,0.6056514382362366,25.1,410.0,0.000196,432.0,0.000206,4.24,,ct ct<-ct
xs5933wt,151_cascade_coldtransformer_singleaxis_l9,"dual_axis=False, l=9 — early img-mask fusion via PixelShuffle (axis_fuse_r=4) before a row-axis-only (cross-context) transformer, cold transformer, l=9 compute-matched vs 150",250,vertebrae_T9,True,s0794,s1238,False,0.5968,,0.5858,0.4158901572227478,25.4,502.0,0.000239,548.0,0.000261,4.24,,ct ct<-ct
xs5933wt,151_cascade_coldtransformer_singleaxis_l9,"dual_axis=False, l=9 — early img-mask fusion via PixelShuffle (axis_fuse_r=4) before a row-axis-only (cross-context) transformer, cold transformer, l=9 compute-matched vs 150",250,vertebrae_T9,True,s0991,s0918,False,0.4455,,0.4435,0.5598763227462769,25.1,508.0,0.000242,515.0,0.000246,4.24,,ct ct<-ct
xs5933wt,151_cascade_coldtransformer_singleaxis_l9,"dual_axis=False, l=9 — early img-mask fusion via PixelShuffle (axis_fuse_r=4) before a row-axis-only (cross-context) transformer, cold transformer, l=9 compute-matched vs 150",250,vertebrae_T9,True,s1305,s0918,False,0.4737,,0.4653,0.5368632078170776,25.1,317.0,0.000151,515.0,0.000246,4.24,,ct ct<-ct
9s7d69ca,152_cascade_medverse_baseline,"model=medverse (released architecture) — released Medverse.ckpt start (checkpoint=orig_weights), medverse_bounded_head=true (sigmoid-appended head -> real logit -> shared bce_dice-with-logits recipe, matching 150/151's adamw/1e-4/bce_dice exactly), eval_autocast=true, medverse.compile=true. Same data/augmentation/schedule as 150/151 except data.query_prior disabled (see runs.json description).",250,adrenal_gland_left,True,s0458,s0824,False,0.0189,,0.0006,0.999619722366333,41.0,52.0,2.5e-05,1.0,0.0,4.24,,ct ct<-ct
9s7d69ca,152_cascade_medverse_baseline,"model=medverse (released architecture) — released Medverse.ckpt start (checkpoint=orig_weights), medverse_bounded_head=true (sigmoid-appended head -> real logit -> shared bce_dice-with-logits recipe, matching 150/151's adamw/1e-4/bce_dice exactly), eval_autocast=true, medverse.compile=true. Same data/augmentation/schedule as 150/151 except data.query_prior disabled (see runs.json description).",250,adrenal_gland_left,True,s1133,s0546,False,0.0014,,0.0,1.0011425018310547,40.8,5.0,2e-06,48.0,2.3e-05,4.24,,ct ct<-ct
9s7d69ca,152_cascade_medverse_baseline,"model=medverse (released architecture) — released Medverse.ckpt start (checkpoint=orig_weights), medverse_bounded_head=true (sigmoid-appended head -> real logit -> shared bce_dice-with-logits recipe, matching 150/151's adamw/1e-4/bce_dice exactly), eval_autocast=true, medverse.compile=true. Same data/augmentation/schedule as 150/151 except data.query_prior disabled (see runs.json description).",250,adrenal_gland_left,True,s0458,s1287,False,0.005,,0.0004,1.000098705291748,40.8,52.0,2.5e-05,52.0,2.5e-05,4.24,,ct ct<-ct
9s7d69ca,152_cascade_medverse_baseline,"model=medverse (released architecture) — released Medverse.ckpt start (checkpoint=orig_weights), medverse_bounded_head=true (sigmoid-appended head -> real logit -> shared bce_dice-with-logits recipe, matching 150/151's adamw/1e-4/bce_dice exactly), eval_autocast=true, medverse.compile=true. Same data/augmentation/schedule as 150/151 except data.query_prior disabled (see runs.json description).",250,adrenal_gland_left,True,s0832,s0607,False,0.0022,,0.0,1.0007197856903076,42.6,1.0,0.0,59.0,2.8e-05,4.24,,ct ct<-ct
9s7d69ca,152_cascade_medverse_baseline,"model=medverse (released architecture) — released Medverse.ckpt start (checkpoint=orig_weights), medverse_bounded_head=true (sigmoid-appended head -> real logit -> shared bce_dice-with-logits recipe, matching 150/151's adamw/1e-4/bce_dice exactly), eval_autocast=true, medverse.compile=true. Same data/augmentation/schedule as 150/151 except data.query_prior disabled (see runs.json description).",250,adrenal_gland_left,True,s0544,s1161,False,0.0014,,0.0001,1.0011574029922485,41.1,13.0,6e-06,85.0,4.1e-05,4.24,,ct ct<-ct
9s7d69ca,152_cascade_medverse_baseline,"model=medverse (released architecture) — released Medverse.ckpt start (checkpoint=orig_weights), medverse_bounded_head=true (sigmoid-appended head -> real logit -> shared bce_dice-with-logits recipe, matching 150/151's adamw/1e-4/bce_dice exactly), eval_autocast=true, medverse.compile=true. Same data/augmentation/schedule as 150/151 except data.query_prior disabled (see runs.json description).",250,adrenal_gland_left,True,s0458,s0794,False,0.0032,,0.0,1.0007243156433105,35.2,52.0,2.5e-05,93.0,4.4e-05,4.24,,ct ct<-ct
9s7d69ca,152_cascade_medverse_baseline,"model=medverse (released architecture) — released Medverse.ckpt start (checkpoint=orig_weights), medverse_bounded_head=true (sigmoid-appended head -> real logit -> shared bce_dice-with-logits recipe, matching 150/151's adamw/1e-4/bce_dice exactly), eval_autocast=true, medverse.compile=true. Same data/augmentation/schedule as 150/151 except data.query_prior disabled (see runs.json description).",250,adrenal_gland_left,True,s0045,s0824,False,0.0088,,0.0001,1.000111699104309,43.2,38.0,1.8e-05,1.0,0.0,4.24,,ct ct<-ct
9s7d69ca,152_cascade_medverse_baseline,"model=medverse (released architecture) — released Medverse.ckpt start (checkpoint=orig_weights), medverse_bounded_head=true (sigmoid-appended head -> real logit -> shared bce_dice-with-logits recipe, matching 150/151's adamw/1e-4/bce_dice exactly), eval_autocast=true, medverse.compile=true. Same data/augmentation/schedule as 150/151 except data.query_prior disabled (see runs.json description).",250,adrenal_gland_left,True,s0760,s1337,False,0.0005,,0.0,1.003388524055481,35.2,42.0,2e-05,75.0,3.6e-05,4.24,,ct ct<-ct
9s7d69ca,152_cascade_medverse_baseline,"model=medverse (released architecture) — released Medverse.ckpt start (checkpoint=orig_weights), medverse_bounded_head=true (sigmoid-appended head -> real logit -> shared bce_dice-with-logits recipe, matching 150/151's adamw/1e-4/bce_dice exactly), eval_autocast=true, medverse.compile=true. Same data/augmentation/schedule as 150/151 except data.query_prior disabled (see runs.json description).",250,adrenal_gland_left,True,s1161,s1024,False,0.3083,,0.3013,0.6990322470664978,35.1,85.0,4.1e-05,101.0,4.8e-05,4.24,,ct ct<-ct
9s7d69ca,152_cascade_medverse_baseline,"model=medverse (released architecture) — released Medverse.ckpt start (checkpoint=orig_weights), medverse_bounded_head=true (sigmoid-appended head -> real logit -> shared bce_dice-with-logits recipe, matching 150/151's adamw/1e-4/bce_dice exactly), eval_autocast=true, medverse.compile=true. Same data/augmentation/schedule as 150/151 except data.query_prior disabled (see runs.json description).",250,adrenal_gland_right,False,s1161,s0824,False,0.0047,,0.0001,1.0004818439483643,35.1,94.0,4.5e-05,3.0,1e-06,4.24,,ct ct<-ct
9s7d69ca,152_cascade_medverse_baseline,"model=medverse (released architecture) — released Medverse.ckpt start (checkpoint=orig_weights), medverse_bounded_head=true (sigmoid-appended head -> real logit -> shared bce_dice-with-logits recipe, matching 150/151's adamw/1e-4/bce_dice exactly), eval_autocast=true, medverse.compile=true. Same data/augmentation/schedule as 150/151 except data.query_prior disabled (see runs.json description).",250,adrenal_gland_right,False,s1199,s0095,False,0.0011,,0.0001,1.0012189149856567,36.2,70.0,3.3e-05,76.0,3.6e-05,4.24,,ct ct<-ct
9s7d69ca,152_cascade_medverse_baseline,"model=medverse (released architecture) — released Medverse.ckpt start (checkpoint=orig_weights), medverse_bounded_head=true (sigmoid-appended head -> real logit -> shared bce_dice-with-logits recipe, matching 150/151's adamw/1e-4/bce_dice exactly), eval_autocast=true, medverse.compile=true. Same data/augmentation/schedule as 150/151 except data.query_prior disabled (see runs.json description).",250,adrenal_gland_right,False,s0324,s1199,False,0.0003,,0.0,1.0048593282699585,35.2,13.0,6e-06,70.0,3.3e-05,4.24,,ct ct<-ct
9s7d69ca,152_cascade_medverse_baseline,"model=medverse (released architecture) — released Medverse.ckpt start (checkpoint=orig_weights), medverse_bounded_head=true (sigmoid-appended head -> real logit -> shared bce_dice-with-logits recipe, matching 150/151's adamw/1e-4/bce_dice exactly), eval_autocast=true, medverse.compile=true. Same data/augmentation/schedule as 150/151 except data.query_prior disabled (see runs.json description).",250,adrenal_gland_right,False,s0420,s1233,False,0.0047,,0.0038,0.9986677169799805,35.2,13.0,6e-06,63.0,3e-05,4.24,,ct ct<-ct
9s7d69ca,152_cascade_medverse_baseline,"model=medverse (released architecture) — released Medverse.ckpt start (checkpoint=orig_weights), medverse_bounded_head=true (sigmoid-appended head -> real logit -> shared bce_dice-with-logits recipe, matching 150/151's adamw/1e-4/bce_dice exactly), eval_autocast=true, medverse.compile=true. Same data/augmentation/schedule as 150/151 except data.query_prior disabled (see runs.json description).",250,adrenal_gland_right,False,s0546,s1233,False,0.0072,,0.0061,0.9947932362556458,40.7,57.0,2.7e-05,63.0,3e-05,4.24,,ct ct<-ct
9s7d69ca,152_cascade_medverse_baseline,"model=medverse (released architecture) — released Medverse.ckpt start (checkpoint=orig_weights), medverse_bounded_head=true (sigmoid-appended head -> real logit -> shared bce_dice-with-logits recipe, matching 150/151's adamw/1e-4/bce_dice exactly), eval_autocast=true, medverse.compile=true. Same data/augmentation/schedule as 150/151 except data.query_prior disabled (see runs.json description).",250,adrenal_gland_right,False,s0420,s0675,False,0.0056,,0.0,1.0003701448440552,39.7,13.0,6e-06,38.0,1.8e-05,4.24,,ct ct<-ct
9s7d69ca,152_cascade_medverse_baseline,"model=medverse (released architecture) — released Medverse.ckpt start (checkpoint=orig_weights), medverse_bounded_head=true (sigmoid-appended head -> real logit -> shared bce_dice-with-logits recipe, matching 150/151's adamw/1e-4/bce_dice exactly), eval_autocast=true, medverse.compile=true. Same data/augmentation/schedule as 150/151 except data.query_prior disabled (see runs.json description).",250,adrenal_gland_right,False,s0249,s1133,False,0.0043,,0.0024,0.9980162978172302,35.3,36.0,1.7e-05,23.0,1.1e-05,4.24,,ct ct<-ct
9s7d69ca,152_cascade_medverse_baseline,"model=medverse (released architecture) — released Medverse.ckpt start (checkpoint=orig_weights), medverse_bounded_head=true (sigmoid-appended head -> real logit -> shared bce_dice-with-logits recipe, matching 150/151's adamw/1e-4/bce_dice exactly), eval_autocast=true, medverse.compile=true. Same data/augmentation/schedule as 150/151 except data.query_prior disabled (see runs.json description).",250,aorta,True,s0874,s0216,False,0.0151,,0.0143,0.9895389080047607,40.4,680.0,0.000324,85.0,4.1e-05,4.24,,ct ct<-ct
9s7d69ca,152_cascade_medverse_baseline,"model=medverse (released architecture) — released Medverse.ckpt start (checkpoint=orig_weights), medverse_bounded_head=true (sigmoid-appended head -> real logit -> shared bce_dice-with-logits recipe, matching 150/151's adamw/1e-4/bce_dice exactly), eval_autocast=true, medverse.compile=true. Same data/augmentation/schedule as 150/151 except data.query_prior disabled (see runs.json description).",250,aorta,True,s0760,s0095,False,0.1531,,0.1484,0.8587119579315186,40.1,762.0,0.000363,5926.0,0.002826,4.24,,ct ct<-ct
9s7d69ca,152_cascade_medverse_baseline,"model=medverse (released architecture) — released Medverse.ckpt start (checkpoint=orig_weights), medverse_bounded_head=true (sigmoid-appended head -> real logit -> shared bce_dice-with-logits recipe, matching 150/151's adamw/1e-4/bce_dice exactly), eval_autocast=true, medverse.compile=true. Same data/augmentation/schedule as 150/151 except data.query_prior disabled (see runs.json description).",250,aorta,True,s1133,s0216,False,0.0135,,0.0161,1.0302461385726929,40.0,10251.0,0.004888,85.0,4.1e-05,4.24,,ct ct<-ct
9s7d69ca,152_cascade_medverse_baseline,"model=medverse (released architecture) — released Medverse.ckpt start (checkpoint=orig_weights), medverse_bounded_head=true (sigmoid-appended head -> real logit -> shared bce_dice-with-logits recipe, matching 150/151's adamw/1e-4/bce_dice exactly), eval_autocast=true, medverse.compile=true. Same data/augmentation/schedule as 150/151 except data.query_prior disabled (see runs.json description).",250,aorta,True,s0607,s0324,False,0.4911,,0.489,0.522376298904419,42.0,4043.0,0.001928,743.0,0.000354,4.24,,ct ct<-ct
9s7d69ca,152_cascade_medverse_baseline,"model=medverse (released architecture) — released Medverse.ckpt start (checkpoint=orig_weights), medverse_bounded_head=true (sigmoid-appended head -> real logit -> shared bce_dice-with-logits recipe, matching 150/151's adamw/1e-4/bce_dice exactly), eval_autocast=true, medverse.compile=true. Same data/augmentation/schedule as 150/151 except data.query_prior disabled (see runs.json description).",250,aorta,True,s0420,s1238,False,0.0018,,0.0027,1.0262805223464966,52.7,5779.0,0.002756,3818.0,0.001821,4.24,,ct ct<-ct
9s7d69ca,152_cascade_medverse_baseline,"model=medverse (released architecture) — released Medverse.ckpt start (checkpoint=orig_weights), medverse_bounded_head=true (sigmoid-appended head -> real logit -> shared bce_dice-with-logits recipe, matching 150/151's adamw/1e-4/bce_dice exactly), eval_autocast=true, medverse.compile=true. Same data/augmentation/schedule as 150/151 except data.query_prior disabled (see runs.json description).",250,aorta,True,s0420,s0095,False,0.3527,,0.3524,0.6651313304901123,36.5,5779.0,0.002756,5926.0,0.002826,4.24,,ct ct<-ct
9s7d69ca,152_cascade_medverse_baseline,"model=medverse (released architecture) — released Medverse.ckpt start (checkpoint=orig_weights), medverse_bounded_head=true (sigmoid-appended head -> real logit -> shared bce_dice-with-logits recipe, matching 150/151's adamw/1e-4/bce_dice exactly), eval_autocast=true, medverse.compile=true. Same data/augmentation/schedule as 150/151 except data.query_prior disabled (see runs.json description).",250,aorta,True,s1106,s1199,False,0.0003,,0.0026,1.0041757822036743,35.3,1397.0,0.000666,3928.0,0.001873,4.24,,ct ct<-ct
9s7d69ca,152_cascade_medverse_baseline,"model=medverse (released architecture) — released Medverse.ckpt start (checkpoint=orig_weights), medverse_bounded_head=true (sigmoid-appended head -> real logit -> shared bce_dice-with-logits recipe, matching 150/151's adamw/1e-4/bce_dice exactly), eval_autocast=true, medverse.compile=true. Same data/augmentation/schedule as 150/151 except data.query_prior disabled (see runs.json description).",250,atrial_appendage_left,False,s0625,s1287,False,0.0143,,0.0001,1.0002248287200928,48.2,69.0,3.3e-05,112.0,5.3e-05,4.24,,ct ct<-ct
9s7d69ca,152_cascade_medverse_baseline,"model=medverse (released architecture) — released Medverse.ckpt start (checkpoint=orig_weights), medverse_bounded_head=true (sigmoid-appended head -> real logit -> shared bce_dice-with-logits recipe, matching 150/151's adamw/1e-4/bce_dice exactly), eval_autocast=true, medverse.compile=true. Same data/augmentation/schedule as 150/151 except data.query_prior disabled (see runs.json description).",250,atrial_appendage_left,False,s0918,s0021,False,0.0007,,0.0001,1.0020115375518799,35.3,49.0,2.3e-05,71.0,3.4e-05,4.24,,ct ct<-ct
9s7d69ca,152_cascade_medverse_baseline,"model=medverse (released architecture) — released Medverse.ckpt start (checkpoint=orig_weights), medverse_bounded_head=true (sigmoid-appended head -> real logit -> shared bce_dice-with-logits recipe, matching 150/151's adamw/1e-4/bce_dice exactly), eval_autocast=true, medverse.compile=true. Same data/augmentation/schedule as 150/151 except data.query_prior disabled (see runs.json description).",250,atrial_appendage_left,False,s1337,s1002,False,0.0014,,0.0,1.0011751651763916,35.6,50.0,2.4e-05,103.0,4.9e-05,4.24,,ct ct<-ct
9s7d69ca,152_cascade_medverse_baseline,"model=medverse (released architecture) — released Medverse.ckpt start (checkpoint=orig_weights), medverse_bounded_head=true (sigmoid-appended head -> real logit -> shared bce_dice-with-logits recipe, matching 150/151's adamw/1e-4/bce_dice exactly), eval_autocast=true, medverse.compile=true. Same data/augmentation/schedule as 150/151 except data.query_prior disabled (see runs.json description).",250,atrial_appendage_left,False,s1337,s0625,False,0.002,,0.0,1.0010133981704712,41.0,50.0,2.4e-05,69.0,3.3e-05,4.24,,ct ct<-ct
9s7d69ca,152_cascade_medverse_baseline,"model=medverse (released architecture) — released Medverse.ckpt start (checkpoint=orig_weights), medverse_bounded_head=true (sigmoid-appended head -> real logit -> shared bce_dice-with-logits recipe, matching 150/151's adamw/1e-4/bce_dice exactly), eval_autocast=true, medverse.compile=true. Same data/augmentation/schedule as 150/151 except data.query_prior disabled (see runs.json description).",250,atrial_appendage_left,False,s0655,s0546,False,0.1234,,0.1193,0.8811201453208923,37.2,73.0,3.5e-05,81.0,3.9e-05,4.24,,ct ct<-ct
9s7d69ca,152_cascade_medverse_baseline,"model=medverse (released architecture) — released Medverse.ckpt start (checkpoint=orig_weights), medverse_bounded_head=true (sigmoid-appended head -> real logit -> shared bce_dice-with-logits recipe, matching 150/151's adamw/1e-4/bce_dice exactly), eval_autocast=true, medverse.compile=true. Same data/augmentation/schedule as 150/151 except data.query_prior disabled (see runs.json description).",250,atrial_appendage_left,False,s0747,s0021,False,0.0004,,0.0001,1.0038920640945435,36.5,153.0,7.3e-05,71.0,3.4e-05,4.24,,ct ct<-ct
9s7d69ca,152_cascade_medverse_baseline,"model=medverse (released architecture) — released Medverse.ckpt start (checkpoint=orig_weights), medverse_bounded_head=true (sigmoid-appended head -> real logit -> shared bce_dice-with-logits recipe, matching 150/151's adamw/1e-4/bce_dice exactly), eval_autocast=true, medverse.compile=true. Same data/augmentation/schedule as 150/151 except data.query_prior disabled (see runs.json description).",250,atrial_appendage_left,False,s0650,s0824,False,0.0014,,0.0,1.0012130737304688,42.0,89.0,4.2e-05,77.0,3.7e-05,4.24,,ct ct<-ct
9s7d69ca,152_cascade_medverse_baseline,"model=medverse (released architecture) — released Medverse.ckpt start (checkpoint=orig_weights), medverse_bounded_head=true (sigmoid-appended head -> real logit -> shared bce_dice-with-logits recipe, matching 150/151's adamw/1e-4/bce_dice exactly), eval_autocast=true, medverse.compile=true. Same data/augmentation/schedule as 150/151 except data.query_prior disabled (see runs.json description).",250,atrial_appendage_left,False,s0808,s0458,False,0.0011,,0.0004,1.0011698007583618,35.5,66.0,3.1e-05,13.0,6e-06,4.24,,ct ct<-ct
9s7d69ca,152_cascade_medverse_baseline,"model=medverse (released architecture) — released Medverse.ckpt start (checkpoint=orig_weights), medverse_bounded_head=true (sigmoid-appended head -> real logit -> shared bce_dice-with-logits recipe, matching 150/151's adamw/1e-4/bce_dice exactly), eval_autocast=true, medverse.compile=true. Same data/augmentation/schedule as 150/151 except data.query_prior disabled (see runs.json description).",250,atrial_appendage_left,False,s0747,s1106,False,0.0011,,0.0,1.0018765926361084,35.3,153.0,7.3e-05,53.0,2.5e-05,4.24,,ct ct<-ct
9s7d69ca,152_cascade_medverse_baseline,"model=medverse (released architecture) — released Medverse.ckpt start (checkpoint=orig_weights), medverse_bounded_head=true (sigmoid-appended head -> real logit -> shared bce_dice-with-logits recipe, matching 150/151's adamw/1e-4/bce_dice exactly), eval_autocast=true, medverse.compile=true. Same data/augmentation/schedule as 150/151 except data.query_prior disabled (see runs.json description).",250,autochthon_left,True,s0625,s0466,False,0.6046,,0.5991,0.4167836904525757,40.4,7189.0,0.003428,504.0,0.00024,4.24,,ct ct<-ct
9s7d69ca,152_cascade_medverse_baseline,"model=medverse (released architecture) — released Medverse.ckpt start (checkpoint=orig_weights), medverse_bounded_head=true (sigmoid-appended head -> real logit -> shared bce_dice-with-logits recipe, matching 150/151's adamw/1e-4/bce_dice exactly), eval_autocast=true, medverse.compile=true. Same data/augmentation/schedule as 150/151 except data.query_prior disabled (see runs.json description).",250,autochthon_left,True,s1024,s0506,False,0.6471,,0.6368,0.3751146197319031,35.3,7013.0,0.003344,1501.0,0.000716,4.24,,ct ct<-ct
9s7d69ca,152_cascade_medverse_baseline,"model=medverse (released architecture) — released Medverse.ckpt start (checkpoint=orig_weights), medverse_bounded_head=true (sigmoid-appended head -> real logit -> shared bce_dice-with-logits recipe, matching 150/151's adamw/1e-4/bce_dice exactly), eval_autocast=true, medverse.compile=true. Same data/augmentation/schedule as 150/151 except data.query_prior disabled (see runs.json description).",250,autochthon_left,True,s1024,s0675,False,0.6907,,0.6879,0.3219067454338074,39.4,7013.0,0.003344,3349.0,0.001597,4.24,,ct ct<-ct
9s7d69ca,152_cascade_medverse_baseline,"model=medverse (released architecture) — released Medverse.ckpt start (checkpoint=orig_weights), medverse_bounded_head=true (sigmoid-appended head -> real logit -> shared bce_dice-with-logits recipe, matching 150/151's adamw/1e-4/bce_dice exactly), eval_autocast=true, medverse.compile=true. Same data/augmentation/schedule as 150/151 except data.query_prior disabled (see runs.json description).",250,autochthon_left,True,s1305,s1059,False,0.6582,,0.6566,0.34999722242355347,41.0,4078.0,0.001945,1355.0,0.000646,4.24,,ct ct<-ct
9s7d69ca,152_cascade_medverse_baseline,"model=medverse (released architecture) — released Medverse.ckpt start (checkpoint=orig_weights), medverse_bounded_head=true (sigmoid-appended head -> real logit -> shared bce_dice-with-logits recipe, matching 150/151's adamw/1e-4/bce_dice exactly), eval_autocast=true, medverse.compile=true. Same data/augmentation/schedule as 150/151 except data.query_prior disabled (see runs.json description).",250,autochthon_left,True,s1233,s1046,False,0.7475,,0.744,0.26297685503959656,35.5,5054.0,0.00241,6864.0,0.003273,4.24,,ct ct<-ct
9s7d69ca,152_cascade_medverse_baseline,"model=medverse (released architecture) — released Medverse.ckpt start (checkpoint=orig_weights), medverse_bounded_head=true (sigmoid-appended head -> real logit -> shared bce_dice-with-logits recipe, matching 150/151's adamw/1e-4/bce_dice exactly), eval_autocast=true, medverse.compile=true. Same data/augmentation/schedule as 150/151 except data.query_prior disabled (see runs.json description).",250,autochthon_left,True,s1238,s0618,False,0.7667,,0.7577,0.2480245679616928,35.5,5794.0,0.002763,2335.0,0.001113,4.24,,ct ct<-ct
9s7d69ca,152_cascade_medverse_baseline,"model=medverse (released architecture) — released Medverse.ckpt start (checkpoint=orig_weights), medverse_bounded_head=true (sigmoid-appended head -> real logit -> shared bce_dice-with-logits recipe, matching 150/151's adamw/1e-4/bce_dice exactly), eval_autocast=true, medverse.compile=true. Same data/augmentation/schedule as 150/151 except data.query_prior disabled (see runs.json description).",250,autochthon_left,True,s0760,s1197,False,0.7021,,0.6992,0.3087195158004761,35.9,4850.0,0.002313,1349.0,0.000643,4.24,,ct ct<-ct
9s7d69ca,152_cascade_medverse_baseline,"model=medverse (released architecture) — released Medverse.ckpt start (checkpoint=orig_weights), medverse_bounded_head=true (sigmoid-appended head -> real logit -> shared bce_dice-with-logits recipe, matching 150/151's adamw/1e-4/bce_dice exactly), eval_autocast=true, medverse.compile=true. Same data/augmentation/schedule as 150/151 except data.query_prior disabled (see runs.json description).",250,autochthon_left,True,s0546,s0824,False,0.7404,,0.7362,0.2722643315792084,35.7,7410.0,0.003533,2220.0,0.001059,4.24,,ct ct<-ct
9s7d69ca,152_cascade_medverse_baseline,"model=medverse (released architecture) — released Medverse.ckpt start (checkpoint=orig_weights), medverse_bounded_head=true (sigmoid-appended head -> real logit -> shared bce_dice-with-logits recipe, matching 150/151's adamw/1e-4/bce_dice exactly), eval_autocast=true, medverse.compile=true. Same data/augmentation/schedule as 150/151 except data.query_prior disabled (see runs.json description).",250,autochthon_left,True,s1197,s0324,False,0.6427,,0.6415,0.3613984286785126,52.7,1349.0,0.000643,3629.0,0.00173,4.24,,ct ct<-ct
9s7d69ca,152_cascade_medverse_baseline,"model=medverse (released architecture) — released Medverse.ckpt start (checkpoint=orig_weights), medverse_bounded_head=true (sigmoid-appended head -> real logit -> shared bce_dice-with-logits recipe, matching 150/151's adamw/1e-4/bce_dice exactly), eval_autocast=true, medverse.compile=true. Same data/augmentation/schedule as 150/151 except data.query_prior disabled (see runs.json description).",250,autochthon_right,False,s0021,s1046,False,0.5348,,0.5333,0.47359827160835266,36.4,1976.0,0.000942,6980.0,0.003328,4.24,,ct ct<-ct
9s7d69ca,152_cascade_medverse_baseline,"model=medverse (released architecture) — released Medverse.ckpt start (checkpoint=orig_weights), medverse_bounded_head=true (sigmoid-appended head -> real logit -> shared bce_dice-with-logits recipe, matching 150/151's adamw/1e-4/bce_dice exactly), eval_autocast=true, medverse.compile=true. Same data/augmentation/schedule as 150/151 except data.query_prior disabled (see runs.json description).",250,autochthon_right,False,s0832,s1337,False,0.7982,,0.7964,0.20568691194057465,37.2,1665.0,0.000794,5937.0,0.002831,4.24,,ct ct<-ct
9s7d69ca,152_cascade_medverse_baseline,"model=medverse (released architecture) — released Medverse.ckpt start (checkpoint=orig_weights), medverse_bounded_head=true (sigmoid-appended head -> real logit -> shared bce_dice-with-logits recipe, matching 150/151's adamw/1e-4/bce_dice exactly), eval_autocast=true, medverse.compile=true. Same data/augmentation/schedule as 150/151 except data.query_prior disabled (see runs.json description).",250,autochthon_right,False,s0032,s1161,False,0.079,,0.0696,0.9403740763664246,35.5,2455.0,0.001171,8799.0,0.004196,4.24,,ct ct<-ct
9s7d69ca,152_cascade_medverse_baseline,"model=medverse (released architecture) — released Medverse.ckpt start (checkpoint=orig_weights), medverse_bounded_head=true (sigmoid-appended head -> real logit -> shared bce_dice-with-logits recipe, matching 150/151's adamw/1e-4/bce_dice exactly), eval_autocast=true, medverse.compile=true. Same data/augmentation/schedule as 150/151 except data.query_prior disabled (see runs.json description).",250,autochthon_right,False,s0572,s1286,False,0.4648,,0.4648,0.5385705232620239,35.9,683.0,0.000326,1312.0,0.000626,4.24,,ct ct<-ct
9s7d69ca,152_cascade_medverse_baseline,"model=medverse (released architecture) — released Medverse.ckpt start (checkpoint=orig_weights), medverse_bounded_head=true (sigmoid-appended head -> real logit -> shared bce_dice-with-logits recipe, matching 150/151's adamw/1e-4/bce_dice exactly), eval_autocast=true, medverse.compile=true. Same data/augmentation/schedule as 150/151 except data.query_prior disabled (see runs.json description).",250,autochthon_right,False,s0045,s0794,False,0.6131,,0.6126,0.3997113108634949,35.9,5079.0,0.002422,5701.0,0.002718,4.24,,ct ct<-ct
9s7d69ca,152_cascade_medverse_baseline,"model=medverse (released architecture) — released Medverse.ckpt start (checkpoint=orig_weights), medverse_bounded_head=true (sigmoid-appended head -> real logit -> shared bce_dice-with-logits recipe, matching 150/151's adamw/1e-4/bce_dice exactly), eval_autocast=true, medverse.compile=true. Same data/augmentation/schedule as 150/151 except data.query_prior disabled (see runs.json description).",250,autochthon_right,False,s0808,s0546,False,0.7087,,0.7043,0.3000760078430176,43.6,2599.0,0.001239,7609.0,0.003628,4.24,,ct ct<-ct
9s7d69ca,152_cascade_medverse_baseline,"model=medverse (released architecture) — released Medverse.ckpt start (checkpoint=orig_weights), medverse_bounded_head=true (sigmoid-appended head -> real logit -> shared bce_dice-with-logits recipe, matching 150/151's adamw/1e-4/bce_dice exactly), eval_autocast=true, medverse.compile=true. Same data/augmentation/schedule as 150/151 except data.query_prior disabled (see runs.json description).",250,autochthon_right,False,s0747,s0032,False,0.7448,,0.7407,0.2642977237701416,35.3,3609.0,0.001721,2455.0,0.001171,4.24,,ct ct<-ct
9s7d69ca,152_cascade_medverse_baseline,"model=medverse (released architecture) — released Medverse.ckpt start (checkpoint=orig_weights), medverse_bounded_head=true (sigmoid-appended head -> real logit -> shared bce_dice-with-logits recipe, matching 150/151's adamw/1e-4/bce_dice exactly), eval_autocast=true, medverse.compile=true. Same data/augmentation/schedule as 150/151 except data.query_prior disabled (see runs.json description).",250,autochthon_right,False,s1238,s0675,False,0.801,,0.7958,0.20960384607315063,34.9,6175.0,0.002944,3059.0,0.001459,4.24,,ct ct<-ct
9s7d69ca,152_cascade_medverse_baseline,"model=medverse (released architecture) — released Medverse.ckpt start (checkpoint=orig_weights), medverse_bounded_head=true (sigmoid-appended head -> real logit -> shared bce_dice-with-logits recipe, matching 150/151's adamw/1e-4/bce_dice exactly), eval_autocast=true, medverse.compile=true. Same data/augmentation/schedule as 150/151 except data.query_prior disabled (see runs.json description).",250,autochthon_right,False,s1017,s0032,False,0.4891,,0.478,0.5298677086830139,35.3,2759.0,0.001316,2455.0,0.001171,4.24,,ct ct<-ct
9s7d69ca,152_cascade_medverse_baseline,"model=medverse (released architecture) — released Medverse.ckpt start (checkpoint=orig_weights), medverse_bounded_head=true (sigmoid-appended head -> real logit -> shared bce_dice-with-logits recipe, matching 150/151's adamw/1e-4/bce_dice exactly), eval_autocast=true, medverse.compile=true. Same data/augmentation/schedule as 150/151 except data.query_prior disabled (see runs.json description).",250,brachiocephalic_trunk,True,s0747,s1017,False,0.0012,,0.0007,1.0006775856018066,35.7,86.0,4.1e-05,83.0,4e-05,4.24,,ct ct<-ct
9s7d69ca,152_cascade_medverse_baseline,"model=medverse (released architecture) — released Medverse.ckpt start (checkpoint=orig_weights), medverse_bounded_head=true (sigmoid-appended head -> real logit -> shared bce_dice-with-logits recipe, matching 150/151's adamw/1e-4/bce_dice exactly), eval_autocast=true, medverse.compile=true. Same data/augmentation/schedule as 150/151 except data.query_prior disabled (see runs.json description).",250,brachiocephalic_trunk,True,s1337,s1059,False,0.0636,,0.0602,0.9425845742225647,52.7,58.0,2.8e-05,71.0,3.4e-05,4.24,,ct ct<-ct
9s7d69ca,152_cascade_medverse_baseline,"model=medverse (released architecture) — released Medverse.ckpt start (checkpoint=orig_weights), medverse_bounded_head=true (sigmoid-appended head -> real logit -> shared bce_dice-with-logits recipe, matching 150/151's adamw/1e-4/bce_dice exactly), eval_autocast=true, medverse.compile=true. Same data/augmentation/schedule as 150/151 except data.query_prior disabled (see runs.json description).",250,brachiocephalic_trunk,True,s1305,s0618,False,0.2448,,0.2288,0.7714097499847412,35.5,43.0,2.1e-05,47.0,2.2e-05,4.24,,ct ct<-ct
9s7d69ca,152_cascade_medverse_baseline,"model=medverse (released architecture) — released Medverse.ckpt start (checkpoint=orig_weights), medverse_bounded_head=true (sigmoid-appended head -> real logit -> shared bce_dice-with-logits recipe, matching 150/151's adamw/1e-4/bce_dice exactly), eval_autocast=true, medverse.compile=true. Same data/augmentation/schedule as 150/151 except data.query_prior disabled (see runs.json description).",250,brachiocephalic_trunk,True,s0918,s0346,False,0.0085,,0.0076,0.9945763349533081,35.5,65.0,3.1e-05,50.0,2.4e-05,4.24,,ct ct<-ct
9s7d69ca,152_cascade_medverse_baseline,"model=medverse (released architecture) — released Medverse.ckpt start (checkpoint=orig_weights), medverse_bounded_head=true (sigmoid-appended head -> real logit -> shared bce_dice-with-logits recipe, matching 150/151's adamw/1e-4/bce_dice exactly), eval_autocast=true, medverse.compile=true. Same data/augmentation/schedule as 150/151 except data.query_prior disabled (see runs.json description).",250,brachiocephalic_trunk,True,s1197,s0918,False,0.0017,,0.0001,1.0010744333267212,35.2,97.0,4.6e-05,65.0,3.1e-05,4.24,,ct ct<-ct
9s7d69ca,152_cascade_medverse_baseline,"model=medverse (released architecture) — released Medverse.ckpt start (checkpoint=orig_weights), medverse_bounded_head=true (sigmoid-appended head -> real logit -> shared bce_dice-with-logits recipe, matching 150/151's adamw/1e-4/bce_dice exactly), eval_autocast=true, medverse.compile=true. Same data/augmentation/schedule as 150/151 except data.query_prior disabled (see runs.json description).",250,brachiocephalic_trunk,True,s0874,s1161,False,0.1647,,0.1594,0.8417266607284546,48.6,93.0,4.4e-05,86.0,4.1e-05,4.24,,ct ct<-ct
9s7d69ca,152_cascade_medverse_baseline,"model=medverse (released architecture) — released Medverse.ckpt start (checkpoint=orig_weights), medverse_bounded_head=true (sigmoid-appended head -> real logit -> shared bce_dice-with-logits recipe, matching 150/151's adamw/1e-4/bce_dice exactly), eval_autocast=true, medverse.compile=true. Same data/augmentation/schedule as 150/151 except data.query_prior disabled (see runs.json description).",250,brachiocephalic_vein_left,False,s1046,s1199,False,0.0085,,0.0132,0.9879100918769836,40.4,175.0,8.3e-05,106.0,5.1e-05,4.24,,ct ct<-ct
9s7d69ca,152_cascade_medverse_baseline,"model=medverse (released architecture) — released Medverse.ckpt start (checkpoint=orig_weights), medverse_bounded_head=true (sigmoid-appended head -> real logit -> shared bce_dice-with-logits recipe, matching 150/151's adamw/1e-4/bce_dice exactly), eval_autocast=true, medverse.compile=true. Same data/augmentation/schedule as 150/151 except data.query_prior disabled (see runs.json description).",250,brachiocephalic_vein_left,False,s0794,s1223,False,0.2488,,0.2426,0.7585111260414124,43.8,255.0,0.000122,120.0,5.7e-05,4.24,,ct ct<-ct
9s7d69ca,152_cascade_medverse_baseline,"model=medverse (released architecture) — released Medverse.ckpt start (checkpoint=orig_weights), medverse_bounded_head=true (sigmoid-appended head -> real logit -> shared bce_dice-with-logits recipe, matching 150/151's adamw/1e-4/bce_dice exactly), eval_autocast=true, medverse.compile=true. Same data/augmentation/schedule as 150/151 except data.query_prior disabled (see runs.json description).",250,brachiocephalic_vein_left,False,s0794,s0466,False,0.0013,,0.0056,0.995887279510498,40.8,255.0,0.000122,61.0,2.9e-05,4.24,,ct ct<-ct
9s7d69ca,152_cascade_medverse_baseline,"model=medverse (released architecture) — released Medverse.ckpt start (checkpoint=orig_weights), medverse_bounded_head=true (sigmoid-appended head -> real logit -> shared bce_dice-with-logits recipe, matching 150/151's adamw/1e-4/bce_dice exactly), eval_autocast=true, medverse.compile=true. Same data/augmentation/schedule as 150/151 except data.query_prior disabled (see runs.json description).",250,brachiocephalic_vein_left,False,s0650,s1046,False,0.325,,0.3302,0.6706122756004333,35.5,212.0,0.000101,175.0,8.3e-05,4.24,,ct ct<-ct
9s7d69ca,152_cascade_medverse_baseline,"model=medverse (released architecture) — released Medverse.ckpt start (checkpoint=orig_weights), medverse_bounded_head=true (sigmoid-appended head -> real logit -> shared bce_dice-with-logits recipe, matching 150/151's adamw/1e-4/bce_dice exactly), eval_autocast=true, medverse.compile=true. Same data/augmentation/schedule as 150/151 except data.query_prior disabled (see runs.json description).",250,brachiocephalic_vein_right,False,s0650,s1199,False,0.0014,,0.0001,1.0013184547424316,41.7,74.0,3.5e-05,65.0,3.1e-05,4.24,,ct ct<-ct
9s7d69ca,152_cascade_medverse_baseline,"model=medverse (released architecture) — released Medverse.ckpt start (checkpoint=orig_weights), medverse_bounded_head=true (sigmoid-appended head -> real logit -> shared bce_dice-with-logits recipe, matching 150/151's adamw/1e-4/bce_dice exactly), eval_autocast=true, medverse.compile=true. Same data/augmentation/schedule as 150/151 except data.query_prior disabled (see runs.json description).",250,brachiocephalic_vein_right,False,s0572,s1046,False,0.0149,,0.0,1.0000739097595215,41.0,2.0,1e-06,90.0,4.3e-05,4.24,,ct ct<-ct
9s7d69ca,152_cascade_medverse_baseline,"model=medverse (released architecture) — released Medverse.ckpt start (checkpoint=orig_weights), medverse_bounded_head=true (sigmoid-appended head -> real logit -> shared bce_dice-with-logits recipe, matching 150/151's adamw/1e-4/bce_dice exactly), eval_autocast=true, medverse.compile=true. Same data/augmentation/schedule as 150/151 except data.query_prior disabled (see runs.json description).",250,brachiocephalic_vein_right,False,s0867,s0794,False,0.0034,,0.0221,0.9783533215522766,39.7,111.0,5.3e-05,121.0,5.8e-05,4.24,,ct ct<-ct
9s7d69ca,152_cascade_medverse_baseline,"model=medverse (released architecture) — released Medverse.ckpt start (checkpoint=orig_weights), medverse_bounded_head=true (sigmoid-appended head -> real logit -> shared bce_dice-with-logits recipe, matching 150/151's adamw/1e-4/bce_dice exactly), eval_autocast=true, medverse.compile=true. Same data/augmentation/schedule as 150/151 except data.query_prior disabled (see runs.json description).",250,brachiocephalic_vein_right,False,s0918,s0808,False,0.0081,,0.0125,0.9886981844902039,35.5,82.0,3.9e-05,62.0,3e-05,4.24,,ct ct<-ct
9s7d69ca,152_cascade_medverse_baseline,"model=medverse (released architecture) — released Medverse.ckpt start (checkpoint=orig_weights), medverse_bounded_head=true (sigmoid-appended head -> real logit -> shared bce_dice-with-logits recipe, matching 150/151's adamw/1e-4/bce_dice exactly), eval_autocast=true, medverse.compile=true. Same data/augmentation/schedule as 150/151 except data.query_prior disabled (see runs.json description).",250,brachiocephalic_vein_right,False,s0625,s1223,False,0.0058,,0.0,1.0004782676696777,35.3,55.0,2.6e-05,43.0,2.1e-05,4.24,,ct ct<-ct
9s7d69ca,152_cascade_medverse_baseline,"model=medverse (released architecture) — released Medverse.ckpt start (checkpoint=orig_weights), medverse_bounded_head=true (sigmoid-appended head -> real logit -> shared bce_dice-with-logits recipe, matching 150/151's adamw/1e-4/bce_dice exactly), eval_autocast=true, medverse.compile=true. Same data/augmentation/schedule as 150/151 except data.query_prior disabled (see runs.json description).",250,brain,True,s1059,s0572,False,0.9035,,0.9013,0.0993013009428978,38.5,1500.0,0.000715,1466.0,0.000699,4.24,,ct ct<-ct
9s7d69ca,152_cascade_medverse_baseline,"model=medverse (released architecture) — released Medverse.ckpt start (checkpoint=orig_weights), medverse_bounded_head=true (sigmoid-appended head -> real logit -> shared bce_dice-with-logits recipe, matching 150/151's adamw/1e-4/bce_dice exactly), eval_autocast=true, medverse.compile=true. Same data/augmentation/schedule as 150/151 except data.query_prior disabled (see runs.json description).",250,brain,True,s0352,s0867,False,0.9112,,0.9051,0.09905312210321426,41.7,12280.0,0.005856,1519.0,0.000724,4.24,,ct ct<-ct
9s7d69ca,152_cascade_medverse_baseline,"model=medverse (released architecture) — released Medverse.ckpt start (checkpoint=orig_weights), medverse_bounded_head=true (sigmoid-appended head -> real logit -> shared bce_dice-with-logits recipe, matching 150/151's adamw/1e-4/bce_dice exactly), eval_autocast=true, medverse.compile=true. Same data/augmentation/schedule as 150/151 except data.query_prior disabled (see runs.json description).",250,brain,True,s1017,s0874,False,0.7106,,0.6932,0.31076255440711975,41.5,4352.0,0.002075,19054.0,0.009086,4.24,,ct ct<-ct
9s7d69ca,152_cascade_medverse_baseline,"model=medverse (released architecture) — released Medverse.ckpt start (checkpoint=orig_weights), medverse_bounded_head=true (sigmoid-appended head -> real logit -> shared bce_dice-with-logits recipe, matching 150/151's adamw/1e-4/bce_dice exactly), eval_autocast=true, medverse.compile=true. Same data/augmentation/schedule as 150/151 except data.query_prior disabled (see runs.json description).",250,brain,True,s0021,s0572,False,0.898,,0.8911,0.10999234765768051,37.2,3225.0,0.001538,1466.0,0.000699,4.24,,ct ct<-ct
9s7d69ca,152_cascade_medverse_baseline,"model=medverse (released architecture) — released Medverse.ckpt start (checkpoint=orig_weights), medverse_bounded_head=true (sigmoid-appended head -> real logit -> shared bce_dice-with-logits recipe, matching 150/151's adamw/1e-4/bce_dice exactly), eval_autocast=true, medverse.compile=true. Same data/augmentation/schedule as 150/151 except data.query_prior disabled (see runs.json description).",250,brain,True,s0874,s0346,False,0.9678,,0.9657,0.03627346456050873,35.5,19054.0,0.009086,19019.0,0.009069,4.24,,ct ct<-ct
9s7d69ca,152_cascade_medverse_baseline,"model=medverse (released architecture) — released Medverse.ckpt start (checkpoint=orig_weights), medverse_bounded_head=true (sigmoid-appended head -> real logit -> shared bce_dice-with-logits recipe, matching 150/151's adamw/1e-4/bce_dice exactly), eval_autocast=true, medverse.compile=true. Same data/augmentation/schedule as 150/151 except data.query_prior disabled (see runs.json description).",250,brain,True,s1059,s1161,False,0.8772,,0.8747,0.12608826160430908,52.7,1500.0,0.000715,16651.0,0.00794,4.24,,ct ct<-ct
9s7d69ca,152_cascade_medverse_baseline,"model=medverse (released architecture) — released Medverse.ckpt start (checkpoint=orig_weights), medverse_bounded_head=true (sigmoid-appended head -> real logit -> shared bce_dice-with-logits recipe, matching 150/151's adamw/1e-4/bce_dice exactly), eval_autocast=true, medverse.compile=true. Same data/augmentation/schedule as 150/151 except data.query_prior disabled (see runs.json description).",250,brain,True,s0874,s1017,False,0.9464,,0.9435,0.05990632250905037,42.6,19054.0,0.009086,4352.0,0.002075,4.24,,ct ct<-ct
9s7d69ca,152_cascade_medverse_baseline,"model=medverse (released architecture) — released Medverse.ckpt start (checkpoint=orig_weights), medverse_bounded_head=true (sigmoid-appended head -> real logit -> shared bce_dice-with-logits recipe, matching 150/151's adamw/1e-4/bce_dice exactly), eval_autocast=true, medverse.compile=true. Same data/augmentation/schedule as 150/151 except data.query_prior disabled (see runs.json description).",250,brain,True,s1017,s0867,False,0.8618,,0.855,0.14731919765472412,41.1,4352.0,0.002075,1519.0,0.000724,4.24,,ct ct<-ct
9s7d69ca,152_cascade_medverse_baseline,"model=medverse (released architecture) — released Medverse.ckpt start (checkpoint=orig_weights), medverse_bounded_head=true (sigmoid-appended head -> real logit -> shared bce_dice-with-logits recipe, matching 150/151's adamw/1e-4/bce_dice exactly), eval_autocast=true, medverse.compile=true. Same data/augmentation/schedule as 150/151 except data.query_prior disabled (see runs.json description).",250,brain,True,s0874,s0572,False,0.9506,,0.9475,0.05595044791698456,35.1,19054.0,0.009086,1466.0,0.000699,4.24,,ct ct<-ct
9s7d69ca,152_cascade_medverse_baseline,"model=medverse (released architecture) — released Medverse.ckpt start (checkpoint=orig_weights), medverse_bounded_head=true (sigmoid-appended head -> real logit -> shared bce_dice-with-logits recipe, matching 150/151's adamw/1e-4/bce_dice exactly), eval_autocast=true, medverse.compile=true. Same data/augmentation/schedule as 150/151 except data.query_prior disabled (see runs.json description).",250,brain,True,s0792,s0346,False,0.9374,,0.9352,0.06846654415130615,35.3,16759.0,0.007991,19019.0,0.009069,4.24,,ct ct<-ct
9s7d69ca,152_cascade_medverse_baseline,"model=medverse (released architecture) — released Medverse.ckpt start (checkpoint=orig_weights), medverse_bounded_head=true (sigmoid-appended head -> real logit -> shared bce_dice-with-logits recipe, matching 150/151's adamw/1e-4/bce_dice exactly), eval_autocast=true, medverse.compile=true. Same data/augmentation/schedule as 150/151 except data.query_prior disabled (see runs.json description).",250,clavicula_left,False,s0346,s1287,False,0.0004,,0.0,1.005016803741455,35.7,345.0,0.000165,275.0,0.000131,4.24,,ct ct<-ct
9s7d69ca,152_cascade_medverse_baseline,"model=medverse (released architecture) — released Medverse.ckpt start (checkpoint=orig_weights), medverse_bounded_head=true (sigmoid-appended head -> real logit -> shared bce_dice-with-logits recipe, matching 150/151's adamw/1e-4/bce_dice exactly), eval_autocast=true, medverse.compile=true. Same data/augmentation/schedule as 150/151 except data.query_prior disabled (see runs.json description).",250,clavicula_left,False,s1305,s1223,False,0.1018,,0.1021,0.8986586332321167,44.8,204.0,9.7e-05,274.0,0.000131,4.24,,ct ct<-ct
9s7d69ca,152_cascade_medverse_baseline,"model=medverse (released architecture) — released Medverse.ckpt start (checkpoint=orig_weights), medverse_bounded_head=true (sigmoid-appended head -> real logit -> shared bce_dice-with-logits recipe, matching 150/151's adamw/1e-4/bce_dice exactly), eval_autocast=true, medverse.compile=true. Same data/augmentation/schedule as 150/151 except data.query_prior disabled (see runs.json description).",250,clavicula_left,False,s1133,s1199,False,0.4215,,0.4226,0.5783025622367859,40.5,258.0,0.000123,225.0,0.000107,4.24,,ct ct<-ct
9s7d69ca,152_cascade_medverse_baseline,"model=medverse (released architecture) — released Medverse.ckpt start (checkpoint=orig_weights), medverse_bounded_head=true (sigmoid-appended head -> real logit -> shared bce_dice-with-logits recipe, matching 150/151's adamw/1e-4/bce_dice exactly), eval_autocast=true, medverse.compile=true. Same data/augmentation/schedule as 150/151 except data.query_prior disabled (see runs.json description).",250,clavicula_left,False,s0346,s1017,False,0.0901,,0.0875,0.9140774607658386,40.4,345.0,0.000165,191.0,9.1e-05,4.24,,ct ct<-ct
9s7d69ca,152_cascade_medverse_baseline,"model=medverse (released architecture) — released Medverse.ckpt start (checkpoint=orig_weights), medverse_bounded_head=true (sigmoid-appended head -> real logit -> shared bce_dice-with-logits recipe, matching 150/151's adamw/1e-4/bce_dice exactly), eval_autocast=true, medverse.compile=true. Same data/augmentation/schedule as 150/151 except data.query_prior disabled (see runs.json description).",250,clavicula_left,False,s1017,s1161,False,0.2098,,0.1999,0.8020196557044983,35.2,191.0,9.1e-05,393.0,0.000187,4.24,,ct ct<-ct
9s7d69ca,152_cascade_medverse_baseline,"model=medverse (released architecture) — released Medverse.ckpt start (checkpoint=orig_weights), medverse_bounded_head=true (sigmoid-appended head -> real logit -> shared bce_dice-with-logits recipe, matching 150/151's adamw/1e-4/bce_dice exactly), eval_autocast=true, medverse.compile=true. Same data/augmentation/schedule as 150/151 except data.query_prior disabled (see runs.json description).",250,clavicula_left,False,s1238,s0546,False,0.8307,,0.8204,0.17983761429786682,40.1,341.0,0.000163,324.0,0.000154,4.24,,ct ct<-ct
9s7d69ca,152_cascade_medverse_baseline,"model=medverse (released architecture) — released Medverse.ckpt start (checkpoint=orig_weights), medverse_bounded_head=true (sigmoid-appended head -> real logit -> shared bce_dice-with-logits recipe, matching 150/151's adamw/1e-4/bce_dice exactly), eval_autocast=true, medverse.compile=true. Same data/augmentation/schedule as 150/151 except data.query_prior disabled (see runs.json description).",250,clavicula_left,False,s1161,s0546,False,0.1845,,0.1738,0.8287205696105957,37.0,393.0,0.000187,324.0,0.000154,4.24,,ct ct<-ct
9s7d69ca,152_cascade_medverse_baseline,"model=medverse (released architecture) — released Medverse.ckpt start (checkpoint=orig_weights), medverse_bounded_head=true (sigmoid-appended head -> real logit -> shared bce_dice-with-logits recipe, matching 150/151's adamw/1e-4/bce_dice exactly), eval_autocast=true, medverse.compile=true. Same data/augmentation/schedule as 150/151 except data.query_prior disabled (see runs.json description).",250,clavicula_left,False,s0095,s0032,False,0.0011,,0.0004,1.0016061067581177,52.7,287.0,0.000137,239.0,0.000114,4.24,,ct ct<-ct
9s7d69ca,152_cascade_medverse_baseline,"model=medverse (released architecture) — released Medverse.ckpt start (checkpoint=orig_weights), medverse_bounded_head=true (sigmoid-appended head -> real logit -> shared bce_dice-with-logits recipe, matching 150/151's adamw/1e-4/bce_dice exactly), eval_autocast=true, medverse.compile=true. Same data/augmentation/schedule as 150/151 except data.query_prior disabled (see runs.json description).",250,clavicula_right,True,s0123,s1133,False,0.5573,,0.5469,0.45365962386131287,36.7,205.0,9.8e-05,319.0,0.000152,4.24,,ct ct<-ct
9s7d69ca,152_cascade_medverse_baseline,"model=medverse (released architecture) — released Medverse.ckpt start (checkpoint=orig_weights), medverse_bounded_head=true (sigmoid-appended head -> real logit -> shared bce_dice-with-logits recipe, matching 150/151's adamw/1e-4/bce_dice exactly), eval_autocast=true, medverse.compile=true. Same data/augmentation/schedule as 150/151 except data.query_prior disabled (see runs.json description).",250,clavicula_right,True,s1024,s1223,False,0.3912,,0.3882,0.6121216416358948,37.2,115.0,5.5e-05,307.0,0.000146,4.24,,ct ct<-ct
9s7d69ca,152_cascade_medverse_baseline,"model=medverse (released architecture) — released Medverse.ckpt start (checkpoint=orig_weights), medverse_bounded_head=true (sigmoid-appended head -> real logit -> shared bce_dice-with-logits recipe, matching 150/151's adamw/1e-4/bce_dice exactly), eval_autocast=true, medverse.compile=true. Same data/augmentation/schedule as 150/151 except data.query_prior disabled (see runs.json description).",250,clavicula_right,True,s1046,s1197,False,0.667,,0.6618,0.3389628529548645,35.5,467.0,0.000223,309.0,0.000147,4.24,,ct ct<-ct
9s7d69ca,152_cascade_medverse_baseline,"model=medverse (released architecture) — released Medverse.ckpt start (checkpoint=orig_weights), medverse_bounded_head=true (sigmoid-appended head -> real logit -> shared bce_dice-with-logits recipe, matching 150/151's adamw/1e-4/bce_dice exactly), eval_autocast=true, medverse.compile=true. Same data/augmentation/schedule as 150/151 except data.query_prior disabled (see runs.json description).",250,clavicula_right,True,s0794,s0546,False,0.605,,0.6036,0.3975871205329895,36.5,424.0,0.000202,323.0,0.000154,4.24,,ct ct<-ct
9s7d69ca,152_cascade_medverse_baseline,"model=medverse (released architecture) — released Medverse.ckpt start (checkpoint=orig_weights), medverse_bounded_head=true (sigmoid-appended head -> real logit -> shared bce_dice-with-logits recipe, matching 150/151's adamw/1e-4/bce_dice exactly), eval_autocast=true, medverse.compile=true. Same data/augmentation/schedule as 150/151 except data.query_prior disabled (see runs.json description).",250,colon,True,s0216,s0000,False,0.2968,,0.2789,0.7338142395019531,35.9,4113.0,0.001961,2615.0,0.001247,4.24,,ct ct<-ct
9s7d69ca,152_cascade_medverse_baseline,"model=medverse (released architecture) — released Medverse.ckpt start (checkpoint=orig_weights), medverse_bounded_head=true (sigmoid-appended head -> real logit -> shared bce_dice-with-logits recipe, matching 150/151's adamw/1e-4/bce_dice exactly), eval_autocast=true, medverse.compile=true. Same data/augmentation/schedule as 150/151 except data.query_prior disabled (see runs.json description).",250,colon,True,s0420,s0794,False,0.3052,,0.2923,0.7106574773788452,39.1,482.0,0.00023,13305.0,0.006344,4.24,,ct ct<-ct
9s7d69ca,152_cascade_medverse_baseline,"model=medverse (released architecture) — released Medverse.ckpt start (checkpoint=orig_weights), medverse_bounded_head=true (sigmoid-appended head -> real logit -> shared bce_dice-with-logits recipe, matching 150/151's adamw/1e-4/bce_dice exactly), eval_autocast=true, medverse.compile=true. Same data/augmentation/schedule as 150/151 except data.query_prior disabled (see runs.json description).",250,colon,True,s1017,s0614,False,0.0001,,0.0,1.0119718313217163,37.8,205.0,9.8e-05,2854.0,0.001361,4.24,,ct ct<-ct
9s7d69ca,152_cascade_medverse_baseline,"model=medverse (released architecture) — released Medverse.ckpt start (checkpoint=orig_weights), medverse_bounded_head=true (sigmoid-appended head -> real logit -> shared bce_dice-with-logits recipe, matching 150/151's adamw/1e-4/bce_dice exactly), eval_autocast=true, medverse.compile=true. Same data/augmentation/schedule as 150/151 except data.query_prior disabled (see runs.json description).",250,common_carotid_artery_left,True,s0095,s0794,False,0.3456,,0.3347,0.6657030582427979,40.0,57.0,2.7e-05,46.0,2.2e-05,4.24,,ct ct<-ct
9s7d69ca,152_cascade_medverse_baseline,"model=medverse (released architecture) — released Medverse.ckpt start (checkpoint=orig_weights), medverse_bounded_head=true (sigmoid-appended head -> real logit -> shared bce_dice-with-logits recipe, matching 150/151's adamw/1e-4/bce_dice exactly), eval_autocast=true, medverse.compile=true. Same data/augmentation/schedule as 150/151 except data.query_prior disabled (see runs.json description).",250,common_carotid_artery_left,True,s1238,s0466,False,0.056,,0.05,0.9509398937225342,35.6,44.0,2.1e-05,30.0,1.4e-05,4.24,,ct ct<-ct
9s7d69ca,152_cascade_medverse_baseline,"model=medverse (released architecture) — released Medverse.ckpt start (checkpoint=orig_weights), medverse_bounded_head=true (sigmoid-appended head -> real logit -> shared bce_dice-with-logits recipe, matching 150/151's adamw/1e-4/bce_dice exactly), eval_autocast=true, medverse.compile=true. Same data/augmentation/schedule as 150/151 except data.query_prior disabled (see runs.json description).",250,common_carotid_artery_left,True,s1199,s0572,False,0.0481,,0.0458,0.955820620059967,35.5,38.0,1.8e-05,31.0,1.5e-05,4.24,,ct ct<-ct
9s7d69ca,152_cascade_medverse_baseline,"model=medverse (released architecture) — released Medverse.ckpt start (checkpoint=orig_weights), medverse_bounded_head=true (sigmoid-appended head -> real logit -> shared bce_dice-with-logits recipe, matching 150/151's adamw/1e-4/bce_dice exactly), eval_autocast=true, medverse.compile=true. Same data/augmentation/schedule as 150/151 except data.query_prior disabled (see runs.json description).",250,common_carotid_artery_left,True,s0650,s1002,False,0.0005,,0.0001,1.0034234523773193,35.5,75.0,3.6e-05,17.0,8e-06,4.24,,ct ct<-ct
9s7d69ca,152_cascade_medverse_baseline,"model=medverse (released architecture) — released Medverse.ckpt start (checkpoint=orig_weights), medverse_bounded_head=true (sigmoid-appended head -> real logit -> shared bce_dice-with-logits recipe, matching 150/151's adamw/1e-4/bce_dice exactly), eval_autocast=true, medverse.compile=true. Same data/augmentation/schedule as 150/151 except data.query_prior disabled (see runs.json description).",250,common_carotid_artery_left,True,s1197,s0095,False,0.0498,,0.0464,0.9552712440490723,42.0,58.0,2.8e-05,57.0,2.7e-05,4.24,,ct ct<-ct
9s7d69ca,152_cascade_medverse_baseline,"model=medverse (released architecture) — released Medverse.ckpt start (checkpoint=orig_weights), medverse_bounded_head=true (sigmoid-appended head -> real logit -> shared bce_dice-with-logits recipe, matching 150/151's adamw/1e-4/bce_dice exactly), eval_autocast=true, medverse.compile=true. Same data/augmentation/schedule as 150/151 except data.query_prior disabled (see runs.json description).",250,common_carotid_artery_left,True,s1278,s1059,False,0.0348,,0.0371,0.964631974697113,35.5,87.0,4.1e-05,81.0,3.9e-05,4.24,,ct ct<-ct
9s7d69ca,152_cascade_medverse_baseline,"model=medverse (released architecture) — released Medverse.ckpt start (checkpoint=orig_weights), medverse_bounded_head=true (sigmoid-appended head -> real logit -> shared bce_dice-with-logits recipe, matching 150/151's adamw/1e-4/bce_dice exactly), eval_autocast=true, medverse.compile=true. Same data/augmentation/schedule as 150/151 except data.query_prior disabled (see runs.json description).",250,common_carotid_artery_left,True,s0021,s0123,False,0.001,,0.0012,1.0008245706558228,35.2,54.0,2.6e-05,57.0,2.7e-05,4.24,,ct ct<-ct
9s7d69ca,152_cascade_medverse_baseline,"model=medverse (released architecture) — released Medverse.ckpt start (checkpoint=orig_weights), medverse_bounded_head=true (sigmoid-appended head -> real logit -> shared bce_dice-with-logits recipe, matching 150/151's adamw/1e-4/bce_dice exactly), eval_autocast=true, medverse.compile=true. Same data/augmentation/schedule as 150/151 except data.query_prior disabled (see runs.json description).",250,common_carotid_artery_left,True,s0618,s0698,False,0.1358,,0.1328,0.8677222728729248,35.2,48.0,2.3e-05,61.0,2.9e-05,4.24,,ct ct<-ct
9s7d69ca,152_cascade_medverse_baseline,"model=medverse (released architecture) — released Medverse.ckpt start (checkpoint=orig_weights), medverse_bounded_head=true (sigmoid-appended head -> real logit -> shared bce_dice-with-logits recipe, matching 150/151's adamw/1e-4/bce_dice exactly), eval_autocast=true, medverse.compile=true. Same data/augmentation/schedule as 150/151 except data.query_prior disabled (see runs.json description).",250,common_carotid_artery_left,True,s1133,s1199,False,0.2768,,0.2667,0.7334365248680115,35.2,44.0,2.1e-05,38.0,1.8e-05,4.24,,ct ct<-ct
9s7d69ca,152_cascade_medverse_baseline,"model=medverse (released architecture) — released Medverse.ckpt start (checkpoint=orig_weights), medverse_bounded_head=true (sigmoid-appended head -> real logit -> shared bce_dice-with-logits recipe, matching 150/151's adamw/1e-4/bce_dice exactly), eval_autocast=true, medverse.compile=true. Same data/augmentation/schedule as 150/151 except data.query_prior disabled (see runs.json description).",250,common_carotid_artery_right,False,s0095,s1017,False,0.0005,,0.0,1.0034236907958984,35.6,42.0,2e-05,33.0,1.6e-05,4.24,,ct ct<-ct
9s7d69ca,152_cascade_medverse_baseline,"model=medverse (released architecture) — released Medverse.ckpt start (checkpoint=orig_weights), medverse_bounded_head=true (sigmoid-appended head -> real logit -> shared bce_dice-with-logits recipe, matching 150/151's adamw/1e-4/bce_dice exactly), eval_autocast=true, medverse.compile=true. Same data/augmentation/schedule as 150/151 except data.query_prior disabled (see runs.json description).",250,common_carotid_artery_right,False,s1287,s1305,False,0.1303,,0.1206,0.8799029588699341,38.0,80.0,3.8e-05,23.0,1.1e-05,4.24,,ct ct<-ct
9s7d69ca,152_cascade_medverse_baseline,"model=medverse (released architecture) — released Medverse.ckpt start (checkpoint=orig_weights), medverse_bounded_head=true (sigmoid-appended head -> real logit -> shared bce_dice-with-logits recipe, matching 150/151's adamw/1e-4/bce_dice exactly), eval_autocast=true, medverse.compile=true. Same data/augmentation/schedule as 150/151 except data.query_prior disabled (see runs.json description).",250,common_carotid_artery_right,False,s0032,s1337,False,0.2313,,0.2293,0.7708979845046997,39.4,22.0,1e-05,24.0,1.1e-05,4.24,,ct ct<-ct
9s7d69ca,152_cascade_medverse_baseline,"model=medverse (released architecture) — released Medverse.ckpt start (checkpoint=orig_weights), medverse_bounded_head=true (sigmoid-appended head -> real logit -> shared bce_dice-with-logits recipe, matching 150/151's adamw/1e-4/bce_dice exactly), eval_autocast=true, medverse.compile=true. Same data/augmentation/schedule as 150/151 except data.query_prior disabled (see runs.json description).",250,common_carotid_artery_right,False,s1024,s0466,False,0.004,,0.0028,0.9988821148872375,40.4,15.0,7e-06,12.0,6e-06,4.24,,ct ct<-ct
9s7d69ca,152_cascade_medverse_baseline,"model=medverse (released architecture) — released Medverse.ckpt start (checkpoint=orig_weights), medverse_bounded_head=true (sigmoid-appended head -> real logit -> shared bce_dice-with-logits recipe, matching 150/151's adamw/1e-4/bce_dice exactly), eval_autocast=true, medverse.compile=true. Same data/augmentation/schedule as 150/151 except data.query_prior disabled (see runs.json description).",250,common_carotid_artery_right,False,s0794,s0021,False,0.0004,,0.0,1.0046368837356567,40.8,34.0,1.6e-05,43.0,2.1e-05,4.24,,ct ct<-ct
9s7d69ca,152_cascade_medverse_baseline,"model=medverse (released architecture) — released Medverse.ckpt start (checkpoint=orig_weights), medverse_bounded_head=true (sigmoid-appended head -> real logit -> shared bce_dice-with-logits recipe, matching 150/151's adamw/1e-4/bce_dice exactly), eval_autocast=true, medverse.compile=true. Same data/augmentation/schedule as 150/151 except data.query_prior disabled (see runs.json description).",250,common_carotid_artery_right,False,s0650,s1278,False,0.023,,0.0204,0.980278730392456,40.8,42.0,2e-05,41.0,2e-05,4.24,,ct ct<-ct
9s7d69ca,152_cascade_medverse_baseline,"model=medverse (released architecture) — released Medverse.ckpt start (checkpoint=orig_weights), medverse_bounded_head=true (sigmoid-appended head -> real logit -> shared bce_dice-with-logits recipe, matching 150/151's adamw/1e-4/bce_dice exactly), eval_autocast=true, medverse.compile=true. Same data/augmentation/schedule as 150/151 except data.query_prior disabled (see runs.json description).",250,common_carotid_artery_right,False,s0675,s0420,False,0.0128,,0.0,1.0002659559249878,35.1,32.0,1.5e-05,46.0,2.2e-05,4.24,,ct ct<-ct
9s7d69ca,152_cascade_medverse_baseline,"model=medverse (released architecture) — released Medverse.ckpt start (checkpoint=orig_weights), medverse_bounded_head=true (sigmoid-appended head -> real logit -> shared bce_dice-with-logits recipe, matching 150/151's adamw/1e-4/bce_dice exactly), eval_autocast=true, medverse.compile=true. Same data/augmentation/schedule as 150/151 except data.query_prior disabled (see runs.json description).",250,costal_cartilages,True,s0839,s0095,False,0.3061,,0.3027,0.7001554369926453,38.4,430.0,0.000205,2016.0,0.000961,4.24,,ct ct<-ct
9s7d69ca,152_cascade_medverse_baseline,"model=medverse (released architecture) — released Medverse.ckpt start (checkpoint=orig_weights), medverse_bounded_head=true (sigmoid-appended head -> real logit -> shared bce_dice-with-logits recipe, matching 150/151's adamw/1e-4/bce_dice exactly), eval_autocast=true, medverse.compile=true. Same data/augmentation/schedule as 150/151 except data.query_prior disabled (see runs.json description).",250,costal_cartilages,True,s0420,s1233,False,0.2093,,0.2093,0.8003045320510864,44.8,1897.0,0.000905,1401.0,0.000668,4.24,,ct ct<-ct
9s7d69ca,152_cascade_medverse_baseline,"model=medverse (released architecture) — released Medverse.ckpt start (checkpoint=orig_weights), medverse_bounded_head=true (sigmoid-appended head -> real logit -> shared bce_dice-with-logits recipe, matching 150/151's adamw/1e-4/bce_dice exactly), eval_autocast=true, medverse.compile=true. Same data/augmentation/schedule as 150/151 except data.query_prior disabled (see runs.json description).",250,costal_cartilages,True,s0544,s0546,False,0.5323,,0.5262,0.47740253806114197,35.5,1222.0,0.000583,2774.0,0.001323,4.24,,ct ct<-ct
9s7d69ca,152_cascade_medverse_baseline,"model=medverse (released architecture) — released Medverse.ckpt start (checkpoint=orig_weights), medverse_bounded_head=true (sigmoid-appended head -> real logit -> shared bce_dice-with-logits recipe, matching 150/151's adamw/1e-4/bce_dice exactly), eval_autocast=true, medverse.compile=true. Same data/augmentation/schedule as 150/151 except data.query_prior disabled (see runs.json description).",250,costal_cartilages,True,s1223,s0095,False,0.4085,,0.4077,0.5989600419998169,35.2,1466.0,0.000699,2016.0,0.000961,4.24,,ct ct<-ct
9s7d69ca,152_cascade_medverse_baseline,"model=medverse (released architecture) — released Medverse.ckpt start (checkpoint=orig_weights), medverse_bounded_head=true (sigmoid-appended head -> real logit -> shared bce_dice-with-logits recipe, matching 150/151's adamw/1e-4/bce_dice exactly), eval_autocast=true, medverse.compile=true. Same data/augmentation/schedule as 150/151 except data.query_prior disabled (see runs.json description).",250,costal_cartilages,True,s0808,s0675,False,0.4752,,0.4712,0.5331392884254456,35.6,1410.0,0.000672,1557.0,0.000742,4.24,,ct ct<-ct
9s7d69ca,152_cascade_medverse_baseline,"model=medverse (released architecture) — released Medverse.ckpt start (checkpoint=orig_weights), medverse_bounded_head=true (sigmoid-appended head -> real logit -> shared bce_dice-with-logits recipe, matching 150/151's adamw/1e-4/bce_dice exactly), eval_autocast=true, medverse.compile=true. Same data/augmentation/schedule as 150/151 except data.query_prior disabled (see runs.json description).",250,costal_cartilages,True,s1046,s0760,False,0.3981,,0.3956,0.6140789985656738,35.7,2313.0,0.001103,518.0,0.000247,4.24,,ct ct<-ct
9s7d69ca,152_cascade_medverse_baseline,"model=medverse (released architecture) — released Medverse.ckpt start (checkpoint=orig_weights), medverse_bounded_head=true (sigmoid-appended head -> real logit -> shared bce_dice-with-logits recipe, matching 150/151's adamw/1e-4/bce_dice exactly), eval_autocast=true, medverse.compile=true. Same data/augmentation/schedule as 150/151 except data.query_prior disabled (see runs.json description).",250,costal_cartilages,True,s0249,s0824,False,0.4169,,0.4102,0.5933964252471924,39.1,916.0,0.000437,1957.0,0.000933,4.24,,ct ct<-ct
9s7d69ca,152_cascade_medverse_baseline,"model=medverse (released architecture) — released Medverse.ckpt start (checkpoint=orig_weights), medverse_bounded_head=true (sigmoid-appended head -> real logit -> shared bce_dice-with-logits recipe, matching 150/151's adamw/1e-4/bce_dice exactly), eval_autocast=true, medverse.compile=true. Same data/augmentation/schedule as 150/151 except data.query_prior disabled (see runs.json description).",250,costal_cartilages,True,s0808,s1223,False,0.4678,,0.4621,0.5419301390647888,42.6,1410.0,0.000672,1466.0,0.000699,4.24,,ct ct<-ct
9s7d69ca,152_cascade_medverse_baseline,"model=medverse (released architecture) — released Medverse.ckpt start (checkpoint=orig_weights), medverse_bounded_head=true (sigmoid-appended head -> real logit -> shared bce_dice-with-logits recipe, matching 150/151's adamw/1e-4/bce_dice exactly), eval_autocast=true, medverse.compile=true. Same data/augmentation/schedule as 150/151 except data.query_prior disabled (see runs.json description).",250,costal_cartilages,True,s0607,s0324,False,0.4652,,0.4561,0.5483113527297974,35.3,1681.0,0.000802,615.0,0.000293,4.24,,ct ct<-ct
9s7d69ca,152_cascade_medverse_baseline,"model=medverse (released architecture) — released Medverse.ckpt start (checkpoint=orig_weights), medverse_bounded_head=true (sigmoid-appended head -> real logit -> shared bce_dice-with-logits recipe, matching 150/151's adamw/1e-4/bce_dice exactly), eval_autocast=true, medverse.compile=true. Same data/augmentation/schedule as 150/151 except data.query_prior disabled (see runs.json description).",250,duodenum,True,s1287,s0506,False,0.0013,,0.0002,1.0034528970718384,48.2,774.0,0.000369,1.0,0.0,4.24,,ct ct<-ct
9s7d69ca,152_cascade_medverse_baseline,"model=medverse (released architecture) — released Medverse.ckpt start (checkpoint=orig_weights), medverse_bounded_head=true (sigmoid-appended head -> real logit -> shared bce_dice-with-logits recipe, matching 150/151's adamw/1e-4/bce_dice exactly), eval_autocast=true, medverse.compile=true. Same data/augmentation/schedule as 150/151 except data.query_prior disabled (see runs.json description).",250,duodenum,True,s0045,s1238,False,0.2628,,0.2538,0.7509599328041077,41.3,684.0,0.000326,856.0,0.000408,4.24,,ct ct<-ct
9s7d69ca,152_cascade_medverse_baseline,"model=medverse (released architecture) — released Medverse.ckpt start (checkpoint=orig_weights), medverse_bounded_head=true (sigmoid-appended head -> real logit -> shared bce_dice-with-logits recipe, matching 150/151's adamw/1e-4/bce_dice exactly), eval_autocast=true, medverse.compile=true. Same data/augmentation/schedule as 150/151 except data.query_prior disabled (see runs.json description).",250,duodenum,True,s1238,s0650,False,0.3568,,0.3536,0.6503788828849792,35.3,856.0,0.000408,1196.0,0.00057,4.24,,ct ct<-ct
9s7d69ca,152_cascade_medverse_baseline,"model=medverse (released architecture) — released Medverse.ckpt start (checkpoint=orig_weights), medverse_bounded_head=true (sigmoid-appended head -> real logit -> shared bce_dice-with-logits recipe, matching 150/151's adamw/1e-4/bce_dice exactly), eval_autocast=true, medverse.compile=true. Same data/augmentation/schedule as 150/151 except data.query_prior disabled (see runs.json description).",250,duodenum,True,s0625,s0760,False,0.0888,,0.09,0.9133135676383972,34.9,810.0,0.000386,521.0,0.000248,4.24,,ct ct<-ct
9s7d69ca,152_cascade_medverse_baseline,"model=medverse (released architecture) — released Medverse.ckpt start (checkpoint=orig_weights), medverse_bounded_head=true (sigmoid-appended head -> real logit -> shared bce_dice-with-logits recipe, matching 150/151's adamw/1e-4/bce_dice exactly), eval_autocast=true, medverse.compile=true. Same data/augmentation/schedule as 150/151 except data.query_prior disabled (see runs.json description).",250,duodenum,True,s0991,s1287,False,0.2489,,0.2476,0.7563482522964478,35.2,578.0,0.000276,774.0,0.000369,4.24,,ct ct<-ct
9s7d69ca,152_cascade_medverse_baseline,"model=medverse (released architecture) — released Medverse.ckpt start (checkpoint=orig_weights), medverse_bounded_head=true (sigmoid-appended head -> real logit -> shared bce_dice-with-logits recipe, matching 150/151's adamw/1e-4/bce_dice exactly), eval_autocast=true, medverse.compile=true. Same data/augmentation/schedule as 150/151 except data.query_prior disabled (see runs.json description).",250,esophagus,True,s1199,s0021,False,0.0499,,0.0471,0.9559593200683594,39.4,516.0,0.000246,333.0,0.000159,4.24,,ct ct<-ct
9s7d69ca,152_cascade_medverse_baseline,"model=medverse (released architecture) — released Medverse.ckpt start (checkpoint=orig_weights), medverse_bounded_head=true (sigmoid-appended head -> real logit -> shared bce_dice-with-logits recipe, matching 150/151's adamw/1e-4/bce_dice exactly), eval_autocast=true, medverse.compile=true. Same data/augmentation/schedule as 150/151 except data.query_prior disabled (see runs.json description).",250,esophagus,True,s0918,s1199,False,0.17,,0.1675,0.8368605971336365,40.9,721.0,0.000344,516.0,0.000246,4.24,,ct ct<-ct
9s7d69ca,152_cascade_medverse_baseline,"model=medverse (released architecture) — released Medverse.ckpt start (checkpoint=orig_weights), medverse_bounded_head=true (sigmoid-appended head -> real logit -> shared bce_dice-with-logits recipe, matching 150/151's adamw/1e-4/bce_dice exactly), eval_autocast=true, medverse.compile=true. Same data/augmentation/schedule as 150/151 except data.query_prior disabled (see runs.json description).",250,esophagus,True,s1223,s0045,False,0.1573,,0.1516,0.850038468837738,37.8,295.0,0.000141,173.0,8.2e-05,4.24,,ct ct<-ct
9s7d69ca,152_cascade_medverse_baseline,"model=medverse (released architecture) — released Medverse.ckpt start (checkpoint=orig_weights), medverse_bounded_head=true (sigmoid-appended head -> real logit -> shared bce_dice-with-logits recipe, matching 150/151's adamw/1e-4/bce_dice exactly), eval_autocast=true, medverse.compile=true. Same data/augmentation/schedule as 150/151 except data.query_prior disabled (see runs.json description).",250,esophagus,True,s1133,s0249,False,0.0645,,0.067,0.935077965259552,35.4,411.0,0.000196,154.0,7.3e-05,4.24,,ct ct<-ct
9s7d69ca,152_cascade_medverse_baseline,"model=medverse (released architecture) — released Medverse.ckpt start (checkpoint=orig_weights), medverse_bounded_head=true (sigmoid-appended head -> real logit -> shared bce_dice-with-logits recipe, matching 150/151's adamw/1e-4/bce_dice exactly), eval_autocast=true, medverse.compile=true. Same data/augmentation/schedule as 150/151 except data.query_prior disabled (see runs.json description).",250,esophagus,True,s1133,s1337,False,0.2387,,0.2379,0.7639740705490112,35.3,411.0,0.000196,532.0,0.000254,4.24,,ct ct<-ct
9s7d69ca,152_cascade_medverse_baseline,"model=medverse (released architecture) — released Medverse.ckpt start (checkpoint=orig_weights), medverse_bounded_head=true (sigmoid-appended head -> real logit -> shared bce_dice-with-logits recipe, matching 150/151's adamw/1e-4/bce_dice exactly), eval_autocast=true, medverse.compile=true. Same data/augmentation/schedule as 150/151 except data.query_prior disabled (see runs.json description).",250,femur_left,True,s0760,s1287,False,0.9045,,0.9011,0.09966238588094711,38.4,2090.0,0.000997,2726.0,0.0013,4.24,,ct ct<-ct
9s7d69ca,152_cascade_medverse_baseline,"model=medverse (released architecture) — released Medverse.ckpt start (checkpoint=orig_weights), medverse_bounded_head=true (sigmoid-appended head -> real logit -> shared bce_dice-with-logits recipe, matching 150/151's adamw/1e-4/bce_dice exactly), eval_autocast=true, medverse.compile=true. Same data/augmentation/schedule as 150/151 except data.query_prior disabled (see runs.json description).",250,femur_left,True,s0614,s1233,False,0.8067,,0.8033,0.1985568255186081,36.2,2136.0,0.001019,1762.0,0.00084,4.24,,ct ct<-ct
9s7d69ca,152_cascade_medverse_baseline,"model=medverse (released architecture) — released Medverse.ckpt start (checkpoint=orig_weights), medverse_bounded_head=true (sigmoid-appended head -> real logit -> shared bce_dice-with-logits recipe, matching 150/151's adamw/1e-4/bce_dice exactly), eval_autocast=true, medverse.compile=true. Same data/augmentation/schedule as 150/151 except data.query_prior disabled (see runs.json description).",250,femur_left,True,s0506,s1024,False,0.0004,,0.0185,0.9882376194000244,36.4,2373.0,0.001132,1960.0,0.000935,4.24,,ct ct<-ct
9s7d69ca,152_cascade_medverse_baseline,"model=medverse (released architecture) — released Medverse.ckpt start (checkpoint=orig_weights), medverse_bounded_head=true (sigmoid-appended head -> real logit -> shared bce_dice-with-logits recipe, matching 150/151's adamw/1e-4/bce_dice exactly), eval_autocast=true, medverse.compile=true. Same data/augmentation/schedule as 150/151 except data.query_prior disabled (see runs.json description).",250,femur_left,True,s1223,s0614,False,0.7617,,0.7582,0.2441830188035965,38.8,2098.0,0.001,2136.0,0.001019,4.24,,ct ct<-ct
9s7d69ca,152_cascade_medverse_baseline,"model=medverse (released architecture) — released Medverse.ckpt start (checkpoint=orig_weights), medverse_bounded_head=true (sigmoid-appended head -> real logit -> shared bce_dice-with-logits recipe, matching 150/151's adamw/1e-4/bce_dice exactly), eval_autocast=true, medverse.compile=true. Same data/augmentation/schedule as 150/151 except data.query_prior disabled (see runs.json description).",250,femur_left,True,s0045,s0458,False,0.8659,,0.8643,0.1373424381017685,35.7,2616.0,0.001247,2373.0,0.001132,4.24,,ct ct<-ct
9s7d69ca,152_cascade_medverse_baseline,"model=medverse (released architecture) — released Medverse.ckpt start (checkpoint=orig_weights), medverse_bounded_head=true (sigmoid-appended head -> real logit -> shared bce_dice-with-logits recipe, matching 150/151's adamw/1e-4/bce_dice exactly), eval_autocast=true, medverse.compile=true. Same data/augmentation/schedule as 150/151 except data.query_prior disabled (see runs.json description).",250,femur_left,True,s0794,s0000,False,0.6253,,0.6264,0.3786833584308624,35.3,2351.0,0.001121,3050.0,0.001454,4.24,,ct ct<-ct
9s7d69ca,152_cascade_medverse_baseline,"model=medverse (released architecture) — released Medverse.ckpt start (checkpoint=orig_weights), medverse_bounded_head=true (sigmoid-appended head -> real logit -> shared bce_dice-with-logits recipe, matching 150/151's adamw/1e-4/bce_dice exactly), eval_autocast=true, medverse.compile=true. Same data/augmentation/schedule as 150/151 except data.query_prior disabled (see runs.json description).",250,femur_right,False,s0991,s0324,False,0.8596,,0.8554,0.14571991562843323,35.7,1867.0,0.00089,1318.0,0.000628,4.24,,ct ct<-ct
9s7d69ca,152_cascade_medverse_baseline,"model=medverse (released architecture) — released Medverse.ckpt start (checkpoint=orig_weights), medverse_bounded_head=true (sigmoid-appended head -> real logit -> shared bce_dice-with-logits recipe, matching 150/151's adamw/1e-4/bce_dice exactly), eval_autocast=true, medverse.compile=true. Same data/augmentation/schedule as 150/151 except data.query_prior disabled (see runs.json description).",250,femur_right,False,s0000,s1024,False,0.0003,,0.0001,1.0150082111358643,40.4,3245.0,0.001547,1898.0,0.000905,4.24,,ct ct<-ct
9s7d69ca,152_cascade_medverse_baseline,"model=medverse (released architecture) — released Medverse.ckpt start (checkpoint=orig_weights), medverse_bounded_head=true (sigmoid-appended head -> real logit -> shared bce_dice-with-logits recipe, matching 150/151's adamw/1e-4/bce_dice exactly), eval_autocast=true, medverse.compile=true. Same data/augmentation/schedule as 150/151 except data.query_prior disabled (see runs.json description).",250,femur_right,False,s1233,s0045,False,0.6754,,0.678,0.32506150007247925,35.8,2004.0,0.000956,2565.0,0.001223,4.24,,ct ct<-ct
9s7d69ca,152_cascade_medverse_baseline,"model=medverse (released architecture) — released Medverse.ckpt start (checkpoint=orig_weights), medverse_bounded_head=true (sigmoid-appended head -> real logit -> shared bce_dice-with-logits recipe, matching 150/151's adamw/1e-4/bce_dice exactly), eval_autocast=true, medverse.compile=true. Same data/augmentation/schedule as 150/151 except data.query_prior disabled (see runs.json description).",250,femur_right,False,s0760,s0045,False,0.8887,,0.887,0.11410804837942123,40.5,2199.0,0.001049,2565.0,0.001223,4.24,,ct ct<-ct
9s7d69ca,152_cascade_medverse_baseline,"model=medverse (released architecture) — released Medverse.ckpt start (checkpoint=orig_weights), medverse_bounded_head=true (sigmoid-appended head -> real logit -> shared bce_dice-with-logits recipe, matching 150/151's adamw/1e-4/bce_dice exactly), eval_autocast=true, medverse.compile=true. Same data/augmentation/schedule as 150/151 except data.query_prior disabled (see runs.json description).",250,femur_right,False,s1223,s0794,False,0.8702,,0.8694,0.13208894431591034,44.5,2204.0,0.001051,2443.0,0.001165,4.24,,ct ct<-ct
9s7d69ca,152_cascade_medverse_baseline,"model=medverse (released architecture) — released Medverse.ckpt start (checkpoint=orig_weights), medverse_bounded_head=true (sigmoid-appended head -> real logit -> shared bce_dice-with-logits recipe, matching 150/151's adamw/1e-4/bce_dice exactly), eval_autocast=true, medverse.compile=true. Same data/augmentation/schedule as 150/151 except data.query_prior disabled (see runs.json description).",250,femur_right,False,s0216,s1233,False,0.8786,,0.8705,0.130002960562706,35.2,1170.0,0.000558,2004.0,0.000956,4.24,,ct ct<-ct
9s7d69ca,152_cascade_medverse_baseline,"model=medverse (released architecture) — released Medverse.ckpt start (checkpoint=orig_weights), medverse_bounded_head=true (sigmoid-appended head -> real logit -> shared bce_dice-with-logits recipe, matching 150/151's adamw/1e-4/bce_dice exactly), eval_autocast=true, medverse.compile=true. Same data/augmentation/schedule as 150/151 except data.query_prior disabled (see runs.json description).",250,femur_right,False,s1223,s1287,False,0.8794,,0.8746,0.1268026977777481,35.2,2204.0,0.001051,2621.0,0.00125,4.24,,ct ct<-ct
9s7d69ca,152_cascade_medverse_baseline,"model=medverse (released architecture) — released Medverse.ckpt start (checkpoint=orig_weights), medverse_bounded_head=true (sigmoid-appended head -> real logit -> shared bce_dice-with-logits recipe, matching 150/151's adamw/1e-4/bce_dice exactly), eval_autocast=true, medverse.compile=true. Same data/augmentation/schedule as 150/151 except data.query_prior disabled (see runs.json description).",250,femur_right,False,s0045,s1046,False,0.8327,,0.8313,0.17067453265190125,42.0,2565.0,0.001223,2733.0,0.001303,4.24,,ct ct<-ct
9s7d69ca,152_cascade_medverse_baseline,"model=medverse (released architecture) — released Medverse.ckpt start (checkpoint=orig_weights), medverse_bounded_head=true (sigmoid-appended head -> real logit -> shared bce_dice-with-logits recipe, matching 150/151's adamw/1e-4/bce_dice exactly), eval_autocast=true, medverse.compile=true. Same data/augmentation/schedule as 150/151 except data.query_prior disabled (see runs.json description).",250,femur_right,False,s1233,s0760,False,0.63,,0.6279,0.3760291635990143,37.8,2004.0,0.000956,2199.0,0.001049,4.24,,ct ct<-ct
9s7d69ca,152_cascade_medverse_baseline,"model=medverse (released architecture) — released Medverse.ckpt start (checkpoint=orig_weights), medverse_bounded_head=true (sigmoid-appended head -> real logit -> shared bce_dice-with-logits recipe, matching 150/151's adamw/1e-4/bce_dice exactly), eval_autocast=true, medverse.compile=true. Same data/augmentation/schedule as 150/151 except data.query_prior disabled (see runs.json description).",250,femur_right,False,s1238,s1233,False,0.8963,,0.8935,0.10790341347455978,35.2,2690.0,0.001283,2004.0,0.000956,4.24,,ct ct<-ct
9s7d69ca,152_cascade_medverse_baseline,"model=medverse (released architecture) — released Medverse.ckpt start (checkpoint=orig_weights), medverse_bounded_head=true (sigmoid-appended head -> real logit -> shared bce_dice-with-logits recipe, matching 150/151's adamw/1e-4/bce_dice exactly), eval_autocast=true, medverse.compile=true. Same data/augmentation/schedule as 150/151 except data.query_prior disabled (see runs.json description).",250,femur_right,False,s0918,s1287,False,0.8964,,0.8942,0.10711141675710678,35.3,2846.0,0.001357,2621.0,0.00125,4.24,,ct ct<-ct
9s7d69ca,152_cascade_medverse_baseline,"model=medverse (released architecture) — released Medverse.ckpt start (checkpoint=orig_weights), medverse_bounded_head=true (sigmoid-appended head -> real logit -> shared bce_dice-with-logits recipe, matching 150/151's adamw/1e-4/bce_dice exactly), eval_autocast=true, medverse.compile=true. Same data/augmentation/schedule as 150/151 except data.query_prior disabled (see runs.json description).",250,femur_right,False,s0045,s0918,False,0.8582,,0.8561,0.14545901119709015,35.1,2565.0,0.001223,2846.0,0.001357,4.24,,ct ct<-ct
9s7d69ca,152_cascade_medverse_baseline,"model=medverse (released architecture) — released Medverse.ckpt start (checkpoint=orig_weights), medverse_bounded_head=true (sigmoid-appended head -> real logit -> shared bce_dice-with-logits recipe, matching 150/151's adamw/1e-4/bce_dice exactly), eval_autocast=true, medverse.compile=true. Same data/augmentation/schedule as 150/151 except data.query_prior disabled (see runs.json description).",250,gallbladder,True,s1046,s0607,False,0.0024,,0.0327,0.9684893488883972,35.6,411.0,0.000196,202.0,9.6e-05,4.24,,ct ct<-ct
9s7d69ca,152_cascade_medverse_baseline,"model=medverse (released architecture) — released Medverse.ckpt start (checkpoint=orig_weights), medverse_bounded_head=true (sigmoid-appended head -> real logit -> shared bce_dice-with-logits recipe, matching 150/151's adamw/1e-4/bce_dice exactly), eval_autocast=true, medverse.compile=true. Same data/augmentation/schedule as 150/151 except data.query_prior disabled (see runs.json description).",250,gallbladder,True,s1286,s1305,False,0.0024,,0.0003,1.0015016794204712,36.7,403.0,0.000192,69.0,3.3e-05,4.24,,ct ct<-ct
9s7d69ca,152_cascade_medverse_baseline,"model=medverse (released architecture) — released Medverse.ckpt start (checkpoint=orig_weights), medverse_bounded_head=true (sigmoid-appended head -> real logit -> shared bce_dice-with-logits recipe, matching 150/151's adamw/1e-4/bce_dice exactly), eval_autocast=true, medverse.compile=true. Same data/augmentation/schedule as 150/151 except data.query_prior disabled (see runs.json description).",250,gallbladder,True,s0095,s1233,False,0.001,,0.0001,1.0015087127685547,35.7,75.0,3.6e-05,409.0,0.000195,4.24,,ct ct<-ct
9s7d69ca,152_cascade_medverse_baseline,"model=medverse (released architecture) — released Medverse.ckpt start (checkpoint=orig_weights), medverse_bounded_head=true (sigmoid-appended head -> real logit -> shared bce_dice-with-logits recipe, matching 150/151's adamw/1e-4/bce_dice exactly), eval_autocast=true, medverse.compile=true. Same data/augmentation/schedule as 150/151 except data.query_prior disabled (see runs.json description).",250,gallbladder,True,s0747,s1286,False,0.0037,,0.0,1.000279426574707,35.8,2.0,1e-06,403.0,0.000192,4.24,,ct ct<-ct
9s7d69ca,152_cascade_medverse_baseline,"model=medverse (released architecture) — released Medverse.ckpt start (checkpoint=orig_weights), medverse_bounded_head=true (sigmoid-appended head -> real logit -> shared bce_dice-with-logits recipe, matching 150/151's adamw/1e-4/bce_dice exactly), eval_autocast=true, medverse.compile=true. Same data/augmentation/schedule as 150/151 except data.query_prior disabled (see runs.json description).",250,gallbladder,True,s0675,s0324,False,0.001,,0.0002,1.0027981996536255,36.4,460.0,0.000219,172.0,8.2e-05,4.24,,ct ct<-ct
9s7d69ca,152_cascade_medverse_baseline,"model=medverse (released architecture) — released Medverse.ckpt start (checkpoint=orig_weights), medverse_bounded_head=true (sigmoid-appended head -> real logit -> shared bce_dice-with-logits recipe, matching 150/151's adamw/1e-4/bce_dice exactly), eval_autocast=true, medverse.compile=true. Same data/augmentation/schedule as 150/151 except data.query_prior disabled (see runs.json description).",250,gallbladder,True,s1287,s0794,False,0.0055,,0.0045,0.9973710775375366,39.4,142.0,6.8e-05,341.0,0.000163,4.24,,ct ct<-ct
9s7d69ca,152_cascade_medverse_baseline,"model=medverse (released architecture) — released Medverse.ckpt start (checkpoint=orig_weights), medverse_bounded_head=true (sigmoid-appended head -> real logit -> shared bce_dice-with-logits recipe, matching 150/151's adamw/1e-4/bce_dice exactly), eval_autocast=true, medverse.compile=true. Same data/augmentation/schedule as 150/151 except data.query_prior disabled (see runs.json description).",250,gallbladder,True,s0675,s0324,False,0.001,,0.0002,1.0027981996536255,35.6,460.0,0.000219,172.0,8.2e-05,4.24,,ct ct<-ct
9s7d69ca,152_cascade_medverse_baseline,"model=medverse (released architecture) — released Medverse.ckpt start (checkpoint=orig_weights), medverse_bounded_head=true (sigmoid-appended head -> real logit -> shared bce_dice-with-logits recipe, matching 150/151's adamw/1e-4/bce_dice exactly), eval_autocast=true, medverse.compile=true. Same data/augmentation/schedule as 150/151 except data.query_prior disabled (see runs.json description).",250,gallbladder,True,s0544,s0095,False,0.0033,,0.0004,1.0004942417144775,37.2,184.0,8.8e-05,75.0,3.6e-05,4.24,,ct ct<-ct
9s7d69ca,152_cascade_medverse_baseline,"model=medverse (released architecture) — released Medverse.ckpt start (checkpoint=orig_weights), medverse_bounded_head=true (sigmoid-appended head -> real logit -> shared bce_dice-with-logits recipe, matching 150/151's adamw/1e-4/bce_dice exactly), eval_autocast=true, medverse.compile=true. Same data/augmentation/schedule as 150/151 except data.query_prior disabled (see runs.json description).",250,gallbladder,True,s0618,s0698,False,0.0154,,0.0,1.0004239082336426,37.8,64.0,3.1e-05,1.0,0.0,4.24,,ct ct<-ct
9s7d69ca,152_cascade_medverse_baseline,"model=medverse (released architecture) — released Medverse.ckpt start (checkpoint=orig_weights), medverse_bounded_head=true (sigmoid-appended head -> real logit -> shared bce_dice-with-logits recipe, matching 150/151's adamw/1e-4/bce_dice exactly), eval_autocast=true, medverse.compile=true. Same data/augmentation/schedule as 150/151 except data.query_prior disabled (see runs.json description).",250,gallbladder,True,s0045,s0607,False,0.3674,,0.3623,0.6380975246429443,35.5,130.0,6.2e-05,202.0,9.6e-05,4.24,,ct ct<-ct
9s7d69ca,152_cascade_medverse_baseline,"model=medverse (released architecture) — released Medverse.ckpt start (checkpoint=orig_weights), medverse_bounded_head=true (sigmoid-appended head -> real logit -> shared bce_dice-with-logits recipe, matching 150/151's adamw/1e-4/bce_dice exactly), eval_autocast=true, medverse.compile=true. Same data/augmentation/schedule as 150/151 except data.query_prior disabled (see runs.json description).",250,gallbladder,True,s0747,s1046,False,0.0189,,0.0,1.0000289678573608,35.2,2.0,1e-06,411.0,0.000196,4.24,,ct ct<-ct
9s7d69ca,152_cascade_medverse_baseline,"model=medverse (released architecture) — released Medverse.ckpt start (checkpoint=orig_weights), medverse_bounded_head=true (sigmoid-appended head -> real logit -> shared bce_dice-with-logits recipe, matching 150/151's adamw/1e-4/bce_dice exactly), eval_autocast=true, medverse.compile=true. Same data/augmentation/schedule as 150/151 except data.query_prior disabled (see runs.json description).",250,gallbladder,True,s1017,s0123,False,0.1375,,0.1371,0.8650301098823547,35.2,138.0,6.6e-05,382.0,0.000182,4.24,,ct ct<-ct
9s7d69ca,152_cascade_medverse_baseline,"model=medverse (released architecture) — released Medverse.ckpt start (checkpoint=orig_weights), medverse_bounded_head=true (sigmoid-appended head -> real logit -> shared bce_dice-with-logits recipe, matching 150/151's adamw/1e-4/bce_dice exactly), eval_autocast=true, medverse.compile=true. Same data/augmentation/schedule as 150/151 except data.query_prior disabled (see runs.json description).",250,gallbladder,True,s1287,s0991,False,0.0771,,0.0748,0.9265989065170288,48.6,142.0,6.8e-05,456.0,0.000217,4.24,,ct ct<-ct
9s7d69ca,152_cascade_medverse_baseline,"model=medverse (released architecture) — released Medverse.ckpt start (checkpoint=orig_weights), medverse_bounded_head=true (sigmoid-appended head -> real logit -> shared bce_dice-with-logits recipe, matching 150/151's adamw/1e-4/bce_dice exactly), eval_autocast=true, medverse.compile=true. Same data/augmentation/schedule as 150/151 except data.query_prior disabled (see runs.json description).",250,gluteus_maximus_left,True,s0760,s0458,False,0.9168,,0.9125,0.0899055227637291,35.8,7338.0,0.003499,4753.0,0.002266,4.24,,ct ct<-ct
9s7d69ca,152_cascade_medverse_baseline,"model=medverse (released architecture) — released Medverse.ckpt start (checkpoint=orig_weights), medverse_bounded_head=true (sigmoid-appended head -> real logit -> shared bce_dice-with-logits recipe, matching 150/151's adamw/1e-4/bce_dice exactly), eval_autocast=true, medverse.compile=true. Same data/augmentation/schedule as 150/151 except data.query_prior disabled (see runs.json description).",250,gluteus_maximus_left,True,s0045,s0095,False,0.8502,,0.8465,0.15808843076229095,35.5,6892.0,0.003286,6748.0,0.003218,4.24,,ct ct<-ct
9s7d69ca,152_cascade_medverse_baseline,"model=medverse (released architecture) — released Medverse.ckpt start (checkpoint=orig_weights), medverse_bounded_head=true (sigmoid-appended head -> real logit -> shared bce_dice-with-logits recipe, matching 150/151's adamw/1e-4/bce_dice exactly), eval_autocast=true, medverse.compile=true. Same data/augmentation/schedule as 150/151 except data.query_prior disabled (see runs.json description).",250,gluteus_maximus_left,True,s0095,s1223,False,0.5908,,0.5832,0.43198758363723755,40.4,6748.0,0.003218,5674.0,0.002706,4.24,,ct ct<-ct
9s7d69ca,152_cascade_medverse_baseline,"model=medverse (released architecture) — released Medverse.ckpt start (checkpoint=orig_weights), medverse_bounded_head=true (sigmoid-appended head -> real logit -> shared bce_dice-with-logits recipe, matching 150/151's adamw/1e-4/bce_dice exactly), eval_autocast=true, medverse.compile=true. Same data/augmentation/schedule as 150/151 except data.query_prior disabled (see runs.json description).",250,gluteus_maximus_left,True,s1287,s0991,False,0.8213,,0.8172,0.1879694014787674,41.5,5618.0,0.002679,4712.0,0.002247,4.24,,ct ct<-ct
9s7d69ca,152_cascade_medverse_baseline,"model=medverse (released architecture) — released Medverse.ckpt start (checkpoint=orig_weights), medverse_bounded_head=true (sigmoid-appended head -> real logit -> shared bce_dice-with-logits recipe, matching 150/151's adamw/1e-4/bce_dice exactly), eval_autocast=true, medverse.compile=true. Same data/augmentation/schedule as 150/151 except data.query_prior disabled (see runs.json description).",250,gluteus_maximus_left,True,s1046,s0760,False,0.8035,,0.8013,0.20697441697120667,42.0,8405.0,0.004008,7338.0,0.003499,4.24,,ct ct<-ct
9s7d69ca,152_cascade_medverse_baseline,"model=medverse (released architecture) — released Medverse.ckpt start (checkpoint=orig_weights), medverse_bounded_head=true (sigmoid-appended head -> real logit -> shared bce_dice-with-logits recipe, matching 150/151's adamw/1e-4/bce_dice exactly), eval_autocast=true, medverse.compile=true. Same data/augmentation/schedule as 150/151 except data.query_prior disabled (see runs.json description).",250,gluteus_maximus_left,True,s0324,s0458,False,0.8393,,0.8391,0.16396601498126984,40.8,4240.0,0.002022,4753.0,0.002266,4.24,,ct ct<-ct
9s7d69ca,152_cascade_medverse_baseline,"model=medverse (released architecture) — released Medverse.ckpt start (checkpoint=orig_weights), medverse_bounded_head=true (sigmoid-appended head -> real logit -> shared bce_dice-with-logits recipe, matching 150/151's adamw/1e-4/bce_dice exactly), eval_autocast=true, medverse.compile=true. Same data/augmentation/schedule as 150/151 except data.query_prior disabled (see runs.json description).",250,gluteus_maximus_right,False,s1287,s0991,False,0.8372,,0.8353,0.16966456174850464,56.3,5783.0,0.002758,5432.0,0.00259,4.24,,ct ct<-ct
9s7d69ca,152_cascade_medverse_baseline,"model=medverse (released architecture) — released Medverse.ckpt start (checkpoint=orig_weights), medverse_bounded_head=true (sigmoid-appended head -> real logit -> shared bce_dice-with-logits recipe, matching 150/151's adamw/1e-4/bce_dice exactly), eval_autocast=true, medverse.compile=true. Same data/augmentation/schedule as 150/151 except data.query_prior disabled (see runs.json description).",250,gluteus_maximus_right,False,s0506,s1223,False,0.8111,,0.808,0.20109052956104279,36.2,10816.0,0.005157,5960.0,0.002842,4.24,,ct ct<-ct
9s7d69ca,152_cascade_medverse_baseline,"model=medverse (released architecture) — released Medverse.ckpt start (checkpoint=orig_weights), medverse_bounded_head=true (sigmoid-appended head -> real logit -> shared bce_dice-with-logits recipe, matching 150/151's adamw/1e-4/bce_dice exactly), eval_autocast=true, medverse.compile=true. Same data/augmentation/schedule as 150/151 except data.query_prior disabled (see runs.json description).",250,gluteus_maximus_right,False,s1287,s0000,False,0.412,,0.4065,0.6234697699546814,44.8,5783.0,0.002758,6672.0,0.003181,4.24,,ct ct<-ct
9s7d69ca,152_cascade_medverse_baseline,"model=medverse (released architecture) — released Medverse.ckpt start (checkpoint=orig_weights), medverse_bounded_head=true (sigmoid-appended head -> real logit -> shared bce_dice-with-logits recipe, matching 150/151's adamw/1e-4/bce_dice exactly), eval_autocast=true, medverse.compile=true. Same data/augmentation/schedule as 150/151 except data.query_prior disabled (see runs.json description).",250,gluteus_maximus_right,False,s1223,s0794,False,0.8899,,0.887,0.11599018424749374,41.7,5960.0,0.002842,6641.0,0.003167,4.24,,ct ct<-ct
9s7d69ca,152_cascade_medverse_baseline,"model=medverse (released architecture) — released Medverse.ckpt start (checkpoint=orig_weights), medverse_bounded_head=true (sigmoid-appended head -> real logit -> shared bce_dice-with-logits recipe, matching 150/151's adamw/1e-4/bce_dice exactly), eval_autocast=true, medverse.compile=true. Same data/augmentation/schedule as 150/151 except data.query_prior disabled (see runs.json description).",250,gluteus_maximus_right,False,s0650,s0095,False,0.8269,,0.8192,0.18577304482460022,45.5,6280.0,0.002995,6836.0,0.00326,4.24,,ct ct<-ct
9s7d69ca,152_cascade_medverse_baseline,"model=medverse (released architecture) — released Medverse.ckpt start (checkpoint=orig_weights), medverse_bounded_head=true (sigmoid-appended head -> real logit -> shared bce_dice-with-logits recipe, matching 150/151's adamw/1e-4/bce_dice exactly), eval_autocast=true, medverse.compile=true. Same data/augmentation/schedule as 150/151 except data.query_prior disabled (see runs.json description).",250,gluteus_medius_left,False,s0546,s0607,False,0.5076,,0.507,0.5072734355926514,35.2,3900.0,0.00186,3700.0,0.001764,4.24,,ct ct<-ct
9s7d69ca,152_cascade_medverse_baseline,"model=medverse (released architecture) — released Medverse.ckpt start (checkpoint=orig_weights), medverse_bounded_head=true (sigmoid-appended head -> real logit -> shared bce_dice-with-logits recipe, matching 150/151's adamw/1e-4/bce_dice exactly), eval_autocast=true, medverse.compile=true. Same data/augmentation/schedule as 150/151 except data.query_prior disabled (see runs.json description).",250,gluteus_medius_left,False,s0506,s1223,False,0.3578,,0.3537,0.6572563052177429,35.2,2313.0,0.001103,2903.0,0.001384,4.24,,ct ct<-ct
9s7d69ca,152_cascade_medverse_baseline,"model=medverse (released architecture) — released Medverse.ckpt start (checkpoint=orig_weights), medverse_bounded_head=true (sigmoid-appended head -> real logit -> shared bce_dice-with-logits recipe, matching 150/151's adamw/1e-4/bce_dice exactly), eval_autocast=true, medverse.compile=true. Same data/augmentation/schedule as 150/151 except data.query_prior disabled (see runs.json description).",250,gluteus_medius_left,False,s1161,s1238,False,0.7238,,0.7104,0.2939455211162567,35.3,3405.0,0.001624,3033.0,0.001446,4.24,,ct ct<-ct
9s7d69ca,152_cascade_medverse_baseline,"model=medverse (released architecture) — released Medverse.ckpt start (checkpoint=orig_weights), medverse_bounded_head=true (sigmoid-appended head -> real logit -> shared bce_dice-with-logits recipe, matching 150/151's adamw/1e-4/bce_dice exactly), eval_autocast=true, medverse.compile=true. Same data/augmentation/schedule as 150/151 except data.query_prior disabled (see runs.json description).",250,gluteus_medius_right,True,s1161,s0614,False,0.0001,,0.0001,1.0290257930755615,46.5,2961.0,0.001412,3176.0,0.001514,4.24,,ct ct<-ct
9s7d69ca,152_cascade_medverse_baseline,"model=medverse (released architecture) — released Medverse.ckpt start (checkpoint=orig_weights), medverse_bounded_head=true (sigmoid-appended head -> real logit -> shared bce_dice-with-logits recipe, matching 150/151's adamw/1e-4/bce_dice exactly), eval_autocast=true, medverse.compile=true. Same data/augmentation/schedule as 150/151 except data.query_prior disabled (see runs.json description).",250,gluteus_medius_right,True,s0000,s1024,False,0.1332,,0.1518,0.852366030216217,40.0,1545.0,0.000737,2754.0,0.001313,4.24,,ct ct<-ct
9s7d69ca,152_cascade_medverse_baseline,"model=medverse (released architecture) — released Medverse.ckpt start (checkpoint=orig_weights), medverse_bounded_head=true (sigmoid-appended head -> real logit -> shared bce_dice-with-logits recipe, matching 150/151's adamw/1e-4/bce_dice exactly), eval_autocast=true, medverse.compile=true. Same data/augmentation/schedule as 150/151 except data.query_prior disabled (see runs.json description).",250,gluteus_medius_right,True,s0991,s0095,False,0.5219,,0.52,0.486387699842453,41.7,2325.0,0.001109,3054.0,0.001456,4.24,,ct ct<-ct
9s7d69ca,152_cascade_medverse_baseline,"model=medverse (released architecture) — released Medverse.ckpt start (checkpoint=orig_weights), medverse_bounded_head=true (sigmoid-appended head -> real logit -> shared bce_dice-with-logits recipe, matching 150/151's adamw/1e-4/bce_dice exactly), eval_autocast=true, medverse.compile=true. Same data/augmentation/schedule as 150/151 except data.query_prior disabled (see runs.json description).",250,gluteus_medius_right,True,s0614,s0607,False,0.437,,0.4317,0.5788902044296265,35.9,3176.0,0.001514,3520.0,0.001678,4.24,,ct ct<-ct
9s7d69ca,152_cascade_medverse_baseline,"model=medverse (released architecture) — released Medverse.ckpt start (checkpoint=orig_weights), medverse_bounded_head=true (sigmoid-appended head -> real logit -> shared bce_dice-with-logits recipe, matching 150/151's adamw/1e-4/bce_dice exactly), eval_autocast=true, medverse.compile=true. Same data/augmentation/schedule as 150/151 except data.query_prior disabled (see runs.json description).",250,gluteus_medius_right,True,s1046,s1233,False,0.6322,,0.6304,0.37815171480178833,40.1,3750.0,0.001788,3046.0,0.001452,4.24,,ct ct<-ct
9s7d69ca,152_cascade_medverse_baseline,"model=medverse (released architecture) — released Medverse.ckpt start (checkpoint=orig_weights), medverse_bounded_head=true (sigmoid-appended head -> real logit -> shared bce_dice-with-logits recipe, matching 150/151's adamw/1e-4/bce_dice exactly), eval_autocast=true, medverse.compile=true. Same data/augmentation/schedule as 150/151 except data.query_prior disabled (see runs.json description).",250,gluteus_medius_right,True,s1046,s0000,False,0.0712,,0.0709,0.9525630474090576,35.3,3750.0,0.001788,1545.0,0.000737,4.24,,ct ct<-ct
9s7d69ca,152_cascade_medverse_baseline,"model=medverse (released architecture) — released Medverse.ckpt start (checkpoint=orig_weights), medverse_bounded_head=true (sigmoid-appended head -> real logit -> shared bce_dice-with-logits recipe, matching 150/151's adamw/1e-4/bce_dice exactly), eval_autocast=true, medverse.compile=true. Same data/augmentation/schedule as 150/151 except data.query_prior disabled (see runs.json description).",250,gluteus_medius_right,True,s0506,s1046,False,0.4378,,0.4318,0.5846115350723267,35.2,5307.0,0.002531,3750.0,0.001788,4.24,,ct ct<-ct
9s7d69ca,152_cascade_medverse_baseline,"model=medverse (released architecture) — released Medverse.ckpt start (checkpoint=orig_weights), medverse_bounded_head=true (sigmoid-appended head -> real logit -> shared bce_dice-with-logits recipe, matching 150/151's adamw/1e-4/bce_dice exactly), eval_autocast=true, medverse.compile=true. Same data/augmentation/schedule as 150/151 except data.query_prior disabled (see runs.json description).",250,gluteus_minimus_left,True,s0918,s0625,False,0.6255,,0.6236,0.3781788945198059,38.0,777.0,0.000371,796.0,0.00038,4.24,,ct ct<-ct
9s7d69ca,152_cascade_medverse_baseline,"model=medverse (released architecture) — released Medverse.ckpt start (checkpoint=orig_weights), medverse_bounded_head=true (sigmoid-appended head -> real logit -> shared bce_dice-with-logits recipe, matching 150/151's adamw/1e-4/bce_dice exactly), eval_autocast=true, medverse.compile=true. Same data/augmentation/schedule as 150/151 except data.query_prior disabled (see runs.json description).",250,gluteus_minimus_left,True,s0546,s1024,False,0.2887,,0.2835,0.7195531129837036,35.8,948.0,0.000452,571.0,0.000272,4.24,,ct ct<-ct
9s7d69ca,152_cascade_medverse_baseline,"model=medverse (released architecture) — released Medverse.ckpt start (checkpoint=orig_weights), medverse_bounded_head=true (sigmoid-appended head -> real logit -> shared bce_dice-with-logits recipe, matching 150/151's adamw/1e-4/bce_dice exactly), eval_autocast=true, medverse.compile=true. Same data/augmentation/schedule as 150/151 except data.query_prior disabled (see runs.json description).",250,gluteus_minimus_left,True,s1233,s0095,False,0.3172,,0.3161,0.688244104385376,38.5,509.0,0.000243,1001.0,0.000477,4.24,,ct ct<-ct
9s7d69ca,152_cascade_medverse_baseline,"model=medverse (released architecture) — released Medverse.ckpt start (checkpoint=orig_weights), medverse_bounded_head=true (sigmoid-appended head -> real logit -> shared bce_dice-with-logits recipe, matching 150/151's adamw/1e-4/bce_dice exactly), eval_autocast=true, medverse.compile=true. Same data/augmentation/schedule as 150/151 except data.query_prior disabled (see runs.json description).",250,gluteus_minimus_left,True,s0625,s1238,False,0.5333,,0.5326,0.4704204201698303,36.9,796.0,0.00038,778.0,0.000371,4.24,,ct ct<-ct
9s7d69ca,152_cascade_medverse_baseline,"model=medverse (released architecture) — released Medverse.ckpt start (checkpoint=orig_weights), medverse_bounded_head=true (sigmoid-appended head -> real logit -> shared bce_dice-with-logits recipe, matching 150/151's adamw/1e-4/bce_dice exactly), eval_autocast=true, medverse.compile=true. Same data/augmentation/schedule as 150/151 except data.query_prior disabled (see runs.json description).",250,gluteus_minimus_left,True,s0000,s0650,False,0.2286,,0.2221,0.7789682745933533,40.8,420.0,0.0002,947.0,0.000452,4.24,,ct ct<-ct
9s7d69ca,152_cascade_medverse_baseline,"model=medverse (released architecture) — released Medverse.ckpt start (checkpoint=orig_weights), medverse_bounded_head=true (sigmoid-appended head -> real logit -> shared bce_dice-with-logits recipe, matching 150/151's adamw/1e-4/bce_dice exactly), eval_autocast=true, medverse.compile=true. Same data/augmentation/schedule as 150/151 except data.query_prior disabled (see runs.json description).",250,gluteus_minimus_left,True,s0607,s0794,False,0.599,,0.5965,0.40609320998191833,35.3,949.0,0.000453,813.0,0.000388,4.24,,ct ct<-ct
9s7d69ca,152_cascade_medverse_baseline,"model=medverse (released architecture) — released Medverse.ckpt start (checkpoint=orig_weights), medverse_bounded_head=true (sigmoid-appended head -> real logit -> shared bce_dice-with-logits recipe, matching 150/151's adamw/1e-4/bce_dice exactly), eval_autocast=true, medverse.compile=true. Same data/augmentation/schedule as 150/151 except data.query_prior disabled (see runs.json description).",250,gluteus_minimus_right,False,s1287,s1161,False,0.612,,0.6043,0.39750275015830994,37.0,1061.0,0.000506,748.0,0.000357,4.24,,ct ct<-ct
9s7d69ca,152_cascade_medverse_baseline,"model=medverse (released architecture) — released Medverse.ckpt start (checkpoint=orig_weights), medverse_bounded_head=true (sigmoid-appended head -> real logit -> shared bce_dice-with-logits recipe, matching 150/151's adamw/1e-4/bce_dice exactly), eval_autocast=true, medverse.compile=true. Same data/augmentation/schedule as 150/151 except data.query_prior disabled (see runs.json description).",250,gluteus_minimus_right,False,s0991,s1233,False,0.6216,,0.6145,0.38675227761268616,38.4,719.0,0.000343,644.0,0.000307,4.24,,ct ct<-ct
9s7d69ca,152_cascade_medverse_baseline,"model=medverse (released architecture) — released Medverse.ckpt start (checkpoint=orig_weights), medverse_bounded_head=true (sigmoid-appended head -> real logit -> shared bce_dice-with-logits recipe, matching 150/151's adamw/1e-4/bce_dice exactly), eval_autocast=true, medverse.compile=true. Same data/augmentation/schedule as 150/151 except data.query_prior disabled (see runs.json description).",250,gluteus_minimus_right,False,s0095,s0506,False,0.0066,,0.0072,1.0062652826309204,40.5,1198.0,0.000571,1589.0,0.000758,4.24,,ct ct<-ct
9s7d69ca,152_cascade_medverse_baseline,"model=medverse (released architecture) — released Medverse.ckpt start (checkpoint=orig_weights), medverse_bounded_head=true (sigmoid-appended head -> real logit -> shared bce_dice-with-logits recipe, matching 150/151's adamw/1e-4/bce_dice exactly), eval_autocast=true, medverse.compile=true. Same data/augmentation/schedule as 150/151 except data.query_prior disabled (see runs.json description).",250,gluteus_minimus_right,False,s0760,s1238,False,0.7094,,0.6964,0.3046117126941681,44.5,931.0,0.000444,908.0,0.000433,4.24,,ct ct<-ct
9s7d69ca,152_cascade_medverse_baseline,"model=medverse (released architecture) — released Medverse.ckpt start (checkpoint=orig_weights), medverse_bounded_head=true (sigmoid-appended head -> real logit -> shared bce_dice-with-logits recipe, matching 150/151's adamw/1e-4/bce_dice exactly), eval_autocast=true, medverse.compile=true. Same data/augmentation/schedule as 150/151 except data.query_prior disabled (see runs.json description).",250,gluteus_minimus_right,False,s0506,s1024,False,0.4758,,0.4617,0.5421206951141357,40.7,1589.0,0.000758,740.0,0.000353,4.24,,ct ct<-ct
9s7d69ca,152_cascade_medverse_baseline,"model=medverse (released architecture) — released Medverse.ckpt start (checkpoint=orig_weights), medverse_bounded_head=true (sigmoid-appended head -> real logit -> shared bce_dice-with-logits recipe, matching 150/151's adamw/1e-4/bce_dice exactly), eval_autocast=true, medverse.compile=true. Same data/augmentation/schedule as 150/151 except data.query_prior disabled (see runs.json description).",250,gluteus_minimus_right,False,s0324,s1161,False,0.468,,0.4626,0.5388631820678711,35.5,410.0,0.000196,748.0,0.000357,4.24,,ct ct<-ct
9s7d69ca,152_cascade_medverse_baseline,"model=medverse (released architecture) — released Medverse.ckpt start (checkpoint=orig_weights), medverse_bounded_head=true (sigmoid-appended head -> real logit -> shared bce_dice-with-logits recipe, matching 150/151's adamw/1e-4/bce_dice exactly), eval_autocast=true, medverse.compile=true. Same data/augmentation/schedule as 150/151 except data.query_prior disabled (see runs.json description).",250,gluteus_minimus_right,False,s1046,s1238,False,0.6764,,0.6706,0.330954372882843,35.6,924.0,0.000441,908.0,0.000433,4.24,,ct ct<-ct
9s7d69ca,152_cascade_medverse_baseline,"model=medverse (released architecture) — released Medverse.ckpt start (checkpoint=orig_weights), medverse_bounded_head=true (sigmoid-appended head -> real logit -> shared bce_dice-with-logits recipe, matching 150/151's adamw/1e-4/bce_dice exactly), eval_autocast=true, medverse.compile=true. Same data/augmentation/schedule as 150/151 except data.query_prior disabled (see runs.json description).",250,gluteus_minimus_right,False,s0794,s0625,False,0.6869,,0.6763,0.32501280307769775,35.7,918.0,0.000438,790.0,0.000377,4.24,,ct ct<-ct
9s7d69ca,152_cascade_medverse_baseline,"model=medverse (released architecture) — released Medverse.ckpt start (checkpoint=orig_weights), medverse_bounded_head=true (sigmoid-appended head -> real logit -> shared bce_dice-with-logits recipe, matching 150/151's adamw/1e-4/bce_dice exactly), eval_autocast=true, medverse.compile=true. Same data/augmentation/schedule as 150/151 except data.query_prior disabled (see runs.json description).",250,gluteus_minimus_right,False,s1223,s0794,False,0.7579,,0.7492,0.25171008706092834,35.3,882.0,0.000421,918.0,0.000438,4.24,,ct ct<-ct
9s7d69ca,152_cascade_medverse_baseline,"model=medverse (released architecture) — released Medverse.ckpt start (checkpoint=orig_weights), medverse_bounded_head=true (sigmoid-appended head -> real logit -> shared bce_dice-with-logits recipe, matching 150/151's adamw/1e-4/bce_dice exactly), eval_autocast=true, medverse.compile=true. Same data/augmentation/schedule as 150/151 except data.query_prior disabled (see runs.json description).",250,gluteus_minimus_right,False,s0918,s1238,False,0.6254,,0.623,0.3791804015636444,35.1,1054.0,0.000503,908.0,0.000433,4.24,,ct ct<-ct
9s7d69ca,152_cascade_medverse_baseline,"model=medverse (released architecture) — released Medverse.ckpt start (checkpoint=orig_weights), medverse_bounded_head=true (sigmoid-appended head -> real logit -> shared bce_dice-with-logits recipe, matching 150/151's adamw/1e-4/bce_dice exactly), eval_autocast=true, medverse.compile=true. Same data/augmentation/schedule as 150/151 except data.query_prior disabled (see runs.json description).",250,heart,True,s1305,s0839,False,0.8036,,0.7968,0.20712105929851532,46.5,5556.0,0.002649,4806.0,0.002292,4.24,,ct ct<-ct
9s7d69ca,152_cascade_medverse_baseline,"model=medverse (released architecture) — released Medverse.ckpt start (checkpoint=orig_weights), medverse_bounded_head=true (sigmoid-appended head -> real logit -> shared bce_dice-with-logits recipe, matching 150/151's adamw/1e-4/bce_dice exactly), eval_autocast=true, medverse.compile=true. Same data/augmentation/schedule as 150/151 except data.query_prior disabled (see runs.json description).",250,heart,True,s0839,s0607,False,0.7817,,0.7685,0.23523032665252686,35.5,4806.0,0.002292,6019.0,0.00287,4.24,,ct ct<-ct
9s7d69ca,152_cascade_medverse_baseline,"model=medverse (released architecture) — released Medverse.ckpt start (checkpoint=orig_weights), medverse_bounded_head=true (sigmoid-appended head -> real logit -> shared bce_dice-with-logits recipe, matching 150/151's adamw/1e-4/bce_dice exactly), eval_autocast=true, medverse.compile=true. Same data/augmentation/schedule as 150/151 except data.query_prior disabled (see runs.json description).",250,heart,True,s0249,s0458,False,0.5897,,0.58,0.4255779981613159,40.4,3114.0,0.001485,6446.0,0.003074,4.24,,ct ct<-ct
9s7d69ca,152_cascade_medverse_baseline,"model=medverse (released architecture) — released Medverse.ckpt start (checkpoint=orig_weights), medverse_bounded_head=true (sigmoid-appended head -> real logit -> shared bce_dice-with-logits recipe, matching 150/151's adamw/1e-4/bce_dice exactly), eval_autocast=true, medverse.compile=true. Same data/augmentation/schedule as 150/151 except data.query_prior disabled (see runs.json description).",250,heart,True,s0249,s0045,False,0.6579,,0.6612,0.34276819229125977,44.8,3114.0,0.001485,4735.0,0.002258,4.24,,ct ct<-ct
9s7d69ca,152_cascade_medverse_baseline,"model=medverse (released architecture) — released Medverse.ckpt start (checkpoint=orig_weights), medverse_bounded_head=true (sigmoid-appended head -> real logit -> shared bce_dice-with-logits recipe, matching 150/151's adamw/1e-4/bce_dice exactly), eval_autocast=true, medverse.compile=true. Same data/augmentation/schedule as 150/151 except data.query_prior disabled (see runs.json description).",250,heart,True,s0650,s1223,False,0.7676,,0.7645,0.24621835350990295,35.5,8751.0,0.004173,5214.0,0.002486,4.24,,ct ct<-ct
9s7d69ca,152_cascade_medverse_baseline,"model=medverse (released architecture) — released Medverse.ckpt start (checkpoint=orig_weights), medverse_bounded_head=true (sigmoid-appended head -> real logit -> shared bce_dice-with-logits recipe, matching 150/151's adamw/1e-4/bce_dice exactly), eval_autocast=true, medverse.compile=true. Same data/augmentation/schedule as 150/151 except data.query_prior disabled (see runs.json description).",250,heart,True,s0650,s1287,False,0.7085,,0.7096,0.3022692799568176,35.5,8751.0,0.004173,7272.0,0.003468,4.24,,ct ct<-ct
9s7d69ca,152_cascade_medverse_baseline,"model=medverse (released architecture) — released Medverse.ckpt start (checkpoint=orig_weights), medverse_bounded_head=true (sigmoid-appended head -> real logit -> shared bce_dice-with-logits recipe, matching 150/151's adamw/1e-4/bce_dice exactly), eval_autocast=true, medverse.compile=true. Same data/augmentation/schedule as 150/151 except data.query_prior disabled (see runs.json description).",250,heart,True,s0839,s0650,False,0.7876,,0.7837,0.2202322781085968,35.5,4806.0,0.002292,8751.0,0.004173,4.24,,ct ct<-ct
9s7d69ca,152_cascade_medverse_baseline,"model=medverse (released architecture) — released Medverse.ckpt start (checkpoint=orig_weights), medverse_bounded_head=true (sigmoid-appended head -> real logit -> shared bce_dice-with-logits recipe, matching 150/151's adamw/1e-4/bce_dice exactly), eval_autocast=true, medverse.compile=true. Same data/augmentation/schedule as 150/151 except data.query_prior disabled (see runs.json description).",250,hip_left,False,s1024,s0607,False,0.7053,,0.6998,0.30559128522872925,36.7,4203.0,0.002004,5888.0,0.002808,4.24,,ct ct<-ct
9s7d69ca,152_cascade_medverse_baseline,"model=medverse (released architecture) — released Medverse.ckpt start (checkpoint=orig_weights), medverse_bounded_head=true (sigmoid-appended head -> real logit -> shared bce_dice-with-logits recipe, matching 150/151's adamw/1e-4/bce_dice exactly), eval_autocast=true, medverse.compile=true. Same data/augmentation/schedule as 150/151 except data.query_prior disabled (see runs.json description).",250,hip_left,False,s1046,s1161,False,0.7407,,0.7306,0.2773156464099884,40.9,6635.0,0.003164,3344.0,0.001595,4.24,,ct ct<-ct
9s7d69ca,152_cascade_medverse_baseline,"model=medverse (released architecture) — released Medverse.ckpt start (checkpoint=orig_weights), medverse_bounded_head=true (sigmoid-appended head -> real logit -> shared bce_dice-with-logits recipe, matching 150/151's adamw/1e-4/bce_dice exactly), eval_autocast=true, medverse.compile=true. Same data/augmentation/schedule as 150/151 except data.query_prior disabled (see runs.json description).",250,hip_left,False,s0650,s0458,False,0.793,,0.7895,0.21631380915641785,35.6,5538.0,0.002641,4556.0,0.002172,4.24,,ct ct<-ct
9s7d69ca,152_cascade_medverse_baseline,"model=medverse (released architecture) — released Medverse.ckpt start (checkpoint=orig_weights), medverse_bounded_head=true (sigmoid-appended head -> real logit -> shared bce_dice-with-logits recipe, matching 150/151's adamw/1e-4/bce_dice exactly), eval_autocast=true, medverse.compile=true. Same data/augmentation/schedule as 150/151 except data.query_prior disabled (see runs.json description).",250,hip_left,False,s1287,s1305,False,0.0002,,0.0001,1.0290038585662842,35.6,5944.0,0.002834,1.0,0.0,4.24,,ct ct<-ct
9s7d69ca,152_cascade_medverse_baseline,"model=medverse (released architecture) — released Medverse.ckpt start (checkpoint=orig_weights), medverse_bounded_head=true (sigmoid-appended head -> real logit -> shared bce_dice-with-logits recipe, matching 150/151's adamw/1e-4/bce_dice exactly), eval_autocast=true, medverse.compile=true. Same data/augmentation/schedule as 150/151 except data.query_prior disabled (see runs.json description).",250,hip_left,False,s0918,s0216,False,0.7102,,0.7013,0.3068256974220276,35.1,5550.0,0.002646,3463.0,0.001651,4.24,,ct ct<-ct
9s7d69ca,152_cascade_medverse_baseline,"model=medverse (released architecture) — released Medverse.ckpt start (checkpoint=orig_weights), medverse_bounded_head=true (sigmoid-appended head -> real logit -> shared bce_dice-with-logits recipe, matching 150/151's adamw/1e-4/bce_dice exactly), eval_autocast=true, medverse.compile=true. Same data/augmentation/schedule as 150/151 except data.query_prior disabled (see runs.json description).",250,hip_right,True,s0607,s1305,False,0.0415,,0.0413,0.9884063601493835,35.3,5897.0,0.002812,37.0,1.8e-05,4.24,,ct ct<-ct
9s7d69ca,152_cascade_medverse_baseline,"model=medverse (released architecture) — released Medverse.ckpt start (checkpoint=orig_weights), medverse_bounded_head=true (sigmoid-appended head -> real logit -> shared bce_dice-with-logits recipe, matching 150/151's adamw/1e-4/bce_dice exactly), eval_autocast=true, medverse.compile=true. Same data/augmentation/schedule as 150/151 except data.query_prior disabled (see runs.json description).",250,hip_right,True,s0095,s0614,False,0.5792,,0.5682,0.44388628005981445,40.1,6692.0,0.003191,4138.0,0.001973,4.24,,ct ct<-ct
9s7d69ca,152_cascade_medverse_baseline,"model=medverse (released architecture) — released Medverse.ckpt start (checkpoint=orig_weights), medverse_bounded_head=true (sigmoid-appended head -> real logit -> shared bce_dice-with-logits recipe, matching 150/151's adamw/1e-4/bce_dice exactly), eval_autocast=true, medverse.compile=true. Same data/augmentation/schedule as 150/151 except data.query_prior disabled (see runs.json description).",250,hip_right,True,s0324,s1223,False,0.7547,,0.7526,0.2512013614177704,39.4,2898.0,0.001382,4425.0,0.00211,4.24,,ct ct<-ct
9s7d69ca,152_cascade_medverse_baseline,"model=medverse (released architecture) — released Medverse.ckpt start (checkpoint=orig_weights), medverse_bounded_head=true (sigmoid-appended head -> real logit -> shared bce_dice-with-logits recipe, matching 150/151's adamw/1e-4/bce_dice exactly), eval_autocast=true, medverse.compile=true. Same data/augmentation/schedule as 150/151 except data.query_prior disabled (see runs.json description).",250,hip_right,True,s1223,s0000,False,0.0383,,0.0392,0.9794890880584717,36.5,4425.0,0.00211,2108.0,0.001005,4.24,,ct ct<-ct
9s7d69ca,152_cascade_medverse_baseline,"model=medverse (released architecture) — released Medverse.ckpt start (checkpoint=orig_weights), medverse_bounded_head=true (sigmoid-appended head -> real logit -> shared bce_dice-with-logits recipe, matching 150/151's adamw/1e-4/bce_dice exactly), eval_autocast=true, medverse.compile=true. Same data/augmentation/schedule as 150/151 except data.query_prior disabled (see runs.json description).",250,hip_right,True,s1024,s0000,False,0.0447,,0.0441,0.9744356274604797,40.8,4251.0,0.002027,2108.0,0.001005,4.24,,ct ct<-ct
9s7d69ca,152_cascade_medverse_baseline,"model=medverse (released architecture) — released Medverse.ckpt start (checkpoint=orig_weights), medverse_bounded_head=true (sigmoid-appended head -> real logit -> shared bce_dice-with-logits recipe, matching 150/151's adamw/1e-4/bce_dice exactly), eval_autocast=true, medverse.compile=true. Same data/augmentation/schedule as 150/151 except data.query_prior disabled (see runs.json description).",250,humerus_left,True,s0794,s0808,False,0.9213,,0.9108,0.08942119777202606,46.5,696.0,0.000332,850.0,0.000405,4.24,,ct ct<-ct
9s7d69ca,152_cascade_medverse_baseline,"model=medverse (released architecture) — released Medverse.ckpt start (checkpoint=orig_weights), medverse_bounded_head=true (sigmoid-appended head -> real logit -> shared bce_dice-with-logits recipe, matching 150/151's adamw/1e-4/bce_dice exactly), eval_autocast=true, medverse.compile=true. Same data/augmentation/schedule as 150/151 except data.query_prior disabled (see runs.json description).",250,humerus_left,True,s1059,s0991,False,0.0014,,0.0125,0.9893584251403809,35.7,693.0,0.00033,538.0,0.000257,4.24,,ct ct<-ct
9s7d69ca,152_cascade_medverse_baseline,"model=medverse (released architecture) — released Medverse.ckpt start (checkpoint=orig_weights), medverse_bounded_head=true (sigmoid-appended head -> real logit -> shared bce_dice-with-logits recipe, matching 150/151's adamw/1e-4/bce_dice exactly), eval_autocast=true, medverse.compile=true. Same data/augmentation/schedule as 150/151 except data.query_prior disabled (see runs.json description).",250,humerus_left,True,s0675,s0824,False,0.628,,0.6245,0.37689128518104553,44.8,806.0,0.000384,1279.0,0.00061,4.24,,ct ct<-ct
9s7d69ca,152_cascade_medverse_baseline,"model=medverse (released architecture) — released Medverse.ckpt start (checkpoint=orig_weights), medverse_bounded_head=true (sigmoid-appended head -> real logit -> shared bce_dice-with-logits recipe, matching 150/151's adamw/1e-4/bce_dice exactly), eval_autocast=true, medverse.compile=true. Same data/augmentation/schedule as 150/151 except data.query_prior disabled (see runs.json description).",250,humerus_left,True,s0991,s1287,False,0.8477,,0.8423,0.15801677107810974,35.6,538.0,0.000257,574.0,0.000274,4.24,,ct ct<-ct
9s7d69ca,152_cascade_medverse_baseline,"model=medverse (released architecture) — released Medverse.ckpt start (checkpoint=orig_weights), medverse_bounded_head=true (sigmoid-appended head -> real logit -> shared bce_dice-with-logits recipe, matching 150/151's adamw/1e-4/bce_dice exactly), eval_autocast=true, medverse.compile=true. Same data/augmentation/schedule as 150/151 except data.query_prior disabled (see runs.json description).",250,humerus_left,True,s0794,s0466,False,0.0014,,0.0,1.0036289691925049,43.8,696.0,0.000332,8.0,4e-06,4.24,,ct ct<-ct
9s7d69ca,152_cascade_medverse_baseline,"model=medverse (released architecture) — released Medverse.ckpt start (checkpoint=orig_weights), medverse_bounded_head=true (sigmoid-appended head -> real logit -> shared bce_dice-with-logits recipe, matching 150/151's adamw/1e-4/bce_dice exactly), eval_autocast=true, medverse.compile=true. Same data/augmentation/schedule as 150/151 except data.query_prior disabled (see runs.json description).",250,humerus_left,True,s0698,s1046,False,0.8343,,0.831,0.16933229565620422,36.5,493.0,0.000235,647.0,0.000309,4.24,,ct ct<-ct
9s7d69ca,152_cascade_medverse_baseline,"model=medverse (released architecture) — released Medverse.ckpt start (checkpoint=orig_weights), medverse_bounded_head=true (sigmoid-appended head -> real logit -> shared bce_dice-with-logits recipe, matching 150/151's adamw/1e-4/bce_dice exactly), eval_autocast=true, medverse.compile=true. Same data/augmentation/schedule as 150/151 except data.query_prior disabled (see runs.json description).",250,humerus_left,True,s0991,s1233,False,0.8368,,0.8341,0.16631151735782623,35.3,538.0,0.000257,852.0,0.000406,4.24,,ct ct<-ct
9s7d69ca,152_cascade_medverse_baseline,"model=medverse (released architecture) — released Medverse.ckpt start (checkpoint=orig_weights), medverse_bounded_head=true (sigmoid-appended head -> real logit -> shared bce_dice-with-logits recipe, matching 150/151's adamw/1e-4/bce_dice exactly), eval_autocast=true, medverse.compile=true. Same data/augmentation/schedule as 150/151 except data.query_prior disabled (see runs.json description).",250,humerus_right,False,s0698,s0123,False,0.8453,,0.8425,0.15776656568050385,35.3,473.0,0.000226,574.0,0.000274,4.24,,ct ct<-ct
9s7d69ca,152_cascade_medverse_baseline,"model=medverse (released architecture) — released Medverse.ckpt start (checkpoint=orig_weights), medverse_bounded_head=true (sigmoid-appended head -> real logit -> shared bce_dice-with-logits recipe, matching 150/151's adamw/1e-4/bce_dice exactly), eval_autocast=true, medverse.compile=true. Same data/augmentation/schedule as 150/151 except data.query_prior disabled (see runs.json description).",250,humerus_right,False,s1287,s0991,False,0.9039,,0.8987,0.10152557492256165,35.4,471.0,0.000225,377.0,0.00018,4.24,,ct ct<-ct
9s7d69ca,152_cascade_medverse_baseline,"model=medverse (released architecture) — released Medverse.ckpt start (checkpoint=orig_weights), medverse_bounded_head=true (sigmoid-appended head -> real logit -> shared bce_dice-with-logits recipe, matching 150/151's adamw/1e-4/bce_dice exactly), eval_autocast=true, medverse.compile=true. Same data/augmentation/schedule as 150/151 except data.query_prior disabled (see runs.json description).",250,humerus_right,False,s0032,s0991,False,0.786,,0.7828,0.21791407465934753,51.6,800.0,0.000381,377.0,0.00018,4.24,,ct ct<-ct
9s7d69ca,152_cascade_medverse_baseline,"model=medverse (released architecture) — released Medverse.ckpt start (checkpoint=orig_weights), medverse_bounded_head=true (sigmoid-appended head -> real logit -> shared bce_dice-with-logits recipe, matching 150/151's adamw/1e-4/bce_dice exactly), eval_autocast=true, medverse.compile=true. Same data/augmentation/schedule as 150/151 except data.query_prior disabled (see runs.json description).",250,humerus_right,False,s0918,s0032,False,0.9228,,0.9157,0.08453243970870972,35.2,972.0,0.000463,800.0,0.000381,4.24,,ct ct<-ct
9s7d69ca,152_cascade_medverse_baseline,"model=medverse (released architecture) — released Medverse.ckpt start (checkpoint=orig_weights), medverse_bounded_head=true (sigmoid-appended head -> real logit -> shared bce_dice-with-logits recipe, matching 150/151's adamw/1e-4/bce_dice exactly), eval_autocast=true, medverse.compile=true. Same data/augmentation/schedule as 150/151 except data.query_prior disabled (see runs.json description).",250,humerus_right,False,s1337,s0794,False,0.7835,,0.7817,0.21887323260307312,35.2,484.0,0.000231,864.0,0.000412,4.24,,ct ct<-ct
9s7d69ca,152_cascade_medverse_baseline,"model=medverse (released architecture) — released Medverse.ckpt start (checkpoint=orig_weights), medverse_bounded_head=true (sigmoid-appended head -> real logit -> shared bce_dice-with-logits recipe, matching 150/151's adamw/1e-4/bce_dice exactly), eval_autocast=true, medverse.compile=true. Same data/augmentation/schedule as 150/151 except data.query_prior disabled (see runs.json description).",250,iliac_artery_left,True,s0000,s0614,False,0.0256,,0.0001,1.000113606452942,35.7,38.0,1.8e-05,150.0,7.2e-05,4.24,,ct ct<-ct
9s7d69ca,152_cascade_medverse_baseline,"model=medverse (released architecture) — released Medverse.ckpt start (checkpoint=orig_weights), medverse_bounded_head=true (sigmoid-appended head -> real logit -> shared bce_dice-with-logits recipe, matching 150/151's adamw/1e-4/bce_dice exactly), eval_autocast=true, medverse.compile=true. Same data/augmentation/schedule as 150/151 except data.query_prior disabled (see runs.json description).",250,iliac_artery_left,True,s0095,s1161,False,0.1812,,0.1732,0.8286539912223816,35.7,360.0,0.000172,140.0,6.7e-05,4.24,,ct ct<-ct
9s7d69ca,152_cascade_medverse_baseline,"model=medverse (released architecture) — released Medverse.ckpt start (checkpoint=orig_weights), medverse_bounded_head=true (sigmoid-appended head -> real logit -> shared bce_dice-with-logits recipe, matching 150/151's adamw/1e-4/bce_dice exactly), eval_autocast=true, medverse.compile=true. Same data/augmentation/schedule as 150/151 except data.query_prior disabled (see runs.json description).",250,iliac_artery_left,True,s0095,s1024,False,0.0027,,0.0005,1.0010579824447632,43.6,360.0,0.000172,157.0,7.5e-05,4.24,,ct ct<-ct
9s7d69ca,152_cascade_medverse_baseline,"model=medverse (released architecture) — released Medverse.ckpt start (checkpoint=orig_weights), medverse_bounded_head=true (sigmoid-appended head -> real logit -> shared bce_dice-with-logits recipe, matching 150/151's adamw/1e-4/bce_dice exactly), eval_autocast=true, medverse.compile=true. Same data/augmentation/schedule as 150/151 except data.query_prior disabled (see runs.json description).",250,iliac_artery_left,True,s1238,s1046,False,0.3277,,0.3218,0.6790834665298462,51.6,204.0,9.7e-05,347.0,0.000165,4.24,,ct ct<-ct
9s7d69ca,152_cascade_medverse_baseline,"model=medverse (released architecture) — released Medverse.ckpt start (checkpoint=orig_weights), medverse_bounded_head=true (sigmoid-appended head -> real logit -> shared bce_dice-with-logits recipe, matching 150/151's adamw/1e-4/bce_dice exactly), eval_autocast=true, medverse.compile=true. Same data/augmentation/schedule as 150/151 except data.query_prior disabled (see runs.json description).",250,iliac_artery_left,True,s1046,s0000,False,0.1919,,0.1882,0.8130042552947998,35.4,347.0,0.000165,38.0,1.8e-05,4.24,,ct ct<-ct
9s7d69ca,152_cascade_medverse_baseline,"model=medverse (released architecture) — released Medverse.ckpt start (checkpoint=orig_weights), medverse_bounded_head=true (sigmoid-appended head -> real logit -> shared bce_dice-with-logits recipe, matching 150/151's adamw/1e-4/bce_dice exactly), eval_autocast=true, medverse.compile=true. Same data/augmentation/schedule as 150/151 except data.query_prior disabled (see runs.json description).",250,iliac_artery_left,True,s1024,s1233,False,0.3803,,0.361,0.6396469473838806,35.3,157.0,7.5e-05,124.0,5.9e-05,4.24,,ct ct<-ct
9s7d69ca,152_cascade_medverse_baseline,"model=medverse (released architecture) — released Medverse.ckpt start (checkpoint=orig_weights), medverse_bounded_head=true (sigmoid-appended head -> real logit -> shared bce_dice-with-logits recipe, matching 150/151's adamw/1e-4/bce_dice exactly), eval_autocast=true, medverse.compile=true. Same data/augmentation/schedule as 150/151 except data.query_prior disabled (see runs.json description).",250,iliac_artery_right,False,s0045,s0607,False,0.7012,,0.6961,0.3047982454299927,37.0,502.0,0.000239,213.0,0.000102,4.24,,ct ct<-ct
9s7d69ca,152_cascade_medverse_baseline,"model=medverse (released architecture) — released Medverse.ckpt start (checkpoint=orig_weights), medverse_bounded_head=true (sigmoid-appended head -> real logit -> shared bce_dice-with-logits recipe, matching 150/151's adamw/1e-4/bce_dice exactly), eval_autocast=true, medverse.compile=true. Same data/augmentation/schedule as 150/151 except data.query_prior disabled (see runs.json description).",250,iliac_artery_right,False,s0614,s1233,False,0.0922,,0.0871,0.9136480093002319,35.6,154.0,7.3e-05,159.0,7.6e-05,4.24,,ct ct<-ct
9s7d69ca,152_cascade_medverse_baseline,"model=medverse (released architecture) — released Medverse.ckpt start (checkpoint=orig_weights), medverse_bounded_head=true (sigmoid-appended head -> real logit -> shared bce_dice-with-logits recipe, matching 150/151's adamw/1e-4/bce_dice exactly), eval_autocast=true, medverse.compile=true. Same data/augmentation/schedule as 150/151 except data.query_prior disabled (see runs.json description).",250,iliac_artery_right,False,s1161,s0614,False,0.0005,,0.0,1.0038435459136963,35.8,105.0,5e-05,154.0,7.3e-05,4.24,,ct ct<-ct
9s7d69ca,152_cascade_medverse_baseline,"model=medverse (released architecture) — released Medverse.ckpt start (checkpoint=orig_weights), medverse_bounded_head=true (sigmoid-appended head -> real logit -> shared bce_dice-with-logits recipe, matching 150/151's adamw/1e-4/bce_dice exactly), eval_autocast=true, medverse.compile=true. Same data/augmentation/schedule as 150/151 except data.query_prior disabled (see runs.json description).",250,iliac_artery_right,False,s1287,s0794,False,0.458,,0.4651,0.5358749032020569,38.5,337.0,0.000161,137.0,6.5e-05,4.24,,ct ct<-ct
9s7d69ca,152_cascade_medverse_baseline,"model=medverse (released architecture) — released Medverse.ckpt start (checkpoint=orig_weights), medverse_bounded_head=true (sigmoid-appended head -> real logit -> shared bce_dice-with-logits recipe, matching 150/151's adamw/1e-4/bce_dice exactly), eval_autocast=true, medverse.compile=true. Same data/augmentation/schedule as 150/151 except data.query_prior disabled (see runs.json description).",250,iliac_artery_right,False,s0650,s1305,False,0.0008,,0.0001,1.0025405883789062,35.5,260.0,0.000124,16.0,8e-06,4.24,,ct ct<-ct
9s7d69ca,152_cascade_medverse_baseline,"model=medverse (released architecture) — released Medverse.ckpt start (checkpoint=orig_weights), medverse_bounded_head=true (sigmoid-appended head -> real logit -> shared bce_dice-with-logits recipe, matching 150/151's adamw/1e-4/bce_dice exactly), eval_autocast=true, medverse.compile=true. Same data/augmentation/schedule as 150/151 except data.query_prior disabled (see runs.json description).",250,iliac_artery_right,False,s1238,s1024,False,0.2521,,0.251,0.7499688267707825,35.5,202.0,9.6e-05,145.0,6.9e-05,4.24,,ct ct<-ct
9s7d69ca,152_cascade_medverse_baseline,"model=medverse (released architecture) — released Medverse.ckpt start (checkpoint=orig_weights), medverse_bounded_head=true (sigmoid-appended head -> real logit -> shared bce_dice-with-logits recipe, matching 150/151's adamw/1e-4/bce_dice exactly), eval_autocast=true, medverse.compile=true. Same data/augmentation/schedule as 150/151 except data.query_prior disabled (see runs.json description).",250,iliac_artery_right,False,s0794,s1233,False,0.2079,,0.2105,0.7905999422073364,35.4,137.0,6.5e-05,159.0,7.6e-05,4.24,,ct ct<-ct
9s7d69ca,152_cascade_medverse_baseline,"model=medverse (released architecture) — released Medverse.ckpt start (checkpoint=orig_weights), medverse_bounded_head=true (sigmoid-appended head -> real logit -> shared bce_dice-with-logits recipe, matching 150/151's adamw/1e-4/bce_dice exactly), eval_autocast=true, medverse.compile=true. Same data/augmentation/schedule as 150/151 except data.query_prior disabled (see runs.json description).",250,iliac_artery_right,False,s0607,s1024,False,0.0871,,0.0925,0.9085481762886047,35.3,213.0,0.000102,145.0,6.9e-05,4.24,,ct ct<-ct
9s7d69ca,152_cascade_medverse_baseline,"model=medverse (released architecture) — released Medverse.ckpt start (checkpoint=orig_weights), medverse_bounded_head=true (sigmoid-appended head -> real logit -> shared bce_dice-with-logits recipe, matching 150/151's adamw/1e-4/bce_dice exactly), eval_autocast=true, medverse.compile=true. Same data/augmentation/schedule as 150/151 except data.query_prior disabled (see runs.json description).",250,iliac_artery_right,False,s1233,s0045,False,0.0866,,0.0854,0.9163912534713745,35.2,159.0,7.6e-05,502.0,0.000239,4.24,,ct ct<-ct
9s7d69ca,152_cascade_medverse_baseline,"model=medverse (released architecture) — released Medverse.ckpt start (checkpoint=orig_weights), medverse_bounded_head=true (sigmoid-appended head -> real logit -> shared bce_dice-with-logits recipe, matching 150/151's adamw/1e-4/bce_dice exactly), eval_autocast=true, medverse.compile=true. Same data/augmentation/schedule as 150/151 except data.query_prior disabled (see runs.json description).",250,iliac_artery_right,False,s0458,s0760,False,0.5371,,0.5334,0.4672456979751587,35.1,238.0,0.000113,143.0,6.8e-05,4.24,,ct ct<-ct
9s7d69ca,152_cascade_medverse_baseline,"model=medverse (released architecture) — released Medverse.ckpt start (checkpoint=orig_weights), medverse_bounded_head=true (sigmoid-appended head -> real logit -> shared bce_dice-with-logits recipe, matching 150/151's adamw/1e-4/bce_dice exactly), eval_autocast=true, medverse.compile=true. Same data/augmentation/schedule as 150/151 except data.query_prior disabled (see runs.json description).",250,iliac_vena_left,True,s1305,s1233,False,0.0455,,0.0,1.0000299215316772,35.3,5.0,2e-06,252.0,0.00012,4.24,,ct ct<-ct
9s7d69ca,152_cascade_medverse_baseline,"model=medverse (released architecture) — released Medverse.ckpt start (checkpoint=orig_weights), medverse_bounded_head=true (sigmoid-appended head -> real logit -> shared bce_dice-with-logits recipe, matching 150/151's adamw/1e-4/bce_dice exactly), eval_autocast=true, medverse.compile=true. Same data/augmentation/schedule as 150/151 except data.query_prior disabled (see runs.json description).",250,iliac_vena_left,True,s0546,s0458,False,0.4022,,0.4038,0.5978322625160217,40.1,484.0,0.000231,300.0,0.000143,4.24,,ct ct<-ct
9s7d69ca,152_cascade_medverse_baseline,"model=medverse (released architecture) — released Medverse.ckpt start (checkpoint=orig_weights), medverse_bounded_head=true (sigmoid-appended head -> real logit -> shared bce_dice-with-logits recipe, matching 150/151's adamw/1e-4/bce_dice exactly), eval_autocast=true, medverse.compile=true. Same data/augmentation/schedule as 150/151 except data.query_prior disabled (see runs.json description).",250,iliac_vena_left,True,s1305,s1238,False,0.0013,,0.0,1.0010467767715454,41.0,5.0,2e-06,300.0,0.000143,4.24,,ct ct<-ct
9s7d69ca,152_cascade_medverse_baseline,"model=medverse (released architecture) — released Medverse.ckpt start (checkpoint=orig_weights), medverse_bounded_head=true (sigmoid-appended head -> real logit -> shared bce_dice-with-logits recipe, matching 150/151's adamw/1e-4/bce_dice exactly), eval_autocast=true, medverse.compile=true. Same data/augmentation/schedule as 150/151 except data.query_prior disabled (see runs.json description).",250,iliac_vena_left,True,s1024,s1233,False,0.3862,,0.3767,0.6251772046089172,35.6,453.0,0.000216,252.0,0.00012,4.24,,ct ct<-ct
9s7d69ca,152_cascade_medverse_baseline,"model=medverse (released architecture) — released Medverse.ckpt start (checkpoint=orig_weights), medverse_bounded_head=true (sigmoid-appended head -> real logit -> shared bce_dice-with-logits recipe, matching 150/151's adamw/1e-4/bce_dice exactly), eval_autocast=true, medverse.compile=true. Same data/augmentation/schedule as 150/151 except data.query_prior disabled (see runs.json description).",250,iliac_vena_left,True,s0607,s1223,False,0.3328,,0.3306,0.6712626218795776,42.0,405.0,0.000193,323.0,0.000154,4.24,,ct ct<-ct
9s7d69ca,152_cascade_medverse_baseline,"model=medverse (released architecture) — released Medverse.ckpt start (checkpoint=orig_weights), medverse_bounded_head=true (sigmoid-appended head -> real logit -> shared bce_dice-with-logits recipe, matching 150/151's adamw/1e-4/bce_dice exactly), eval_autocast=true, medverse.compile=true. Same data/augmentation/schedule as 150/151 except data.query_prior disabled (see runs.json description).",250,iliac_vena_left,True,s0607,s0918,False,0.2527,,0.2406,0.7614558339118958,35.1,405.0,0.000193,275.0,0.000131,4.24,,ct ct<-ct
9s7d69ca,152_cascade_medverse_baseline,"model=medverse (released architecture) — released Medverse.ckpt start (checkpoint=orig_weights), medverse_bounded_head=true (sigmoid-appended head -> real logit -> shared bce_dice-with-logits recipe, matching 150/151's adamw/1e-4/bce_dice exactly), eval_autocast=true, medverse.compile=true. Same data/augmentation/schedule as 150/151 except data.query_prior disabled (see runs.json description).",250,iliac_vena_right,False,s0650,s0794,False,0.4118,,0.4082,0.5933577418327332,40.5,322.0,0.000154,305.0,0.000145,4.24,,ct ct<-ct
9s7d69ca,152_cascade_medverse_baseline,"model=medverse (released architecture) — released Medverse.ckpt start (checkpoint=orig_weights), medverse_bounded_head=true (sigmoid-appended head -> real logit -> shared bce_dice-with-logits recipe, matching 150/151's adamw/1e-4/bce_dice exactly), eval_autocast=true, medverse.compile=true. Same data/augmentation/schedule as 150/151 except data.query_prior disabled (see runs.json description).",250,iliac_vena_right,False,s0216,s1223,False,0.155,,0.1537,0.8475927114486694,40.4,155.0,7.4e-05,326.0,0.000155,4.24,,ct ct<-ct
9s7d69ca,152_cascade_medverse_baseline,"model=medverse (released architecture) — released Medverse.ckpt start (checkpoint=orig_weights), medverse_bounded_head=true (sigmoid-appended head -> real logit -> shared bce_dice-with-logits recipe, matching 150/151's adamw/1e-4/bce_dice exactly), eval_autocast=true, medverse.compile=true. Same data/augmentation/schedule as 150/151 except data.query_prior disabled (see runs.json description).",250,iliac_vena_right,False,s0794,s0625,False,0.4025,,0.3985,0.6026402711868286,49.2,305.0,0.000145,337.0,0.000161,4.24,,ct ct<-ct
9s7d69ca,152_cascade_medverse_baseline,"model=medverse (released architecture) — released Medverse.ckpt start (checkpoint=orig_weights), medverse_bounded_head=true (sigmoid-appended head -> real logit -> shared bce_dice-with-logits recipe, matching 150/151's adamw/1e-4/bce_dice exactly), eval_autocast=true, medverse.compile=true. Same data/augmentation/schedule as 150/151 except data.query_prior disabled (see runs.json description).",250,iliac_vena_right,False,s1305,s0546,False,0.0011,,0.0,1.001579761505127,41.7,5.0,2e-06,417.0,0.000199,4.24,,ct ct<-ct
9s7d69ca,152_cascade_medverse_baseline,"model=medverse (released architecture) — released Medverse.ckpt start (checkpoint=orig_weights), medverse_bounded_head=true (sigmoid-appended head -> real logit -> shared bce_dice-with-logits recipe, matching 150/151's adamw/1e-4/bce_dice exactly), eval_autocast=true, medverse.compile=true. Same data/augmentation/schedule as 150/151 except data.query_prior disabled (see runs.json description).",250,iliac_vena_right,False,s0794,s1233,False,0.4024,,0.3997,0.6015638709068298,40.4,305.0,0.000145,254.0,0.000121,4.24,,ct ct<-ct
9s7d69ca,152_cascade_medverse_baseline,"model=medverse (released architecture) — released Medverse.ckpt start (checkpoint=orig_weights), medverse_bounded_head=true (sigmoid-appended head -> real logit -> shared bce_dice-with-logits recipe, matching 150/151's adamw/1e-4/bce_dice exactly), eval_autocast=true, medverse.compile=true. Same data/augmentation/schedule as 150/151 except data.query_prior disabled (see runs.json description).",250,iliac_vena_right,False,s0625,s0991,False,0.3149,,0.3078,0.6939008235931396,35.4,337.0,0.000161,337.0,0.000161,4.24,,ct ct<-ct
9s7d69ca,152_cascade_medverse_baseline,"model=medverse (released architecture) — released Medverse.ckpt start (checkpoint=orig_weights), medverse_bounded_head=true (sigmoid-appended head -> real logit -> shared bce_dice-with-logits recipe, matching 150/151's adamw/1e-4/bce_dice exactly), eval_autocast=true, medverse.compile=true. Same data/augmentation/schedule as 150/151 except data.query_prior disabled (see runs.json description).",250,iliac_vena_right,False,s0607,s1161,False,0.3694,,0.3628,0.6384846568107605,40.8,346.0,0.000165,179.0,8.5e-05,4.24,,ct ct<-ct
9s7d69ca,152_cascade_medverse_baseline,"model=medverse (released architecture) — released Medverse.ckpt start (checkpoint=orig_weights), medverse_bounded_head=true (sigmoid-appended head -> real logit -> shared bce_dice-with-logits recipe, matching 150/151's adamw/1e-4/bce_dice exactly), eval_autocast=true, medverse.compile=true. Same data/augmentation/schedule as 150/151 except data.query_prior disabled (see runs.json description).",250,iliac_vena_right,False,s0458,s1161,False,0.3096,,0.2897,0.7109659910202026,39.1,215.0,0.000103,179.0,8.5e-05,4.24,,ct ct<-ct
9s7d69ca,152_cascade_medverse_baseline,"model=medverse (released architecture) — released Medverse.ckpt start (checkpoint=orig_weights), medverse_bounded_head=true (sigmoid-appended head -> real logit -> shared bce_dice-with-logits recipe, matching 150/151's adamw/1e-4/bce_dice exactly), eval_autocast=true, medverse.compile=true. Same data/augmentation/schedule as 150/151 except data.query_prior disabled (see runs.json description).",250,iliac_vena_right,False,s1046,s1305,False,0.3421,,0.323,0.6785436868667603,35.3,432.0,0.000206,5.0,2e-06,4.24,,ct ct<-ct
9s7d69ca,152_cascade_medverse_baseline,"model=medverse (released architecture) — released Medverse.ckpt start (checkpoint=orig_weights), medverse_bounded_head=true (sigmoid-appended head -> real logit -> shared bce_dice-with-logits recipe, matching 150/151's adamw/1e-4/bce_dice exactly), eval_autocast=true, medverse.compile=true. Same data/augmentation/schedule as 150/151 except data.query_prior disabled (see runs.json description).",250,iliac_vena_right,False,s0918,s0607,False,0.3031,,0.2971,0.7047140002250671,35.1,249.0,0.000119,346.0,0.000165,4.24,,ct ct<-ct
9s7d69ca,152_cascade_medverse_baseline,"model=medverse (released architecture) — released Medverse.ckpt start (checkpoint=orig_weights), medverse_bounded_head=true (sigmoid-appended head -> real logit -> shared bce_dice-with-logits recipe, matching 150/151's adamw/1e-4/bce_dice exactly), eval_autocast=true, medverse.compile=true. Same data/augmentation/schedule as 150/151 except data.query_prior disabled (see runs.json description).",250,iliopsoas_left,False,s1024,s0032,False,0.1056,,0.1025,0.9112735986709595,35.5,2983.0,0.001422,8.0,4e-06,4.24,,ct ct<-ct
9s7d69ca,152_cascade_medverse_baseline,"model=medverse (released architecture) — released Medverse.ckpt start (checkpoint=orig_weights), medverse_bounded_head=true (sigmoid-appended head -> real logit -> shared bce_dice-with-logits recipe, matching 150/151's adamw/1e-4/bce_dice exactly), eval_autocast=true, medverse.compile=true. Same data/augmentation/schedule as 150/151 except data.query_prior disabled (see runs.json description).",250,iliopsoas_left,False,s0000,s0675,False,0.0004,,0.0001,1.0055161714553833,35.3,933.0,0.000445,10.0,5e-06,4.24,,ct ct<-ct
9s7d69ca,152_cascade_medverse_baseline,"model=medverse (released architecture) — released Medverse.ckpt start (checkpoint=orig_weights), medverse_bounded_head=true (sigmoid-appended head -> real logit -> shared bce_dice-with-logits recipe, matching 150/151's adamw/1e-4/bce_dice exactly), eval_autocast=true, medverse.compile=true. Same data/augmentation/schedule as 150/151 except data.query_prior disabled (see runs.json description).",250,iliopsoas_left,False,s0918,s0794,False,0.7129,,0.7127,0.29312437772750854,40.7,3410.0,0.001626,3028.0,0.001444,4.24,,ct ct<-ct
9s7d69ca,152_cascade_medverse_baseline,"model=medverse (released architecture) — released Medverse.ckpt start (checkpoint=orig_weights), medverse_bounded_head=true (sigmoid-appended head -> real logit -> shared bce_dice-with-logits recipe, matching 150/151's adamw/1e-4/bce_dice exactly), eval_autocast=true, medverse.compile=true. Same data/augmentation/schedule as 150/151 except data.query_prior disabled (see runs.json description).",250,iliopsoas_left,False,s0324,s0045,False,0.5102,,0.5093,0.49967584013938904,41.1,2705.0,0.00129,3638.0,0.001735,4.24,,ct ct<-ct
9s7d69ca,152_cascade_medverse_baseline,"model=medverse (released architecture) — released Medverse.ckpt start (checkpoint=orig_weights), medverse_bounded_head=true (sigmoid-appended head -> real logit -> shared bce_dice-with-logits recipe, matching 150/151's adamw/1e-4/bce_dice exactly), eval_autocast=true, medverse.compile=true. Same data/augmentation/schedule as 150/151 except data.query_prior disabled (see runs.json description).",250,iliopsoas_left,False,s0249,s0918,False,0.0007,,0.0,1.0029900074005127,43.8,5.0,2e-06,3410.0,0.001626,4.24,,ct ct<-ct
9s7d69ca,152_cascade_medverse_baseline,"model=medverse (released architecture) — released Medverse.ckpt start (checkpoint=orig_weights), medverse_bounded_head=true (sigmoid-appended head -> real logit -> shared bce_dice-with-logits recipe, matching 150/151's adamw/1e-4/bce_dice exactly), eval_autocast=true, medverse.compile=true. Same data/augmentation/schedule as 150/151 except data.query_prior disabled (see runs.json description).",250,iliopsoas_left,False,s0000,s1024,False,0.0005,,0.0,1.0073453187942505,36.9,933.0,0.000445,2983.0,0.001422,4.24,,ct ct<-ct
9s7d69ca,152_cascade_medverse_baseline,"model=medverse (released architecture) — released Medverse.ckpt start (checkpoint=orig_weights), medverse_bounded_head=true (sigmoid-appended head -> real logit -> shared bce_dice-with-logits recipe, matching 150/151's adamw/1e-4/bce_dice exactly), eval_autocast=true, medverse.compile=true. Same data/augmentation/schedule as 150/151 except data.query_prior disabled (see runs.json description).",250,iliopsoas_left,False,s0747,s0506,False,0.0059,,0.0,1.0003660917282104,35.2,48.0,2.3e-05,4307.0,0.002054,4.24,,ct ct<-ct
9s7d69ca,152_cascade_medverse_baseline,"model=medverse (released architecture) — released Medverse.ckpt start (checkpoint=orig_weights), medverse_bounded_head=true (sigmoid-appended head -> real logit -> shared bce_dice-with-logits recipe, matching 150/151's adamw/1e-4/bce_dice exactly), eval_autocast=true, medverse.compile=true. Same data/augmentation/schedule as 150/151 except data.query_prior disabled (see runs.json description).",250,iliopsoas_left,False,s1233,s1278,False,0.0009,,0.0039,1.0095438957214355,43.2,2809.0,0.001339,117.0,5.6e-05,4.24,,ct ct<-ct
9s7d69ca,152_cascade_medverse_baseline,"model=medverse (released architecture) — released Medverse.ckpt start (checkpoint=orig_weights), medverse_bounded_head=true (sigmoid-appended head -> real logit -> shared bce_dice-with-logits recipe, matching 150/151's adamw/1e-4/bce_dice exactly), eval_autocast=true, medverse.compile=true. Same data/augmentation/schedule as 150/151 except data.query_prior disabled (see runs.json description).",250,iliopsoas_left,False,s0506,s1024,False,0.0002,,0.0002,1.0244736671447754,43.2,4307.0,0.002054,2983.0,0.001422,4.24,,ct ct<-ct
9s7d69ca,152_cascade_medverse_baseline,"model=medverse (released architecture) — released Medverse.ckpt start (checkpoint=orig_weights), medverse_bounded_head=true (sigmoid-appended head -> real logit -> shared bce_dice-with-logits recipe, matching 150/151's adamw/1e-4/bce_dice exactly), eval_autocast=true, medverse.compile=true. Same data/augmentation/schedule as 150/151 except data.query_prior disabled (see runs.json description).",250,iliopsoas_left,False,s0032,s1161,False,0.0004,,0.0,1.00434410572052,35.2,8.0,4e-06,2122.0,0.001012,4.24,,ct ct<-ct
9s7d69ca,152_cascade_medverse_baseline,"model=medverse (released architecture) — released Medverse.ckpt start (checkpoint=orig_weights), medverse_bounded_head=true (sigmoid-appended head -> real logit -> shared bce_dice-with-logits recipe, matching 150/151's adamw/1e-4/bce_dice exactly), eval_autocast=true, medverse.compile=true. Same data/augmentation/schedule as 150/151 except data.query_prior disabled (see runs.json description).",250,iliopsoas_left,False,s0324,s0032,False,0.0057,,0.0068,1.0052357912063599,35.1,2705.0,0.00129,8.0,4e-06,4.24,,ct ct<-ct
9s7d69ca,152_cascade_medverse_baseline,"model=medverse (released architecture) — released Medverse.ckpt start (checkpoint=orig_weights), medverse_bounded_head=true (sigmoid-appended head -> real logit -> shared bce_dice-with-logits recipe, matching 150/151's adamw/1e-4/bce_dice exactly), eval_autocast=true, medverse.compile=true. Same data/augmentation/schedule as 150/151 except data.query_prior disabled (see runs.json description).",250,iliopsoas_right,True,s0650,s0824,False,0.0003,,0.0001,1.015247106552124,37.0,2962.0,0.001412,1.0,0.0,4.24,,ct ct<-ct
9s7d69ca,152_cascade_medverse_baseline,"model=medverse (released architecture) — released Medverse.ckpt start (checkpoint=orig_weights), medverse_bounded_head=true (sigmoid-appended head -> real logit -> shared bce_dice-with-logits recipe, matching 150/151's adamw/1e-4/bce_dice exactly), eval_autocast=true, medverse.compile=true. Same data/augmentation/schedule as 150/151 except data.query_prior disabled (see runs.json description).",250,iliopsoas_right,True,s0607,s0506,False,0.2407,,0.2367,0.7769739031791687,38.1,3881.0,0.001851,4246.0,0.002025,4.24,,ct ct<-ct
9s7d69ca,152_cascade_medverse_baseline,"model=medverse (released architecture) — released Medverse.ckpt start (checkpoint=orig_weights), medverse_bounded_head=true (sigmoid-appended head -> real logit -> shared bce_dice-with-logits recipe, matching 150/151's adamw/1e-4/bce_dice exactly), eval_autocast=true, medverse.compile=true. Same data/augmentation/schedule as 150/151 except data.query_prior disabled (see runs.json description).",250,iliopsoas_right,True,s0123,s0614,False,0.0031,,0.0,1.0005487203598022,36.2,14.0,7e-06,2881.0,0.001374,4.24,,ct ct<-ct
9s7d69ca,152_cascade_medverse_baseline,"model=medverse (released architecture) — released Medverse.ckpt start (checkpoint=orig_weights), medverse_bounded_head=true (sigmoid-appended head -> real logit -> shared bce_dice-with-logits recipe, matching 150/151's adamw/1e-4/bce_dice exactly), eval_autocast=true, medverse.compile=true. Same data/augmentation/schedule as 150/151 except data.query_prior disabled (see runs.json description).",250,iliopsoas_right,True,s1233,s0216,False,0.1361,,0.1365,0.8755766749382019,42.6,2486.0,0.001185,2135.0,0.001018,4.24,,ct ct<-ct
9s7d69ca,152_cascade_medverse_baseline,"model=medverse (released architecture) — released Medverse.ckpt start (checkpoint=orig_weights), medverse_bounded_head=true (sigmoid-appended head -> real logit -> shared bce_dice-with-logits recipe, matching 150/151's adamw/1e-4/bce_dice exactly), eval_autocast=true, medverse.compile=true. Same data/augmentation/schedule as 150/151 except data.query_prior disabled (see runs.json description).",250,iliopsoas_right,True,s0420,s0216,False,0.0076,,0.0,1.0002444982528687,41.1,19.0,9e-06,2135.0,0.001018,4.24,,ct ct<-ct
9s7d69ca,152_cascade_medverse_baseline,"model=medverse (released architecture) — released Medverse.ckpt start (checkpoint=orig_weights), medverse_bounded_head=true (sigmoid-appended head -> real logit -> shared bce_dice-with-logits recipe, matching 150/151's adamw/1e-4/bce_dice exactly), eval_autocast=true, medverse.compile=true. Same data/augmentation/schedule as 150/151 except data.query_prior disabled (see runs.json description).",250,inferior_vena_cava,True,s0458,s1278,False,0.3174,,0.3103,0.6927660703659058,35.5,753.0,0.000359,657.0,0.000313,4.24,,ct ct<-ct
9s7d69ca,152_cascade_medverse_baseline,"model=medverse (released architecture) — released Medverse.ckpt start (checkpoint=orig_weights), medverse_bounded_head=true (sigmoid-appended head -> real logit -> shared bce_dice-with-logits recipe, matching 150/151's adamw/1e-4/bce_dice exactly), eval_autocast=true, medverse.compile=true. Same data/augmentation/schedule as 150/151 except data.query_prior disabled (see runs.json description).",250,inferior_vena_cava,True,s1197,s0698,False,0.2326,,0.222,0.7785188555717468,38.5,38.0,1.8e-05,485.0,0.000231,4.24,,ct ct<-ct
9s7d69ca,152_cascade_medverse_baseline,"model=medverse (released architecture) — released Medverse.ckpt start (checkpoint=orig_weights), medverse_bounded_head=true (sigmoid-appended head -> real logit -> shared bce_dice-with-logits recipe, matching 150/151's adamw/1e-4/bce_dice exactly), eval_autocast=true, medverse.compile=true. Same data/augmentation/schedule as 150/151 except data.query_prior disabled (see runs.json description).",250,inferior_vena_cava,True,s1133,s1161,False,0.1484,,0.1544,0.848426103591919,38.8,387.0,0.000185,859.0,0.00041,4.24,,ct ct<-ct
9s7d69ca,152_cascade_medverse_baseline,"model=medverse (released architecture) — released Medverse.ckpt start (checkpoint=orig_weights), medverse_bounded_head=true (sigmoid-appended head -> real logit -> shared bce_dice-with-logits recipe, matching 150/151's adamw/1e-4/bce_dice exactly), eval_autocast=true, medverse.compile=true. Same data/augmentation/schedule as 150/151 except data.query_prior disabled (see runs.json description).",250,inferior_vena_cava,True,s1223,s1017,False,0.2646,,0.2614,0.744045078754425,40.1,1301.0,0.00062,310.0,0.000148,4.24,,ct ct<-ct
9s7d69ca,152_cascade_medverse_baseline,"model=medverse (released architecture) — released Medverse.ckpt start (checkpoint=orig_weights), medverse_bounded_head=true (sigmoid-appended head -> real logit -> shared bce_dice-with-logits recipe, matching 150/151's adamw/1e-4/bce_dice exactly), eval_autocast=true, medverse.compile=true. Same data/augmentation/schedule as 150/151 except data.query_prior disabled (see runs.json description).",250,inferior_vena_cava,True,s0760,s0675,False,0.3872,,0.3866,0.6188897490501404,34.9,1320.0,0.000629,492.0,0.000235,4.24,,ct ct<-ct
9s7d69ca,152_cascade_medverse_baseline,"model=medverse (released architecture) — released Medverse.ckpt start (checkpoint=orig_weights), medverse_bounded_head=true (sigmoid-appended head -> real logit -> shared bce_dice-with-logits recipe, matching 150/151's adamw/1e-4/bce_dice exactly), eval_autocast=true, medverse.compile=true. Same data/augmentation/schedule as 150/151 except data.query_prior disabled (see runs.json description).",250,kidney_left,True,s0675,s0918,False,0.8977,,0.8926,0.10777341574430466,41.1,888.0,0.000423,1796.0,0.000856,4.24,,ct ct<-ct
9s7d69ca,152_cascade_medverse_baseline,"model=medverse (released architecture) — released Medverse.ckpt start (checkpoint=orig_weights), medverse_bounded_head=true (sigmoid-appended head -> real logit -> shared bce_dice-with-logits recipe, matching 150/151's adamw/1e-4/bce_dice exactly), eval_autocast=true, medverse.compile=true. Same data/augmentation/schedule as 150/151 except data.query_prior disabled (see runs.json description).",250,kidney_left,True,s0458,s1046,False,0.7599,,0.7602,0.24170061945915222,35.4,1998.0,0.000953,2004.0,0.000956,4.24,,ct ct<-ct
9s7d69ca,152_cascade_medverse_baseline,"model=medverse (released architecture) — released Medverse.ckpt start (checkpoint=orig_weights), medverse_bounded_head=true (sigmoid-appended head -> real logit -> shared bce_dice-with-logits recipe, matching 150/151's adamw/1e-4/bce_dice exactly), eval_autocast=true, medverse.compile=true. Same data/augmentation/schedule as 150/151 except data.query_prior disabled (see runs.json description).",250,kidney_left,True,s0544,s1287,False,0.7512,,0.7422,0.2581954598426819,35.1,348.0,0.000166,2137.0,0.001019,4.24,,ct ct<-ct
9s7d69ca,152_cascade_medverse_baseline,"model=medverse (released architecture) — released Medverse.ckpt start (checkpoint=orig_weights), medverse_bounded_head=true (sigmoid-appended head -> real logit -> shared bce_dice-with-logits recipe, matching 150/151's adamw/1e-4/bce_dice exactly), eval_autocast=true, medverse.compile=true. Same data/augmentation/schedule as 150/151 except data.query_prior disabled (see runs.json description).",250,kidney_right,False,s0794,s0249,False,0.2506,,0.2488,0.75836181640625,49.2,2063.0,0.000984,154.0,7.3e-05,4.24,,ct ct<-ct
9s7d69ca,152_cascade_medverse_baseline,"model=medverse (released architecture) — released Medverse.ckpt start (checkpoint=orig_weights), medverse_bounded_head=true (sigmoid-appended head -> real logit -> shared bce_dice-with-logits recipe, matching 150/151's adamw/1e-4/bce_dice exactly), eval_autocast=true, medverse.compile=true. Same data/augmentation/schedule as 150/151 except data.query_prior disabled (see runs.json description).",250,kidney_right,False,s1017,s0045,False,0.326,,0.3186,0.6837524175643921,35.6,790.0,0.000377,1630.0,0.000777,4.24,,ct ct<-ct
9s7d69ca,152_cascade_medverse_baseline,"model=medverse (released architecture) — released Medverse.ckpt start (checkpoint=orig_weights), medverse_bounded_head=true (sigmoid-appended head -> real logit -> shared bce_dice-with-logits recipe, matching 150/151's adamw/1e-4/bce_dice exactly), eval_autocast=true, medverse.compile=true. Same data/augmentation/schedule as 150/151 except data.query_prior disabled (see runs.json description).",250,kidney_right,False,s0625,s1199,False,0.6705,,0.6579,0.34770438075065613,35.5,2352.0,0.001122,879.0,0.000419,4.24,,ct ct<-ct
9s7d69ca,152_cascade_medverse_baseline,"model=medverse (released architecture) — released Medverse.ckpt start (checkpoint=orig_weights), medverse_bounded_head=true (sigmoid-appended head -> real logit -> shared bce_dice-with-logits recipe, matching 150/151's adamw/1e-4/bce_dice exactly), eval_autocast=true, medverse.compile=true. Same data/augmentation/schedule as 150/151 except data.query_prior disabled (see runs.json description).",250,kidney_right,False,s0918,s0249,False,0.6409,,0.6357,0.3673483729362488,42.0,1740.0,0.00083,154.0,7.3e-05,4.24,,ct ct<-ct
9s7d69ca,152_cascade_medverse_baseline,"model=medverse (released architecture) — released Medverse.ckpt start (checkpoint=orig_weights), medverse_bounded_head=true (sigmoid-appended head -> real logit -> shared bce_dice-with-logits recipe, matching 150/151's adamw/1e-4/bce_dice exactly), eval_autocast=true, medverse.compile=true. Same data/augmentation/schedule as 150/151 except data.query_prior disabled (see runs.json description).",250,kidney_right,False,s1337,s1305,False,0.0139,,0.0003,1.0000152587890625,37.0,71.0,3.4e-05,1767.0,0.000843,4.24,,ct ct<-ct
9s7d69ca,152_cascade_medverse_baseline,"model=medverse (released architecture) — released Medverse.ckpt start (checkpoint=orig_weights), medverse_bounded_head=true (sigmoid-appended head -> real logit -> shared bce_dice-with-logits recipe, matching 150/151's adamw/1e-4/bce_dice exactly), eval_autocast=true, medverse.compile=true. Same data/augmentation/schedule as 150/151 except data.query_prior disabled (see runs.json description).",250,liver,True,s1197,s0123,False,0.7979,,0.7929,0.20830407738685608,46.5,1328.0,0.000633,21888.0,0.010437,4.24,,ct ct<-ct
9s7d69ca,152_cascade_medverse_baseline,"model=medverse (released architecture) — released Medverse.ckpt start (checkpoint=orig_weights), medverse_bounded_head=true (sigmoid-appended head -> real logit -> shared bce_dice-with-logits recipe, matching 150/151's adamw/1e-4/bce_dice exactly), eval_autocast=true, medverse.compile=true. Same data/augmentation/schedule as 150/151 except data.query_prior disabled (see runs.json description).",250,liver,True,s0808,s1337,False,0.8984,,0.8953,0.11212917417287827,40.4,18340.0,0.008745,21214.0,0.010116,4.24,,ct ct<-ct
9s7d69ca,152_cascade_medverse_baseline,"model=medverse (released architecture) — released Medverse.ckpt start (checkpoint=orig_weights), medverse_bounded_head=true (sigmoid-appended head -> real logit -> shared bce_dice-with-logits recipe, matching 150/151's adamw/1e-4/bce_dice exactly), eval_autocast=true, medverse.compile=true. Same data/augmentation/schedule as 150/151 except data.query_prior disabled (see runs.json description).",250,liver,True,s0794,s1233,False,0.8848,,0.8805,0.13516958057880402,35.8,29286.0,0.013965,20455.0,0.009754,4.24,,ct ct<-ct
9s7d69ca,152_cascade_medverse_baseline,"model=medverse (released architecture) — released Medverse.ckpt start (checkpoint=orig_weights), medverse_bounded_head=true (sigmoid-appended head -> real logit -> shared bce_dice-with-logits recipe, matching 150/151's adamw/1e-4/bce_dice exactly), eval_autocast=true, medverse.compile=true. Same data/augmentation/schedule as 150/151 except data.query_prior disabled (see runs.json description).",250,liver,True,s1133,s0032,False,0.8938,,0.8876,0.11709586530923843,38.5,10789.0,0.005145,12502.0,0.005961,4.24,,ct ct<-ct
9s7d69ca,152_cascade_medverse_baseline,"model=medverse (released architecture) — released Medverse.ckpt start (checkpoint=orig_weights), medverse_bounded_head=true (sigmoid-appended head -> real logit -> shared bce_dice-with-logits recipe, matching 150/151's adamw/1e-4/bce_dice exactly), eval_autocast=true, medverse.compile=true. Same data/augmentation/schedule as 150/151 except data.query_prior disabled (see runs.json description).",250,liver,True,s0249,s1133,False,0.91,,0.9026,0.10429342091083527,37.2,19867.0,0.009473,10789.0,0.005145,4.24,,ct ct<-ct
9s7d69ca,152_cascade_medverse_baseline,"model=medverse (released architecture) — released Medverse.ckpt start (checkpoint=orig_weights), medverse_bounded_head=true (sigmoid-appended head -> real logit -> shared bce_dice-with-logits recipe, matching 150/151's adamw/1e-4/bce_dice exactly), eval_autocast=true, medverse.compile=true. Same data/augmentation/schedule as 150/151 except data.query_prior disabled (see runs.json description).",250,liver,True,s0839,s1024,False,0.656,,0.6472,0.35900959372520447,40.0,3846.0,0.001834,43196.0,0.020597,4.24,,ct ct<-ct
9s7d69ca,152_cascade_medverse_baseline,"model=medverse (released architecture) — released Medverse.ckpt start (checkpoint=orig_weights), medverse_bounded_head=true (sigmoid-appended head -> real logit -> shared bce_dice-with-logits recipe, matching 150/151's adamw/1e-4/bce_dice exactly), eval_autocast=true, medverse.compile=true. Same data/augmentation/schedule as 150/151 except data.query_prior disabled (see runs.json description).",250,liver,True,s0839,s1233,False,0.7201,,0.6822,0.3224332630634308,40.9,3846.0,0.001834,20455.0,0.009754,4.24,,ct ct<-ct
9s7d69ca,152_cascade_medverse_baseline,"model=medverse (released architecture) — released Medverse.ckpt start (checkpoint=orig_weights), medverse_bounded_head=true (sigmoid-appended head -> real logit -> shared bce_dice-with-logits recipe, matching 150/151's adamw/1e-4/bce_dice exactly), eval_autocast=true, medverse.compile=true. Same data/augmentation/schedule as 150/151 except data.query_prior disabled (see runs.json description).",250,liver,True,s0032,s0458,False,0.7077,,0.69,0.32741862535476685,35.6,12502.0,0.005961,21472.0,0.010239,4.24,,ct ct<-ct
9s7d69ca,152_cascade_medverse_baseline,"model=medverse (released architecture) — released Medverse.ckpt start (checkpoint=orig_weights), medverse_bounded_head=true (sigmoid-appended head -> real logit -> shared bce_dice-with-logits recipe, matching 150/151's adamw/1e-4/bce_dice exactly), eval_autocast=true, medverse.compile=true. Same data/augmentation/schedule as 150/151 except data.query_prior disabled (see runs.json description).",250,liver,True,s0918,s1133,False,0.9009,,0.898,0.11219293624162674,35.9,22373.0,0.010668,10789.0,0.005145,4.24,,ct ct<-ct
9s7d69ca,152_cascade_medverse_baseline,"model=medverse (released architecture) — released Medverse.ckpt start (checkpoint=orig_weights), medverse_bounded_head=true (sigmoid-appended head -> real logit -> shared bce_dice-with-logits recipe, matching 150/151's adamw/1e-4/bce_dice exactly), eval_autocast=true, medverse.compile=true. Same data/augmentation/schedule as 150/151 except data.query_prior disabled (see runs.json description).",250,liver,True,s1287,s0618,False,0.8923,,0.8884,0.12096388638019562,35.4,17607.0,0.008396,14939.0,0.007123,4.24,,ct ct<-ct
9s7d69ca,152_cascade_medverse_baseline,"model=medverse (released architecture) — released Medverse.ckpt start (checkpoint=orig_weights), medverse_bounded_head=true (sigmoid-appended head -> real logit -> shared bce_dice-with-logits recipe, matching 150/151's adamw/1e-4/bce_dice exactly), eval_autocast=true, medverse.compile=true. Same data/augmentation/schedule as 150/151 except data.query_prior disabled (see runs.json description).",250,liver,True,s1133,s0324,False,0.8,,0.7867,0.22205285727977753,35.2,10789.0,0.005145,14376.0,0.006855,4.24,,ct ct<-ct
9s7d69ca,152_cascade_medverse_baseline,"model=medverse (released architecture) — released Medverse.ckpt start (checkpoint=orig_weights), medverse_bounded_head=true (sigmoid-appended head -> real logit -> shared bce_dice-with-logits recipe, matching 150/151's adamw/1e-4/bce_dice exactly), eval_autocast=true, medverse.compile=true. Same data/augmentation/schedule as 150/151 except data.query_prior disabled (see runs.json description).",250,liver,True,s0095,s1287,False,0.8704,,0.8665,0.15040171146392822,37.0,27299.0,0.013017,17607.0,0.008396,4.24,,ct ct<-ct
9s7d69ca,152_cascade_medverse_baseline,"model=medverse (released architecture) — released Medverse.ckpt start (checkpoint=orig_weights), medverse_bounded_head=true (sigmoid-appended head -> real logit -> shared bce_dice-with-logits recipe, matching 150/151's adamw/1e-4/bce_dice exactly), eval_autocast=true, medverse.compile=true. Same data/augmentation/schedule as 150/151 except data.query_prior disabled (see runs.json description).",250,liver,True,s0607,s0324,False,0.9163,,0.9092,0.10265170782804489,35.1,33423.0,0.015937,14376.0,0.006855,4.24,,ct ct<-ct
9s7d69ca,152_cascade_medverse_baseline,"model=medverse (released architecture) — released Medverse.ckpt start (checkpoint=orig_weights), medverse_bounded_head=true (sigmoid-appended head -> real logit -> shared bce_dice-with-logits recipe, matching 150/151's adamw/1e-4/bce_dice exactly), eval_autocast=true, medverse.compile=true. Same data/augmentation/schedule as 150/151 except data.query_prior disabled (see runs.json description).",250,lung_lower_lobe_left,True,s1161,s1287,False,0.6784,,0.6738,0.3397938907146454,35.3,8122.0,0.003873,19056.0,0.009087,4.24,,ct ct<-ct
9s7d69ca,152_cascade_medverse_baseline,"model=medverse (released architecture) — released Medverse.ckpt start (checkpoint=orig_weights), medverse_bounded_head=true (sigmoid-appended head -> real logit -> shared bce_dice-with-logits recipe, matching 150/151's adamw/1e-4/bce_dice exactly), eval_autocast=true, medverse.compile=true. Same data/augmentation/schedule as 150/151 except data.query_prior disabled (see runs.json description).",250,lung_lower_lobe_left,True,s0698,s1002,False,0.5117,,0.5133,0.5041366815567017,35.5,5822.0,0.002776,14336.0,0.006836,4.24,,ct ct<-ct
9s7d69ca,152_cascade_medverse_baseline,"model=medverse (released architecture) — released Medverse.ckpt start (checkpoint=orig_weights), medverse_bounded_head=true (sigmoid-appended head -> real logit -> shared bce_dice-with-logits recipe, matching 150/151's adamw/1e-4/bce_dice exactly), eval_autocast=true, medverse.compile=true. Same data/augmentation/schedule as 150/151 except data.query_prior disabled (see runs.json description).",250,lung_lower_lobe_left,True,s0760,s0625,False,0.7733,,0.7631,0.24219036102294922,35.8,6234.0,0.002973,11156.0,0.00532,4.24,,ct ct<-ct
9s7d69ca,152_cascade_medverse_baseline,"model=medverse (released architecture) — released Medverse.ckpt start (checkpoint=orig_weights), medverse_bounded_head=true (sigmoid-appended head -> real logit -> shared bce_dice-with-logits recipe, matching 150/151's adamw/1e-4/bce_dice exactly), eval_autocast=true, medverse.compile=true. Same data/augmentation/schedule as 150/151 except data.query_prior disabled (see runs.json description).",250,lung_lower_lobe_left,True,s1287,s1161,False,0.6985,,0.6914,0.3379746079444885,36.2,19056.0,0.009087,8122.0,0.003873,4.24,,ct ct<-ct
9s7d69ca,152_cascade_medverse_baseline,"model=medverse (released architecture) — released Medverse.ckpt start (checkpoint=orig_weights), medverse_bounded_head=true (sigmoid-appended head -> real logit -> shared bce_dice-with-logits recipe, matching 150/151's adamw/1e-4/bce_dice exactly), eval_autocast=true, medverse.compile=true. Same data/augmentation/schedule as 150/151 except data.query_prior disabled (see runs.json description).",250,lung_lower_lobe_left,True,s0698,s1223,False,0.4144,,0.4149,0.6137713193893433,38.8,5822.0,0.002776,20751.0,0.009895,4.24,,ct ct<-ct
9s7d69ca,152_cascade_medverse_baseline,"model=medverse (released architecture) — released Medverse.ckpt start (checkpoint=orig_weights), medverse_bounded_head=true (sigmoid-appended head -> real logit -> shared bce_dice-with-logits recipe, matching 150/151's adamw/1e-4/bce_dice exactly), eval_autocast=true, medverse.compile=true. Same data/augmentation/schedule as 150/151 except data.query_prior disabled (see runs.json description).",250,lung_lower_lobe_left,True,s0546,s1106,False,0.7439,,0.7386,0.2862178683280945,44.5,21743.0,0.010368,3257.0,0.001553,4.24,,ct ct<-ct
9s7d69ca,152_cascade_medverse_baseline,"model=medverse (released architecture) — released Medverse.ckpt start (checkpoint=orig_weights), medverse_bounded_head=true (sigmoid-appended head -> real logit -> shared bce_dice-with-logits recipe, matching 150/151's adamw/1e-4/bce_dice exactly), eval_autocast=true, medverse.compile=true. Same data/augmentation/schedule as 150/151 except data.query_prior disabled (see runs.json description).",250,lung_lower_lobe_left,True,s0650,s0420,False,0.1235,,0.1299,0.9077368378639221,39.7,11579.0,0.005521,14223.0,0.006782,4.24,,ct ct<-ct
9s7d69ca,152_cascade_medverse_baseline,"model=medverse (released architecture) — released Medverse.ckpt start (checkpoint=orig_weights), medverse_bounded_head=true (sigmoid-appended head -> real logit -> shared bce_dice-with-logits recipe, matching 150/151's adamw/1e-4/bce_dice exactly), eval_autocast=true, medverse.compile=true. Same data/augmentation/schedule as 150/151 except data.query_prior disabled (see runs.json description).",250,lung_lower_lobe_left,True,s1199,s0607,False,0.5916,,0.5888,0.4373365640640259,41.5,10920.0,0.005207,9060.0,0.00432,4.24,,ct ct<-ct
9s7d69ca,152_cascade_medverse_baseline,"model=medverse (released architecture) — released Medverse.ckpt start (checkpoint=orig_weights), medverse_bounded_head=true (sigmoid-appended head -> real logit -> shared bce_dice-with-logits recipe, matching 150/151's adamw/1e-4/bce_dice exactly), eval_autocast=true, medverse.compile=true. Same data/augmentation/schedule as 150/151 except data.query_prior disabled (see runs.json description).",250,lung_lower_lobe_left,True,s1223,s0760,False,0.7201,,0.7167,0.3084452748298645,37.2,20751.0,0.009895,6234.0,0.002973,4.24,,ct ct<-ct
9s7d69ca,152_cascade_medverse_baseline,"model=medverse (released architecture) — released Medverse.ckpt start (checkpoint=orig_weights), medverse_bounded_head=true (sigmoid-appended head -> real logit -> shared bce_dice-with-logits recipe, matching 150/151's adamw/1e-4/bce_dice exactly), eval_autocast=true, medverse.compile=true. Same data/augmentation/schedule as 150/151 except data.query_prior disabled (see runs.json description).",250,lung_lower_lobe_left,True,s0655,s1017,False,0.5982,,0.5852,0.4250435531139374,35.5,5692.0,0.002714,2876.0,0.001371,4.24,,ct ct<-ct
9s7d69ca,152_cascade_medverse_baseline,"model=medverse (released architecture) — released Medverse.ckpt start (checkpoint=orig_weights), medverse_bounded_head=true (sigmoid-appended head -> real logit -> shared bce_dice-with-logits recipe, matching 150/151's adamw/1e-4/bce_dice exactly), eval_autocast=true, medverse.compile=true. Same data/augmentation/schedule as 150/151 except data.query_prior disabled (see runs.json description).",250,lung_lower_lobe_left,True,s0045,s0625,False,0.8671,,0.8563,0.14719846844673157,51.6,7674.0,0.003659,11156.0,0.00532,4.24,,ct ct<-ct
9s7d69ca,152_cascade_medverse_baseline,"model=medverse (released architecture) — released Medverse.ckpt start (checkpoint=orig_weights), medverse_bounded_head=true (sigmoid-appended head -> real logit -> shared bce_dice-with-logits recipe, matching 150/151's adamw/1e-4/bce_dice exactly), eval_autocast=true, medverse.compile=true. Same data/augmentation/schedule as 150/151 except data.query_prior disabled (see runs.json description).",250,lung_lower_lobe_left,True,s0918,s1133,False,0.8814,,0.8731,0.13275834918022156,43.2,14524.0,0.006926,9134.0,0.004355,4.24,,ct ct<-ct
9s7d69ca,152_cascade_medverse_baseline,"model=medverse (released architecture) — released Medverse.ckpt start (checkpoint=orig_weights), medverse_bounded_head=true (sigmoid-appended head -> real logit -> shared bce_dice-with-logits recipe, matching 150/151's adamw/1e-4/bce_dice exactly), eval_autocast=true, medverse.compile=true. Same data/augmentation/schedule as 150/151 except data.query_prior disabled (see runs.json description).",250,lung_lower_lobe_right,False,s1046,s1233,False,0.8635,,0.8557,0.15534307062625885,40.9,18628.0,0.008883,11906.0,0.005677,4.24,,ct ct<-ct
9s7d69ca,152_cascade_medverse_baseline,"model=medverse (released architecture) — released Medverse.ckpt start (checkpoint=orig_weights), medverse_bounded_head=true (sigmoid-appended head -> real logit -> shared bce_dice-with-logits recipe, matching 150/151's adamw/1e-4/bce_dice exactly), eval_autocast=true, medverse.compile=true. Same data/augmentation/schedule as 150/151 except data.query_prior disabled (see runs.json description).",250,lung_lower_lobe_right,False,s0839,s0458,False,0.6436,,0.6356,0.36996716260910034,35.6,3831.0,0.001827,8333.0,0.003973,4.24,,ct ct<-ct
9s7d69ca,152_cascade_medverse_baseline,"model=medverse (released architecture) — released Medverse.ckpt start (checkpoint=orig_weights), medverse_bounded_head=true (sigmoid-appended head -> real logit -> shared bce_dice-with-logits recipe, matching 150/151's adamw/1e-4/bce_dice exactly), eval_autocast=true, medverse.compile=true. Same data/augmentation/schedule as 150/151 except data.query_prior disabled (see runs.json description).",250,lung_lower_lobe_right,False,s1046,s1161,False,0.8098,,0.7997,0.2166946679353714,41.0,18628.0,0.008883,10664.0,0.005085,4.24,,ct ct<-ct
9s7d69ca,152_cascade_medverse_baseline,"model=medverse (released architecture) — released Medverse.ckpt start (checkpoint=orig_weights), medverse_bounded_head=true (sigmoid-appended head -> real logit -> shared bce_dice-with-logits recipe, matching 150/151's adamw/1e-4/bce_dice exactly), eval_autocast=true, medverse.compile=true. Same data/augmentation/schedule as 150/151 except data.query_prior disabled (see runs.json description).",250,lung_lower_lobe_right,False,s0324,s1337,False,0.8322,,0.8234,0.17903447151184082,35.5,3618.0,0.001725,20268.0,0.009665,4.24,,ct ct<-ct
9s7d69ca,152_cascade_medverse_baseline,"model=medverse (released architecture) — released Medverse.ckpt start (checkpoint=orig_weights), medverse_bounded_head=true (sigmoid-appended head -> real logit -> shared bce_dice-with-logits recipe, matching 150/151's adamw/1e-4/bce_dice exactly), eval_autocast=true, medverse.compile=true. Same data/augmentation/schedule as 150/151 except data.query_prior disabled (see runs.json description).",250,lung_lower_lobe_right,False,s0808,s0607,False,0.5277,,0.5236,0.5045567154884338,37.2,8959.0,0.004272,12691.0,0.006052,4.24,,ct ct<-ct
9s7d69ca,152_cascade_medverse_baseline,"model=medverse (released architecture) — released Medverse.ckpt start (checkpoint=orig_weights), medverse_bounded_head=true (sigmoid-appended head -> real logit -> shared bce_dice-with-logits recipe, matching 150/151's adamw/1e-4/bce_dice exactly), eval_autocast=true, medverse.compile=true. Same data/augmentation/schedule as 150/151 except data.query_prior disabled (see runs.json description).",250,lung_lower_lobe_right,False,s0991,s0874,False,0.0001,,0.0008,1.0482343435287476,51.6,11142.0,0.005313,47.0,2.2e-05,4.24,,ct ct<-ct
9s7d69ca,152_cascade_medverse_baseline,"model=medverse (released architecture) — released Medverse.ckpt start (checkpoint=orig_weights), medverse_bounded_head=true (sigmoid-appended head -> real logit -> shared bce_dice-with-logits recipe, matching 150/151's adamw/1e-4/bce_dice exactly), eval_autocast=true, medverse.compile=true. Same data/augmentation/schedule as 150/151 except data.query_prior disabled (see runs.json description).",250,lung_lower_lobe_right,False,s1002,s0458,False,0.5121,,0.5055,0.5092177391052246,35.3,5450.0,0.002599,8333.0,0.003973,4.24,,ct ct<-ct
9s7d69ca,152_cascade_medverse_baseline,"model=medverse (released architecture) — released Medverse.ckpt start (checkpoint=orig_weights), medverse_bounded_head=true (sigmoid-appended head -> real logit -> shared bce_dice-with-logits recipe, matching 150/151's adamw/1e-4/bce_dice exactly), eval_autocast=true, medverse.compile=true. Same data/augmentation/schedule as 150/151 except data.query_prior disabled (see runs.json description).",250,lung_lower_lobe_right,False,s0346,s1024,False,0.0322,,0.0321,0.9845293164253235,35.2,156.0,7.4e-05,7394.0,0.003526,4.24,,ct ct<-ct
9s7d69ca,152_cascade_medverse_baseline,"model=medverse (released architecture) — released Medverse.ckpt start (checkpoint=orig_weights), medverse_bounded_head=true (sigmoid-appended head -> real logit -> shared bce_dice-with-logits recipe, matching 150/151's adamw/1e-4/bce_dice exactly), eval_autocast=true, medverse.compile=true. Same data/augmentation/schedule as 150/151 except data.query_prior disabled (see runs.json description).",250,lung_middle_lobe_right,True,s0824,s0045,False,0.1338,,0.1267,0.9041629433631897,35.1,5704.0,0.00272,3176.0,0.001514,4.24,,ct ct<-ct
9s7d69ca,152_cascade_medverse_baseline,"model=medverse (released architecture) — released Medverse.ckpt start (checkpoint=orig_weights), medverse_bounded_head=true (sigmoid-appended head -> real logit -> shared bce_dice-with-logits recipe, matching 150/151's adamw/1e-4/bce_dice exactly), eval_autocast=true, medverse.compile=true. Same data/augmentation/schedule as 150/151 except data.query_prior disabled (see runs.json description).",250,lung_middle_lobe_right,True,s0794,s0747,False,0.6539,,0.6479,0.3594447374343872,35.5,4869.0,0.002322,8471.0,0.004039,4.24,,ct ct<-ct
9s7d69ca,152_cascade_medverse_baseline,"model=medverse (released architecture) — released Medverse.ckpt start (checkpoint=orig_weights), medverse_bounded_head=true (sigmoid-appended head -> real logit -> shared bce_dice-with-logits recipe, matching 150/151's adamw/1e-4/bce_dice exactly), eval_autocast=true, medverse.compile=true. Same data/augmentation/schedule as 150/151 except data.query_prior disabled (see runs.json description).",250,lung_middle_lobe_right,True,s1002,s1278,False,0.5473,,0.5385,0.46614179015159607,36.9,2048.0,0.000977,8214.0,0.003917,4.24,,ct ct<-ct
9s7d69ca,152_cascade_medverse_baseline,"model=medverse (released architecture) — released Medverse.ckpt start (checkpoint=orig_weights), medverse_bounded_head=true (sigmoid-appended head -> real logit -> shared bce_dice-with-logits recipe, matching 150/151's adamw/1e-4/bce_dice exactly), eval_autocast=true, medverse.compile=true. Same data/augmentation/schedule as 150/151 except data.query_prior disabled (see runs.json description).",250,lung_middle_lobe_right,True,s1024,s1197,False,0.513,,0.4986,0.5066183805465698,41.1,2029.0,0.000968,3421.0,0.001631,4.24,,ct ct<-ct
9s7d69ca,152_cascade_medverse_baseline,"model=medverse (released architecture) — released Medverse.ckpt start (checkpoint=orig_weights), medverse_bounded_head=true (sigmoid-appended head -> real logit -> shared bce_dice-with-logits recipe, matching 150/151's adamw/1e-4/bce_dice exactly), eval_autocast=true, medverse.compile=true. Same data/augmentation/schedule as 150/151 except data.query_prior disabled (see runs.json description).",250,lung_middle_lobe_right,True,s0655,s1161,False,0.1843,,0.1847,0.8194103837013245,35.4,928.0,0.000443,5252.0,0.002504,4.24,,ct ct<-ct
9s7d69ca,152_cascade_medverse_baseline,"model=medverse (released architecture) — released Medverse.ckpt start (checkpoint=orig_weights), medverse_bounded_head=true (sigmoid-appended head -> real logit -> shared bce_dice-with-logits recipe, matching 150/151's adamw/1e-4/bce_dice exactly), eval_autocast=true, medverse.compile=true. Same data/augmentation/schedule as 150/151 except data.query_prior disabled (see runs.json description).",250,lung_middle_lobe_right,True,s1199,s1024,False,0.6368,,0.6246,0.3840405344963074,48.6,5262.0,0.002509,2029.0,0.000968,4.24,,ct ct<-ct
9s7d69ca,152_cascade_medverse_baseline,"model=medverse (released architecture) — released Medverse.ckpt start (checkpoint=orig_weights), medverse_bounded_head=true (sigmoid-appended head -> real logit -> shared bce_dice-with-logits recipe, matching 150/151's adamw/1e-4/bce_dice exactly), eval_autocast=true, medverse.compile=true. Same data/augmentation/schedule as 150/151 except data.query_prior disabled (see runs.json description).",250,lung_upper_lobe_left,False,s1233,s0747,False,0.5831,,0.5782,0.44466230273246765,48.2,11865.0,0.005658,15890.0,0.007577,4.24,,ct ct<-ct
9s7d69ca,152_cascade_medverse_baseline,"model=medverse (released architecture) — released Medverse.ckpt start (checkpoint=orig_weights), medverse_bounded_head=true (sigmoid-appended head -> real logit -> shared bce_dice-with-logits recipe, matching 150/151's adamw/1e-4/bce_dice exactly), eval_autocast=true, medverse.compile=true. Same data/augmentation/schedule as 150/151 except data.query_prior disabled (see runs.json description).",250,lung_upper_lobe_left,False,s0021,s0832,False,0.1176,,0.1132,0.9241384863853455,35.2,9512.0,0.004536,9857.0,0.0047,4.24,,ct ct<-ct
9s7d69ca,152_cascade_medverse_baseline,"model=medverse (released architecture) — released Medverse.ckpt start (checkpoint=orig_weights), medverse_bounded_head=true (sigmoid-appended head -> real logit -> shared bce_dice-with-logits recipe, matching 150/151's adamw/1e-4/bce_dice exactly), eval_autocast=true, medverse.compile=true. Same data/augmentation/schedule as 150/151 except data.query_prior disabled (see runs.json description).",250,lung_upper_lobe_left,False,s0095,s1161,False,0.5301,,0.5235,0.5224171876907349,35.9,18724.0,0.008928,11195.0,0.005338,4.24,,ct ct<-ct
9s7d69ca,152_cascade_medverse_baseline,"model=medverse (released architecture) — released Medverse.ckpt start (checkpoint=orig_weights), medverse_bounded_head=true (sigmoid-appended head -> real logit -> shared bce_dice-with-logits recipe, matching 150/151's adamw/1e-4/bce_dice exactly), eval_autocast=true, medverse.compile=true. Same data/augmentation/schedule as 150/151 except data.query_prior disabled (see runs.json description).",250,lung_upper_lobe_left,False,s0045,s1238,False,0.4678,,0.4601,0.5495456457138062,35.4,2579.0,0.00123,8583.0,0.004093,4.24,,ct ct<-ct
9s7d69ca,152_cascade_medverse_baseline,"model=medverse (released architecture) — released Medverse.ckpt start (checkpoint=orig_weights), medverse_bounded_head=true (sigmoid-appended head -> real logit -> shared bce_dice-with-logits recipe, matching 150/151's adamw/1e-4/bce_dice exactly), eval_autocast=true, medverse.compile=true. Same data/augmentation/schedule as 150/151 except data.query_prior disabled (see runs.json description).",250,lung_upper_lobe_left,False,s0249,s1059,False,0.0611,,0.0586,0.9727999567985535,35.3,1292.0,0.000616,2223.0,0.00106,4.24,,ct ct<-ct
9s7d69ca,152_cascade_medverse_baseline,"model=medverse (released architecture) — released Medverse.ckpt start (checkpoint=orig_weights), medverse_bounded_head=true (sigmoid-appended head -> real logit -> shared bce_dice-with-logits recipe, matching 150/151's adamw/1e-4/bce_dice exactly), eval_autocast=true, medverse.compile=true. Same data/augmentation/schedule as 150/151 except data.query_prior disabled (see runs.json description).",250,lung_upper_lobe_left,False,s0032,s0991,False,0.8211,,0.8028,0.20116490125656128,35.3,5829.0,0.002779,13593.0,0.006482,4.24,,ct ct<-ct
9s7d69ca,152_cascade_medverse_baseline,"model=medverse (released architecture) — released Medverse.ckpt start (checkpoint=orig_weights), medverse_bounded_head=true (sigmoid-appended head -> real logit -> shared bce_dice-with-logits recipe, matching 150/151's adamw/1e-4/bce_dice exactly), eval_autocast=true, medverse.compile=true. Same data/augmentation/schedule as 150/151 except data.query_prior disabled (see runs.json description).",250,lung_upper_lobe_right,True,s0625,s0572,False,0.5142,,0.51,0.5332436561584473,36.2,12412.0,0.005919,868.0,0.000414,4.24,,ct ct<-ct
9s7d69ca,152_cascade_medverse_baseline,"model=medverse (released architecture) — released Medverse.ckpt start (checkpoint=orig_weights), medverse_bounded_head=true (sigmoid-appended head -> real logit -> shared bce_dice-with-logits recipe, matching 150/151's adamw/1e-4/bce_dice exactly), eval_autocast=true, medverse.compile=true. Same data/augmentation/schedule as 150/151 except data.query_prior disabled (see runs.json description).",250,lung_upper_lobe_right,True,s0544,s0625,False,0.0002,,0.0,1.012372374534607,37.2,1.0,0.0,12412.0,0.005919,4.24,,ct ct<-ct
9s7d69ca,152_cascade_medverse_baseline,"model=medverse (released architecture) — released Medverse.ckpt start (checkpoint=orig_weights), medverse_bounded_head=true (sigmoid-appended head -> real logit -> shared bce_dice-with-logits recipe, matching 150/151's adamw/1e-4/bce_dice exactly), eval_autocast=true, medverse.compile=true. Same data/augmentation/schedule as 150/151 except data.query_prior disabled (see runs.json description).",250,lung_upper_lobe_right,True,s0544,s1223,False,0.0001,,0.0,1.0243979692459106,41.7,1.0,0.0,15308.0,0.007299,4.24,,ct ct<-ct
9s7d69ca,152_cascade_medverse_baseline,"model=medverse (released architecture) — released Medverse.ckpt start (checkpoint=orig_weights), medverse_bounded_head=true (sigmoid-appended head -> real logit -> shared bce_dice-with-logits recipe, matching 150/151's adamw/1e-4/bce_dice exactly), eval_autocast=true, medverse.compile=true. Same data/augmentation/schedule as 150/151 except data.query_prior disabled (see runs.json description).",250,lung_upper_lobe_right,True,s0625,s0045,False,0.0001,,0.0,1.070908784866333,41.5,12412.0,0.005919,1.0,0.0,4.24,,ct ct<-ct
9s7d69ca,152_cascade_medverse_baseline,"model=medverse (released architecture) — released Medverse.ckpt start (checkpoint=orig_weights), medverse_bounded_head=true (sigmoid-appended head -> real logit -> shared bce_dice-with-logits recipe, matching 150/151's adamw/1e-4/bce_dice exactly), eval_autocast=true, medverse.compile=true. Same data/augmentation/schedule as 150/151 except data.query_prior disabled (see runs.json description).",250,lung_upper_lobe_right,True,s0808,s0420,False,0.692,,0.6901,0.3262172043323517,35.4,10096.0,0.004814,19139.0,0.009126,4.24,,ct ct<-ct
9s7d69ca,152_cascade_medverse_baseline,"model=medverse (released architecture) — released Medverse.ckpt start (checkpoint=orig_weights), medverse_bounded_head=true (sigmoid-appended head -> real logit -> shared bce_dice-with-logits recipe, matching 150/151's adamw/1e-4/bce_dice exactly), eval_autocast=true, medverse.compile=true. Same data/augmentation/schedule as 150/151 except data.query_prior disabled (see runs.json description).",250,lung_upper_lobe_right,True,s0458,s0918,False,0.0004,,0.0002,1.01313316822052,36.5,7.0,3e-06,21467.0,0.010236,4.24,,ct ct<-ct
9s7d69ca,152_cascade_medverse_baseline,"model=medverse (released architecture) — released Medverse.ckpt start (checkpoint=orig_weights), medverse_bounded_head=true (sigmoid-appended head -> real logit -> shared bce_dice-with-logits recipe, matching 150/151's adamw/1e-4/bce_dice exactly), eval_autocast=true, medverse.compile=true. Same data/augmentation/schedule as 150/151 except data.query_prior disabled (see runs.json description).",250,lung_upper_lobe_right,True,s1024,s0874,False,0.0002,,0.0008,1.0172346830368042,35.2,4483.0,0.002138,4191.0,0.001998,4.24,,ct ct<-ct
9s7d69ca,152_cascade_medverse_baseline,"model=medverse (released architecture) — released Medverse.ckpt start (checkpoint=orig_weights), medverse_bounded_head=true (sigmoid-appended head -> real logit -> shared bce_dice-with-logits recipe, matching 150/151's adamw/1e-4/bce_dice exactly), eval_autocast=true, medverse.compile=true. Same data/augmentation/schedule as 150/151 except data.query_prior disabled (see runs.json description).",250,lung_upper_lobe_right,True,s0625,s1199,False,0.5745,,0.5734,0.46391746401786804,39.1,12412.0,0.005919,11337.0,0.005406,4.24,,ct ct<-ct
9s7d69ca,152_cascade_medverse_baseline,"model=medverse (released architecture) — released Medverse.ckpt start (checkpoint=orig_weights), medverse_bounded_head=true (sigmoid-appended head -> real logit -> shared bce_dice-with-logits recipe, matching 150/151's adamw/1e-4/bce_dice exactly), eval_autocast=true, medverse.compile=true. Same data/augmentation/schedule as 150/151 except data.query_prior disabled (see runs.json description).",250,lung_upper_lobe_right,True,s1024,s0045,False,0.0002,,0.0,1.0265755653381348,35.4,4483.0,0.002138,1.0,0.0,4.24,,ct ct<-ct
9s7d69ca,152_cascade_medverse_baseline,"model=medverse (released architecture) — released Medverse.ckpt start (checkpoint=orig_weights), medverse_bounded_head=true (sigmoid-appended head -> real logit -> shared bce_dice-with-logits recipe, matching 150/151's adamw/1e-4/bce_dice exactly), eval_autocast=true, medverse.compile=true. Same data/augmentation/schedule as 150/151 except data.query_prior disabled (see runs.json description).",250,pancreas,True,s0544,s1199,False,0.0029,,0.0018,0.9990924596786499,35.8,189.0,9e-05,541.0,0.000258,4.24,,ct ct<-ct
9s7d69ca,152_cascade_medverse_baseline,"model=medverse (released architecture) — released Medverse.ckpt start (checkpoint=orig_weights), medverse_bounded_head=true (sigmoid-appended head -> real logit -> shared bce_dice-with-logits recipe, matching 150/151's adamw/1e-4/bce_dice exactly), eval_autocast=true, medverse.compile=true. Same data/augmentation/schedule as 150/151 except data.query_prior disabled (see runs.json description).",250,pancreas,True,s0546,s1278,False,0.1364,,0.133,0.874420702457428,40.9,1059.0,0.000505,1071.0,0.000511,4.24,,ct ct<-ct
9s7d69ca,152_cascade_medverse_baseline,"model=medverse (released architecture) — released Medverse.ckpt start (checkpoint=orig_weights), medverse_bounded_head=true (sigmoid-appended head -> real logit -> shared bce_dice-with-logits recipe, matching 150/151's adamw/1e-4/bce_dice exactly), eval_autocast=true, medverse.compile=true. Same data/augmentation/schedule as 150/151 except data.query_prior disabled (see runs.json description).",250,pancreas,True,s1017,s1161,False,0.0009,,0.0028,0.9994897246360779,40.7,401.0,0.000191,1014.0,0.000484,4.24,,ct ct<-ct
9s7d69ca,152_cascade_medverse_baseline,"model=medverse (released architecture) — released Medverse.ckpt start (checkpoint=orig_weights), medverse_bounded_head=true (sigmoid-appended head -> real logit -> shared bce_dice-with-logits recipe, matching 150/151's adamw/1e-4/bce_dice exactly), eval_autocast=true, medverse.compile=true. Same data/augmentation/schedule as 150/151 except data.query_prior disabled (see runs.json description).",250,pancreas,True,s0324,s0794,False,0.2591,,0.2524,0.7528229355812073,35.9,778.0,0.000371,1074.0,0.000512,4.24,,ct ct<-ct
9s7d69ca,152_cascade_medverse_baseline,"model=medverse (released architecture) — released Medverse.ckpt start (checkpoint=orig_weights), medverse_bounded_head=true (sigmoid-appended head -> real logit -> shared bce_dice-with-logits recipe, matching 150/151's adamw/1e-4/bce_dice exactly), eval_autocast=true, medverse.compile=true. Same data/augmentation/schedule as 150/151 except data.query_prior disabled (see runs.json description).",250,pancreas,True,s1133,s0808,False,0.0043,,0.0006,1.0002316236495972,42.6,201.0,9.6e-05,201.0,9.6e-05,4.24,,ct ct<-ct
9s7d69ca,152_cascade_medverse_baseline,"model=medverse (released architecture) — released Medverse.ckpt start (checkpoint=orig_weights), medverse_bounded_head=true (sigmoid-appended head -> real logit -> shared bce_dice-with-logits recipe, matching 150/151's adamw/1e-4/bce_dice exactly), eval_autocast=true, medverse.compile=true. Same data/augmentation/schedule as 150/151 except data.query_prior disabled (see runs.json description).",250,pancreas,True,s0607,s0458,False,0.4805,,0.476,0.5277637839317322,48.6,924.0,0.000441,918.0,0.000438,4.24,,ct ct<-ct
9s7d69ca,152_cascade_medverse_baseline,"model=medverse (released architecture) — released Medverse.ckpt start (checkpoint=orig_weights), medverse_bounded_head=true (sigmoid-appended head -> real logit -> shared bce_dice-with-logits recipe, matching 150/151's adamw/1e-4/bce_dice exactly), eval_autocast=true, medverse.compile=true. Same data/augmentation/schedule as 150/151 except data.query_prior disabled (see runs.json description).",250,pancreas,True,s0546,s0420,False,0.0005,,0.0019,1.0030841827392578,35.3,1059.0,0.000505,74.0,3.5e-05,4.24,,ct ct<-ct
9s7d69ca,152_cascade_medverse_baseline,"model=medverse (released architecture) — released Medverse.ckpt start (checkpoint=orig_weights), medverse_bounded_head=true (sigmoid-appended head -> real logit -> shared bce_dice-with-logits recipe, matching 150/151's adamw/1e-4/bce_dice exactly), eval_autocast=true, medverse.compile=true. Same data/augmentation/schedule as 150/151 except data.query_prior disabled (see runs.json description).",250,portal_vein_and_splenic_vein,True,s0095,s1278,False,0.0006,,0.0008,1.0021636486053467,40.7,230.0,0.00011,292.0,0.000139,4.24,,ct ct<-ct
9s7d69ca,152_cascade_medverse_baseline,"model=medverse (released architecture) — released Medverse.ckpt start (checkpoint=orig_weights), medverse_bounded_head=true (sigmoid-appended head -> real logit -> shared bce_dice-with-logits recipe, matching 150/151's adamw/1e-4/bce_dice exactly), eval_autocast=true, medverse.compile=true. Same data/augmentation/schedule as 150/151 except data.query_prior disabled (see runs.json description).",250,portal_vein_and_splenic_vein,True,s0618,s0420,False,0.2918,,0.2886,0.7123087048530579,40.4,225.0,0.000107,142.0,6.8e-05,4.24,,ct ct<-ct
9s7d69ca,152_cascade_medverse_baseline,"model=medverse (released architecture) — released Medverse.ckpt start (checkpoint=orig_weights), medverse_bounded_head=true (sigmoid-appended head -> real logit -> shared bce_dice-with-logits recipe, matching 150/151's adamw/1e-4/bce_dice exactly), eval_autocast=true, medverse.compile=true. Same data/augmentation/schedule as 150/151 except data.query_prior disabled (see runs.json description).",250,portal_vein_and_splenic_vein,True,s0123,s1305,False,0.0131,,0.0107,0.9914129972457886,43.8,394.0,0.000188,99.0,4.7e-05,4.24,,ct ct<-ct
9s7d69ca,152_cascade_medverse_baseline,"model=medverse (released architecture) — released Medverse.ckpt start (checkpoint=orig_weights), medverse_bounded_head=true (sigmoid-appended head -> real logit -> shared bce_dice-with-logits recipe, matching 150/151's adamw/1e-4/bce_dice exactly), eval_autocast=true, medverse.compile=true. Same data/augmentation/schedule as 150/151 except data.query_prior disabled (see runs.json description).",250,portal_vein_and_splenic_vein,True,s1305,s0760,False,0.0045,,0.0048,0.9957387447357178,35.9,99.0,4.7e-05,325.0,0.000155,4.24,,ct ct<-ct
9s7d69ca,152_cascade_medverse_baseline,"model=medverse (released architecture) — released Medverse.ckpt start (checkpoint=orig_weights), medverse_bounded_head=true (sigmoid-appended head -> real logit -> shared bce_dice-with-logits recipe, matching 150/151's adamw/1e-4/bce_dice exactly), eval_autocast=true, medverse.compile=true. Same data/augmentation/schedule as 150/151 except data.query_prior disabled (see runs.json description).",250,portal_vein_and_splenic_vein,True,s0544,s1238,False,0.0014,,0.0,1.0011457204818726,35.7,5.0,2e-06,437.0,0.000208,4.24,,ct ct<-ct
9s7d69ca,152_cascade_medverse_baseline,"model=medverse (released architecture) — released Medverse.ckpt start (checkpoint=orig_weights), medverse_bounded_head=true (sigmoid-appended head -> real logit -> shared bce_dice-with-logits recipe, matching 150/151's adamw/1e-4/bce_dice exactly), eval_autocast=true, medverse.compile=true. Same data/augmentation/schedule as 150/151 except data.query_prior disabled (see runs.json description).",250,portal_vein_and_splenic_vein,True,s0249,s1223,False,0.0169,,0.0001,1.000144362449646,35.2,43.0,2.1e-05,325.0,0.000155,4.24,,ct ct<-ct
9s7d69ca,152_cascade_medverse_baseline,"model=medverse (released architecture) — released Medverse.ckpt start (checkpoint=orig_weights), medverse_bounded_head=true (sigmoid-appended head -> real logit -> shared bce_dice-with-logits recipe, matching 150/151's adamw/1e-4/bce_dice exactly), eval_autocast=true, medverse.compile=true. Same data/augmentation/schedule as 150/151 except data.query_prior disabled (see runs.json description).",250,portal_vein_and_splenic_vein,True,s0546,s0808,False,0.172,,0.1452,0.8567972183227539,35.3,434.0,0.000207,245.0,0.000117,4.24,,ct ct<-ct
9s7d69ca,152_cascade_medverse_baseline,"model=medverse (released architecture) — released Medverse.ckpt start (checkpoint=orig_weights), medverse_bounded_head=true (sigmoid-appended head -> real logit -> shared bce_dice-with-logits recipe, matching 150/151's adamw/1e-4/bce_dice exactly), eval_autocast=true, medverse.compile=true. Same data/augmentation/schedule as 150/151 except data.query_prior disabled (see runs.json description).",250,portal_vein_and_splenic_vein,True,s0324,s1305,False,0.0016,,0.0,1.0008784532546997,35.1,15.0,7e-06,99.0,4.7e-05,4.24,,ct ct<-ct
9s7d69ca,152_cascade_medverse_baseline,"model=medverse (released architecture) — released Medverse.ckpt start (checkpoint=orig_weights), medverse_bounded_head=true (sigmoid-appended head -> real logit -> shared bce_dice-with-logits recipe, matching 150/151's adamw/1e-4/bce_dice exactly), eval_autocast=true, medverse.compile=true. Same data/augmentation/schedule as 150/151 except data.query_prior disabled (see runs.json description).",250,portal_vein_and_splenic_vein,True,s0794,s0544,False,0.0022,,0.0001,1.0019726753234863,35.2,407.0,0.000194,5.0,2e-06,4.24,,ct ct<-ct
9s7d69ca,152_cascade_medverse_baseline,"model=medverse (released architecture) — released Medverse.ckpt start (checkpoint=orig_weights), medverse_bounded_head=true (sigmoid-appended head -> real logit -> shared bce_dice-with-logits recipe, matching 150/151's adamw/1e-4/bce_dice exactly), eval_autocast=true, medverse.compile=true. Same data/augmentation/schedule as 150/151 except data.query_prior disabled (see runs.json description).",250,prostate,False,s1059,s0607,False,0.0028,,0.0,1.0005685091018677,35.6,1.0,0.0,348.0,0.000166,4.24,,ct ct<-ct
9s7d69ca,152_cascade_medverse_baseline,"model=medverse (released architecture) — released Medverse.ckpt start (checkpoint=orig_weights), medverse_bounded_head=true (sigmoid-appended head -> real logit -> shared bce_dice-with-logits recipe, matching 150/151's adamw/1e-4/bce_dice exactly), eval_autocast=true, medverse.compile=true. Same data/augmentation/schedule as 150/151 except data.query_prior disabled (see runs.json description).",250,prostate,False,s0614,s0650,False,0.0844,,0.0867,0.9155910611152649,41.3,315.0,0.00015,322.0,0.000154,4.24,,ct ct<-ct
9s7d69ca,152_cascade_medverse_baseline,"model=medverse (released architecture) — released Medverse.ckpt start (checkpoint=orig_weights), medverse_bounded_head=true (sigmoid-appended head -> real logit -> shared bce_dice-with-logits recipe, matching 150/151's adamw/1e-4/bce_dice exactly), eval_autocast=true, medverse.compile=true. Same data/augmentation/schedule as 150/151 except data.query_prior disabled (see runs.json description).",250,pulmonary_vein,True,s0625,s1278,False,0.0025,,0.0003,1.0010640621185303,40.7,262.0,0.000125,343.0,0.000164,4.24,,ct ct<-ct
9s7d69ca,152_cascade_medverse_baseline,"model=medverse (released architecture) — released Medverse.ckpt start (checkpoint=orig_weights), medverse_bounded_head=true (sigmoid-appended head -> real logit -> shared bce_dice-with-logits recipe, matching 150/151's adamw/1e-4/bce_dice exactly), eval_autocast=true, medverse.compile=true. Same data/augmentation/schedule as 150/151 except data.query_prior disabled (see runs.json description).",250,pulmonary_vein,True,s0021,s0839,False,0.0005,,0.0,1.0037715435028076,40.8,240.0,0.000114,126.0,6e-05,4.24,,ct ct<-ct
9s7d69ca,152_cascade_medverse_baseline,"model=medverse (released architecture) — released Medverse.ckpt start (checkpoint=orig_weights), medverse_bounded_head=true (sigmoid-appended head -> real logit -> shared bce_dice-with-logits recipe, matching 150/151's adamw/1e-4/bce_dice exactly), eval_autocast=true, medverse.compile=true. Same data/augmentation/schedule as 150/151 except data.query_prior disabled (see runs.json description).",250,pulmonary_vein,True,s0991,s0458,False,0.0021,,0.0001,1.0013720989227295,41.3,258.0,0.000123,205.0,9.8e-05,4.24,,ct ct<-ct
9s7d69ca,152_cascade_medverse_baseline,"model=medverse (released architecture) — released Medverse.ckpt start (checkpoint=orig_weights), medverse_bounded_head=true (sigmoid-appended head -> real logit -> shared bce_dice-with-logits recipe, matching 150/151's adamw/1e-4/bce_dice exactly), eval_autocast=true, medverse.compile=true. Same data/augmentation/schedule as 150/151 except data.query_prior disabled (see runs.json description).",250,pulmonary_vein,True,s1305,s0607,False,0.0006,,0.0003,1.0026503801345825,40.8,183.0,8.7e-05,34.0,1.6e-05,4.24,,ct ct<-ct
9s7d69ca,152_cascade_medverse_baseline,"model=medverse (released architecture) — released Medverse.ckpt start (checkpoint=orig_weights), medverse_bounded_head=true (sigmoid-appended head -> real logit -> shared bce_dice-with-logits recipe, matching 150/151's adamw/1e-4/bce_dice exactly), eval_autocast=true, medverse.compile=true. Same data/augmentation/schedule as 150/151 except data.query_prior disabled (see runs.json description).",250,rib_left_1,False,s0794,s0824,False,0.0053,,0.0003,1.00033438205719,35.3,120.0,5.7e-05,135.0,6.4e-05,4.24,,ct ct<-ct
9s7d69ca,152_cascade_medverse_baseline,"model=medverse (released architecture) — released Medverse.ckpt start (checkpoint=orig_weights), medverse_bounded_head=true (sigmoid-appended head -> real logit -> shared bce_dice-with-logits recipe, matching 150/151's adamw/1e-4/bce_dice exactly), eval_autocast=true, medverse.compile=true. Same data/augmentation/schedule as 150/151 except data.query_prior disabled (see runs.json description).",250,rib_left_1,False,s0123,s0698,False,0.2996,,0.2968,0.7036985158920288,40.5,140.0,6.7e-05,131.0,6.2e-05,4.24,,ct ct<-ct
9s7d69ca,152_cascade_medverse_baseline,"model=medverse (released architecture) — released Medverse.ckpt start (checkpoint=orig_weights), medverse_bounded_head=true (sigmoid-appended head -> real logit -> shared bce_dice-with-logits recipe, matching 150/151's adamw/1e-4/bce_dice exactly), eval_autocast=true, medverse.compile=true. Same data/augmentation/schedule as 150/151 except data.query_prior disabled (see runs.json description).",250,rib_left_1,False,s1305,s1287,False,0.2562,,0.2439,0.7563862800598145,36.6,81.0,3.9e-05,95.0,4.5e-05,4.24,,ct ct<-ct
9s7d69ca,152_cascade_medverse_baseline,"model=medverse (released architecture) — released Medverse.ckpt start (checkpoint=orig_weights), medverse_bounded_head=true (sigmoid-appended head -> real logit -> shared bce_dice-with-logits recipe, matching 150/151's adamw/1e-4/bce_dice exactly), eval_autocast=true, medverse.compile=true. Same data/augmentation/schedule as 150/151 except data.query_prior disabled (see runs.json description).",250,rib_left_1,False,s0346,s0918,False,0.0085,,0.0001,1.000440239906311,40.0,116.0,5.5e-05,152.0,7.2e-05,4.24,,ct ct<-ct
9s7d69ca,152_cascade_medverse_baseline,"model=medverse (released architecture) — released Medverse.ckpt start (checkpoint=orig_weights), medverse_bounded_head=true (sigmoid-appended head -> real logit -> shared bce_dice-with-logits recipe, matching 150/151's adamw/1e-4/bce_dice exactly), eval_autocast=true, medverse.compile=true. Same data/augmentation/schedule as 150/151 except data.query_prior disabled (see runs.json description).",250,rib_left_1,False,s1002,s1238,False,0.0185,,0.0001,0.9999979138374329,49.2,1.0,0.0,157.0,7.5e-05,4.24,,ct ct<-ct
9s7d69ca,152_cascade_medverse_baseline,"model=medverse (released architecture) — released Medverse.ckpt start (checkpoint=orig_weights), medverse_bounded_head=true (sigmoid-appended head -> real logit -> shared bce_dice-with-logits recipe, matching 150/151's adamw/1e-4/bce_dice exactly), eval_autocast=true, medverse.compile=true. Same data/augmentation/schedule as 150/151 except data.query_prior disabled (see runs.json description).",250,rib_left_1,False,s0032,s0618,False,0.0076,,0.0144,0.9860270619392395,36.9,78.0,3.7e-05,94.0,4.5e-05,4.24,,ct ct<-ct
9s7d69ca,152_cascade_medverse_baseline,"model=medverse (released architecture) — released Medverse.ckpt start (checkpoint=orig_weights), medverse_bounded_head=true (sigmoid-appended head -> real logit -> shared bce_dice-with-logits recipe, matching 150/151's adamw/1e-4/bce_dice exactly), eval_autocast=true, medverse.compile=true. Same data/augmentation/schedule as 150/151 except data.query_prior disabled (see runs.json description).",250,rib_left_10,False,s0045,s1305,False,0.0036,,0.0294,0.9715739488601685,35.7,182.0,8.7e-05,91.0,4.3e-05,4.24,,ct ct<-ct
9s7d69ca,152_cascade_medverse_baseline,"model=medverse (released architecture) — released Medverse.ckpt start (checkpoint=orig_weights), medverse_bounded_head=true (sigmoid-appended head -> real logit -> shared bce_dice-with-logits recipe, matching 150/151's adamw/1e-4/bce_dice exactly), eval_autocast=true, medverse.compile=true. Same data/augmentation/schedule as 150/151 except data.query_prior disabled (see runs.json description).",250,rib_left_10,False,s1046,s0324,False,0.003,,0.0001,1.0012036561965942,36.4,256.0,0.000122,53.0,2.5e-05,4.24,,ct ct<-ct
9s7d69ca,152_cascade_medverse_baseline,"model=medverse (released architecture) — released Medverse.ckpt start (checkpoint=orig_weights), medverse_bounded_head=true (sigmoid-appended head -> real logit -> shared bce_dice-with-logits recipe, matching 150/151's adamw/1e-4/bce_dice exactly), eval_autocast=true, medverse.compile=true. Same data/augmentation/schedule as 150/151 except data.query_prior disabled (see runs.json description).",250,rib_left_10,False,s0095,s0544,False,0.0019,,0.0,1.0008535385131836,36.6,42.0,2e-05,188.0,9e-05,4.24,,ct ct<-ct
9s7d69ca,152_cascade_medverse_baseline,"model=medverse (released architecture) — released Medverse.ckpt start (checkpoint=orig_weights), medverse_bounded_head=true (sigmoid-appended head -> real logit -> shared bce_dice-with-logits recipe, matching 150/151's adamw/1e-4/bce_dice exactly), eval_autocast=true, medverse.compile=true. Same data/augmentation/schedule as 150/151 except data.query_prior disabled (see runs.json description).",250,rib_left_10,False,s0032,s1133,False,0.1836,,0.1822,0.8183019161224365,40.4,60.0,2.9e-05,121.0,5.8e-05,4.24,,ct ct<-ct
9s7d69ca,152_cascade_medverse_baseline,"model=medverse (released architecture) — released Medverse.ckpt start (checkpoint=orig_weights), medverse_bounded_head=true (sigmoid-appended head -> real logit -> shared bce_dice-with-logits recipe, matching 150/151's adamw/1e-4/bce_dice exactly), eval_autocast=true, medverse.compile=true. Same data/augmentation/schedule as 150/151 except data.query_prior disabled (see runs.json description).",250,rib_left_10,False,s0698,s0794,False,0.0496,,0.0487,0.9524914622306824,35.5,151.0,7.2e-05,188.0,9e-05,4.24,,ct ct<-ct
9s7d69ca,152_cascade_medverse_baseline,"model=medverse (released architecture) — released Medverse.ckpt start (checkpoint=orig_weights), medverse_bounded_head=true (sigmoid-appended head -> real logit -> shared bce_dice-with-logits recipe, matching 150/151's adamw/1e-4/bce_dice exactly), eval_autocast=true, medverse.compile=true. Same data/augmentation/schedule as 150/151 except data.query_prior disabled (see runs.json description).",250,rib_left_10,False,s0824,s0991,False,0.0111,,0.0205,0.9803205132484436,41.1,151.0,7.2e-05,109.0,5.2e-05,4.24,,ct ct<-ct
9s7d69ca,152_cascade_medverse_baseline,"model=medverse (released architecture) — released Medverse.ckpt start (checkpoint=orig_weights), medverse_bounded_head=true (sigmoid-appended head -> real logit -> shared bce_dice-with-logits recipe, matching 150/151's adamw/1e-4/bce_dice exactly), eval_autocast=true, medverse.compile=true. Same data/augmentation/schedule as 150/151 except data.query_prior disabled (see runs.json description).",250,rib_left_10,False,s1287,s1024,False,0.3691,,0.3629,0.6378588676452637,38.6,190.0,9.1e-05,157.0,7.5e-05,4.24,,ct ct<-ct
9s7d69ca,152_cascade_medverse_baseline,"model=medverse (released architecture) — released Medverse.ckpt start (checkpoint=orig_weights), medverse_bounded_head=true (sigmoid-appended head -> real logit -> shared bce_dice-with-logits recipe, matching 150/151's adamw/1e-4/bce_dice exactly), eval_autocast=true, medverse.compile=true. Same data/augmentation/schedule as 150/151 except data.query_prior disabled (see runs.json description).",250,rib_left_10,False,s0095,s1046,False,0.0217,,0.0014,0.9987872242927551,35.9,42.0,2e-05,256.0,0.000122,4.24,,ct ct<-ct
9s7d69ca,152_cascade_medverse_baseline,"model=medverse (released architecture) — released Medverse.ckpt start (checkpoint=orig_weights), medverse_bounded_head=true (sigmoid-appended head -> real logit -> shared bce_dice-with-logits recipe, matching 150/151's adamw/1e-4/bce_dice exactly), eval_autocast=true, medverse.compile=true. Same data/augmentation/schedule as 150/151 except data.query_prior disabled (see runs.json description).",250,rib_left_10,False,s0618,s0544,False,0.0051,,0.0158,0.9846017360687256,36.5,55.0,2.6e-05,188.0,9e-05,4.24,,ct ct<-ct
9s7d69ca,152_cascade_medverse_baseline,"model=medverse (released architecture) — released Medverse.ckpt start (checkpoint=orig_weights), medverse_bounded_head=true (sigmoid-appended head -> real logit -> shared bce_dice-with-logits recipe, matching 150/151's adamw/1e-4/bce_dice exactly), eval_autocast=true, medverse.compile=true. Same data/augmentation/schedule as 150/151 except data.query_prior disabled (see runs.json description).",250,rib_left_10,False,s1024,s0123,False,0.3112,,0.28,0.7205075621604919,41.3,157.0,7.5e-05,144.0,6.9e-05,4.24,,ct ct<-ct
9s7d69ca,152_cascade_medverse_baseline,"model=medverse (released architecture) — released Medverse.ckpt start (checkpoint=orig_weights), medverse_bounded_head=true (sigmoid-appended head -> real logit -> shared bce_dice-with-logits recipe, matching 150/151's adamw/1e-4/bce_dice exactly), eval_autocast=true, medverse.compile=true. Same data/augmentation/schedule as 150/151 except data.query_prior disabled (see runs.json description).",250,rib_left_10,False,s0618,s0045,False,0.0095,,0.0,1.0003163814544678,52.7,55.0,2.6e-05,182.0,8.7e-05,4.24,,ct ct<-ct
9s7d69ca,152_cascade_medverse_baseline,"model=medverse (released architecture) — released Medverse.ckpt start (checkpoint=orig_weights), medverse_bounded_head=true (sigmoid-appended head -> real logit -> shared bce_dice-with-logits recipe, matching 150/151's adamw/1e-4/bce_dice exactly), eval_autocast=true, medverse.compile=true. Same data/augmentation/schedule as 150/151 except data.query_prior disabled (see runs.json description).",250,rib_left_10,False,s1046,s0991,False,0.5474,,0.5449,0.45587462186813354,35.1,256.0,0.000122,109.0,5.2e-05,4.24,,ct ct<-ct
9s7d69ca,152_cascade_medverse_baseline,"model=medverse (released architecture) — released Medverse.ckpt start (checkpoint=orig_weights), medverse_bounded_head=true (sigmoid-appended head -> real logit -> shared bce_dice-with-logits recipe, matching 150/151's adamw/1e-4/bce_dice exactly), eval_autocast=true, medverse.compile=true. Same data/augmentation/schedule as 150/151 except data.query_prior disabled (see runs.json description).",250,rib_left_11,False,s0544,s1337,False,0.477,,0.4451,0.5551930069923401,35.6,96.0,4.6e-05,121.0,5.8e-05,4.24,,ct ct<-ct
9s7d69ca,152_cascade_medverse_baseline,"model=medverse (released architecture) — released Medverse.ckpt start (checkpoint=orig_weights), medverse_bounded_head=true (sigmoid-appended head -> real logit -> shared bce_dice-with-logits recipe, matching 150/151's adamw/1e-4/bce_dice exactly), eval_autocast=true, medverse.compile=true. Same data/augmentation/schedule as 150/151 except data.query_prior disabled (see runs.json description).",250,rib_left_11,False,s1046,s0698,False,0.3244,,0.3126,0.6881846785545349,56.3,175.0,8.3e-05,76.0,3.6e-05,4.24,,ct ct<-ct
9s7d69ca,152_cascade_medverse_baseline,"model=medverse (released architecture) — released Medverse.ckpt start (checkpoint=orig_weights), medverse_bounded_head=true (sigmoid-appended head -> real logit -> shared bce_dice-with-logits recipe, matching 150/151's adamw/1e-4/bce_dice exactly), eval_autocast=true, medverse.compile=true. Same data/augmentation/schedule as 150/151 except data.query_prior disabled (see runs.json description).",250,rib_left_11,False,s1199,s0832,False,0.5872,,0.5759,0.42434877157211304,36.6,103.0,4.9e-05,88.0,4.2e-05,4.24,,ct ct<-ct
9s7d69ca,152_cascade_medverse_baseline,"model=medverse (released architecture) — released Medverse.ckpt start (checkpoint=orig_weights), medverse_bounded_head=true (sigmoid-appended head -> real logit -> shared bce_dice-with-logits recipe, matching 150/151's adamw/1e-4/bce_dice exactly), eval_autocast=true, medverse.compile=true. Same data/augmentation/schedule as 150/151 except data.query_prior disabled (see runs.json description).",250,rib_left_11,False,s1024,s1337,False,0.0833,,0.0715,0.9288251996040344,40.4,79.0,3.8e-05,121.0,5.8e-05,4.24,,ct ct<-ct
9s7d69ca,152_cascade_medverse_baseline,"model=medverse (released architecture) — released Medverse.ckpt start (checkpoint=orig_weights), medverse_bounded_head=true (sigmoid-appended head -> real logit -> shared bce_dice-with-logits recipe, matching 150/151's adamw/1e-4/bce_dice exactly), eval_autocast=true, medverse.compile=true. Same data/augmentation/schedule as 150/151 except data.query_prior disabled (see runs.json description).",250,rib_left_11,False,s0625,s0991,False,0.3549,,0.3472,0.6532447338104248,35.2,80.0,3.8e-05,103.0,4.9e-05,4.24,,ct ct<-ct
9s7d69ca,152_cascade_medverse_baseline,"model=medverse (released architecture) — released Medverse.ckpt start (checkpoint=orig_weights), medverse_bounded_head=true (sigmoid-appended head -> real logit -> shared bce_dice-with-logits recipe, matching 150/151's adamw/1e-4/bce_dice exactly), eval_autocast=true, medverse.compile=true. Same data/augmentation/schedule as 150/151 except data.query_prior disabled (see runs.json description).",250,rib_left_11,False,s0650,s0458,False,0.1589,,0.1625,0.838123083114624,41.1,83.0,4e-05,74.0,3.5e-05,4.24,,ct ct<-ct
9s7d69ca,152_cascade_medverse_baseline,"model=medverse (released architecture) — released Medverse.ckpt start (checkpoint=orig_weights), medverse_bounded_head=true (sigmoid-appended head -> real logit -> shared bce_dice-with-logits recipe, matching 150/151's adamw/1e-4/bce_dice exactly), eval_autocast=true, medverse.compile=true. Same data/augmentation/schedule as 150/151 except data.query_prior disabled (see runs.json description).",250,rib_left_11,False,s0794,s0045,False,0.1377,,0.1358,0.8649365305900574,35.6,95.0,4.5e-05,111.0,5.3e-05,4.24,,ct ct<-ct
9s7d69ca,152_cascade_medverse_baseline,"model=medverse (released architecture) — released Medverse.ckpt start (checkpoint=orig_weights), medverse_bounded_head=true (sigmoid-appended head -> real logit -> shared bce_dice-with-logits recipe, matching 150/151's adamw/1e-4/bce_dice exactly), eval_autocast=true, medverse.compile=true. Same data/augmentation/schedule as 150/151 except data.query_prior disabled (see runs.json description).",250,rib_left_11,False,s0824,s1197,False,0.3298,,0.3143,0.6861494183540344,36.5,92.0,4.4e-05,20.0,1e-05,4.24,,ct ct<-ct
9s7d69ca,152_cascade_medverse_baseline,"model=medverse (released architecture) — released Medverse.ckpt start (checkpoint=orig_weights), medverse_bounded_head=true (sigmoid-appended head -> real logit -> shared bce_dice-with-logits recipe, matching 150/151's adamw/1e-4/bce_dice exactly), eval_autocast=true, medverse.compile=true. Same data/augmentation/schedule as 150/151 except data.query_prior disabled (see runs.json description).",250,rib_left_11,False,s1017,s0095,False,0.0385,,0.0003,0.9998119473457336,41.3,25.0,1.2e-05,57.0,2.7e-05,4.24,,ct ct<-ct
9s7d69ca,152_cascade_medverse_baseline,"model=medverse (released architecture) — released Medverse.ckpt start (checkpoint=orig_weights), medverse_bounded_head=true (sigmoid-appended head -> real logit -> shared bce_dice-with-logits recipe, matching 150/151's adamw/1e-4/bce_dice exactly), eval_autocast=true, medverse.compile=true. Same data/augmentation/schedule as 150/151 except data.query_prior disabled (see runs.json description).",250,rib_left_11,False,s0123,s0032,False,0.3941,,0.3878,0.6126159429550171,40.1,69.0,3.3e-05,42.0,2e-05,4.24,,ct ct<-ct
9s7d69ca,152_cascade_medverse_baseline,"model=medverse (released architecture) — released Medverse.ckpt start (checkpoint=orig_weights), medverse_bounded_head=true (sigmoid-appended head -> real logit -> shared bce_dice-with-logits recipe, matching 150/151's adamw/1e-4/bce_dice exactly), eval_autocast=true, medverse.compile=true. Same data/augmentation/schedule as 150/151 except data.query_prior disabled (see runs.json description).",250,rib_left_11,False,s0824,s1161,False,0.1839,,0.1803,0.8202098608016968,40.8,92.0,4.4e-05,122.0,5.8e-05,4.24,,ct ct<-ct
9s7d69ca,152_cascade_medverse_baseline,"model=medverse (released architecture) — released Medverse.ckpt start (checkpoint=orig_weights), medverse_bounded_head=true (sigmoid-appended head -> real logit -> shared bce_dice-with-logits recipe, matching 150/151's adamw/1e-4/bce_dice exactly), eval_autocast=true, medverse.compile=true. Same data/augmentation/schedule as 150/151 except data.query_prior disabled (see runs.json description).",250,rib_left_11,False,s1197,s0618,False,0.6034,,0.5801,0.41990986466407776,35.4,20.0,1e-05,31.0,1.5e-05,4.24,,ct ct<-ct
9s7d69ca,152_cascade_medverse_baseline,"model=medverse (released architecture) — released Medverse.ckpt start (checkpoint=orig_weights), medverse_bounded_head=true (sigmoid-appended head -> real logit -> shared bce_dice-with-logits recipe, matching 150/151's adamw/1e-4/bce_dice exactly), eval_autocast=true, medverse.compile=true. Same data/augmentation/schedule as 150/151 except data.query_prior disabled (see runs.json description).",250,rib_left_12,True,s0824,s1233,False,0.3333,,0.2651,0.7350002527236938,35.5,31.0,1.5e-05,19.0,9e-06,4.24,,ct ct<-ct
9s7d69ca,152_cascade_medverse_baseline,"model=medverse (released architecture) — released Medverse.ckpt start (checkpoint=orig_weights), medverse_bounded_head=true (sigmoid-appended head -> real logit -> shared bce_dice-with-logits recipe, matching 150/151's adamw/1e-4/bce_dice exactly), eval_autocast=true, medverse.compile=true. Same data/augmentation/schedule as 150/151 except data.query_prior disabled (see runs.json description).",250,rib_left_12,True,s0032,s0747,False,0.3276,,0.2979,0.7021784782409668,37.8,11.0,5e-06,35.0,1.7e-05,4.24,,ct ct<-ct
9s7d69ca,152_cascade_medverse_baseline,"model=medverse (released architecture) — released Medverse.ckpt start (checkpoint=orig_weights), medverse_bounded_head=true (sigmoid-appended head -> real logit -> shared bce_dice-with-logits recipe, matching 150/151's adamw/1e-4/bce_dice exactly), eval_autocast=true, medverse.compile=true. Same data/augmentation/schedule as 150/151 except data.query_prior disabled (see runs.json description).",250,rib_left_12,True,s0675,s1133,False,0.4493,,0.4296,0.5704464912414551,48.6,29.0,1.4e-05,29.0,1.4e-05,4.24,,ct ct<-ct
9s7d69ca,152_cascade_medverse_baseline,"model=medverse (released architecture) — released Medverse.ckpt start (checkpoint=orig_weights), medverse_bounded_head=true (sigmoid-appended head -> real logit -> shared bce_dice-with-logits recipe, matching 150/151's adamw/1e-4/bce_dice exactly), eval_autocast=true, medverse.compile=true. Same data/augmentation/schedule as 150/151 except data.query_prior disabled (see runs.json description).",250,rib_left_2,True,s0420,s0618,False,0.2734,,0.2689,0.7316856980323792,35.5,141.0,6.7e-05,108.0,5.1e-05,4.24,,ct ct<-ct
9s7d69ca,152_cascade_medverse_baseline,"model=medverse (released architecture) — released Medverse.ckpt start (checkpoint=orig_weights), medverse_bounded_head=true (sigmoid-appended head -> real logit -> shared bce_dice-with-logits recipe, matching 150/151's adamw/1e-4/bce_dice exactly), eval_autocast=true, medverse.compile=true. Same data/augmentation/schedule as 150/151 except data.query_prior disabled (see runs.json description).",250,rib_left_2,True,s0698,s1337,False,0.4855,,0.486,0.514336347579956,35.3,117.0,5.6e-05,170.0,8.1e-05,4.24,,ct ct<-ct
9s7d69ca,152_cascade_medverse_baseline,"model=medverse (released architecture) — released Medverse.ckpt start (checkpoint=orig_weights), medverse_bounded_head=true (sigmoid-appended head -> real logit -> shared bce_dice-with-logits recipe, matching 150/151's adamw/1e-4/bce_dice exactly), eval_autocast=true, medverse.compile=true. Same data/augmentation/schedule as 150/151 except data.query_prior disabled (see runs.json description).",250,rib_left_2,True,s0698,s0625,False,0.2676,,0.2604,0.7402124404907227,40.5,117.0,5.6e-05,144.0,6.9e-05,4.24,,ct ct<-ct
9s7d69ca,152_cascade_medverse_baseline,"model=medverse (released architecture) — released Medverse.ckpt start (checkpoint=orig_weights), medverse_bounded_head=true (sigmoid-appended head -> real logit -> shared bce_dice-with-logits recipe, matching 150/151's adamw/1e-4/bce_dice exactly), eval_autocast=true, medverse.compile=true. Same data/augmentation/schedule as 150/151 except data.query_prior disabled (see runs.json description).",250,rib_left_2,True,s1278,s0698,False,0.4088,,0.4038,0.5967495441436768,35.6,162.0,7.7e-05,117.0,5.6e-05,4.24,,ct ct<-ct
9s7d69ca,152_cascade_medverse_baseline,"model=medverse (released architecture) — released Medverse.ckpt start (checkpoint=orig_weights), medverse_bounded_head=true (sigmoid-appended head -> real logit -> shared bce_dice-with-logits recipe, matching 150/151's adamw/1e-4/bce_dice exactly), eval_autocast=true, medverse.compile=true. Same data/augmentation/schedule as 150/151 except data.query_prior disabled (see runs.json description).",250,rib_left_2,True,s1337,s1197,False,0.3463,,0.3384,0.662239134311676,40.4,170.0,8.1e-05,118.0,5.6e-05,4.24,,ct ct<-ct
9s7d69ca,152_cascade_medverse_baseline,"model=medverse (released architecture) — released Medverse.ckpt start (checkpoint=orig_weights), medverse_bounded_head=true (sigmoid-appended head -> real logit -> shared bce_dice-with-logits recipe, matching 150/151's adamw/1e-4/bce_dice exactly), eval_autocast=true, medverse.compile=true. Same data/augmentation/schedule as 150/151 except data.query_prior disabled (see runs.json description).",250,rib_left_2,True,s1233,s0698,False,0.3785,,0.3689,0.6314399242401123,35.2,101.0,4.8e-05,117.0,5.6e-05,4.24,,ct ct<-ct
9s7d69ca,152_cascade_medverse_baseline,"model=medverse (released architecture) — released Medverse.ckpt start (checkpoint=orig_weights), medverse_bounded_head=true (sigmoid-appended head -> real logit -> shared bce_dice-with-logits recipe, matching 150/151's adamw/1e-4/bce_dice exactly), eval_autocast=true, medverse.compile=true. Same data/augmentation/schedule as 150/151 except data.query_prior disabled (see runs.json description).",250,rib_left_2,True,s1197,s0095,False,0.34,,0.3226,0.6781234741210938,35.9,118.0,5.6e-05,167.0,8e-05,4.24,,ct ct<-ct
9s7d69ca,152_cascade_medverse_baseline,"model=medverse (released architecture) — released Medverse.ckpt start (checkpoint=orig_weights), medverse_bounded_head=true (sigmoid-appended head -> real logit -> shared bce_dice-with-logits recipe, matching 150/151's adamw/1e-4/bce_dice exactly), eval_autocast=true, medverse.compile=true. Same data/augmentation/schedule as 150/151 except data.query_prior disabled (see runs.json description).",250,rib_left_2,True,s0874,s0824,False,0.5786,,0.5557,0.4447172284126282,37.8,162.0,7.7e-05,162.0,7.7e-05,4.24,,ct ct<-ct
9s7d69ca,152_cascade_medverse_baseline,"model=medverse (released architecture) — released Medverse.ckpt start (checkpoint=orig_weights), medverse_bounded_head=true (sigmoid-appended head -> real logit -> shared bce_dice-with-logits recipe, matching 150/151's adamw/1e-4/bce_dice exactly), eval_autocast=true, medverse.compile=true. Same data/augmentation/schedule as 150/151 except data.query_prior disabled (see runs.json description).",250,rib_left_2,True,s1233,s0747,False,0.1056,,0.1269,0.8735793828964233,35.3,101.0,4.8e-05,211.0,0.000101,4.24,,ct ct<-ct
9s7d69ca,152_cascade_medverse_baseline,"model=medverse (released architecture) — released Medverse.ckpt start (checkpoint=orig_weights), medverse_bounded_head=true (sigmoid-appended head -> real logit -> shared bce_dice-with-logits recipe, matching 150/151's adamw/1e-4/bce_dice exactly), eval_autocast=true, medverse.compile=true. Same data/augmentation/schedule as 150/151 except data.query_prior disabled (see runs.json description).",250,rib_left_3,True,s0650,s0123,False,0.1046,,0.0954,0.9058520197868347,35.5,211.0,0.000101,167.0,8e-05,4.24,,ct ct<-ct
9s7d69ca,152_cascade_medverse_baseline,"model=medverse (released architecture) — released Medverse.ckpt start (checkpoint=orig_weights), medverse_bounded_head=true (sigmoid-appended head -> real logit -> shared bce_dice-with-logits recipe, matching 150/151's adamw/1e-4/bce_dice exactly), eval_autocast=true, medverse.compile=true. Same data/augmentation/schedule as 150/151 except data.query_prior disabled (see runs.json description).",250,rib_left_3,True,s0698,s1024,False,0.2799,,0.2757,0.7251100540161133,37.2,190.0,9.1e-05,148.0,7.1e-05,4.24,,ct ct<-ct
9s7d69ca,152_cascade_medverse_baseline,"model=medverse (released architecture) — released Medverse.ckpt start (checkpoint=orig_weights), medverse_bounded_head=true (sigmoid-appended head -> real logit -> shared bce_dice-with-logits recipe, matching 150/151's adamw/1e-4/bce_dice exactly), eval_autocast=true, medverse.compile=true. Same data/augmentation/schedule as 150/151 except data.query_prior disabled (see runs.json description).",250,rib_left_3,True,s1161,s0466,False,0.0035,,0.0001,1.001089334487915,35.1,233.0,0.000111,53.0,2.5e-05,4.24,,ct ct<-ct
9s7d69ca,152_cascade_medverse_baseline,"model=medverse (released architecture) — released Medverse.ckpt start (checkpoint=orig_weights), medverse_bounded_head=true (sigmoid-appended head -> real logit -> shared bce_dice-with-logits recipe, matching 150/151's adamw/1e-4/bce_dice exactly), eval_autocast=true, medverse.compile=true. Same data/augmentation/schedule as 150/151 except data.query_prior disabled (see runs.json description).",250,rib_left_4,False,s0095,s1024,False,0.1952,,0.1876,0.8134114742279053,37.0,258.0,0.000123,197.0,9.4e-05,4.24,,ct ct<-ct
9s7d69ca,152_cascade_medverse_baseline,"model=medverse (released architecture) — released Medverse.ckpt start (checkpoint=orig_weights), medverse_bounded_head=true (sigmoid-appended head -> real logit -> shared bce_dice-with-logits recipe, matching 150/151's adamw/1e-4/bce_dice exactly), eval_autocast=true, medverse.compile=true. Same data/augmentation/schedule as 150/151 except data.query_prior disabled (see runs.json description).",250,rib_left_4,False,s1046,s1059,False,0.0003,,0.0,1.0079894065856934,36.7,274.0,0.000131,41.0,2e-05,4.24,,ct ct<-ct
9s7d69ca,152_cascade_medverse_baseline,"model=medverse (released architecture) — released Medverse.ckpt start (checkpoint=orig_weights), medverse_bounded_head=true (sigmoid-appended head -> real logit -> shared bce_dice-with-logits recipe, matching 150/151's adamw/1e-4/bce_dice exactly), eval_autocast=true, medverse.compile=true. Same data/augmentation/schedule as 150/151 except data.query_prior disabled (see runs.json description).",250,rib_left_4,False,s1287,s1197,False,0.0025,,0.0,1.0013071298599243,35.8,199.0,9.5e-05,175.0,8.3e-05,4.24,,ct ct<-ct
9s7d69ca,152_cascade_medverse_baseline,"model=medverse (released architecture) — released Medverse.ckpt start (checkpoint=orig_weights), medverse_bounded_head=true (sigmoid-appended head -> real logit -> shared bce_dice-with-logits recipe, matching 150/151's adamw/1e-4/bce_dice exactly), eval_autocast=true, medverse.compile=true. Same data/augmentation/schedule as 150/151 except data.query_prior disabled (see runs.json description).",250,rib_left_4,False,s0420,s1161,False,0.1198,,0.1165,0.8851158618927002,56.3,227.0,0.000108,337.0,0.000161,4.24,,ct ct<-ct
9s7d69ca,152_cascade_medverse_baseline,"model=medverse (released architecture) — released Medverse.ckpt start (checkpoint=orig_weights), medverse_bounded_head=true (sigmoid-appended head -> real logit -> shared bce_dice-with-logits recipe, matching 150/151's adamw/1e-4/bce_dice exactly), eval_autocast=true, medverse.compile=true. Same data/augmentation/schedule as 150/151 except data.query_prior disabled (see runs.json description).",250,rib_left_5,False,s0095,s0675,False,0.015,,0.0178,0.9841744899749756,38.4,302.0,0.000144,201.0,9.6e-05,4.24,,ct ct<-ct
9s7d69ca,152_cascade_medverse_baseline,"model=medverse (released architecture) — released Medverse.ckpt start (checkpoint=orig_weights), medverse_bounded_head=true (sigmoid-appended head -> real logit -> shared bce_dice-with-logits recipe, matching 150/151's adamw/1e-4/bce_dice exactly), eval_autocast=true, medverse.compile=true. Same data/augmentation/schedule as 150/151 except data.query_prior disabled (see runs.json description).",250,rib_left_5,False,s1223,s0760,False,0.0064,,0.0001,1.0008046627044678,36.4,156.0,7.4e-05,3.0,1e-06,4.24,,ct ct<-ct
9s7d69ca,152_cascade_medverse_baseline,"model=medverse (released architecture) — released Medverse.ckpt start (checkpoint=orig_weights), medverse_bounded_head=true (sigmoid-appended head -> real logit -> shared bce_dice-with-logits recipe, matching 150/151's adamw/1e-4/bce_dice exactly), eval_autocast=true, medverse.compile=true. Same data/augmentation/schedule as 150/151 except data.query_prior disabled (see runs.json description).",250,rib_left_5,False,s0032,s0650,False,0.1532,,0.1491,0.8517501354217529,40.6,169.0,8.1e-05,335.0,0.00016,4.24,,ct ct<-ct
9s7d69ca,152_cascade_medverse_baseline,"model=medverse (released architecture) — released Medverse.ckpt start (checkpoint=orig_weights), medverse_bounded_head=true (sigmoid-appended head -> real logit -> shared bce_dice-with-logits recipe, matching 150/151's adamw/1e-4/bce_dice exactly), eval_autocast=true, medverse.compile=true. Same data/augmentation/schedule as 150/151 except data.query_prior disabled (see runs.json description).",250,rib_left_5,False,s1199,s0021,False,0.0013,,0.0002,1.002012014389038,35.5,244.0,0.000116,211.0,0.000101,4.24,,ct ct<-ct
9s7d69ca,152_cascade_medverse_baseline,"model=medverse (released architecture) — released Medverse.ckpt start (checkpoint=orig_weights), medverse_bounded_head=true (sigmoid-appended head -> real logit -> shared bce_dice-with-logits recipe, matching 150/151's adamw/1e-4/bce_dice exactly), eval_autocast=true, medverse.compile=true. Same data/augmentation/schedule as 150/151 except data.query_prior disabled (see runs.json description).",250,rib_left_5,False,s1305,s0918,False,0.0051,,0.008,0.9926756024360657,35.2,109.0,5.2e-05,285.0,0.000136,4.24,,ct ct<-ct
9s7d69ca,152_cascade_medverse_baseline,"model=medverse (released architecture) — released Medverse.ckpt start (checkpoint=orig_weights), medverse_bounded_head=true (sigmoid-appended head -> real logit -> shared bce_dice-with-logits recipe, matching 150/151's adamw/1e-4/bce_dice exactly), eval_autocast=true, medverse.compile=true. Same data/augmentation/schedule as 150/151 except data.query_prior disabled (see runs.json description).",250,rib_left_5,False,s0045,s0346,False,0.0204,,0.0001,1.0001204013824463,35.4,29.0,1.4e-05,82.0,3.9e-05,4.24,,ct ct<-ct
9s7d69ca,152_cascade_medverse_baseline,"model=medverse (released architecture) — released Medverse.ckpt start (checkpoint=orig_weights), medverse_bounded_head=true (sigmoid-appended head -> real logit -> shared bce_dice-with-logits recipe, matching 150/151's adamw/1e-4/bce_dice exactly), eval_autocast=true, medverse.compile=true. Same data/augmentation/schedule as 150/151 except data.query_prior disabled (see runs.json description).",250,rib_left_5,False,s0045,s1046,False,0.0074,,0.0002,1.00005042552948,35.3,29.0,1.4e-05,312.0,0.000149,4.24,,ct ct<-ct
9s7d69ca,152_cascade_medverse_baseline,"model=medverse (released architecture) — released Medverse.ckpt start (checkpoint=orig_weights), medverse_bounded_head=true (sigmoid-appended head -> real logit -> shared bce_dice-with-logits recipe, matching 150/151's adamw/1e-4/bce_dice exactly), eval_autocast=true, medverse.compile=true. Same data/augmentation/schedule as 150/151 except data.query_prior disabled (see runs.json description).",250,rib_left_6,False,s1106,s0991,False,0.3333,,0.0,0.9999980926513672,44.8,2.0,1e-06,172.0,8.2e-05,4.24,,ct ct<-ct
9s7d69ca,152_cascade_medverse_baseline,"model=medverse (released architecture) — released Medverse.ckpt start (checkpoint=orig_weights), medverse_bounded_head=true (sigmoid-appended head -> real logit -> shared bce_dice-with-logits recipe, matching 150/151's adamw/1e-4/bce_dice exactly), eval_autocast=true, medverse.compile=true. Same data/augmentation/schedule as 150/151 except data.query_prior disabled (see runs.json description).",250,rib_left_6,False,s1278,s1046,False,0.1213,,0.1155,0.8864601254463196,38.5,312.0,0.000149,371.0,0.000177,4.24,,ct ct<-ct
9s7d69ca,152_cascade_medverse_baseline,"model=medverse (released architecture) — released Medverse.ckpt start (checkpoint=orig_weights), medverse_bounded_head=true (sigmoid-appended head -> real logit -> shared bce_dice-with-logits recipe, matching 150/151's adamw/1e-4/bce_dice exactly), eval_autocast=true, medverse.compile=true. Same data/augmentation/schedule as 150/151 except data.query_prior disabled (see runs.json description).",250,rib_left_6,False,s0991,s0346,False,0.0031,,0.0,1.0011508464813232,43.8,172.0,8.2e-05,36.0,1.7e-05,4.24,,ct ct<-ct
9s7d69ca,152_cascade_medverse_baseline,"model=medverse (released architecture) — released Medverse.ckpt start (checkpoint=orig_weights), medverse_bounded_head=true (sigmoid-appended head -> real logit -> shared bce_dice-with-logits recipe, matching 150/151's adamw/1e-4/bce_dice exactly), eval_autocast=true, medverse.compile=true. Same data/augmentation/schedule as 150/151 except data.query_prior disabled (see runs.json description).",250,rib_left_6,False,s0045,s1161,False,0.0408,,0.0414,0.9595054984092712,35.5,75.0,3.6e-05,344.0,0.000164,4.24,,ct ct<-ct
9s7d69ca,152_cascade_medverse_baseline,"model=medverse (released architecture) — released Medverse.ckpt start (checkpoint=orig_weights), medverse_bounded_head=true (sigmoid-appended head -> real logit -> shared bce_dice-with-logits recipe, matching 150/151's adamw/1e-4/bce_dice exactly), eval_autocast=true, medverse.compile=true. Same data/augmentation/schedule as 150/151 except data.query_prior disabled (see runs.json description).",250,rib_left_6,False,s1278,s0607,False,0.0032,,0.0001,1.0014899969100952,35.5,312.0,0.000149,60.0,2.9e-05,4.24,,ct ct<-ct
9s7d69ca,152_cascade_medverse_baseline,"model=medverse (released architecture) — released Medverse.ckpt start (checkpoint=orig_weights), medverse_bounded_head=true (sigmoid-appended head -> real logit -> shared bce_dice-with-logits recipe, matching 150/151's adamw/1e-4/bce_dice exactly), eval_autocast=true, medverse.compile=true. Same data/augmentation/schedule as 150/151 except data.query_prior disabled (see runs.json description).",250,rib_left_6,False,s0747,s0698,False,0.0017,,0.0002,1.001894474029541,35.5,293.0,0.00014,243.0,0.000116,4.24,,ct ct<-ct
9s7d69ca,152_cascade_medverse_baseline,"model=medverse (released architecture) — released Medverse.ckpt start (checkpoint=orig_weights), medverse_bounded_head=true (sigmoid-appended head -> real logit -> shared bce_dice-with-logits recipe, matching 150/151's adamw/1e-4/bce_dice exactly), eval_autocast=true, medverse.compile=true. Same data/augmentation/schedule as 150/151 except data.query_prior disabled (see runs.json description).",250,rib_left_6,False,s1305,s1002,False,0.0024,,0.0,1.0012487173080444,42.0,147.0,7e-05,156.0,7.4e-05,4.24,,ct ct<-ct
9s7d69ca,152_cascade_medverse_baseline,"model=medverse (released architecture) — released Medverse.ckpt start (checkpoint=orig_weights), medverse_bounded_head=true (sigmoid-appended head -> real logit -> shared bce_dice-with-logits recipe, matching 150/151's adamw/1e-4/bce_dice exactly), eval_autocast=true, medverse.compile=true. Same data/augmentation/schedule as 150/151 except data.query_prior disabled (see runs.json description).",250,rib_left_6,False,s1017,s0991,False,0.0323,,0.001,0.9990811944007874,42.6,30.0,1.4e-05,172.0,8.2e-05,4.24,,ct ct<-ct
9s7d69ca,152_cascade_medverse_baseline,"model=medverse (released architecture) — released Medverse.ckpt start (checkpoint=orig_weights), medverse_bounded_head=true (sigmoid-appended head -> real logit -> shared bce_dice-with-logits recipe, matching 150/151's adamw/1e-4/bce_dice exactly), eval_autocast=true, medverse.compile=true. Same data/augmentation/schedule as 150/151 except data.query_prior disabled (see runs.json description).",250,rib_left_6,False,s1305,s1233,False,0.0642,,0.0699,0.9308502674102783,35.3,147.0,7e-05,235.0,0.000112,4.24,,ct ct<-ct
9s7d69ca,152_cascade_medverse_baseline,"model=medverse (released architecture) — released Medverse.ckpt start (checkpoint=orig_weights), medverse_bounded_head=true (sigmoid-appended head -> real logit -> shared bce_dice-with-logits recipe, matching 150/151's adamw/1e-4/bce_dice exactly), eval_autocast=true, medverse.compile=true. Same data/augmentation/schedule as 150/151 except data.query_prior disabled (see runs.json description).",250,rib_left_7,False,s1133,s0991,False,0.0122,,0.0123,0.9886323809623718,40.7,191.0,9.1e-05,191.0,9.1e-05,4.24,,ct ct<-ct
9s7d69ca,152_cascade_medverse_baseline,"model=medverse (released architecture) — released Medverse.ckpt start (checkpoint=orig_weights), medverse_bounded_head=true (sigmoid-appended head -> real logit -> shared bce_dice-with-logits recipe, matching 150/151's adamw/1e-4/bce_dice exactly), eval_autocast=true, medverse.compile=true. Same data/augmentation/schedule as 150/151 except data.query_prior disabled (see runs.json description).",250,rib_left_7,False,s0123,s1278,False,0.3549,,0.3537,0.6477212905883789,38.5,296.0,0.000141,318.0,0.000152,4.24,,ct ct<-ct
9s7d69ca,152_cascade_medverse_baseline,"model=medverse (released architecture) — released Medverse.ckpt start (checkpoint=orig_weights), medverse_bounded_head=true (sigmoid-appended head -> real logit -> shared bce_dice-with-logits recipe, matching 150/151's adamw/1e-4/bce_dice exactly), eval_autocast=true, medverse.compile=true. Same data/augmentation/schedule as 150/151 except data.query_prior disabled (see runs.json description).",250,rib_left_7,False,s0650,s0698,False,0.0358,,0.0382,0.9638518691062927,38.5,304.0,0.000145,319.0,0.000152,4.24,,ct ct<-ct
9s7d69ca,152_cascade_medverse_baseline,"model=medverse (released architecture) — released Medverse.ckpt start (checkpoint=orig_weights), medverse_bounded_head=true (sigmoid-appended head -> real logit -> shared bce_dice-with-logits recipe, matching 150/151's adamw/1e-4/bce_dice exactly), eval_autocast=true, medverse.compile=true. Same data/augmentation/schedule as 150/151 except data.query_prior disabled (see runs.json description).",250,rib_left_7,False,s0794,s0760,False,0.0035,,0.0001,1.0013256072998047,38.8,286.0,0.000136,33.0,1.6e-05,4.24,,ct ct<-ct
9s7d69ca,152_cascade_medverse_baseline,"model=medverse (released architecture) — released Medverse.ckpt start (checkpoint=orig_weights), medverse_bounded_head=true (sigmoid-appended head -> real logit -> shared bce_dice-with-logits recipe, matching 150/151's adamw/1e-4/bce_dice exactly), eval_autocast=true, medverse.compile=true. Same data/augmentation/schedule as 150/151 except data.query_prior disabled (see runs.json description).",250,rib_left_7,False,s1046,s1305,False,0.0548,,0.0624,0.9396460652351379,35.6,370.0,0.000176,159.0,7.6e-05,4.24,,ct ct<-ct
9s7d69ca,152_cascade_medverse_baseline,"model=medverse (released architecture) — released Medverse.ckpt start (checkpoint=orig_weights), medverse_bounded_head=true (sigmoid-appended head -> real logit -> shared bce_dice-with-logits recipe, matching 150/151's adamw/1e-4/bce_dice exactly), eval_autocast=true, medverse.compile=true. Same data/augmentation/schedule as 150/151 except data.query_prior disabled (see runs.json description).",250,rib_left_7,False,s1199,s0032,False,0.1084,,0.1123,0.8896340727806091,35.6,327.0,0.000156,151.0,7.2e-05,4.24,,ct ct<-ct
9s7d69ca,152_cascade_medverse_baseline,"model=medverse (released architecture) — released Medverse.ckpt start (checkpoint=orig_weights), medverse_bounded_head=true (sigmoid-appended head -> real logit -> shared bce_dice-with-logits recipe, matching 150/151's adamw/1e-4/bce_dice exactly), eval_autocast=true, medverse.compile=true. Same data/augmentation/schedule as 150/151 except data.query_prior disabled (see runs.json description).",250,rib_left_7,False,s1046,s1305,False,0.0548,,0.0624,0.9396460652351379,35.5,370.0,0.000176,159.0,7.6e-05,4.24,,ct ct<-ct
9s7d69ca,152_cascade_medverse_baseline,"model=medverse (released architecture) — released Medverse.ckpt start (checkpoint=orig_weights), medverse_bounded_head=true (sigmoid-appended head -> real logit -> shared bce_dice-with-logits recipe, matching 150/151's adamw/1e-4/bce_dice exactly), eval_autocast=true, medverse.compile=true. Same data/augmentation/schedule as 150/151 except data.query_prior disabled (see runs.json description).",250,rib_left_7,False,s0458,s0794,False,0.003,,0.0017,0.999295175075531,52.7,127.0,6.1e-05,286.0,0.000136,4.24,,ct ct<-ct
9s7d69ca,152_cascade_medverse_baseline,"model=medverse (released architecture) — released Medverse.ckpt start (checkpoint=orig_weights), medverse_bounded_head=true (sigmoid-appended head -> real logit -> shared bce_dice-with-logits recipe, matching 150/151's adamw/1e-4/bce_dice exactly), eval_autocast=true, medverse.compile=true. Same data/augmentation/schedule as 150/151 except data.query_prior disabled (see runs.json description).",250,rib_left_7,False,s0618,s0760,False,0.0009,,0.0,1.002737283706665,37.8,166.0,7.9e-05,33.0,1.6e-05,4.24,,ct ct<-ct
9s7d69ca,152_cascade_medverse_baseline,"model=medverse (released architecture) — released Medverse.ckpt start (checkpoint=orig_weights), medverse_bounded_head=true (sigmoid-appended head -> real logit -> shared bce_dice-with-logits recipe, matching 150/151's adamw/1e-4/bce_dice exactly), eval_autocast=true, medverse.compile=true. Same data/augmentation/schedule as 150/151 except data.query_prior disabled (see runs.json description).",250,rib_left_8,False,s0021,s0808,False,0.0141,,0.0,1.00015389919281,38.1,2.0,1e-06,129.0,6.2e-05,4.24,,ct ct<-ct
9s7d69ca,152_cascade_medverse_baseline,"model=medverse (released architecture) — released Medverse.ckpt start (checkpoint=orig_weights), medverse_bounded_head=true (sigmoid-appended head -> real logit -> shared bce_dice-with-logits recipe, matching 150/151's adamw/1e-4/bce_dice exactly), eval_autocast=true, medverse.compile=true. Same data/augmentation/schedule as 150/151 except data.query_prior disabled (see runs.json description).",250,rib_left_8,False,s0618,s0824,False,0.232,,0.2316,0.7691280841827393,49.2,147.0,7e-05,252.0,0.00012,4.24,,ct ct<-ct
9s7d69ca,152_cascade_medverse_baseline,"model=medverse (released architecture) — released Medverse.ckpt start (checkpoint=orig_weights), medverse_bounded_head=true (sigmoid-appended head -> real logit -> shared bce_dice-with-logits recipe, matching 150/151's adamw/1e-4/bce_dice exactly), eval_autocast=true, medverse.compile=true. Same data/augmentation/schedule as 150/151 except data.query_prior disabled (see runs.json description).",250,rib_left_8,False,s0618,s0546,False,0.0954,,0.0858,0.9149859547615051,44.5,147.0,7e-05,272.0,0.00013,4.24,,ct ct<-ct
9s7d69ca,152_cascade_medverse_baseline,"model=medverse (released architecture) — released Medverse.ckpt start (checkpoint=orig_weights), medverse_bounded_head=true (sigmoid-appended head -> real logit -> shared bce_dice-with-logits recipe, matching 150/151's adamw/1e-4/bce_dice exactly), eval_autocast=true, medverse.compile=true. Same data/augmentation/schedule as 150/151 except data.query_prior disabled (see runs.json description).",250,rib_left_8,False,s0249,s1337,False,0.1576,,0.1439,0.8568083643913269,40.7,104.0,5e-05,262.0,0.000125,4.24,,ct ct<-ct
9s7d69ca,152_cascade_medverse_baseline,"model=medverse (released architecture) — released Medverse.ckpt start (checkpoint=orig_weights), medverse_bounded_head=true (sigmoid-appended head -> real logit -> shared bce_dice-with-logits recipe, matching 150/151's adamw/1e-4/bce_dice exactly), eval_autocast=true, medverse.compile=true. Same data/augmentation/schedule as 150/151 except data.query_prior disabled (see runs.json description).",250,rib_left_8,False,s0918,s0747,False,0.0286,,0.0299,0.9720892906188965,41.0,328.0,0.000156,284.0,0.000135,4.24,,ct ct<-ct
9s7d69ca,152_cascade_medverse_baseline,"model=medverse (released architecture) — released Medverse.ckpt start (checkpoint=orig_weights), medverse_bounded_head=true (sigmoid-appended head -> real logit -> shared bce_dice-with-logits recipe, matching 150/151's adamw/1e-4/bce_dice exactly), eval_autocast=true, medverse.compile=true. Same data/augmentation/schedule as 150/151 except data.query_prior disabled (see runs.json description).",250,rib_left_8,False,s1233,s1238,False,0.3043,,0.3033,0.6977256536483765,41.0,230.0,0.00011,244.0,0.000116,4.24,,ct ct<-ct
9s7d69ca,152_cascade_medverse_baseline,"model=medverse (released architecture) — released Medverse.ckpt start (checkpoint=orig_weights), medverse_bounded_head=true (sigmoid-appended head -> real logit -> shared bce_dice-with-logits recipe, matching 150/151's adamw/1e-4/bce_dice exactly), eval_autocast=true, medverse.compile=true. Same data/augmentation/schedule as 150/151 except data.query_prior disabled (see runs.json description).",250,rib_left_8,False,s0918,s1286,False,0.0517,,0.049,0.9535918831825256,42.0,328.0,0.000156,9.0,4e-06,4.24,,ct ct<-ct
9s7d69ca,152_cascade_medverse_baseline,"model=medverse (released architecture) — released Medverse.ckpt start (checkpoint=orig_weights), medverse_bounded_head=true (sigmoid-appended head -> real logit -> shared bce_dice-with-logits recipe, matching 150/151's adamw/1e-4/bce_dice exactly), eval_autocast=true, medverse.compile=true. Same data/augmentation/schedule as 150/151 except data.query_prior disabled (see runs.json description).",250,rib_left_8,False,s1024,s1199,False,0.0023,,0.0001,1.001567006111145,43.2,243.0,0.000116,263.0,0.000125,4.24,,ct ct<-ct
9s7d69ca,152_cascade_medverse_baseline,"model=medverse (released architecture) — released Medverse.ckpt start (checkpoint=orig_weights), medverse_bounded_head=true (sigmoid-appended head -> real logit -> shared bce_dice-with-logits recipe, matching 150/151's adamw/1e-4/bce_dice exactly), eval_autocast=true, medverse.compile=true. Same data/augmentation/schedule as 150/151 except data.query_prior disabled (see runs.json description).",250,rib_left_9,True,s0123,s1017,False,0.0045,,0.0001,1.0009474754333496,48.2,208.0,9.9e-05,33.0,1.6e-05,4.24,,ct ct<-ct
9s7d69ca,152_cascade_medverse_baseline,"model=medverse (released architecture) — released Medverse.ckpt start (checkpoint=orig_weights), medverse_bounded_head=true (sigmoid-appended head -> real logit -> shared bce_dice-with-logits recipe, matching 150/151's adamw/1e-4/bce_dice exactly), eval_autocast=true, medverse.compile=true. Same data/augmentation/schedule as 150/151 except data.query_prior disabled (see runs.json description).",250,rib_left_9,True,s0045,s0698,False,0.0032,,0.002,0.9990346431732178,36.7,174.0,8.3e-05,219.0,0.000104,4.24,,ct ct<-ct
9s7d69ca,152_cascade_medverse_baseline,"model=medverse (released architecture) — released Medverse.ckpt start (checkpoint=orig_weights), medverse_bounded_head=true (sigmoid-appended head -> real logit -> shared bce_dice-with-logits recipe, matching 150/151's adamw/1e-4/bce_dice exactly), eval_autocast=true, medverse.compile=true. Same data/augmentation/schedule as 150/151 except data.query_prior disabled (see runs.json description).",250,rib_left_9,True,s0824,s0918,False,0.0251,,0.022,0.9788214564323425,41.1,180.0,8.6e-05,281.0,0.000134,4.24,,ct ct<-ct
9s7d69ca,152_cascade_medverse_baseline,"model=medverse (released architecture) — released Medverse.ckpt start (checkpoint=orig_weights), medverse_bounded_head=true (sigmoid-appended head -> real logit -> shared bce_dice-with-logits recipe, matching 150/151's adamw/1e-4/bce_dice exactly), eval_autocast=true, medverse.compile=true. Same data/augmentation/schedule as 150/151 except data.query_prior disabled (see runs.json description).",250,rib_left_9,True,s0095,s0625,False,0.1182,,0.0947,0.9055413603782654,35.5,32.0,1.5e-05,220.0,0.000105,4.24,,ct ct<-ct
9s7d69ca,152_cascade_medverse_baseline,"model=medverse (released architecture) — released Medverse.ckpt start (checkpoint=orig_weights), medverse_bounded_head=true (sigmoid-appended head -> real logit -> shared bce_dice-with-logits recipe, matching 150/151's adamw/1e-4/bce_dice exactly), eval_autocast=true, medverse.compile=true. Same data/augmentation/schedule as 150/151 except data.query_prior disabled (see runs.json description).",250,rib_left_9,True,s0458,s1024,False,0.0026,,0.0002,1.0010364055633545,35.5,165.0,7.9e-05,199.0,9.5e-05,4.24,,ct ct<-ct
9s7d69ca,152_cascade_medverse_baseline,"model=medverse (released architecture) — released Medverse.ckpt start (checkpoint=orig_weights), medverse_bounded_head=true (sigmoid-appended head -> real logit -> shared bce_dice-with-logits recipe, matching 150/151's adamw/1e-4/bce_dice exactly), eval_autocast=true, medverse.compile=true. Same data/augmentation/schedule as 150/151 except data.query_prior disabled (see runs.json description).",250,rib_left_9,True,s1238,s0760,False,0.0327,,0.0358,0.9655521512031555,37.0,253.0,0.000121,109.0,5.2e-05,4.24,,ct ct<-ct
9s7d69ca,152_cascade_medverse_baseline,"model=medverse (released architecture) — released Medverse.ckpt start (checkpoint=orig_weights), medverse_bounded_head=true (sigmoid-appended head -> real logit -> shared bce_dice-with-logits recipe, matching 150/151's adamw/1e-4/bce_dice exactly), eval_autocast=true, medverse.compile=true. Same data/augmentation/schedule as 150/151 except data.query_prior disabled (see runs.json description).",250,rib_left_9,True,s0991,s0832,False,0.0291,,0.0353,0.9659965634346008,37.0,157.0,7.5e-05,213.0,0.000102,4.24,,ct ct<-ct
9s7d69ca,152_cascade_medverse_baseline,"model=medverse (released architecture) — released Medverse.ckpt start (checkpoint=orig_weights), medverse_bounded_head=true (sigmoid-appended head -> real logit -> shared bce_dice-with-logits recipe, matching 150/151's adamw/1e-4/bce_dice exactly), eval_autocast=true, medverse.compile=true. Same data/augmentation/schedule as 150/151 except data.query_prior disabled (see runs.json description).",250,rib_left_9,True,s0824,s1238,False,0.1073,,0.1043,0.8965681195259094,35.4,180.0,8.6e-05,253.0,0.000121,4.24,,ct ct<-ct
9s7d69ca,152_cascade_medverse_baseline,"model=medverse (released architecture) — released Medverse.ckpt start (checkpoint=orig_weights), medverse_bounded_head=true (sigmoid-appended head -> real logit -> shared bce_dice-with-logits recipe, matching 150/151's adamw/1e-4/bce_dice exactly), eval_autocast=true, medverse.compile=true. Same data/augmentation/schedule as 150/151 except data.query_prior disabled (see runs.json description).",250,rib_left_9,True,s0607,s0991,False,0.0018,,0.0119,0.9899059534072876,35.5,356.0,0.00017,157.0,7.5e-05,4.24,,ct ct<-ct
9s7d69ca,152_cascade_medverse_baseline,"model=medverse (released architecture) — released Medverse.ckpt start (checkpoint=orig_weights), medverse_bounded_head=true (sigmoid-appended head -> real logit -> shared bce_dice-with-logits recipe, matching 150/151's adamw/1e-4/bce_dice exactly), eval_autocast=true, medverse.compile=true. Same data/augmentation/schedule as 150/151 except data.query_prior disabled (see runs.json description).",250,rib_right_1,False,s1337,s0991,False,0.1085,,0.103,0.897975504398346,38.0,146.0,7e-05,98.0,4.7e-05,4.24,,ct ct<-ct
9s7d69ca,152_cascade_medverse_baseline,"model=medverse (released architecture) — released Medverse.ckpt start (checkpoint=orig_weights), medverse_bounded_head=true (sigmoid-appended head -> real logit -> shared bce_dice-with-logits recipe, matching 150/151's adamw/1e-4/bce_dice exactly), eval_autocast=true, medverse.compile=true. Same data/augmentation/schedule as 150/151 except data.query_prior disabled (see runs.json description).",250,rib_right_1,False,s0824,s1133,False,0.2887,,0.2735,0.7274091243743896,40.5,172.0,8.2e-05,124.0,5.9e-05,4.24,,ct ct<-ct
9s7d69ca,152_cascade_medverse_baseline,"model=medverse (released architecture) — released Medverse.ckpt start (checkpoint=orig_weights), medverse_bounded_head=true (sigmoid-appended head -> real logit -> shared bce_dice-with-logits recipe, matching 150/151's adamw/1e-4/bce_dice exactly), eval_autocast=true, medverse.compile=true. Same data/augmentation/schedule as 150/151 except data.query_prior disabled (see runs.json description).",250,rib_right_1,False,s0808,s0095,False,0.2636,,0.2474,0.7530359029769897,36.6,109.0,5.2e-05,164.0,7.8e-05,4.24,,ct ct<-ct
9s7d69ca,152_cascade_medverse_baseline,"model=medverse (released architecture) — released Medverse.ckpt start (checkpoint=orig_weights), medverse_bounded_head=true (sigmoid-appended head -> real logit -> shared bce_dice-with-logits recipe, matching 150/151's adamw/1e-4/bce_dice exactly), eval_autocast=true, medverse.compile=true. Same data/augmentation/schedule as 150/151 except data.query_prior disabled (see runs.json description).",250,rib_right_1,False,s0466,s0625,False,0.0115,,0.0005,0.9997132420539856,41.0,56.0,2.7e-05,151.0,7.2e-05,4.24,,ct ct<-ct
9s7d69ca,152_cascade_medverse_baseline,"model=medverse (released architecture) — released Medverse.ckpt start (checkpoint=orig_weights), medverse_bounded_head=true (sigmoid-appended head -> real logit -> shared bce_dice-with-logits recipe, matching 150/151's adamw/1e-4/bce_dice exactly), eval_autocast=true, medverse.compile=true. Same data/augmentation/schedule as 150/151 except data.query_prior disabled (see runs.json description).",250,rib_right_1,False,s1046,s0021,False,0.0217,,0.0175,0.983282744884491,39.7,140.0,6.7e-05,221.0,0.000105,4.24,,ct ct<-ct
9s7d69ca,152_cascade_medverse_baseline,"model=medverse (released architecture) — released Medverse.ckpt start (checkpoint=orig_weights), medverse_bounded_head=true (sigmoid-appended head -> real logit -> shared bce_dice-with-logits recipe, matching 150/151's adamw/1e-4/bce_dice exactly), eval_autocast=true, medverse.compile=true. Same data/augmentation/schedule as 150/151 except data.query_prior disabled (see runs.json description).",250,rib_right_1,False,s0824,s1024,False,0.0008,,0.0001,1.0025798082351685,38.6,172.0,8.2e-05,83.0,4e-05,4.24,,ct ct<-ct
9s7d69ca,152_cascade_medverse_baseline,"model=medverse (released architecture) — released Medverse.ckpt start (checkpoint=orig_weights), medverse_bounded_head=true (sigmoid-appended head -> real logit -> shared bce_dice-with-logits recipe, matching 150/151's adamw/1e-4/bce_dice exactly), eval_autocast=true, medverse.compile=true. Same data/augmentation/schedule as 150/151 except data.query_prior disabled (see runs.json description).",250,rib_right_1,False,s1024,s1002,False,0.0119,,0.0001,1.000357747077942,43.6,83.0,4e-05,1.0,0.0,4.24,,ct ct<-ct
9s7d69ca,152_cascade_medverse_baseline,"model=medverse (released architecture) — released Medverse.ckpt start (checkpoint=orig_weights), medverse_bounded_head=true (sigmoid-appended head -> real logit -> shared bce_dice-with-logits recipe, matching 150/151's adamw/1e-4/bce_dice exactly), eval_autocast=true, medverse.compile=true. Same data/augmentation/schedule as 150/151 except data.query_prior disabled (see runs.json description).",250,rib_right_1,False,s0032,s0618,False,0.3828,,0.3803,0.6200999617576599,35.2,97.0,4.6e-05,122.0,5.8e-05,4.24,,ct ct<-ct
9s7d69ca,152_cascade_medverse_baseline,"model=medverse (released architecture) — released Medverse.ckpt start (checkpoint=orig_weights), medverse_bounded_head=true (sigmoid-appended head -> real logit -> shared bce_dice-with-logits recipe, matching 150/151's adamw/1e-4/bce_dice exactly), eval_autocast=true, medverse.compile=true. Same data/augmentation/schedule as 150/151 except data.query_prior disabled (see runs.json description).",250,rib_right_1,False,s1278,s0032,False,0.006,,0.0027,0.9979845285415649,35.2,164.0,7.8e-05,97.0,4.6e-05,4.24,,ct ct<-ct
9s7d69ca,152_cascade_medverse_baseline,"model=medverse (released architecture) — released Medverse.ckpt start (checkpoint=orig_weights), medverse_bounded_head=true (sigmoid-appended head -> real logit -> shared bce_dice-with-logits recipe, matching 150/151's adamw/1e-4/bce_dice exactly), eval_autocast=true, medverse.compile=true. Same data/augmentation/schedule as 150/151 except data.query_prior disabled (see runs.json description).",250,rib_right_10,False,s0991,s1199,False,0.1531,,0.1535,0.8479715585708618,35.6,132.0,6.3e-05,188.0,9e-05,4.24,,ct ct<-ct
9s7d69ca,152_cascade_medverse_baseline,"model=medverse (released architecture) — released Medverse.ckpt start (checkpoint=orig_weights), medverse_bounded_head=true (sigmoid-appended head -> real logit -> shared bce_dice-with-logits recipe, matching 150/151's adamw/1e-4/bce_dice exactly), eval_autocast=true, medverse.compile=true. Same data/augmentation/schedule as 150/151 except data.query_prior disabled (see runs.json description).",250,rib_right_10,False,s1017,s0675,False,0.0164,,0.0,1.000292181968689,38.6,60.0,2.9e-05,152.0,7.2e-05,4.24,,ct ct<-ct
9s7d69ca,152_cascade_medverse_baseline,"model=medverse (released architecture) — released Medverse.ckpt start (checkpoint=orig_weights), medverse_bounded_head=true (sigmoid-appended head -> real logit -> shared bce_dice-with-logits recipe, matching 150/151's adamw/1e-4/bce_dice exactly), eval_autocast=true, medverse.compile=true. Same data/augmentation/schedule as 150/151 except data.query_prior disabled (see runs.json description).",250,rib_right_10,False,s0747,s1024,False,0.0014,,0.0,1.0017826557159424,38.6,183.0,8.7e-05,128.0,6.1e-05,4.24,,ct ct<-ct
9s7d69ca,152_cascade_medverse_baseline,"model=medverse (released architecture) — released Medverse.ckpt start (checkpoint=orig_weights), medverse_bounded_head=true (sigmoid-appended head -> real logit -> shared bce_dice-with-logits recipe, matching 150/151's adamw/1e-4/bce_dice exactly), eval_autocast=true, medverse.compile=true. Same data/augmentation/schedule as 150/151 except data.query_prior disabled (see runs.json description).",250,rib_right_10,False,s0607,s0760,False,0.2741,,0.2668,0.7349927425384521,35.7,293.0,0.00014,172.0,8.2e-05,4.24,,ct ct<-ct
9s7d69ca,152_cascade_medverse_baseline,"model=medverse (released architecture) — released Medverse.ckpt start (checkpoint=orig_weights), medverse_bounded_head=true (sigmoid-appended head -> real logit -> shared bce_dice-with-logits recipe, matching 150/151's adamw/1e-4/bce_dice exactly), eval_autocast=true, medverse.compile=true. Same data/augmentation/schedule as 150/151 except data.query_prior disabled (see runs.json description).",250,rib_right_10,False,s1199,s1278,False,0.3245,,0.3195,0.6814740896224976,35.4,188.0,9e-05,271.0,0.000129,4.24,,ct ct<-ct
9s7d69ca,152_cascade_medverse_baseline,"model=medverse (released architecture) — released Medverse.ckpt start (checkpoint=orig_weights), medverse_bounded_head=true (sigmoid-appended head -> real logit -> shared bce_dice-with-logits recipe, matching 150/151's adamw/1e-4/bce_dice exactly), eval_autocast=true, medverse.compile=true. Same data/augmentation/schedule as 150/151 except data.query_prior disabled (see runs.json description).",250,rib_right_10,False,s1287,s0698,False,0.1389,,0.1346,0.866692066192627,35.5,196.0,9.3e-05,169.0,8.1e-05,4.24,,ct ct<-ct
9s7d69ca,152_cascade_medverse_baseline,"model=medverse (released architecture) — released Medverse.ckpt start (checkpoint=orig_weights), medverse_bounded_head=true (sigmoid-appended head -> real logit -> shared bce_dice-with-logits recipe, matching 150/151's adamw/1e-4/bce_dice exactly), eval_autocast=true, medverse.compile=true. Same data/augmentation/schedule as 150/151 except data.query_prior disabled (see runs.json description).",250,rib_right_11,True,s0698,s1238,False,0.0818,,0.0739,0.9268186688423157,48.2,65.0,3.1e-05,110.0,5.2e-05,4.24,,ct ct<-ct
9s7d69ca,152_cascade_medverse_baseline,"model=medverse (released architecture) — released Medverse.ckpt start (checkpoint=orig_weights), medverse_bounded_head=true (sigmoid-appended head -> real logit -> shared bce_dice-with-logits recipe, matching 150/151's adamw/1e-4/bce_dice exactly), eval_autocast=true, medverse.compile=true. Same data/augmentation/schedule as 150/151 except data.query_prior disabled (see runs.json description).",250,rib_right_11,True,s0420,s1024,False,0.1328,,0.1303,0.8704707622528076,41.0,106.0,5.1e-05,64.0,3.1e-05,4.24,,ct ct<-ct
9s7d69ca,152_cascade_medverse_baseline,"model=medverse (released architecture) — released Medverse.ckpt start (checkpoint=orig_weights), medverse_bounded_head=true (sigmoid-appended head -> real logit -> shared bce_dice-with-logits recipe, matching 150/151's adamw/1e-4/bce_dice exactly), eval_autocast=true, medverse.compile=true. Same data/augmentation/schedule as 150/151 except data.query_prior disabled (see runs.json description).",250,rib_right_11,True,s0675,s1287,False,0.0344,,0.0386,0.9622493386268616,41.5,79.0,3.8e-05,125.0,6e-05,4.24,,ct ct<-ct
9s7d69ca,152_cascade_medverse_baseline,"model=medverse (released architecture) — released Medverse.ckpt start (checkpoint=orig_weights), medverse_bounded_head=true (sigmoid-appended head -> real logit -> shared bce_dice-with-logits recipe, matching 150/151's adamw/1e-4/bce_dice exactly), eval_autocast=true, medverse.compile=true. Same data/augmentation/schedule as 150/151 except data.query_prior disabled (see runs.json description).",250,rib_right_11,True,s0324,s0832,False,0.2512,,0.242,0.7582911849021912,35.4,38.0,1.8e-05,82.0,3.9e-05,4.24,,ct ct<-ct
9s7d69ca,152_cascade_medverse_baseline,"model=medverse (released architecture) — released Medverse.ckpt start (checkpoint=orig_weights), medverse_bounded_head=true (sigmoid-appended head -> real logit -> shared bce_dice-with-logits recipe, matching 150/151's adamw/1e-4/bce_dice exactly), eval_autocast=true, medverse.compile=true. Same data/augmentation/schedule as 150/151 except data.query_prior disabled (see runs.json description).",250,rib_right_11,True,s0808,s0794,False,0.1286,,0.0965,0.9036813974380493,35.7,34.0,1.6e-05,116.0,5.5e-05,4.24,,ct ct<-ct
9s7d69ca,152_cascade_medverse_baseline,"model=medverse (released architecture) — released Medverse.ckpt start (checkpoint=orig_weights), medverse_bounded_head=true (sigmoid-appended head -> real logit -> shared bce_dice-with-logits recipe, matching 150/151's adamw/1e-4/bce_dice exactly), eval_autocast=true, medverse.compile=true. Same data/augmentation/schedule as 150/151 except data.query_prior disabled (see runs.json description).",250,rib_right_11,True,s0650,s0832,False,0.7296,,0.6515,0.3486458361148834,35.1,97.0,4.6e-05,82.0,3.9e-05,4.24,,ct ct<-ct
9s7d69ca,152_cascade_medverse_baseline,"model=medverse (released architecture) — released Medverse.ckpt start (checkpoint=orig_weights), medverse_bounded_head=true (sigmoid-appended head -> real logit -> shared bce_dice-with-logits recipe, matching 150/151's adamw/1e-4/bce_dice exactly), eval_autocast=true, medverse.compile=true. Same data/augmentation/schedule as 150/151 except data.query_prior disabled (see runs.json description).",250,rib_right_12,False,s1046,s0324,False,0.0179,,0.0,1.0003610849380493,35.1,55.0,2.6e-05,3.0,1e-06,4.24,,ct ct<-ct
9s7d69ca,152_cascade_medverse_baseline,"model=medverse (released architecture) — released Medverse.ckpt start (checkpoint=orig_weights), medverse_bounded_head=true (sigmoid-appended head -> real logit -> shared bce_dice-with-logits recipe, matching 150/151's adamw/1e-4/bce_dice exactly), eval_autocast=true, medverse.compile=true. Same data/augmentation/schedule as 150/151 except data.query_prior disabled (see runs.json description).",250,rib_right_12,False,s1133,s0808,False,0.0303,,0.0,1.0001864433288574,40.6,32.0,1.5e-05,5.0,2e-06,4.24,,ct ct<-ct
9s7d69ca,152_cascade_medverse_baseline,"model=medverse (released architecture) — released Medverse.ckpt start (checkpoint=orig_weights), medverse_bounded_head=true (sigmoid-appended head -> real logit -> shared bce_dice-with-logits recipe, matching 150/151's adamw/1e-4/bce_dice exactly), eval_autocast=true, medverse.compile=true. Same data/augmentation/schedule as 150/151 except data.query_prior disabled (see runs.json description).",250,rib_right_12,False,s0095,s0324,False,0.0071,,0.0,1.0008389949798584,35.2,139.0,6.6e-05,3.0,1e-06,4.24,,ct ct<-ct
9s7d69ca,152_cascade_medverse_baseline,"model=medverse (released architecture) — released Medverse.ckpt start (checkpoint=orig_weights), medverse_bounded_head=true (sigmoid-appended head -> real logit -> shared bce_dice-with-logits recipe, matching 150/151's adamw/1e-4/bce_dice exactly), eval_autocast=true, medverse.compile=true. Same data/augmentation/schedule as 150/151 except data.query_prior disabled (see runs.json description).",250,rib_right_12,False,s0546,s0625,False,0.6127,,0.6034,0.39675864577293396,40.4,51.0,2.4e-05,26.0,1.2e-05,4.24,,ct ct<-ct
9s7d69ca,152_cascade_medverse_baseline,"model=medverse (released architecture) — released Medverse.ckpt start (checkpoint=orig_weights), medverse_bounded_head=true (sigmoid-appended head -> real logit -> shared bce_dice-with-logits recipe, matching 150/151's adamw/1e-4/bce_dice exactly), eval_autocast=true, medverse.compile=true. Same data/augmentation/schedule as 150/151 except data.query_prior disabled (see runs.json description).",250,rib_right_12,False,s0760,s1287,False,0.1475,,0.1345,0.8659709692001343,35.2,28.0,1.3e-05,87.0,4.1e-05,4.24,,ct ct<-ct
9s7d69ca,152_cascade_medverse_baseline,"model=medverse (released architecture) — released Medverse.ckpt start (checkpoint=orig_weights), medverse_bounded_head=true (sigmoid-appended head -> real logit -> shared bce_dice-with-logits recipe, matching 150/151's adamw/1e-4/bce_dice exactly), eval_autocast=true, medverse.compile=true. Same data/augmentation/schedule as 150/151 except data.query_prior disabled (see runs.json description).",250,rib_right_12,False,s0675,s1223,False,0.2778,,0.1438,0.8562586307525635,35.5,15.0,7e-06,23.0,1.1e-05,4.24,,ct ct<-ct
9s7d69ca,152_cascade_medverse_baseline,"model=medverse (released architecture) — released Medverse.ckpt start (checkpoint=orig_weights), medverse_bounded_head=true (sigmoid-appended head -> real logit -> shared bce_dice-with-logits recipe, matching 150/151's adamw/1e-4/bce_dice exactly), eval_autocast=true, medverse.compile=true. Same data/augmentation/schedule as 150/151 except data.query_prior disabled (see runs.json description).",250,rib_right_12,False,s0123,s0824,False,0.3092,,0.3036,0.6966543793678284,35.3,23.0,1.1e-05,29.0,1.4e-05,4.24,,ct ct<-ct
9s7d69ca,152_cascade_medverse_baseline,"model=medverse (released architecture) — released Medverse.ckpt start (checkpoint=orig_weights), medverse_bounded_head=true (sigmoid-appended head -> real logit -> shared bce_dice-with-logits recipe, matching 150/151's adamw/1e-4/bce_dice exactly), eval_autocast=true, medverse.compile=true. Same data/augmentation/schedule as 150/151 except data.query_prior disabled (see runs.json description).",250,rib_right_2,True,s0625,s0747,False,0.0888,,0.0923,0.908234715461731,37.0,142.0,6.8e-05,193.0,9.2e-05,4.24,,ct ct<-ct
9s7d69ca,152_cascade_medverse_baseline,"model=medverse (released architecture) — released Medverse.ckpt start (checkpoint=orig_weights), medverse_bounded_head=true (sigmoid-appended head -> real logit -> shared bce_dice-with-logits recipe, matching 150/151's adamw/1e-4/bce_dice exactly), eval_autocast=true, medverse.compile=true. Same data/augmentation/schedule as 150/151 except data.query_prior disabled (see runs.json description).",250,rib_right_2,True,s0032,s1238,False,0.2283,,0.2153,0.7854862213134766,36.6,115.0,5.5e-05,160.0,7.6e-05,4.24,,ct ct<-ct
9s7d69ca,152_cascade_medverse_baseline,"model=medverse (released architecture) — released Medverse.ckpt start (checkpoint=orig_weights), medverse_bounded_head=true (sigmoid-appended head -> real logit -> shared bce_dice-with-logits recipe, matching 150/151's adamw/1e-4/bce_dice exactly), eval_autocast=true, medverse.compile=true. Same data/augmentation/schedule as 150/151 except data.query_prior disabled (see runs.json description).",250,rib_right_2,True,s0095,s1278,False,0.3794,,0.3625,0.6381255388259888,41.0,149.0,7.1e-05,172.0,8.2e-05,4.24,,ct ct<-ct
9s7d69ca,152_cascade_medverse_baseline,"model=medverse (released architecture) — released Medverse.ckpt start (checkpoint=orig_weights), medverse_bounded_head=true (sigmoid-appended head -> real logit -> shared bce_dice-with-logits recipe, matching 150/151's adamw/1e-4/bce_dice exactly), eval_autocast=true, medverse.compile=true. Same data/augmentation/schedule as 150/151 except data.query_prior disabled (see runs.json description).",250,rib_right_2,True,s0874,s0747,False,0.5795,,0.5603,0.4400218427181244,37.2,167.0,8e-05,193.0,9.2e-05,4.24,,ct ct<-ct
9s7d69ca,152_cascade_medverse_baseline,"model=medverse (released architecture) — released Medverse.ckpt start (checkpoint=orig_weights), medverse_bounded_head=true (sigmoid-appended head -> real logit -> shared bce_dice-with-logits recipe, matching 150/151's adamw/1e-4/bce_dice exactly), eval_autocast=true, medverse.compile=true. Same data/augmentation/schedule as 150/151 except data.query_prior disabled (see runs.json description).",250,rib_right_2,True,s0123,s0918,False,0.4673,,0.4596,0.5409363508224487,35.5,133.0,6.3e-05,205.0,9.8e-05,4.24,,ct ct<-ct
9s7d69ca,152_cascade_medverse_baseline,"model=medverse (released architecture) — released Medverse.ckpt start (checkpoint=orig_weights), medverse_bounded_head=true (sigmoid-appended head -> real logit -> shared bce_dice-with-logits recipe, matching 150/151's adamw/1e-4/bce_dice exactly), eval_autocast=true, medverse.compile=true. Same data/augmentation/schedule as 150/151 except data.query_prior disabled (see runs.json description).",250,rib_right_2,True,s1337,s1197,False,0.6057,,0.5893,0.41097646951675415,35.3,177.0,8.4e-05,120.0,5.7e-05,4.24,,ct ct<-ct
9s7d69ca,152_cascade_medverse_baseline,"model=medverse (released architecture) — released Medverse.ckpt start (checkpoint=orig_weights), medverse_bounded_head=true (sigmoid-appended head -> real logit -> shared bce_dice-with-logits recipe, matching 150/151's adamw/1e-4/bce_dice exactly), eval_autocast=true, medverse.compile=true. Same data/augmentation/schedule as 150/151 except data.query_prior disabled (see runs.json description).",250,rib_right_3,False,s0675,s0867,False,0.0342,,0.0319,0.9689398407936096,48.2,124.0,5.9e-05,9.0,4e-06,4.24,,ct ct<-ct
9s7d69ca,152_cascade_medverse_baseline,"model=medverse (released architecture) — released Medverse.ckpt start (checkpoint=orig_weights), medverse_bounded_head=true (sigmoid-appended head -> real logit -> shared bce_dice-with-logits recipe, matching 150/151's adamw/1e-4/bce_dice exactly), eval_autocast=true, medverse.compile=true. Same data/augmentation/schedule as 150/151 except data.query_prior disabled (see runs.json description).",250,rib_right_3,False,s1233,s0839,False,0.0026,,0.0,1.0007601976394653,35.3,98.0,4.7e-05,1.0,0.0,4.24,,ct ct<-ct
9s7d69ca,152_cascade_medverse_baseline,"model=medverse (released architecture) — released Medverse.ckpt start (checkpoint=orig_weights), medverse_bounded_head=true (sigmoid-appended head -> real logit -> shared bce_dice-with-logits recipe, matching 150/151's adamw/1e-4/bce_dice exactly), eval_autocast=true, medverse.compile=true. Same data/augmentation/schedule as 150/151 except data.query_prior disabled (see runs.json description).",250,rib_right_3,False,s1002,s1223,False,0.5,,0.0,1.0000051259994507,40.4,1.0,0.0,104.0,5e-05,4.24,,ct ct<-ct
9s7d69ca,152_cascade_medverse_baseline,"model=medverse (released architecture) — released Medverse.ckpt start (checkpoint=orig_weights), medverse_bounded_head=true (sigmoid-appended head -> real logit -> shared bce_dice-with-logits recipe, matching 150/151's adamw/1e-4/bce_dice exactly), eval_autocast=true, medverse.compile=true. Same data/augmentation/schedule as 150/151 except data.query_prior disabled (see runs.json description).",250,rib_right_3,False,s1024,s1199,False,0.2964,,0.2899,0.7108402252197266,40.7,137.0,6.5e-05,157.0,7.5e-05,4.24,,ct ct<-ct
9s7d69ca,152_cascade_medverse_baseline,"model=medverse (released architecture) — released Medverse.ckpt start (checkpoint=orig_weights), medverse_bounded_head=true (sigmoid-appended head -> real logit -> shared bce_dice-with-logits recipe, matching 150/151's adamw/1e-4/bce_dice exactly), eval_autocast=true, medverse.compile=true. Same data/augmentation/schedule as 150/151 except data.query_prior disabled (see runs.json description).",250,rib_right_3,False,s0618,s1199,False,0.0855,,0.0793,0.9215378761291504,56.3,140.0,6.7e-05,157.0,7.5e-05,4.24,,ct ct<-ct
9s7d69ca,152_cascade_medverse_baseline,"model=medverse (released architecture) — released Medverse.ckpt start (checkpoint=orig_weights), medverse_bounded_head=true (sigmoid-appended head -> real logit -> shared bce_dice-with-logits recipe, matching 150/151's adamw/1e-4/bce_dice exactly), eval_autocast=true, medverse.compile=true. Same data/augmentation/schedule as 150/151 except data.query_prior disabled (see runs.json description).",250,rib_right_3,False,s0824,s0466,False,0.2511,,0.2474,0.7536182999610901,40.4,186.0,8.9e-05,58.0,2.8e-05,4.24,,ct ct<-ct
9s7d69ca,152_cascade_medverse_baseline,"model=medverse (released architecture) — released Medverse.ckpt start (checkpoint=orig_weights), medverse_bounded_head=true (sigmoid-appended head -> real logit -> shared bce_dice-with-logits recipe, matching 150/151's adamw/1e-4/bce_dice exactly), eval_autocast=true, medverse.compile=true. Same data/augmentation/schedule as 150/151 except data.query_prior disabled (see runs.json description).",250,rib_right_3,False,s1199,s1046,False,0.2187,,0.2131,0.7881848216056824,35.5,157.0,7.5e-05,191.0,9.1e-05,4.24,,ct ct<-ct
9s7d69ca,152_cascade_medverse_baseline,"model=medverse (released architecture) — released Medverse.ckpt start (checkpoint=orig_weights), medverse_bounded_head=true (sigmoid-appended head -> real logit -> shared bce_dice-with-logits recipe, matching 150/151's adamw/1e-4/bce_dice exactly), eval_autocast=true, medverse.compile=true. Same data/augmentation/schedule as 150/151 except data.query_prior disabled (see runs.json description).",250,rib_right_3,False,s1305,s1199,False,0.2287,,0.212,0.7884520292282104,38.6,81.0,3.9e-05,157.0,7.5e-05,4.24,,ct ct<-ct
9s7d69ca,152_cascade_medverse_baseline,"model=medverse (released architecture) — released Medverse.ckpt start (checkpoint=orig_weights), medverse_bounded_head=true (sigmoid-appended head -> real logit -> shared bce_dice-with-logits recipe, matching 150/151's adamw/1e-4/bce_dice exactly), eval_autocast=true, medverse.compile=true. Same data/augmentation/schedule as 150/151 except data.query_prior disabled (see runs.json description).",250,rib_right_3,False,s0874,s0918,False,0.0103,,0.0,1.000463843345642,43.2,90.0,4.3e-05,262.0,0.000125,4.24,,ct ct<-ct
9s7d69ca,152_cascade_medverse_baseline,"model=medverse (released architecture) — released Medverse.ckpt start (checkpoint=orig_weights), medverse_bounded_head=true (sigmoid-appended head -> real logit -> shared bce_dice-with-logits recipe, matching 150/151's adamw/1e-4/bce_dice exactly), eval_autocast=true, medverse.compile=true. Same data/augmentation/schedule as 150/151 except data.query_prior disabled (see runs.json description).",250,rib_right_4,False,s0808,s1046,False,0.1475,,0.1514,0.8495663404464722,38.0,164.0,7.8e-05,261.0,0.000124,4.24,,ct ct<-ct
9s7d69ca,152_cascade_medverse_baseline,"model=medverse (released architecture) — released Medverse.ckpt start (checkpoint=orig_weights), medverse_bounded_head=true (sigmoid-appended head -> real logit -> shared bce_dice-with-logits recipe, matching 150/151's adamw/1e-4/bce_dice exactly), eval_autocast=true, medverse.compile=true. Same data/augmentation/schedule as 150/151 except data.query_prior disabled (see runs.json description).",250,rib_right_4,False,s0991,s0095,False,0.25,,0.2514,0.749763011932373,35.8,147.0,7e-05,279.0,0.000133,4.24,,ct ct<-ct
9s7d69ca,152_cascade_medverse_baseline,"model=medverse (released architecture) — released Medverse.ckpt start (checkpoint=orig_weights), medverse_bounded_head=true (sigmoid-appended head -> real logit -> shared bce_dice-with-logits recipe, matching 150/151's adamw/1e-4/bce_dice exactly), eval_autocast=true, medverse.compile=true. Same data/augmentation/schedule as 150/151 except data.query_prior disabled (see runs.json description).",250,rib_right_4,False,s1197,s1017,False,0.159,,0.1557,0.845266580581665,35.1,167.0,8e-05,114.0,5.4e-05,4.24,,ct ct<-ct
9s7d69ca,152_cascade_medverse_baseline,"model=medverse (released architecture) — released Medverse.ckpt start (checkpoint=orig_weights), medverse_bounded_head=true (sigmoid-appended head -> real logit -> shared bce_dice-with-logits recipe, matching 150/151's adamw/1e-4/bce_dice exactly), eval_autocast=true, medverse.compile=true. Same data/augmentation/schedule as 150/151 except data.query_prior disabled (see runs.json description).",250,rib_right_4,False,s0794,s0546,False,0.306,,0.2964,0.7043684124946594,35.8,180.0,8.6e-05,326.0,0.000155,4.24,,ct ct<-ct
9s7d69ca,152_cascade_medverse_baseline,"model=medverse (released architecture) — released Medverse.ckpt start (checkpoint=orig_weights), medverse_bounded_head=true (sigmoid-appended head -> real logit -> shared bce_dice-with-logits recipe, matching 150/151's adamw/1e-4/bce_dice exactly), eval_autocast=true, medverse.compile=true. Same data/augmentation/schedule as 150/151 except data.query_prior disabled (see runs.json description).",250,rib_right_4,False,s1305,s0466,False,0.005,,0.0001,1.000666856765747,35.5,104.0,5e-05,53.0,2.5e-05,4.24,,ct ct<-ct
9s7d69ca,152_cascade_medverse_baseline,"model=medverse (released architecture) — released Medverse.ckpt start (checkpoint=orig_weights), medverse_bounded_head=true (sigmoid-appended head -> real logit -> shared bce_dice-with-logits recipe, matching 150/151's adamw/1e-4/bce_dice exactly), eval_autocast=true, medverse.compile=true. Same data/augmentation/schedule as 150/151 except data.query_prior disabled (see runs.json description).",250,rib_right_4,False,s0095,s0874,False,0.0004,,0.0,1.0054383277893066,36.5,279.0,0.000133,60.0,2.9e-05,4.24,,ct ct<-ct
9s7d69ca,152_cascade_medverse_baseline,"model=medverse (released architecture) — released Medverse.ckpt start (checkpoint=orig_weights), medverse_bounded_head=true (sigmoid-appended head -> real logit -> shared bce_dice-with-logits recipe, matching 150/151's adamw/1e-4/bce_dice exactly), eval_autocast=true, medverse.compile=true. Same data/augmentation/schedule as 150/151 except data.query_prior disabled (see runs.json description).",250,rib_right_4,False,s0625,s0618,False,0.0015,,0.0,1.0016453266143799,35.3,168.0,8e-05,153.0,7.3e-05,4.24,,ct ct<-ct
9s7d69ca,152_cascade_medverse_baseline,"model=medverse (released architecture) — released Medverse.ckpt start (checkpoint=orig_weights), medverse_bounded_head=true (sigmoid-appended head -> real logit -> shared bce_dice-with-logits recipe, matching 150/151's adamw/1e-4/bce_dice exactly), eval_autocast=true, medverse.compile=true. Same data/augmentation/schedule as 150/151 except data.query_prior disabled (see runs.json description).",250,rib_right_4,False,s1238,s0874,False,0.0006,,0.0,1.0034795999526978,35.1,228.0,0.000109,60.0,2.9e-05,4.24,,ct ct<-ct
9s7d69ca,152_cascade_medverse_baseline,"model=medverse (released architecture) — released Medverse.ckpt start (checkpoint=orig_weights), medverse_bounded_head=true (sigmoid-appended head -> real logit -> shared bce_dice-with-logits recipe, matching 150/151's adamw/1e-4/bce_dice exactly), eval_autocast=true, medverse.compile=true. Same data/augmentation/schedule as 150/151 except data.query_prior disabled (see runs.json description).",250,rib_right_5,False,s1161,s0032,False,0.2098,,0.1984,0.8029155135154724,48.2,302.0,0.000144,156.0,7.4e-05,4.24,,ct ct<-ct
9s7d69ca,152_cascade_medverse_baseline,"model=medverse (released architecture) — released Medverse.ckpt start (checkpoint=orig_weights), medverse_bounded_head=true (sigmoid-appended head -> real logit -> shared bce_dice-with-logits recipe, matching 150/151's adamw/1e-4/bce_dice exactly), eval_autocast=true, medverse.compile=true. Same data/augmentation/schedule as 150/151 except data.query_prior disabled (see runs.json description).",250,rib_right_5,False,s1233,s1223,False,0.0751,,0.07,0.9312252998352051,40.4,209.0,0.0001,138.0,6.6e-05,4.24,,ct ct<-ct
9s7d69ca,152_cascade_medverse_baseline,"model=medverse (released architecture) — released Medverse.ckpt start (checkpoint=orig_weights), medverse_bounded_head=true (sigmoid-appended head -> real logit -> shared bce_dice-with-logits recipe, matching 150/151's adamw/1e-4/bce_dice exactly), eval_autocast=true, medverse.compile=true. Same data/augmentation/schedule as 150/151 except data.query_prior disabled (see runs.json description).",250,rib_right_5,False,s1305,s1223,False,0.0037,,0.0001,1.0007810592651367,40.1,143.0,6.8e-05,138.0,6.6e-05,4.24,,ct ct<-ct
9s7d69ca,152_cascade_medverse_baseline,"model=medverse (released architecture) — released Medverse.ckpt start (checkpoint=orig_weights), medverse_bounded_head=true (sigmoid-appended head -> real logit -> shared bce_dice-with-logits recipe, matching 150/151's adamw/1e-4/bce_dice exactly), eval_autocast=true, medverse.compile=true. Same data/augmentation/schedule as 150/151 except data.query_prior disabled (see runs.json description).",250,rib_right_5,False,s0747,s1233,False,0.1628,,0.1593,0.8422960042953491,35.6,295.0,0.000141,209.0,0.0001,4.24,,ct ct<-ct
9s7d69ca,152_cascade_medverse_baseline,"model=medverse (released architecture) — released Medverse.ckpt start (checkpoint=orig_weights), medverse_bounded_head=true (sigmoid-appended head -> real logit -> shared bce_dice-with-logits recipe, matching 150/151's adamw/1e-4/bce_dice exactly), eval_autocast=true, medverse.compile=true. Same data/augmentation/schedule as 150/151 except data.query_prior disabled (see runs.json description).",250,rib_right_5,False,s0021,s1286,False,0.0054,,0.0,1.0009561777114868,35.4,185.0,8.8e-05,1.0,0.0,4.24,,ct ct<-ct
9s7d69ca,152_cascade_medverse_baseline,"model=medverse (released architecture) — released Medverse.ckpt start (checkpoint=orig_weights), medverse_bounded_head=true (sigmoid-appended head -> real logit -> shared bce_dice-with-logits recipe, matching 150/151's adamw/1e-4/bce_dice exactly), eval_autocast=true, medverse.compile=true. Same data/augmentation/schedule as 150/151 except data.query_prior disabled (see runs.json description).",250,rib_right_5,False,s0466,s1305,False,0.005,,0.0,1.000485897064209,36.5,22.0,1e-05,143.0,6.8e-05,4.24,,ct ct<-ct
9s7d69ca,152_cascade_medverse_baseline,"model=medverse (released architecture) — released Medverse.ckpt start (checkpoint=orig_weights), medverse_bounded_head=true (sigmoid-appended head -> real logit -> shared bce_dice-with-logits recipe, matching 150/151's adamw/1e-4/bce_dice exactly), eval_autocast=true, medverse.compile=true. Same data/augmentation/schedule as 150/151 except data.query_prior disabled (see runs.json description).",250,rib_right_5,False,s0808,s0032,False,0.3042,,0.3013,0.6993958950042725,35.5,166.0,7.9e-05,156.0,7.4e-05,4.24,,ct ct<-ct
9s7d69ca,152_cascade_medverse_baseline,"model=medverse (released architecture) — released Medverse.ckpt start (checkpoint=orig_weights), medverse_bounded_head=true (sigmoid-appended head -> real logit -> shared bce_dice-with-logits recipe, matching 150/151's adamw/1e-4/bce_dice exactly), eval_autocast=true, medverse.compile=true. Same data/augmentation/schedule as 150/151 except data.query_prior disabled (see runs.json description).",250,rib_right_5,False,s0747,s0991,False,0.1989,,0.1964,0.8052358627319336,35.2,295.0,0.000141,169.0,8.1e-05,4.24,,ct ct<-ct
9s7d69ca,152_cascade_medverse_baseline,"model=medverse (released architecture) — released Medverse.ckpt start (checkpoint=orig_weights), medverse_bounded_head=true (sigmoid-appended head -> real logit -> shared bce_dice-with-logits recipe, matching 150/151's adamw/1e-4/bce_dice exactly), eval_autocast=true, medverse.compile=true. Same data/augmentation/schedule as 150/151 except data.query_prior disabled (see runs.json description).",250,rib_right_5,False,s1133,s1197,False,0.0195,,0.0139,0.9867579340934753,35.1,114.0,5.4e-05,162.0,7.7e-05,4.24,,ct ct<-ct
9s7d69ca,152_cascade_medverse_baseline,"model=medverse (released architecture) — released Medverse.ckpt start (checkpoint=orig_weights), medverse_bounded_head=true (sigmoid-appended head -> real logit -> shared bce_dice-with-logits recipe, matching 150/151's adamw/1e-4/bce_dice exactly), eval_autocast=true, medverse.compile=true. Same data/augmentation/schedule as 150/151 except data.query_prior disabled (see runs.json description).",250,rib_right_6,True,s1046,s0991,False,0.1803,,0.1787,0.8232500553131104,38.1,406.0,0.000194,186.0,8.9e-05,4.24,,ct ct<-ct
9s7d69ca,152_cascade_medverse_baseline,"model=medverse (released architecture) — released Medverse.ckpt start (checkpoint=orig_weights), medverse_bounded_head=true (sigmoid-appended head -> real logit -> shared bce_dice-with-logits recipe, matching 150/151's adamw/1e-4/bce_dice exactly), eval_autocast=true, medverse.compile=true. Same data/augmentation/schedule as 150/151 except data.query_prior disabled (see runs.json description).",250,rib_right_6,True,s0546,s1197,False,0.0011,,0.0027,0.9997453093528748,38.8,438.0,0.000209,218.0,0.000104,4.24,,ct ct<-ct
9s7d69ca,152_cascade_medverse_baseline,"model=medverse (released architecture) — released Medverse.ckpt start (checkpoint=orig_weights), medverse_bounded_head=true (sigmoid-appended head -> real logit -> shared bce_dice-with-logits recipe, matching 150/151's adamw/1e-4/bce_dice exactly), eval_autocast=true, medverse.compile=true. Same data/augmentation/schedule as 150/151 except data.query_prior disabled (see runs.json description).",250,rib_right_6,True,s0747,s0618,False,0.0103,,0.013,0.9893757700920105,35.5,297.0,0.000142,213.0,0.000102,4.24,,ct ct<-ct
9s7d69ca,152_cascade_medverse_baseline,"model=medverse (released architecture) — released Medverse.ckpt start (checkpoint=orig_weights), medverse_bounded_head=true (sigmoid-appended head -> real logit -> shared bce_dice-with-logits recipe, matching 150/151's adamw/1e-4/bce_dice exactly), eval_autocast=true, medverse.compile=true. Same data/augmentation/schedule as 150/151 except data.query_prior disabled (see runs.json description).",250,rib_right_6,True,s0991,s1223,False,0.4084,,0.4051,0.5957008600234985,41.1,186.0,8.9e-05,187.0,8.9e-05,4.24,,ct ct<-ct
9s7d69ca,152_cascade_medverse_baseline,"model=medverse (released architecture) — released Medverse.ckpt start (checkpoint=orig_weights), medverse_bounded_head=true (sigmoid-appended head -> real logit -> shared bce_dice-with-logits recipe, matching 150/151's adamw/1e-4/bce_dice exactly), eval_autocast=true, medverse.compile=true. Same data/augmentation/schedule as 150/151 except data.query_prior disabled (see runs.json description).",250,rib_right_6,True,s0045,s1017,False,0.0027,,0.0,1.000949740409851,45.5,75.0,3.6e-05,110.0,5.2e-05,4.24,,ct ct<-ct
9s7d69ca,152_cascade_medverse_baseline,"model=medverse (released architecture) — released Medverse.ckpt start (checkpoint=orig_weights), medverse_bounded_head=true (sigmoid-appended head -> real logit -> shared bce_dice-with-logits recipe, matching 150/151's adamw/1e-4/bce_dice exactly), eval_autocast=true, medverse.compile=true. Same data/augmentation/schedule as 150/151 except data.query_prior disabled (see runs.json description).",250,rib_right_6,True,s0123,s1337,False,0.4715,,0.4661,0.5348405241966248,36.5,287.0,0.000137,245.0,0.000117,4.24,,ct ct<-ct
9s7d69ca,152_cascade_medverse_baseline,"model=medverse (released architecture) — released Medverse.ckpt start (checkpoint=orig_weights), medverse_bounded_head=true (sigmoid-appended head -> real logit -> shared bce_dice-with-logits recipe, matching 150/151's adamw/1e-4/bce_dice exactly), eval_autocast=true, medverse.compile=true. Same data/augmentation/schedule as 150/151 except data.query_prior disabled (see runs.json description).",250,rib_right_6,True,s0123,s0045,False,0.0035,,0.0003,1.001152515411377,37.0,287.0,0.000137,75.0,3.6e-05,4.24,,ct ct<-ct
9s7d69ca,152_cascade_medverse_baseline,"model=medverse (released architecture) — released Medverse.ckpt start (checkpoint=orig_weights), medverse_bounded_head=true (sigmoid-appended head -> real logit -> shared bce_dice-with-logits recipe, matching 150/151's adamw/1e-4/bce_dice exactly), eval_autocast=true, medverse.compile=true. Same data/augmentation/schedule as 150/151 except data.query_prior disabled (see runs.json description).",250,rib_right_7,False,s0021,s0747,False,0.0028,,0.0,1.0008394718170166,40.7,69.0,3.3e-05,323.0,0.000154,4.24,,ct ct<-ct
9s7d69ca,152_cascade_medverse_baseline,"model=medverse (released architecture) — released Medverse.ckpt start (checkpoint=orig_weights), medverse_bounded_head=true (sigmoid-appended head -> real logit -> shared bce_dice-with-logits recipe, matching 150/151's adamw/1e-4/bce_dice exactly), eval_autocast=true, medverse.compile=true. Same data/augmentation/schedule as 150/151 except data.query_prior disabled (see runs.json description).",250,rib_right_7,False,s0991,s0458,False,0.1358,,0.135,0.8664008378982544,38.1,205.0,9.8e-05,197.0,9.4e-05,4.24,,ct ct<-ct
9s7d69ca,152_cascade_medverse_baseline,"model=medverse (released architecture) — released Medverse.ckpt start (checkpoint=orig_weights), medverse_bounded_head=true (sigmoid-appended head -> real logit -> shared bce_dice-with-logits recipe, matching 150/151's adamw/1e-4/bce_dice exactly), eval_autocast=true, medverse.compile=true. Same data/augmentation/schedule as 150/151 except data.query_prior disabled (see runs.json description).",250,rib_right_7,False,s0618,s0032,False,0.3111,,0.2974,0.7035375833511353,35.2,184.0,8.8e-05,175.0,8.3e-05,4.24,,ct ct<-ct
9s7d69ca,152_cascade_medverse_baseline,"model=medverse (released architecture) — released Medverse.ckpt start (checkpoint=orig_weights), medverse_bounded_head=true (sigmoid-appended head -> real logit -> shared bce_dice-with-logits recipe, matching 150/151's adamw/1e-4/bce_dice exactly), eval_autocast=true, medverse.compile=true. Same data/augmentation/schedule as 150/151 except data.query_prior disabled (see runs.json description).",250,rib_right_7,False,s0045,s1133,False,0.1323,,0.1262,0.874751091003418,35.5,115.0,5.5e-05,145.0,6.9e-05,4.24,,ct ct<-ct
9s7d69ca,152_cascade_medverse_baseline,"model=medverse (released architecture) — released Medverse.ckpt start (checkpoint=orig_weights), medverse_bounded_head=true (sigmoid-appended head -> real logit -> shared bce_dice-with-logits recipe, matching 150/151's adamw/1e-4/bce_dice exactly), eval_autocast=true, medverse.compile=true. Same data/augmentation/schedule as 150/151 except data.query_prior disabled (see runs.json description).",250,rib_right_7,False,s1287,s1337,False,0.0541,,0.0523,0.9499920606613159,42.0,328.0,0.000156,259.0,0.000124,4.24,,ct ct<-ct
9s7d69ca,152_cascade_medverse_baseline,"model=medverse (released architecture) — released Medverse.ckpt start (checkpoint=orig_weights), medverse_bounded_head=true (sigmoid-appended head -> real logit -> shared bce_dice-with-logits recipe, matching 150/151's adamw/1e-4/bce_dice exactly), eval_autocast=true, medverse.compile=true. Same data/augmentation/schedule as 150/151 except data.query_prior disabled (see runs.json description).",250,rib_right_7,False,s0675,s0458,False,0.0446,,0.0353,0.9661694765090942,35.1,237.0,0.000113,197.0,9.4e-05,4.24,,ct ct<-ct
9s7d69ca,152_cascade_medverse_baseline,"model=medverse (released architecture) — released Medverse.ckpt start (checkpoint=orig_weights), medverse_bounded_head=true (sigmoid-appended head -> real logit -> shared bce_dice-with-logits recipe, matching 150/151's adamw/1e-4/bce_dice exactly), eval_autocast=true, medverse.compile=true. Same data/augmentation/schedule as 150/151 except data.query_prior disabled (see runs.json description).",250,rib_right_7,False,s0249,s0045,False,0.2915,,0.2766,0.7236828804016113,35.3,35.0,1.7e-05,115.0,5.5e-05,4.24,,ct ct<-ct
9s7d69ca,152_cascade_medverse_baseline,"model=medverse (released architecture) — released Medverse.ckpt start (checkpoint=orig_weights), medverse_bounded_head=true (sigmoid-appended head -> real logit -> shared bce_dice-with-logits recipe, matching 150/151's adamw/1e-4/bce_dice exactly), eval_autocast=true, medverse.compile=true. Same data/augmentation/schedule as 150/151 except data.query_prior disabled (see runs.json description).",250,rib_right_8,False,s0607,s0808,False,0.352,,0.3437,0.6575732231140137,37.0,295.0,0.000141,133.0,6.3e-05,4.24,,ct ct<-ct
9s7d69ca,152_cascade_medverse_baseline,"model=medverse (released architecture) — released Medverse.ckpt start (checkpoint=orig_weights), medverse_bounded_head=true (sigmoid-appended head -> real logit -> shared bce_dice-with-logits recipe, matching 150/151's adamw/1e-4/bce_dice exactly), eval_autocast=true, medverse.compile=true. Same data/augmentation/schedule as 150/151 except data.query_prior disabled (see runs.json description).",250,rib_right_8,False,s1233,s0625,False,0.3941,,0.3876,0.6132627129554749,35.1,182.0,8.7e-05,186.0,8.9e-05,4.24,,ct ct<-ct
9s7d69ca,152_cascade_medverse_baseline,"model=medverse (released architecture) — released Medverse.ckpt start (checkpoint=orig_weights), medverse_bounded_head=true (sigmoid-appended head -> real logit -> shared bce_dice-with-logits recipe, matching 150/151's adamw/1e-4/bce_dice exactly), eval_autocast=true, medverse.compile=true. Same data/augmentation/schedule as 150/151 except data.query_prior disabled (see runs.json description).",250,rib_right_8,False,s1287,s0420,False,0.0587,,0.0621,0.9396207928657532,44.5,279.0,0.000133,286.0,0.000136,4.24,,ct ct<-ct
9s7d69ca,152_cascade_medverse_baseline,"model=medverse (released architecture) — released Medverse.ckpt start (checkpoint=orig_weights), medverse_bounded_head=true (sigmoid-appended head -> real logit -> shared bce_dice-with-logits recipe, matching 150/151's adamw/1e-4/bce_dice exactly), eval_autocast=true, medverse.compile=true. Same data/augmentation/schedule as 150/151 except data.query_prior disabled (see runs.json description).",250,rib_right_8,False,s0607,s1161,False,0.3123,,0.3007,0.7009447813034058,43.8,295.0,0.000141,303.0,0.000144,4.24,,ct ct<-ct
9s7d69ca,152_cascade_medverse_baseline,"model=medverse (released architecture) — released Medverse.ckpt start (checkpoint=orig_weights), medverse_bounded_head=true (sigmoid-appended head -> real logit -> shared bce_dice-with-logits recipe, matching 150/151's adamw/1e-4/bce_dice exactly), eval_autocast=true, medverse.compile=true. Same data/augmentation/schedule as 150/151 except data.query_prior disabled (see runs.json description).",250,rib_right_8,False,s0625,s0675,False,0.1982,,0.1886,0.8129066228866577,35.6,186.0,8.9e-05,233.0,0.000111,4.24,,ct ct<-ct
9s7d69ca,152_cascade_medverse_baseline,"model=medverse (released architecture) — released Medverse.ckpt start (checkpoint=orig_weights), medverse_bounded_head=true (sigmoid-appended head -> real logit -> shared bce_dice-with-logits recipe, matching 150/151's adamw/1e-4/bce_dice exactly), eval_autocast=true, medverse.compile=true. Same data/augmentation/schedule as 150/151 except data.query_prior disabled (see runs.json description).",250,rib_right_8,False,s0747,s1238,False,0.0224,,0.0219,0.9804368019104004,35.4,303.0,0.000144,262.0,0.000125,4.24,,ct ct<-ct
9s7d69ca,152_cascade_medverse_baseline,"model=medverse (released architecture) — released Medverse.ckpt start (checkpoint=orig_weights), medverse_bounded_head=true (sigmoid-appended head -> real logit -> shared bce_dice-with-logits recipe, matching 150/151's adamw/1e-4/bce_dice exactly), eval_autocast=true, medverse.compile=true. Same data/augmentation/schedule as 150/151 except data.query_prior disabled (see runs.json description).",250,rib_right_8,False,s0607,s1233,False,0.1869,,0.1819,0.8202087879180908,40.8,295.0,0.000141,182.0,8.7e-05,4.24,,ct ct<-ct
9s7d69ca,152_cascade_medverse_baseline,"model=medverse (released architecture) — released Medverse.ckpt start (checkpoint=orig_weights), medverse_bounded_head=true (sigmoid-appended head -> real logit -> shared bce_dice-with-logits recipe, matching 150/151's adamw/1e-4/bce_dice exactly), eval_autocast=true, medverse.compile=true. Same data/augmentation/schedule as 150/151 except data.query_prior disabled (see runs.json description).",250,rib_right_9,False,s0095,s1278,False,0.0476,,0.044,0.9576693773269653,35.3,251.0,0.00012,283.0,0.000135,4.24,,ct ct<-ct
9s7d69ca,152_cascade_medverse_baseline,"model=medverse (released architecture) — released Medverse.ckpt start (checkpoint=orig_weights), medverse_bounded_head=true (sigmoid-appended head -> real logit -> shared bce_dice-with-logits recipe, matching 150/151's adamw/1e-4/bce_dice exactly), eval_autocast=true, medverse.compile=true. Same data/augmentation/schedule as 150/151 except data.query_prior disabled (see runs.json description).",250,rib_right_9,False,s1197,s0747,False,0.0365,,0.0396,0.9620943665504456,46.5,149.0,7.1e-05,282.0,0.000134,4.24,,ct ct<-ct
9s7d69ca,152_cascade_medverse_baseline,"model=medverse (released architecture) — released Medverse.ckpt start (checkpoint=orig_weights), medverse_bounded_head=true (sigmoid-appended head -> real logit -> shared bce_dice-with-logits recipe, matching 150/151's adamw/1e-4/bce_dice exactly), eval_autocast=true, medverse.compile=true. Same data/augmentation/schedule as 150/151 except data.query_prior disabled (see runs.json description).",250,rib_right_9,False,s1197,s0045,False,0.0047,,0.0002,1.0006237030029297,35.7,149.0,7.1e-05,159.0,7.6e-05,4.24,,ct ct<-ct
9s7d69ca,152_cascade_medverse_baseline,"model=medverse (released architecture) — released Medverse.ckpt start (checkpoint=orig_weights), medverse_bounded_head=true (sigmoid-appended head -> real logit -> shared bce_dice-with-logits recipe, matching 150/151's adamw/1e-4/bce_dice exactly), eval_autocast=true, medverse.compile=true. Same data/augmentation/schedule as 150/151 except data.query_prior disabled (see runs.json description).",250,rib_right_9,False,s0095,s0794,False,0.1274,,0.1309,0.8702071905136108,40.9,251.0,0.00012,222.0,0.000106,4.24,,ct ct<-ct
9s7d69ca,152_cascade_medverse_baseline,"model=medverse (released architecture) — released Medverse.ckpt start (checkpoint=orig_weights), medverse_bounded_head=true (sigmoid-appended head -> real logit -> shared bce_dice-with-logits recipe, matching 150/151's adamw/1e-4/bce_dice exactly), eval_autocast=true, medverse.compile=true. Same data/augmentation/schedule as 150/151 except data.query_prior disabled (see runs.json description).",250,rib_right_9,False,s1046,s0045,False,0.0012,,0.0002,1.0024398565292358,45.5,319.0,0.000152,159.0,7.6e-05,4.24,,ct ct<-ct
9s7d69ca,152_cascade_medverse_baseline,"model=medverse (released architecture) — released Medverse.ckpt start (checkpoint=orig_weights), medverse_bounded_head=true (sigmoid-appended head -> real logit -> shared bce_dice-with-logits recipe, matching 150/151's adamw/1e-4/bce_dice exactly), eval_autocast=true, medverse.compile=true. Same data/augmentation/schedule as 150/151 except data.query_prior disabled (see runs.json description).",250,rib_right_9,False,s0324,s0123,False,0.1667,,0.149,0.8512206673622131,36.9,31.0,1.5e-05,229.0,0.000109,4.24,,ct ct<-ct
9s7d69ca,152_cascade_medverse_baseline,"model=medverse (released architecture) — released Medverse.ckpt start (checkpoint=orig_weights), medverse_bounded_head=true (sigmoid-appended head -> real logit -> shared bce_dice-with-logits recipe, matching 150/151's adamw/1e-4/bce_dice exactly), eval_autocast=true, medverse.compile=true. Same data/augmentation/schedule as 150/151 except data.query_prior disabled (see runs.json description).",250,rib_right_9,False,s0918,s0618,False,0.1759,,0.1763,0.8252771496772766,41.3,275.0,0.000131,120.0,5.7e-05,4.24,,ct ct<-ct
9s7d69ca,152_cascade_medverse_baseline,"model=medverse (released architecture) — released Medverse.ckpt start (checkpoint=orig_weights), medverse_bounded_head=true (sigmoid-appended head -> real logit -> shared bce_dice-with-logits recipe, matching 150/151's adamw/1e-4/bce_dice exactly), eval_autocast=true, medverse.compile=true. Same data/augmentation/schedule as 150/151 except data.query_prior disabled (see runs.json description).",250,rib_right_9,False,s0420,s1305,False,0.2252,,0.23,0.7715070843696594,35.2,245.0,0.000117,119.0,5.7e-05,4.24,,ct ct<-ct
9s7d69ca,152_cascade_medverse_baseline,"model=medverse (released architecture) — released Medverse.ckpt start (checkpoint=orig_weights), medverse_bounded_head=true (sigmoid-appended head -> real logit -> shared bce_dice-with-logits recipe, matching 150/151's adamw/1e-4/bce_dice exactly), eval_autocast=true, medverse.compile=true. Same data/augmentation/schedule as 150/151 except data.query_prior disabled (see runs.json description).",250,rib_right_9,False,s0918,s1024,False,0.0015,,0.0004,1.0018483400344849,48.6,275.0,0.000131,189.0,9e-05,4.24,,ct ct<-ct
9s7d69ca,152_cascade_medverse_baseline,"model=medverse (released architecture) — released Medverse.ckpt start (checkpoint=orig_weights), medverse_bounded_head=true (sigmoid-appended head -> real logit -> shared bce_dice-with-logits recipe, matching 150/151's adamw/1e-4/bce_dice exactly), eval_autocast=true, medverse.compile=true. Same data/augmentation/schedule as 150/151 except data.query_prior disabled (see runs.json description).",250,sacrum,True,s1024,s1046,False,0.4817,,0.4744,0.5324658155441284,37.0,2316.0,0.001104,2853.0,0.00136,4.24,,ct ct<-ct
9s7d69ca,152_cascade_medverse_baseline,"model=medverse (released architecture) — released Medverse.ckpt start (checkpoint=orig_weights), medverse_bounded_head=true (sigmoid-appended head -> real logit -> shared bce_dice-with-logits recipe, matching 150/151's adamw/1e-4/bce_dice exactly), eval_autocast=true, medverse.compile=true. Same data/augmentation/schedule as 150/151 except data.query_prior disabled (see runs.json description).",250,sacrum,True,s1233,s0760,False,0.657,,0.6517,0.35185641050338745,35.3,1982.0,0.000945,2491.0,0.001188,4.24,,ct ct<-ct
9s7d69ca,152_cascade_medverse_baseline,"model=medverse (released architecture) — released Medverse.ckpt start (checkpoint=orig_weights), medverse_bounded_head=true (sigmoid-appended head -> real logit -> shared bce_dice-with-logits recipe, matching 150/151's adamw/1e-4/bce_dice exactly), eval_autocast=true, medverse.compile=true. Same data/augmentation/schedule as 150/151 except data.query_prior disabled (see runs.json description).",250,sacrum,True,s0000,s0650,False,0.0016,,0.0008,1.0002810955047607,35.3,166.0,7.9e-05,2689.0,0.001282,4.24,,ct ct<-ct
9s7d69ca,152_cascade_medverse_baseline,"model=medverse (released architecture) — released Medverse.ckpt start (checkpoint=orig_weights), medverse_bounded_head=true (sigmoid-appended head -> real logit -> shared bce_dice-with-logits recipe, matching 150/151's adamw/1e-4/bce_dice exactly), eval_autocast=true, medverse.compile=true. Same data/augmentation/schedule as 150/151 except data.query_prior disabled (see runs.json description).",250,sacrum,True,s0650,s0324,False,0.7118,,0.6977,0.3053871691226959,39.4,2689.0,0.001282,1421.0,0.000678,4.24,,ct ct<-ct
9s7d69ca,152_cascade_medverse_baseline,"model=medverse (released architecture) — released Medverse.ckpt start (checkpoint=orig_weights), medverse_bounded_head=true (sigmoid-appended head -> real logit -> shared bce_dice-with-logits recipe, matching 150/151's adamw/1e-4/bce_dice exactly), eval_autocast=true, medverse.compile=true. Same data/augmentation/schedule as 150/151 except data.query_prior disabled (see runs.json description).",250,sacrum,True,s0650,s0918,False,0.6546,,0.6464,0.3586483299732208,35.2,2689.0,0.001282,2371.0,0.001131,4.24,,ct ct<-ct
9s7d69ca,152_cascade_medverse_baseline,"model=medverse (released architecture) — released Medverse.ckpt start (checkpoint=orig_weights), medverse_bounded_head=true (sigmoid-appended head -> real logit -> shared bce_dice-with-logits recipe, matching 150/151's adamw/1e-4/bce_dice exactly), eval_autocast=true, medverse.compile=true. Same data/augmentation/schedule as 150/151 except data.query_prior disabled (see runs.json description).",250,sacrum,True,s0000,s0458,False,0.091,,0.0894,0.9143710136413574,37.2,166.0,7.9e-05,2197.0,0.001048,4.24,,ct ct<-ct
9s7d69ca,152_cascade_medverse_baseline,"model=medverse (released architecture) — released Medverse.ckpt start (checkpoint=orig_weights), medverse_bounded_head=true (sigmoid-appended head -> real logit -> shared bce_dice-with-logits recipe, matching 150/151's adamw/1e-4/bce_dice exactly), eval_autocast=true, medverse.compile=true. Same data/augmentation/schedule as 150/151 except data.query_prior disabled (see runs.json description).",250,scapula_left,True,s0625,s0824,False,0.3051,,0.3025,0.7042331099510193,35.5,1328.0,0.000633,1713.0,0.000817,4.24,,ct ct<-ct
9s7d69ca,152_cascade_medverse_baseline,"model=medverse (released architecture) — released Medverse.ckpt start (checkpoint=orig_weights), medverse_bounded_head=true (sigmoid-appended head -> real logit -> shared bce_dice-with-logits recipe, matching 150/151's adamw/1e-4/bce_dice exactly), eval_autocast=true, medverse.compile=true. Same data/augmentation/schedule as 150/151 except data.query_prior disabled (see runs.json description).",250,scapula_left,True,s0650,s1278,False,0.5043,,0.4982,0.5053141117095947,35.2,1341.0,0.000639,1928.0,0.000919,4.24,,ct ct<-ct
9s7d69ca,152_cascade_medverse_baseline,"model=medverse (released architecture) — released Medverse.ckpt start (checkpoint=orig_weights), medverse_bounded_head=true (sigmoid-appended head -> real logit -> shared bce_dice-with-logits recipe, matching 150/151's adamw/1e-4/bce_dice exactly), eval_autocast=true, medverse.compile=true. Same data/augmentation/schedule as 150/151 except data.query_prior disabled (see runs.json description).",250,scapula_left,True,s1233,s0123,False,0.2248,,0.2219,0.7871689796447754,40.8,1136.0,0.000542,1455.0,0.000694,4.24,,ct ct<-ct
9s7d69ca,152_cascade_medverse_baseline,"model=medverse (released architecture) — released Medverse.ckpt start (checkpoint=orig_weights), medverse_bounded_head=true (sigmoid-appended head -> real logit -> shared bce_dice-with-logits recipe, matching 150/151's adamw/1e-4/bce_dice exactly), eval_autocast=true, medverse.compile=true. Same data/augmentation/schedule as 150/151 except data.query_prior disabled (see runs.json description).",250,scapula_left,True,s0572,s0794,False,0.5085,,0.501,0.5002862215042114,35.5,515.0,0.000246,1334.0,0.000636,4.24,,ct ct<-ct
9s7d69ca,152_cascade_medverse_baseline,"model=medverse (released architecture) — released Medverse.ckpt start (checkpoint=orig_weights), medverse_bounded_head=true (sigmoid-appended head -> real logit -> shared bce_dice-with-logits recipe, matching 150/151's adamw/1e-4/bce_dice exactly), eval_autocast=true, medverse.compile=true. Same data/augmentation/schedule as 150/151 except data.query_prior disabled (see runs.json description).",250,scapula_left,True,s0991,s1305,False,0.6117,,0.6137,0.3884531259536743,35.3,1082.0,0.000516,816.0,0.000389,4.24,,ct ct<-ct
9s7d69ca,152_cascade_medverse_baseline,"model=medverse (released architecture) — released Medverse.ckpt start (checkpoint=orig_weights), medverse_bounded_head=true (sigmoid-appended head -> real logit -> shared bce_dice-with-logits recipe, matching 150/151's adamw/1e-4/bce_dice exactly), eval_autocast=true, medverse.compile=true. Same data/augmentation/schedule as 150/151 except data.query_prior disabled (see runs.json description).",250,scapula_right,False,s0032,s0572,False,0.3865,,0.379,0.6244360208511353,35.5,907.0,0.000432,680.0,0.000324,4.24,,ct ct<-ct
9s7d69ca,152_cascade_medverse_baseline,"model=medverse (released architecture) — released Medverse.ckpt start (checkpoint=orig_weights), medverse_bounded_head=true (sigmoid-appended head -> real logit -> shared bce_dice-with-logits recipe, matching 150/151's adamw/1e-4/bce_dice exactly), eval_autocast=true, medverse.compile=true. Same data/augmentation/schedule as 150/151 except data.query_prior disabled (see runs.json description).",250,scapula_right,False,s0832,s0466,False,0.4384,,0.4226,0.5779954791069031,40.1,221.0,0.000105,638.0,0.000304,4.24,,ct ct<-ct
9s7d69ca,152_cascade_medverse_baseline,"model=medverse (released architecture) — released Medverse.ckpt start (checkpoint=orig_weights), medverse_bounded_head=true (sigmoid-appended head -> real logit -> shared bce_dice-with-logits recipe, matching 150/151's adamw/1e-4/bce_dice exactly), eval_autocast=true, medverse.compile=true. Same data/augmentation/schedule as 150/151 except data.query_prior disabled (see runs.json description).",250,scapula_right,False,s1199,s0874,False,0.2961,,0.2919,0.7114799618721008,40.6,1182.0,0.000564,212.0,0.000101,4.24,,ct ct<-ct
9s7d69ca,152_cascade_medverse_baseline,"model=medverse (released architecture) — released Medverse.ckpt start (checkpoint=orig_weights), medverse_bounded_head=true (sigmoid-appended head -> real logit -> shared bce_dice-with-logits recipe, matching 150/151's adamw/1e-4/bce_dice exactly), eval_autocast=true, medverse.compile=true. Same data/augmentation/schedule as 150/151 except data.query_prior disabled (see runs.json description).",250,scapula_right,False,s1059,s0546,False,0.4449,,0.4353,0.5676060318946838,40.9,1265.0,0.000603,1769.0,0.000844,4.24,,ct ct<-ct
9s7d69ca,152_cascade_medverse_baseline,"model=medverse (released architecture) — released Medverse.ckpt start (checkpoint=orig_weights), medverse_bounded_head=true (sigmoid-appended head -> real logit -> shared bce_dice-with-logits recipe, matching 150/151's adamw/1e-4/bce_dice exactly), eval_autocast=true, medverse.compile=true. Same data/augmentation/schedule as 150/151 except data.query_prior disabled (see runs.json description).",250,scapula_right,False,s0832,s1199,False,0.8118,,0.7988,0.20144733786582947,40.1,221.0,0.000105,1182.0,0.000564,4.24,,ct ct<-ct
9s7d69ca,152_cascade_medverse_baseline,"model=medverse (released architecture) — released Medverse.ckpt start (checkpoint=orig_weights), medverse_bounded_head=true (sigmoid-appended head -> real logit -> shared bce_dice-with-logits recipe, matching 150/151's adamw/1e-4/bce_dice exactly), eval_autocast=true, medverse.compile=true. Same data/augmentation/schedule as 150/151 except data.query_prior disabled (see runs.json description).",250,scapula_right,False,s0625,s0572,False,0.3755,,0.3678,0.6372931003570557,34.9,1422.0,0.000678,680.0,0.000324,4.24,,ct ct<-ct
9s7d69ca,152_cascade_medverse_baseline,"model=medverse (released architecture) — released Medverse.ckpt start (checkpoint=orig_weights), medverse_bounded_head=true (sigmoid-appended head -> real logit -> shared bce_dice-with-logits recipe, matching 150/151's adamw/1e-4/bce_dice exactly), eval_autocast=true, medverse.compile=true. Same data/augmentation/schedule as 150/151 except data.query_prior disabled (see runs.json description).",250,skull,True,s1059,s0021,False,0.7375,,0.7318,0.27557411789894104,56.3,5447.0,0.002597,5988.0,0.002855,4.24,,ct ct<-ct
9s7d69ca,152_cascade_medverse_baseline,"model=medverse (released architecture) — released Medverse.ckpt start (checkpoint=orig_weights), medverse_bounded_head=true (sigmoid-appended head -> real logit -> shared bce_dice-with-logits recipe, matching 150/151's adamw/1e-4/bce_dice exactly), eval_autocast=true, medverse.compile=true. Same data/augmentation/schedule as 150/151 except data.query_prior disabled (see runs.json description).",250,skull,True,s0832,s0352,False,0.0016,,0.0,1.000717282295227,39.4,1.0,0.0,3955.0,0.001886,4.24,,ct ct<-ct
9s7d69ca,152_cascade_medverse_baseline,"model=medverse (released architecture) — released Medverse.ckpt start (checkpoint=orig_weights), medverse_bounded_head=true (sigmoid-appended head -> real logit -> shared bce_dice-with-logits recipe, matching 150/151's adamw/1e-4/bce_dice exactly), eval_autocast=true, medverse.compile=true. Same data/augmentation/schedule as 150/151 except data.query_prior disabled (see runs.json description).",250,skull,True,s0123,s0546,False,0.0476,,0.0,1.0001273155212402,40.4,20.0,1e-05,1.0,0.0,4.24,,ct ct<-ct
9s7d69ca,152_cascade_medverse_baseline,"model=medverse (released architecture) — released Medverse.ckpt start (checkpoint=orig_weights), medverse_bounded_head=true (sigmoid-appended head -> real logit -> shared bce_dice-with-logits recipe, matching 150/151's adamw/1e-4/bce_dice exactly), eval_autocast=true, medverse.compile=true. Same data/augmentation/schedule as 150/151 except data.query_prior disabled (see runs.json description).",250,skull,True,s0032,s1233,False,0.3324,,0.3239,0.6777139902114868,44.5,228.0,0.000109,192.0,9.2e-05,4.24,,ct ct<-ct
9s7d69ca,152_cascade_medverse_baseline,"model=medverse (released architecture) — released Medverse.ckpt start (checkpoint=orig_weights), medverse_bounded_head=true (sigmoid-appended head -> real logit -> shared bce_dice-with-logits recipe, matching 150/151's adamw/1e-4/bce_dice exactly), eval_autocast=true, medverse.compile=true. Same data/augmentation/schedule as 150/151 except data.query_prior disabled (see runs.json description).",250,skull,True,s1017,s0546,False,0.0003,,0.0005,1.0163357257843018,44.5,3903.0,0.001861,1.0,0.0,4.24,,ct ct<-ct
9s7d69ca,152_cascade_medverse_baseline,"model=medverse (released architecture) — released Medverse.ckpt start (checkpoint=orig_weights), medverse_bounded_head=true (sigmoid-appended head -> real logit -> shared bce_dice-with-logits recipe, matching 150/151's adamw/1e-4/bce_dice exactly), eval_autocast=true, medverse.compile=true. Same data/augmentation/schedule as 150/151 except data.query_prior disabled (see runs.json description).",250,skull,True,s1233,s0832,False,0.0052,,0.0,1.0011061429977417,39.7,192.0,9.2e-05,1.0,0.0,4.24,,ct ct<-ct
9s7d69ca,152_cascade_medverse_baseline,"model=medverse (released architecture) — released Medverse.ckpt start (checkpoint=orig_weights), medverse_bounded_head=true (sigmoid-appended head -> real logit -> shared bce_dice-with-logits recipe, matching 150/151's adamw/1e-4/bce_dice exactly), eval_autocast=true, medverse.compile=true. Same data/augmentation/schedule as 150/151 except data.query_prior disabled (see runs.json description).",250,small_bowel,True,s0000,s0095,False,0.001,,0.0,1.0015901327133179,35.6,6.0,3e-06,16342.0,0.007792,4.24,,ct ct<-ct
9s7d69ca,152_cascade_medverse_baseline,"model=medverse (released architecture) — released Medverse.ckpt start (checkpoint=orig_weights), medverse_bounded_head=true (sigmoid-appended head -> real logit -> shared bce_dice-with-logits recipe, matching 150/151's adamw/1e-4/bce_dice exactly), eval_autocast=true, medverse.compile=true. Same data/augmentation/schedule as 150/151 except data.query_prior disabled (see runs.json description).",250,small_bowel,True,s0045,s0607,False,0.6694,,0.6618,0.357887864112854,35.6,14707.0,0.007013,16422.0,0.007831,4.24,,ct ct<-ct
9s7d69ca,152_cascade_medverse_baseline,"model=medverse (released architecture) — released Medverse.ckpt start (checkpoint=orig_weights), medverse_bounded_head=true (sigmoid-appended head -> real logit -> shared bce_dice-with-logits recipe, matching 150/151's adamw/1e-4/bce_dice exactly), eval_autocast=true, medverse.compile=true. Same data/augmentation/schedule as 150/151 except data.query_prior disabled (see runs.json description).",250,small_bowel,True,s0618,s1286,False,0.0107,,0.011,0.9913685321807861,51.6,42.0,2e-05,312.0,0.000149,4.24,,ct ct<-ct
9s7d69ca,152_cascade_medverse_baseline,"model=medverse (released architecture) — released Medverse.ckpt start (checkpoint=orig_weights), medverse_bounded_head=true (sigmoid-appended head -> real logit -> shared bce_dice-with-logits recipe, matching 150/151's adamw/1e-4/bce_dice exactly), eval_autocast=true, medverse.compile=true. Same data/augmentation/schedule as 150/151 except data.query_prior disabled (see runs.json description).",250,small_bowel,True,s0614,s1046,False,0.2276,,0.2226,0.7896157503128052,39.1,1852.0,0.000883,12943.0,0.006172,4.24,,ct ct<-ct
9s7d69ca,152_cascade_medverse_baseline,"model=medverse (released architecture) — released Medverse.ckpt start (checkpoint=orig_weights), medverse_bounded_head=true (sigmoid-appended head -> real logit -> shared bce_dice-with-logits recipe, matching 150/151's adamw/1e-4/bce_dice exactly), eval_autocast=true, medverse.compile=true. Same data/augmentation/schedule as 150/151 except data.query_prior disabled (see runs.json description).",250,small_bowel,True,s1199,s0607,False,0.0675,,0.0652,0.9438136219978333,42.6,312.0,0.000149,16422.0,0.007831,4.24,,ct ct<-ct
9s7d69ca,152_cascade_medverse_baseline,"model=medverse (released architecture) — released Medverse.ckpt start (checkpoint=orig_weights), medverse_bounded_head=true (sigmoid-appended head -> real logit -> shared bce_dice-with-logits recipe, matching 150/151's adamw/1e-4/bce_dice exactly), eval_autocast=true, medverse.compile=true. Same data/augmentation/schedule as 150/151 except data.query_prior disabled (see runs.json description).",250,small_bowel,True,s1233,s0458,False,0.6055,,0.5934,0.42703062295913696,35.3,11639.0,0.00555,15059.0,0.007181,4.24,,ct ct<-ct
9s7d69ca,152_cascade_medverse_baseline,"model=medverse (released architecture) — released Medverse.ckpt start (checkpoint=orig_weights), medverse_bounded_head=true (sigmoid-appended head -> real logit -> shared bce_dice-with-logits recipe, matching 150/151's adamw/1e-4/bce_dice exactly), eval_autocast=true, medverse.compile=true. Same data/augmentation/schedule as 150/151 except data.query_prior disabled (see runs.json description).",250,small_bowel,True,s1024,s0045,False,0.6268,,0.6016,0.4242393374443054,35.3,18695.0,0.008914,14707.0,0.007013,4.24,,ct ct<-ct
9s7d69ca,152_cascade_medverse_baseline,"model=medverse (released architecture) — released Medverse.ckpt start (checkpoint=orig_weights), medverse_bounded_head=true (sigmoid-appended head -> real logit -> shared bce_dice-with-logits recipe, matching 150/151's adamw/1e-4/bce_dice exactly), eval_autocast=true, medverse.compile=true. Same data/augmentation/schedule as 150/151 except data.query_prior disabled (see runs.json description).",250,spinal_cord,True,s0698,s0346,False,0.7207,,0.7155,0.2853628993034363,35.1,567.0,0.00027,621.0,0.000296,4.24,,ct ct<-ct
9s7d69ca,152_cascade_medverse_baseline,"model=medverse (released architecture) — released Medverse.ckpt start (checkpoint=orig_weights), medverse_bounded_head=true (sigmoid-appended head -> real logit -> shared bce_dice-with-logits recipe, matching 150/151's adamw/1e-4/bce_dice exactly), eval_autocast=true, medverse.compile=true. Same data/augmentation/schedule as 150/151 except data.query_prior disabled (see runs.json description).",250,spinal_cord,True,s0032,s0698,False,0.8609,,0.8591,0.14121854305267334,44.8,594.0,0.000283,567.0,0.00027,4.24,,ct ct<-ct
9s7d69ca,152_cascade_medverse_baseline,"model=medverse (released architecture) — released Medverse.ckpt start (checkpoint=orig_weights), medverse_bounded_head=true (sigmoid-appended head -> real logit -> shared bce_dice-with-logits recipe, matching 150/151's adamw/1e-4/bce_dice exactly), eval_autocast=true, medverse.compile=true. Same data/augmentation/schedule as 150/151 except data.query_prior disabled (see runs.json description).",250,spinal_cord,True,s0249,s0650,False,0.8981,,0.8864,0.11367793381214142,35.3,320.0,0.000153,1583.0,0.000755,4.24,,ct ct<-ct
9s7d69ca,152_cascade_medverse_baseline,"model=medverse (released architecture) — released Medverse.ckpt start (checkpoint=orig_weights), medverse_bounded_head=true (sigmoid-appended head -> real logit -> shared bce_dice-with-logits recipe, matching 150/151's adamw/1e-4/bce_dice exactly), eval_autocast=true, medverse.compile=true. Same data/augmentation/schedule as 150/151 except data.query_prior disabled (see runs.json description).",250,spleen,True,s1305,s0832,False,0.8644,,0.8577,0.14308223128318787,38.0,1473.0,0.000702,1484.0,0.000708,4.24,,ct ct<-ct
9s7d69ca,152_cascade_medverse_baseline,"model=medverse (released architecture) — released Medverse.ckpt start (checkpoint=orig_weights), medverse_bounded_head=true (sigmoid-appended head -> real logit -> shared bce_dice-with-logits recipe, matching 150/151's adamw/1e-4/bce_dice exactly), eval_autocast=true, medverse.compile=true. Same data/augmentation/schedule as 150/151 except data.query_prior disabled (see runs.json description).",250,spleen,True,s0458,s0546,False,0.751,,0.7482,0.2552380859851837,38.0,3237.0,0.001544,1981.0,0.000945,4.24,,ct ct<-ct
9s7d69ca,152_cascade_medverse_baseline,"model=medverse (released architecture) — released Medverse.ckpt start (checkpoint=orig_weights), medverse_bounded_head=true (sigmoid-appended head -> real logit -> shared bce_dice-with-logits recipe, matching 150/151's adamw/1e-4/bce_dice exactly), eval_autocast=true, medverse.compile=true. Same data/augmentation/schedule as 150/151 except data.query_prior disabled (see runs.json description).",250,spleen,True,s1161,s1106,False,0.0001,,0.0,1.027991533279419,38.1,4357.0,0.002078,159.0,7.6e-05,4.24,,ct ct<-ct
9s7d69ca,152_cascade_medverse_baseline,"model=medverse (released architecture) — released Medverse.ckpt start (checkpoint=orig_weights), medverse_bounded_head=true (sigmoid-appended head -> real logit -> shared bce_dice-with-logits recipe, matching 150/151's adamw/1e-4/bce_dice exactly), eval_autocast=true, medverse.compile=true. Same data/augmentation/schedule as 150/151 except data.query_prior disabled (see runs.json description).",250,spleen,True,s1233,s0655,False,0.6168,,0.6152,0.3875208795070648,36.4,1478.0,0.000705,143.0,6.8e-05,4.24,,ct ct<-ct
9s7d69ca,152_cascade_medverse_baseline,"model=medverse (released architecture) — released Medverse.ckpt start (checkpoint=orig_weights), medverse_bounded_head=true (sigmoid-appended head -> real logit -> shared bce_dice-with-logits recipe, matching 150/151's adamw/1e-4/bce_dice exactly), eval_autocast=true, medverse.compile=true. Same data/augmentation/schedule as 150/151 except data.query_prior disabled (see runs.json description).",250,spleen,True,s1002,s1046,False,0.1837,,0.1828,0.8246349096298218,40.4,467.0,0.000223,1895.0,0.000904,4.24,,ct ct<-ct
9s7d69ca,152_cascade_medverse_baseline,"model=medverse (released architecture) — released Medverse.ckpt start (checkpoint=orig_weights), medverse_bounded_head=true (sigmoid-appended head -> real logit -> shared bce_dice-with-logits recipe, matching 150/151's adamw/1e-4/bce_dice exactly), eval_autocast=true, medverse.compile=true. Same data/augmentation/schedule as 150/151 except data.query_prior disabled (see runs.json description).",250,spleen,True,s0698,s0420,False,0.4735,,0.4692,0.5411381721496582,36.9,2210.0,0.001054,2209.0,0.001053,4.24,,ct ct<-ct
9s7d69ca,152_cascade_medverse_baseline,"model=medverse (released architecture) — released Medverse.ckpt start (checkpoint=orig_weights), medverse_bounded_head=true (sigmoid-appended head -> real logit -> shared bce_dice-with-logits recipe, matching 150/151's adamw/1e-4/bce_dice exactly), eval_autocast=true, medverse.compile=true. Same data/augmentation/schedule as 150/151 except data.query_prior disabled (see runs.json description).",250,spleen,True,s0698,s1197,False,0.4977,,0.4941,0.5148651003837585,35.2,2210.0,0.001054,522.0,0.000249,4.24,,ct ct<-ct
9s7d69ca,152_cascade_medverse_baseline,"model=medverse (released architecture) — released Medverse.ckpt start (checkpoint=orig_weights), medverse_bounded_head=true (sigmoid-appended head -> real logit -> shared bce_dice-with-logits recipe, matching 150/151's adamw/1e-4/bce_dice exactly), eval_autocast=true, medverse.compile=true. Same data/augmentation/schedule as 150/151 except data.query_prior disabled (see runs.json description).",250,sternum,True,s1059,s1337,False,0.0501,,0.0493,0.9530831575393677,35.6,431.0,0.000206,1079.0,0.000515,4.24,,ct ct<-ct
9s7d69ca,152_cascade_medverse_baseline,"model=medverse (released architecture) — released Medverse.ckpt start (checkpoint=orig_weights), medverse_bounded_head=true (sigmoid-appended head -> real logit -> shared bce_dice-with-logits recipe, matching 150/151's adamw/1e-4/bce_dice exactly), eval_autocast=true, medverse.compile=true. Same data/augmentation/schedule as 150/151 except data.query_prior disabled (see runs.json description).",250,sternum,True,s0544,s1287,False,0.0553,,0.0546,0.9461134672164917,35.8,23.0,1.1e-05,977.0,0.000466,4.24,,ct ct<-ct
9s7d69ca,152_cascade_medverse_baseline,"model=medverse (released architecture) — released Medverse.ckpt start (checkpoint=orig_weights), medverse_bounded_head=true (sigmoid-appended head -> real logit -> shared bce_dice-with-logits recipe, matching 150/151's adamw/1e-4/bce_dice exactly), eval_autocast=true, medverse.compile=true. Same data/augmentation/schedule as 150/151 except data.query_prior disabled (see runs.json description).",250,sternum,True,s0832,s0618,False,0.6181,,0.6125,0.38850072026252747,41.3,425.0,0.000203,606.0,0.000289,4.24,,ct ct<-ct
9s7d69ca,152_cascade_medverse_baseline,"model=medverse (released architecture) — released Medverse.ckpt start (checkpoint=orig_weights), medverse_bounded_head=true (sigmoid-appended head -> real logit -> shared bce_dice-with-logits recipe, matching 150/151's adamw/1e-4/bce_dice exactly), eval_autocast=true, medverse.compile=true. Same data/augmentation/schedule as 150/151 except data.query_prior disabled (see runs.json description).",250,sternum,True,s0625,s0123,False,0.5411,,0.5375,0.4649541676044464,42.0,891.0,0.000425,916.0,0.000437,4.24,,ct ct<-ct
9s7d69ca,152_cascade_medverse_baseline,"model=medverse (released architecture) — released Medverse.ckpt start (checkpoint=orig_weights), medverse_bounded_head=true (sigmoid-appended head -> real logit -> shared bce_dice-with-logits recipe, matching 150/151's adamw/1e-4/bce_dice exactly), eval_autocast=true, medverse.compile=true. Same data/augmentation/schedule as 150/151 except data.query_prior disabled (see runs.json description).",250,stomach,True,s0655,s0832,False,0.088,,0.0828,0.9192878007888794,37.2,230.0,0.00011,1219.0,0.000581,4.24,,ct ct<-ct
9s7d69ca,152_cascade_medverse_baseline,"model=medverse (released architecture) — released Medverse.ckpt start (checkpoint=orig_weights), medverse_bounded_head=true (sigmoid-appended head -> real logit -> shared bce_dice-with-logits recipe, matching 150/151's adamw/1e-4/bce_dice exactly), eval_autocast=true, medverse.compile=true. Same data/augmentation/schedule as 150/151 except data.query_prior disabled (see runs.json description).",250,stomach,True,s1106,s1133,False,0.2431,,0.2456,0.763605535030365,40.7,2409.0,0.001149,1959.0,0.000934,4.24,,ct ct<-ct
9s7d69ca,152_cascade_medverse_baseline,"model=medverse (released architecture) — released Medverse.ckpt start (checkpoint=orig_weights), medverse_bounded_head=true (sigmoid-appended head -> real logit -> shared bce_dice-with-logits recipe, matching 150/151's adamw/1e-4/bce_dice exactly), eval_autocast=true, medverse.compile=true. Same data/augmentation/schedule as 150/151 except data.query_prior disabled (see runs.json description).",250,stomach,True,s0832,s0095,False,0.1162,,0.1114,0.8924654722213745,35.5,1219.0,0.000581,2504.0,0.001194,4.24,,ct ct<-ct
9s7d69ca,152_cascade_medverse_baseline,"model=medverse (released architecture) — released Medverse.ckpt start (checkpoint=orig_weights), medverse_bounded_head=true (sigmoid-appended head -> real logit -> shared bce_dice-with-logits recipe, matching 150/151's adamw/1e-4/bce_dice exactly), eval_autocast=true, medverse.compile=true. Same data/augmentation/schedule as 150/151 except data.query_prior disabled (see runs.json description).",250,stomach,True,s0760,s1278,False,0.0673,,0.0657,0.9508122205734253,51.6,3501.0,0.001669,3209.0,0.00153,4.24,,ct ct<-ct
9s7d69ca,152_cascade_medverse_baseline,"model=medverse (released architecture) — released Medverse.ckpt start (checkpoint=orig_weights), medverse_bounded_head=true (sigmoid-appended head -> real logit -> shared bce_dice-with-logits recipe, matching 150/151's adamw/1e-4/bce_dice exactly), eval_autocast=true, medverse.compile=true. Same data/augmentation/schedule as 150/151 except data.query_prior disabled (see runs.json description).",250,stomach,True,s1287,s0546,False,0.78,,0.7731,0.2328607439994812,35.3,6660.0,0.003176,7487.0,0.00357,4.24,,ct ct<-ct
9s7d69ca,152_cascade_medverse_baseline,"model=medverse (released architecture) — released Medverse.ckpt start (checkpoint=orig_weights), medverse_bounded_head=true (sigmoid-appended head -> real logit -> shared bce_dice-with-logits recipe, matching 150/151's adamw/1e-4/bce_dice exactly), eval_autocast=true, medverse.compile=true. Same data/augmentation/schedule as 150/151 except data.query_prior disabled (see runs.json description).",250,stomach,True,s0918,s0324,False,0.2265,,0.2177,0.8011409640312195,35.1,2314.0,0.001103,2199.0,0.001049,4.24,,ct ct<-ct
9s7d69ca,152_cascade_medverse_baseline,"model=medverse (released architecture) — released Medverse.ckpt start (checkpoint=orig_weights), medverse_bounded_head=true (sigmoid-appended head -> real logit -> shared bce_dice-with-logits recipe, matching 150/151's adamw/1e-4/bce_dice exactly), eval_autocast=true, medverse.compile=true. Same data/augmentation/schedule as 150/151 except data.query_prior disabled (see runs.json description).",250,subclavian_artery_left,True,s0824,s0874,False,0.0868,,0.0818,0.9200382232666016,37.0,113.0,5.4e-05,101.0,4.8e-05,4.24,,ct ct<-ct
9s7d69ca,152_cascade_medverse_baseline,"model=medverse (released architecture) — released Medverse.ckpt start (checkpoint=orig_weights), medverse_bounded_head=true (sigmoid-appended head -> real logit -> shared bce_dice-with-logits recipe, matching 150/151's adamw/1e-4/bce_dice exactly), eval_autocast=true, medverse.compile=true. Same data/augmentation/schedule as 150/151 except data.query_prior disabled (see runs.json description).",250,subclavian_artery_left,True,s1002,s0572,False,0.0156,,0.0,1.000138282775879,36.7,25.0,1.2e-05,54.0,2.6e-05,4.24,,ct ct<-ct
9s7d69ca,152_cascade_medverse_baseline,"model=medverse (released architecture) — released Medverse.ckpt start (checkpoint=orig_weights), medverse_bounded_head=true (sigmoid-appended head -> real logit -> shared bce_dice-with-logits recipe, matching 150/151's adamw/1e-4/bce_dice exactly), eval_autocast=true, medverse.compile=true. Same data/augmentation/schedule as 150/151 except data.query_prior disabled (see runs.json description).",250,subclavian_artery_left,True,s0546,s1002,False,0.0047,,0.0063,0.9952393174171448,36.2,117.0,5.6e-05,25.0,1.2e-05,4.24,,ct ct<-ct
9s7d69ca,152_cascade_medverse_baseline,"model=medverse (released architecture) — released Medverse.ckpt start (checkpoint=orig_weights), medverse_bounded_head=true (sigmoid-appended head -> real logit -> shared bce_dice-with-logits recipe, matching 150/151's adamw/1e-4/bce_dice exactly), eval_autocast=true, medverse.compile=true. Same data/augmentation/schedule as 150/151 except data.query_prior disabled (see runs.json description).",250,subclavian_artery_left,True,s0650,s0867,False,0.0314,,0.029,0.9737756848335266,35.5,96.0,4.6e-05,103.0,4.9e-05,4.24,,ct ct<-ct
9s7d69ca,152_cascade_medverse_baseline,"model=medverse (released architecture) — released Medverse.ckpt start (checkpoint=orig_weights), medverse_bounded_head=true (sigmoid-appended head -> real logit -> shared bce_dice-with-logits recipe, matching 150/151's adamw/1e-4/bce_dice exactly), eval_autocast=true, medverse.compile=true. Same data/augmentation/schedule as 150/151 except data.query_prior disabled (see runs.json description).",250,subclavian_artery_left,True,s1161,s0420,False,0.2115,,0.1923,0.8081132769584656,35.5,121.0,5.8e-05,147.0,7e-05,4.24,,ct ct<-ct
9s7d69ca,152_cascade_medverse_baseline,"model=medverse (released architecture) — released Medverse.ckpt start (checkpoint=orig_weights), medverse_bounded_head=true (sigmoid-appended head -> real logit -> shared bce_dice-with-logits recipe, matching 150/151's adamw/1e-4/bce_dice exactly), eval_autocast=true, medverse.compile=true. Same data/augmentation/schedule as 150/151 except data.query_prior disabled (see runs.json description).",250,subclavian_artery_left,True,s1223,s1133,False,0.1607,,0.1477,0.8528491258621216,35.1,63.0,3e-05,26.0,1.2e-05,4.24,,ct ct<-ct
9s7d69ca,152_cascade_medverse_baseline,"model=medverse (released architecture) — released Medverse.ckpt start (checkpoint=orig_weights), medverse_bounded_head=true (sigmoid-appended head -> real logit -> shared bce_dice-with-logits recipe, matching 150/151's adamw/1e-4/bce_dice exactly), eval_autocast=true, medverse.compile=true. Same data/augmentation/schedule as 150/151 except data.query_prior disabled (see runs.json description).",250,subclavian_artery_left,True,s0032,s0618,False,0.1727,,0.1731,0.8276203274726868,35.3,66.0,3.1e-05,98.0,4.7e-05,4.24,,ct ct<-ct
9s7d69ca,152_cascade_medverse_baseline,"model=medverse (released architecture) — released Medverse.ckpt start (checkpoint=orig_weights), medverse_bounded_head=true (sigmoid-appended head -> real logit -> shared bce_dice-with-logits recipe, matching 150/151's adamw/1e-4/bce_dice exactly), eval_autocast=true, medverse.compile=true. Same data/augmentation/schedule as 150/151 except data.query_prior disabled (see runs.json description).",250,subclavian_artery_left,True,s0032,s1046,False,0.0854,,0.0801,0.9208797812461853,35.3,66.0,3.1e-05,118.0,5.6e-05,4.24,,ct ct<-ct
9s7d69ca,152_cascade_medverse_baseline,"model=medverse (released architecture) — released Medverse.ckpt start (checkpoint=orig_weights), medverse_bounded_head=true (sigmoid-appended head -> real logit -> shared bce_dice-with-logits recipe, matching 150/151's adamw/1e-4/bce_dice exactly), eval_autocast=true, medverse.compile=true. Same data/augmentation/schedule as 150/151 except data.query_prior disabled (see runs.json description).",250,subclavian_artery_right,False,s0572,s0867,False,0.3039,,0.2695,0.7306942939758301,35.6,30.0,1.4e-05,84.0,4e-05,4.24,,ct ct<-ct
9s7d69ca,152_cascade_medverse_baseline,"model=medverse (released architecture) — released Medverse.ckpt start (checkpoint=orig_weights), medverse_bounded_head=true (sigmoid-appended head -> real logit -> shared bce_dice-with-logits recipe, matching 150/151's adamw/1e-4/bce_dice exactly), eval_autocast=true, medverse.compile=true. Same data/augmentation/schedule as 150/151 except data.query_prior disabled (see runs.json description).",250,subclavian_artery_right,False,s0808,s0572,False,0.0548,,0.0554,0.946387767791748,56.3,117.0,5.6e-05,30.0,1.4e-05,4.24,,ct ct<-ct
9s7d69ca,152_cascade_medverse_baseline,"model=medverse (released architecture) — released Medverse.ckpt start (checkpoint=orig_weights), medverse_bounded_head=true (sigmoid-appended head -> real logit -> shared bce_dice-with-logits recipe, matching 150/151's adamw/1e-4/bce_dice exactly), eval_autocast=true, medverse.compile=true. Same data/augmentation/schedule as 150/151 except data.query_prior disabled (see runs.json description).",250,subclavian_artery_right,False,s0123,s1046,False,0.3831,,0.3608,0.6396737694740295,40.6,125.0,6e-05,134.0,6.4e-05,4.24,,ct ct<-ct
9s7d69ca,152_cascade_medverse_baseline,"model=medverse (released architecture) — released Medverse.ckpt start (checkpoint=orig_weights), medverse_bounded_head=true (sigmoid-appended head -> real logit -> shared bce_dice-with-logits recipe, matching 150/151's adamw/1e-4/bce_dice exactly), eval_autocast=true, medverse.compile=true. Same data/augmentation/schedule as 150/151 except data.query_prior disabled (see runs.json description).",250,subclavian_artery_right,False,s0650,s0346,False,0.0013,,0.0,1.001301646232605,41.5,89.0,4.2e-05,71.0,3.4e-05,4.24,,ct ct<-ct
9s7d69ca,152_cascade_medverse_baseline,"model=medverse (released architecture) — released Medverse.ckpt start (checkpoint=orig_weights), medverse_bounded_head=true (sigmoid-appended head -> real logit -> shared bce_dice-with-logits recipe, matching 150/151's adamw/1e-4/bce_dice exactly), eval_autocast=true, medverse.compile=true. Same data/augmentation/schedule as 150/151 except data.query_prior disabled (see runs.json description).",250,subclavian_artery_right,False,s1278,s0095,False,0.1772,,0.1638,0.8371767401695251,40.1,149.0,7.1e-05,171.0,8.2e-05,4.24,,ct ct<-ct
9s7d69ca,152_cascade_medverse_baseline,"model=medverse (released architecture) — released Medverse.ckpt start (checkpoint=orig_weights), medverse_bounded_head=true (sigmoid-appended head -> real logit -> shared bce_dice-with-logits recipe, matching 150/151's adamw/1e-4/bce_dice exactly), eval_autocast=true, medverse.compile=true. Same data/augmentation/schedule as 150/151 except data.query_prior disabled (see runs.json description).",250,subclavian_artery_right,False,s0032,s0095,False,0.0976,,0.0911,0.9095128178596497,35.2,57.0,2.7e-05,171.0,8.2e-05,4.24,,ct ct<-ct
9s7d69ca,152_cascade_medverse_baseline,"model=medverse (released architecture) — released Medverse.ckpt start (checkpoint=orig_weights), medverse_bounded_head=true (sigmoid-appended head -> real logit -> shared bce_dice-with-logits recipe, matching 150/151's adamw/1e-4/bce_dice exactly), eval_autocast=true, medverse.compile=true. Same data/augmentation/schedule as 150/151 except data.query_prior disabled (see runs.json description).",250,superior_vena_cava,True,s0123,s0346,False,0.0008,,0.001,1.0013196468353271,38.8,310.0,0.000148,89.0,4.2e-05,4.24,,ct ct<-ct
9s7d69ca,152_cascade_medverse_baseline,"model=medverse (released architecture) — released Medverse.ckpt start (checkpoint=orig_weights), medverse_bounded_head=true (sigmoid-appended head -> real logit -> shared bce_dice-with-logits recipe, matching 150/151's adamw/1e-4/bce_dice exactly), eval_autocast=true, medverse.compile=true. Same data/augmentation/schedule as 150/151 except data.query_prior disabled (see runs.json description).",250,superior_vena_cava,True,s0839,s0747,False,0.0116,,0.0001,1.00019109249115,36.6,38.0,1.8e-05,75.0,3.6e-05,4.24,,ct ct<-ct
9s7d69ca,152_cascade_medverse_baseline,"model=medverse (released architecture) — released Medverse.ckpt start (checkpoint=orig_weights), medverse_bounded_head=true (sigmoid-appended head -> real logit -> shared bce_dice-with-logits recipe, matching 150/151's adamw/1e-4/bce_dice exactly), eval_autocast=true, medverse.compile=true. Same data/augmentation/schedule as 150/151 except data.query_prior disabled (see runs.json description).",250,superior_vena_cava,True,s0625,s1233,False,0.6397,,0.6267,0.3737790286540985,42.0,234.0,0.000112,282.0,0.000134,4.24,,ct ct<-ct
9s7d69ca,152_cascade_medverse_baseline,"model=medverse (released architecture) — released Medverse.ckpt start (checkpoint=orig_weights), medverse_bounded_head=true (sigmoid-appended head -> real logit -> shared bce_dice-with-logits recipe, matching 150/151's adamw/1e-4/bce_dice exactly), eval_autocast=true, medverse.compile=true. Same data/augmentation/schedule as 150/151 except data.query_prior disabled (see runs.json description).",250,superior_vena_cava,True,s0650,s1106,False,0.0007,,0.0001,1.0023751258850098,36.5,294.0,0.00014,89.0,4.2e-05,4.24,,ct ct<-ct
9s7d69ca,152_cascade_medverse_baseline,"model=medverse (released architecture) — released Medverse.ckpt start (checkpoint=orig_weights), medverse_bounded_head=true (sigmoid-appended head -> real logit -> shared bce_dice-with-logits recipe, matching 150/151's adamw/1e-4/bce_dice exactly), eval_autocast=true, medverse.compile=true. Same data/augmentation/schedule as 150/151 except data.query_prior disabled (see runs.json description).",250,superior_vena_cava,True,s0546,s1046,False,0.2343,,0.2432,0.7574090361595154,35.5,221.0,0.000105,316.0,0.000151,4.24,,ct ct<-ct
9s7d69ca,152_cascade_medverse_baseline,"model=medverse (released architecture) — released Medverse.ckpt start (checkpoint=orig_weights), medverse_bounded_head=true (sigmoid-appended head -> real logit -> shared bce_dice-with-logits recipe, matching 150/151's adamw/1e-4/bce_dice exactly), eval_autocast=true, medverse.compile=true. Same data/augmentation/schedule as 150/151 except data.query_prior disabled (see runs.json description).",250,thyroid_gland,True,s0021,s0572,False,0.0242,,0.0225,0.9794625639915466,38.1,173.0,8.2e-05,146.0,7e-05,4.24,,ct ct<-ct
9s7d69ca,152_cascade_medverse_baseline,"model=medverse (released architecture) — released Medverse.ckpt start (checkpoint=orig_weights), medverse_bounded_head=true (sigmoid-appended head -> real logit -> shared bce_dice-with-logits recipe, matching 150/151's adamw/1e-4/bce_dice exactly), eval_autocast=true, medverse.compile=true. Same data/augmentation/schedule as 150/151 except data.query_prior disabled (see runs.json description).",250,thyroid_gland,True,s0794,s1046,False,0.0587,,0.0668,0.9348302483558655,35.2,185.0,8.8e-05,218.0,0.000104,4.24,,ct ct<-ct
9s7d69ca,152_cascade_medverse_baseline,"model=medverse (released architecture) — released Medverse.ckpt start (checkpoint=orig_weights), medverse_bounded_head=true (sigmoid-appended head -> real logit -> shared bce_dice-with-logits recipe, matching 150/151's adamw/1e-4/bce_dice exactly), eval_autocast=true, medverse.compile=true. Same data/augmentation/schedule as 150/151 except data.query_prior disabled (see runs.json description).",250,thyroid_gland,True,s0824,s0123,False,0.0062,,0.0,1.0002691745758057,41.0,14.0,7e-06,174.0,8.3e-05,4.24,,ct ct<-ct
9s7d69ca,152_cascade_medverse_baseline,"model=medverse (released architecture) — released Medverse.ckpt start (checkpoint=orig_weights), medverse_bounded_head=true (sigmoid-appended head -> real logit -> shared bce_dice-with-logits recipe, matching 150/151's adamw/1e-4/bce_dice exactly), eval_autocast=true, medverse.compile=true. Same data/augmentation/schedule as 150/151 except data.query_prior disabled (see runs.json description).",250,thyroid_gland,True,s0625,s0918,False,0.0027,,0.0001,1.0010486841201782,43.6,157.0,7.5e-05,203.0,9.7e-05,4.24,,ct ct<-ct
9s7d69ca,152_cascade_medverse_baseline,"model=medverse (released architecture) — released Medverse.ckpt start (checkpoint=orig_weights), medverse_bounded_head=true (sigmoid-appended head -> real logit -> shared bce_dice-with-logits recipe, matching 150/151's adamw/1e-4/bce_dice exactly), eval_autocast=true, medverse.compile=true. Same data/augmentation/schedule as 150/151 except data.query_prior disabled (see runs.json description).",250,thyroid_gland,True,s0747,s0824,False,0.0159,,0.0002,1.0001248121261597,36.9,62.0,3e-05,14.0,7e-06,4.24,,ct ct<-ct
9s7d69ca,152_cascade_medverse_baseline,"model=medverse (released architecture) — released Medverse.ckpt start (checkpoint=orig_weights), medverse_bounded_head=true (sigmoid-appended head -> real logit -> shared bce_dice-with-logits recipe, matching 150/151's adamw/1e-4/bce_dice exactly), eval_autocast=true, medverse.compile=true. Same data/augmentation/schedule as 150/151 except data.query_prior disabled (see runs.json description).",250,thyroid_gland,True,s1238,s0032,False,0.0767,,0.0705,0.9307824373245239,41.1,134.0,6.4e-05,95.0,4.5e-05,4.24,,ct ct<-ct
9s7d69ca,152_cascade_medverse_baseline,"model=medverse (released architecture) — released Medverse.ckpt start (checkpoint=orig_weights), medverse_bounded_head=true (sigmoid-appended head -> real logit -> shared bce_dice-with-logits recipe, matching 150/151's adamw/1e-4/bce_dice exactly), eval_autocast=true, medverse.compile=true. Same data/augmentation/schedule as 150/151 except data.query_prior disabled (see runs.json description).",250,thyroid_gland,True,s0546,s0747,False,0.1937,,0.1886,0.813347339630127,36.5,446.0,0.000213,62.0,3e-05,4.24,,ct ct<-ct
9s7d69ca,152_cascade_medverse_baseline,"model=medverse (released architecture) — released Medverse.ckpt start (checkpoint=orig_weights), medverse_bounded_head=true (sigmoid-appended head -> real logit -> shared bce_dice-with-logits recipe, matching 150/151's adamw/1e-4/bce_dice exactly), eval_autocast=true, medverse.compile=true. Same data/augmentation/schedule as 150/151 except data.query_prior disabled (see runs.json description).",250,thyroid_gland,True,s1305,s1238,False,0.1117,,0.1036,0.8973322510719299,43.2,59.0,2.8e-05,134.0,6.4e-05,4.24,,ct ct<-ct
9s7d69ca,152_cascade_medverse_baseline,"model=medverse (released architecture) — released Medverse.ckpt start (checkpoint=orig_weights), medverse_bounded_head=true (sigmoid-appended head -> real logit -> shared bce_dice-with-logits recipe, matching 150/151's adamw/1e-4/bce_dice exactly), eval_autocast=true, medverse.compile=true. Same data/augmentation/schedule as 150/151 except data.query_prior disabled (see runs.json description).",250,thyroid_gland,True,s0346,s1017,False,0.0153,,0.0135,0.989398181438446,35.2,340.0,0.000162,327.0,0.000156,4.24,,ct ct<-ct
9s7d69ca,152_cascade_medverse_baseline,"model=medverse (released architecture) — released Medverse.ckpt start (checkpoint=orig_weights), medverse_bounded_head=true (sigmoid-appended head -> real logit -> shared bce_dice-with-logits recipe, matching 150/151's adamw/1e-4/bce_dice exactly), eval_autocast=true, medverse.compile=true. Same data/augmentation/schedule as 150/151 except data.query_prior disabled (see runs.json description).",250,trachea,True,s1233,s0991,False,0.7826,,0.7781,0.2222987860441208,35.5,351.0,0.000167,450.0,0.000215,4.24,,ct ct<-ct
9s7d69ca,152_cascade_medverse_baseline,"model=medverse (released architecture) — released Medverse.ckpt start (checkpoint=orig_weights), medverse_bounded_head=true (sigmoid-appended head -> real logit -> shared bce_dice-with-logits recipe, matching 150/151's adamw/1e-4/bce_dice exactly), eval_autocast=true, medverse.compile=true. Same data/augmentation/schedule as 150/151 except data.query_prior disabled (see runs.json description).",250,trachea,True,s1046,s0123,False,0.7879,,0.7826,0.21784774959087372,35.4,515.0,0.000246,366.0,0.000175,4.24,,ct ct<-ct
9s7d69ca,152_cascade_medverse_baseline,"model=medverse (released architecture) — released Medverse.ckpt start (checkpoint=orig_weights), medverse_bounded_head=true (sigmoid-appended head -> real logit -> shared bce_dice-with-logits recipe, matching 150/151's adamw/1e-4/bce_dice exactly), eval_autocast=true, medverse.compile=true. Same data/augmentation/schedule as 150/151 except data.query_prior disabled (see runs.json description).",250,trachea,True,s0618,s1133,False,0.7061,,0.6991,0.30134838819503784,35.5,297.0,0.000142,351.0,0.000167,4.24,,ct ct<-ct
9s7d69ca,152_cascade_medverse_baseline,"model=medverse (released architecture) — released Medverse.ckpt start (checkpoint=orig_weights), medverse_bounded_head=true (sigmoid-appended head -> real logit -> shared bce_dice-with-logits recipe, matching 150/151's adamw/1e-4/bce_dice exactly), eval_autocast=true, medverse.compile=true. Same data/augmentation/schedule as 150/151 except data.query_prior disabled (see runs.json description).",250,trachea,True,s1024,s0625,False,0.7814,,0.7628,0.2374013215303421,35.2,212.0,0.000101,502.0,0.000239,4.24,,ct ct<-ct
9s7d69ca,152_cascade_medverse_baseline,"model=medverse (released architecture) — released Medverse.ckpt start (checkpoint=orig_weights), medverse_bounded_head=true (sigmoid-appended head -> real logit -> shared bce_dice-with-logits recipe, matching 150/151's adamw/1e-4/bce_dice exactly), eval_autocast=true, medverse.compile=true. Same data/augmentation/schedule as 150/151 except data.query_prior disabled (see runs.json description).",250,trachea,True,s0698,s1161,False,0.7293,,0.7192,0.28162723779678345,34.9,566.0,0.00027,370.0,0.000176,4.24,,ct ct<-ct
9s7d69ca,152_cascade_medverse_baseline,"model=medverse (released architecture) — released Medverse.ckpt start (checkpoint=orig_weights), medverse_bounded_head=true (sigmoid-appended head -> real logit -> shared bce_dice-with-logits recipe, matching 150/151's adamw/1e-4/bce_dice exactly), eval_autocast=true, medverse.compile=true. Same data/augmentation/schedule as 150/151 except data.query_prior disabled (see runs.json description).",250,trachea,True,s0650,s0032,False,0.8134,,0.8032,0.1973528265953064,35.1,498.0,0.000237,361.0,0.000172,4.24,,ct ct<-ct
9s7d69ca,152_cascade_medverse_baseline,"model=medverse (released architecture) — released Medverse.ckpt start (checkpoint=orig_weights), medverse_bounded_head=true (sigmoid-appended head -> real logit -> shared bce_dice-with-logits recipe, matching 150/151's adamw/1e-4/bce_dice exactly), eval_autocast=true, medverse.compile=true. Same data/augmentation/schedule as 150/151 except data.query_prior disabled (see runs.json description).",250,trachea,True,s0747,s0867,False,0.6793,,0.672,0.3286864459514618,35.3,544.0,0.000259,205.0,9.8e-05,4.24,,ct ct<-ct
9s7d69ca,152_cascade_medverse_baseline,"model=medverse (released architecture) — released Medverse.ckpt start (checkpoint=orig_weights), medverse_bounded_head=true (sigmoid-appended head -> real logit -> shared bce_dice-with-logits recipe, matching 150/151's adamw/1e-4/bce_dice exactly), eval_autocast=true, medverse.compile=true. Same data/augmentation/schedule as 150/151 except data.query_prior disabled (see runs.json description).",250,urinary_bladder,True,s0216,s1223,False,0.7753,,0.7692,0.2322544902563095,45.5,1606.0,0.000766,1886.0,0.000899,4.24,,ct ct<-ct
9s7d69ca,152_cascade_medverse_baseline,"model=medverse (released architecture) — released Medverse.ckpt start (checkpoint=orig_weights), medverse_bounded_head=true (sigmoid-appended head -> real logit -> shared bce_dice-with-logits recipe, matching 150/151's adamw/1e-4/bce_dice exactly), eval_autocast=true, medverse.compile=true. Same data/augmentation/schedule as 150/151 except data.query_prior disabled (see runs.json description).",250,urinary_bladder,True,s0000,s0650,False,0.0003,,0.0004,1.0129786729812622,38.6,3005.0,0.001433,2091.0,0.000997,4.24,,ct ct<-ct
9s7d69ca,152_cascade_medverse_baseline,"model=medverse (released architecture) — released Medverse.ckpt start (checkpoint=orig_weights), medverse_bounded_head=true (sigmoid-appended head -> real logit -> shared bce_dice-with-logits recipe, matching 150/151's adamw/1e-4/bce_dice exactly), eval_autocast=true, medverse.compile=true. Same data/augmentation/schedule as 150/151 except data.query_prior disabled (see runs.json description).",250,urinary_bladder,True,s0991,s0546,False,0.6792,,0.6746,0.3275224268436432,35.9,1605.0,0.000765,2410.0,0.001149,4.24,,ct ct<-ct
9s7d69ca,152_cascade_medverse_baseline,"model=medverse (released architecture) — released Medverse.ckpt start (checkpoint=orig_weights), medverse_bounded_head=true (sigmoid-appended head -> real logit -> shared bce_dice-with-logits recipe, matching 150/151's adamw/1e-4/bce_dice exactly), eval_autocast=true, medverse.compile=true. Same data/augmentation/schedule as 150/151 except data.query_prior disabled (see runs.json description).",250,vertebrae_C1,False,s0346,s1161,False,0.0879,,0.0867,0.9174255728721619,36.7,159.0,7.6e-05,168.0,8e-05,4.24,,ct ct<-ct
9s7d69ca,152_cascade_medverse_baseline,"model=medverse (released architecture) — released Medverse.ckpt start (checkpoint=orig_weights), medverse_bounded_head=true (sigmoid-appended head -> real logit -> shared bce_dice-with-logits recipe, matching 150/151's adamw/1e-4/bce_dice exactly), eval_autocast=true, medverse.compile=true. Same data/augmentation/schedule as 150/151 except data.query_prior disabled (see runs.json description).",250,vertebrae_C1,False,s0346,s1059,False,0.0731,,0.0729,0.930584728717804,40.0,159.0,7.6e-05,166.0,7.9e-05,4.24,,ct ct<-ct
9s7d69ca,152_cascade_medverse_baseline,"model=medverse (released architecture) — released Medverse.ckpt start (checkpoint=orig_weights), medverse_bounded_head=true (sigmoid-appended head -> real logit -> shared bce_dice-with-logits recipe, matching 150/151's adamw/1e-4/bce_dice exactly), eval_autocast=true, medverse.compile=true. Same data/augmentation/schedule as 150/151 except data.query_prior disabled (see runs.json description).",250,vertebrae_C1,False,s1017,s1161,False,0.0029,,0.0003,1.000596284866333,43.6,108.0,5.1e-05,168.0,8e-05,4.24,,ct ct<-ct
9s7d69ca,152_cascade_medverse_baseline,"model=medverse (released architecture) — released Medverse.ckpt start (checkpoint=orig_weights), medverse_bounded_head=true (sigmoid-appended head -> real logit -> shared bce_dice-with-logits recipe, matching 150/151's adamw/1e-4/bce_dice exactly), eval_autocast=true, medverse.compile=true. Same data/augmentation/schedule as 150/151 except data.query_prior disabled (see runs.json description).",250,vertebrae_C1,False,s0792,s0346,False,0.0026,,0.0,1.0005446672439575,39.1,22.0,1e-05,159.0,7.6e-05,4.24,,ct ct<-ct
9s7d69ca,152_cascade_medverse_baseline,"model=medverse (released architecture) — released Medverse.ckpt start (checkpoint=orig_weights), medverse_bounded_head=true (sigmoid-appended head -> real logit -> shared bce_dice-with-logits recipe, matching 150/151's adamw/1e-4/bce_dice exactly), eval_autocast=true, medverse.compile=true. Same data/augmentation/schedule as 150/151 except data.query_prior disabled (see runs.json description).",250,vertebrae_C1,False,s1059,s0867,False,0.0013,,0.0047,0.9971224069595337,35.3,166.0,7.9e-05,176.0,8.4e-05,4.24,,ct ct<-ct
9s7d69ca,152_cascade_medverse_baseline,"model=medverse (released architecture) — released Medverse.ckpt start (checkpoint=orig_weights), medverse_bounded_head=true (sigmoid-appended head -> real logit -> shared bce_dice-with-logits recipe, matching 150/151's adamw/1e-4/bce_dice exactly), eval_autocast=true, medverse.compile=true. Same data/augmentation/schedule as 150/151 except data.query_prior disabled (see runs.json description).",250,vertebrae_C2,False,s1260,s0874,False,0.0333,,0.0003,0.9997962117195129,43.8,8.0,4e-06,319.0,0.000152,4.24,,ct ct<-ct
9s7d69ca,152_cascade_medverse_baseline,"model=medverse (released architecture) — released Medverse.ckpt start (checkpoint=orig_weights), medverse_bounded_head=true (sigmoid-appended head -> real logit -> shared bce_dice-with-logits recipe, matching 150/151's adamw/1e-4/bce_dice exactly), eval_autocast=true, medverse.compile=true. Same data/augmentation/schedule as 150/151 except data.query_prior disabled (see runs.json description).",250,vertebrae_C2,False,s0572,s0867,False,0.4276,,0.4221,0.5793910026550293,35.2,293.0,0.00014,247.0,0.000118,4.24,,ct ct<-ct
9s7d69ca,152_cascade_medverse_baseline,"model=medverse (released architecture) — released Medverse.ckpt start (checkpoint=orig_weights), medverse_bounded_head=true (sigmoid-appended head -> real logit -> shared bce_dice-with-logits recipe, matching 150/151's adamw/1e-4/bce_dice exactly), eval_autocast=true, medverse.compile=true. Same data/augmentation/schedule as 150/151 except data.query_prior disabled (see runs.json description).",250,vertebrae_C2,False,s0346,s1017,False,0.3835,,0.3705,0.6306841373443604,35.9,237.0,0.000113,175.0,8.3e-05,4.24,,ct ct<-ct
9s7d69ca,152_cascade_medverse_baseline,"model=medverse (released architecture) — released Medverse.ckpt start (checkpoint=orig_weights), medverse_bounded_head=true (sigmoid-appended head -> real logit -> shared bce_dice-with-logits recipe, matching 150/151's adamw/1e-4/bce_dice exactly), eval_autocast=true, medverse.compile=true. Same data/augmentation/schedule as 150/151 except data.query_prior disabled (see runs.json description).",250,vertebrae_C2,False,s1161,s1059,False,0.2994,,0.2944,0.707172155380249,35.2,238.0,0.000113,253.0,0.000121,4.24,,ct ct<-ct
9s7d69ca,152_cascade_medverse_baseline,"model=medverse (released architecture) — released Medverse.ckpt start (checkpoint=orig_weights), medverse_bounded_head=true (sigmoid-appended head -> real logit -> shared bce_dice-with-logits recipe, matching 150/151's adamw/1e-4/bce_dice exactly), eval_autocast=true, medverse.compile=true. Same data/augmentation/schedule as 150/151 except data.query_prior disabled (see runs.json description).",250,vertebrae_C2,False,s0792,s0572,False,0.5,,0.0,0.9999793171882629,48.6,1.0,0.0,293.0,0.00014,4.24,,ct ct<-ct
9s7d69ca,152_cascade_medverse_baseline,"model=medverse (released architecture) — released Medverse.ckpt start (checkpoint=orig_weights), medverse_bounded_head=true (sigmoid-appended head -> real logit -> shared bce_dice-with-logits recipe, matching 150/151's adamw/1e-4/bce_dice exactly), eval_autocast=true, medverse.compile=true. Same data/augmentation/schedule as 150/151 except data.query_prior disabled (see runs.json description).",250,vertebrae_C2,False,s1059,s1161,False,0.1712,,0.1676,0.8345040082931519,34.9,253.0,0.000121,238.0,0.000113,4.24,,ct ct<-ct
9s7d69ca,152_cascade_medverse_baseline,"model=medverse (released architecture) — released Medverse.ckpt start (checkpoint=orig_weights), medverse_bounded_head=true (sigmoid-appended head -> real logit -> shared bce_dice-with-logits recipe, matching 150/151's adamw/1e-4/bce_dice exactly), eval_autocast=true, medverse.compile=true. Same data/augmentation/schedule as 150/151 except data.query_prior disabled (see runs.json description).",250,vertebrae_C3,True,s0572,s0346,False,0.2572,,0.2565,0.7455571293830872,36.6,197.0,9.4e-05,167.0,8e-05,4.24,,ct ct<-ct
9s7d69ca,152_cascade_medverse_baseline,"model=medverse (released architecture) — released Medverse.ckpt start (checkpoint=orig_weights), medverse_bounded_head=true (sigmoid-appended head -> real logit -> shared bce_dice-with-logits recipe, matching 150/151's adamw/1e-4/bce_dice exactly), eval_autocast=true, medverse.compile=true. Same data/augmentation/schedule as 150/151 except data.query_prior disabled (see runs.json description).",250,vertebrae_C3,True,s0874,s1161,False,0.183,,0.1813,0.8216983675956726,49.2,238.0,0.000113,153.0,7.3e-05,4.24,,ct ct<-ct
9s7d69ca,152_cascade_medverse_baseline,"model=medverse (released architecture) — released Medverse.ckpt start (checkpoint=orig_weights), medverse_bounded_head=true (sigmoid-appended head -> real logit -> shared bce_dice-with-logits recipe, matching 150/151's adamw/1e-4/bce_dice exactly), eval_autocast=true, medverse.compile=true. Same data/augmentation/schedule as 150/151 except data.query_prior disabled (see runs.json description).",250,vertebrae_C3,True,s0346,s0867,False,0.2318,,0.2266,0.7749625444412231,39.7,167.0,8e-05,136.0,6.5e-05,4.24,,ct ct<-ct
9s7d69ca,152_cascade_medverse_baseline,"model=medverse (released architecture) — released Medverse.ckpt start (checkpoint=orig_weights), medverse_bounded_head=true (sigmoid-appended head -> real logit -> shared bce_dice-with-logits recipe, matching 150/151's adamw/1e-4/bce_dice exactly), eval_autocast=true, medverse.compile=true. Same data/augmentation/schedule as 150/151 except data.query_prior disabled (see runs.json description).",250,vertebrae_C3,True,s0867,s0346,False,0.2442,,0.2391,0.7623136639595032,35.4,136.0,6.5e-05,167.0,8e-05,4.24,,ct ct<-ct
9s7d69ca,152_cascade_medverse_baseline,"model=medverse (released architecture) — released Medverse.ckpt start (checkpoint=orig_weights), medverse_bounded_head=true (sigmoid-appended head -> real logit -> shared bce_dice-with-logits recipe, matching 150/151's adamw/1e-4/bce_dice exactly), eval_autocast=true, medverse.compile=true. Same data/augmentation/schedule as 150/151 except data.query_prior disabled (see runs.json description).",250,vertebrae_C3,True,s0021,s0466,False,0.2744,,0.2673,0.7345406413078308,36.5,257.0,0.000123,102.0,4.9e-05,4.24,,ct ct<-ct
9s7d69ca,152_cascade_medverse_baseline,"model=medverse (released architecture) — released Medverse.ckpt start (checkpoint=orig_weights), medverse_bounded_head=true (sigmoid-appended head -> real logit -> shared bce_dice-with-logits recipe, matching 150/151's adamw/1e-4/bce_dice exactly), eval_autocast=true, medverse.compile=true. Same data/augmentation/schedule as 150/151 except data.query_prior disabled (see runs.json description).",250,vertebrae_C4,False,s0466,s1017,False,0.1833,,0.19,0.8105595111846924,48.2,108.0,5.1e-05,116.0,5.5e-05,4.24,,ct ct<-ct
9s7d69ca,152_cascade_medverse_baseline,"model=medverse (released architecture) — released Medverse.ckpt start (checkpoint=orig_weights), medverse_bounded_head=true (sigmoid-appended head -> real logit -> shared bce_dice-with-logits recipe, matching 150/151's adamw/1e-4/bce_dice exactly), eval_autocast=true, medverse.compile=true. Same data/augmentation/schedule as 150/151 except data.query_prior disabled (see runs.json description).",250,vertebrae_C4,False,s0466,s0572,False,0.3,,0.2963,0.7044993042945862,37.2,108.0,5.1e-05,200.0,9.5e-05,4.24,,ct ct<-ct
9s7d69ca,152_cascade_medverse_baseline,"model=medverse (released architecture) — released Medverse.ckpt start (checkpoint=orig_weights), medverse_bounded_head=true (sigmoid-appended head -> real logit -> shared bce_dice-with-logits recipe, matching 150/151's adamw/1e-4/bce_dice exactly), eval_autocast=true, medverse.compile=true. Same data/augmentation/schedule as 150/151 except data.query_prior disabled (see runs.json description).",250,vertebrae_C4,False,s0874,s0021,False,0.0025,,0.0021,0.998916745185852,44.5,222.0,0.000106,236.0,0.000113,4.24,,ct ct<-ct
9s7d69ca,152_cascade_medverse_baseline,"model=medverse (released architecture) — released Medverse.ckpt start (checkpoint=orig_weights), medverse_bounded_head=true (sigmoid-appended head -> real logit -> shared bce_dice-with-logits recipe, matching 150/151's adamw/1e-4/bce_dice exactly), eval_autocast=true, medverse.compile=true. Same data/augmentation/schedule as 150/151 except data.query_prior disabled (see runs.json description).",250,vertebrae_C4,False,s0572,s1161,False,0.1891,,0.187,0.8160200119018555,41.1,200.0,9.5e-05,144.0,6.9e-05,4.24,,ct ct<-ct
9s7d69ca,152_cascade_medverse_baseline,"model=medverse (released architecture) — released Medverse.ckpt start (checkpoint=orig_weights), medverse_bounded_head=true (sigmoid-appended head -> real logit -> shared bce_dice-with-logits recipe, matching 150/151's adamw/1e-4/bce_dice exactly), eval_autocast=true, medverse.compile=true. Same data/augmentation/schedule as 150/151 except data.query_prior disabled (see runs.json description).",250,vertebrae_C4,False,s1059,s0466,False,0.3183,,0.3124,0.6887879371643066,37.0,191.0,9.1e-05,108.0,5.1e-05,4.24,,ct ct<-ct
9s7d69ca,152_cascade_medverse_baseline,"model=medverse (released architecture) — released Medverse.ckpt start (checkpoint=orig_weights), medverse_bounded_head=true (sigmoid-appended head -> real logit -> shared bce_dice-with-logits recipe, matching 150/151's adamw/1e-4/bce_dice exactly), eval_autocast=true, medverse.compile=true. Same data/augmentation/schedule as 150/151 except data.query_prior disabled (see runs.json description).",250,vertebrae_C4,False,s0346,s0618,False,0.1467,,0.1401,0.8612051606178284,41.1,140.0,6.7e-05,6.0,3e-06,4.24,,ct ct<-ct
9s7d69ca,152_cascade_medverse_baseline,"model=medverse (released architecture) — released Medverse.ckpt start (checkpoint=orig_weights), medverse_bounded_head=true (sigmoid-appended head -> real logit -> shared bce_dice-with-logits recipe, matching 150/151's adamw/1e-4/bce_dice exactly), eval_autocast=true, medverse.compile=true. Same data/augmentation/schedule as 150/151 except data.query_prior disabled (see runs.json description).",250,vertebrae_C5,False,s1197,s0021,False,0.0455,,0.0,1.0000190734863281,35.3,1.0,0.0,310.0,0.000148,4.24,,ct ct<-ct
9s7d69ca,152_cascade_medverse_baseline,"model=medverse (released architecture) — released Medverse.ckpt start (checkpoint=orig_weights), medverse_bounded_head=true (sigmoid-appended head -> real logit -> shared bce_dice-with-logits recipe, matching 150/151's adamw/1e-4/bce_dice exactly), eval_autocast=true, medverse.compile=true. Same data/augmentation/schedule as 150/151 except data.query_prior disabled (see runs.json description).",250,vertebrae_C5,False,s0874,s0747,False,0.0006,,0.0002,1.0028835535049438,38.0,282.0,0.000134,6.0,3e-06,4.24,,ct ct<-ct
9s7d69ca,152_cascade_medverse_baseline,"model=medverse (released architecture) — released Medverse.ckpt start (checkpoint=orig_weights), medverse_bounded_head=true (sigmoid-appended head -> real logit -> shared bce_dice-with-logits recipe, matching 150/151's adamw/1e-4/bce_dice exactly), eval_autocast=true, medverse.compile=true. Same data/augmentation/schedule as 150/151 except data.query_prior disabled (see runs.json description).",250,vertebrae_C5,False,s0824,s1197,False,0.05,,0.0,1.000116229057312,40.7,19.0,9e-06,1.0,0.0,4.24,,ct ct<-ct
9s7d69ca,152_cascade_medverse_baseline,"model=medverse (released architecture) — released Medverse.ckpt start (checkpoint=orig_weights), medverse_bounded_head=true (sigmoid-appended head -> real logit -> shared bce_dice-with-logits recipe, matching 150/151's adamw/1e-4/bce_dice exactly), eval_autocast=true, medverse.compile=true. Same data/augmentation/schedule as 150/151 except data.query_prior disabled (see runs.json description).",250,vertebrae_C5,False,s0466,s0874,False,0.1214,,0.1133,0.8873732089996338,38.1,114.0,5.4e-05,282.0,0.000134,4.24,,ct ct<-ct
9s7d69ca,152_cascade_medverse_baseline,"model=medverse (released architecture) — released Medverse.ckpt start (checkpoint=orig_weights), medverse_bounded_head=true (sigmoid-appended head -> real logit -> shared bce_dice-with-logits recipe, matching 150/151's adamw/1e-4/bce_dice exactly), eval_autocast=true, medverse.compile=true. Same data/augmentation/schedule as 150/151 except data.query_prior disabled (see runs.json description).",250,vertebrae_C5,False,s1233,s1017,False,0.0005,,0.0004,1.004052758216858,38.8,28.0,1.3e-05,119.0,5.7e-05,4.24,,ct ct<-ct
9s7d69ca,152_cascade_medverse_baseline,"model=medverse (released architecture) — released Medverse.ckpt start (checkpoint=orig_weights), medverse_bounded_head=true (sigmoid-appended head -> real logit -> shared bce_dice-with-logits recipe, matching 150/151's adamw/1e-4/bce_dice exactly), eval_autocast=true, medverse.compile=true. Same data/augmentation/schedule as 150/151 except data.query_prior disabled (see runs.json description).",250,vertebrae_C5,False,s1017,s0867,False,0.2181,,0.2076,0.7926336526870728,40.4,119.0,5.7e-05,153.0,7.3e-05,4.24,,ct ct<-ct
9s7d69ca,152_cascade_medverse_baseline,"model=medverse (released architecture) — released Medverse.ckpt start (checkpoint=orig_weights), medverse_bounded_head=true (sigmoid-appended head -> real logit -> shared bce_dice-with-logits recipe, matching 150/151's adamw/1e-4/bce_dice exactly), eval_autocast=true, medverse.compile=true. Same data/augmentation/schedule as 150/151 except data.query_prior disabled (see runs.json description).",250,vertebrae_C5,False,s0747,s0021,False,0.0667,,0.0001,0.9999327659606934,43.8,6.0,3e-06,310.0,0.000148,4.24,,ct ct<-ct
9s7d69ca,152_cascade_medverse_baseline,"model=medverse (released architecture) — released Medverse.ckpt start (checkpoint=orig_weights), medverse_bounded_head=true (sigmoid-appended head -> real logit -> shared bce_dice-with-logits recipe, matching 150/151's adamw/1e-4/bce_dice exactly), eval_autocast=true, medverse.compile=true. Same data/augmentation/schedule as 150/151 except data.query_prior disabled (see runs.json description).",250,vertebrae_C5,False,s0021,s0032,False,0.1589,,0.1554,0.849245548248291,51.6,310.0,0.000148,57.0,2.7e-05,4.24,,ct ct<-ct
9s7d69ca,152_cascade_medverse_baseline,"model=medverse (released architecture) — released Medverse.ckpt start (checkpoint=orig_weights), medverse_bounded_head=true (sigmoid-appended head -> real logit -> shared bce_dice-with-logits recipe, matching 150/151's adamw/1e-4/bce_dice exactly), eval_autocast=true, medverse.compile=true. Same data/augmentation/schedule as 150/151 except data.query_prior disabled (see runs.json description).",250,vertebrae_C5,False,s1161,s0747,False,0.0007,,0.0001,1.002279281616211,40.1,139.0,6.6e-05,6.0,3e-06,4.24,,ct ct<-ct
9s7d69ca,152_cascade_medverse_baseline,"model=medverse (released architecture) — released Medverse.ckpt start (checkpoint=orig_weights), medverse_bounded_head=true (sigmoid-appended head -> real logit -> shared bce_dice-with-logits recipe, matching 150/151's adamw/1e-4/bce_dice exactly), eval_autocast=true, medverse.compile=true. Same data/augmentation/schedule as 150/151 except data.query_prior disabled (see runs.json description).",250,vertebrae_C5,False,s0572,s0466,False,0.2823,,0.2782,0.7236678600311279,35.2,216.0,0.000103,114.0,5.4e-05,4.24,,ct ct<-ct
9s7d69ca,152_cascade_medverse_baseline,"model=medverse (released architecture) — released Medverse.ckpt start (checkpoint=orig_weights), medverse_bounded_head=true (sigmoid-appended head -> real logit -> shared bce_dice-with-logits recipe, matching 150/151's adamw/1e-4/bce_dice exactly), eval_autocast=true, medverse.compile=true. Same data/augmentation/schedule as 150/151 except data.query_prior disabled (see runs.json description).",250,vertebrae_C5,False,s0824,s0747,False,0.1871,,0.1778,0.8225237131118774,35.2,19.0,9e-06,6.0,3e-06,4.24,,ct ct<-ct
9s7d69ca,152_cascade_medverse_baseline,"model=medverse (released architecture) — released Medverse.ckpt start (checkpoint=orig_weights), medverse_bounded_head=true (sigmoid-appended head -> real logit -> shared bce_dice-with-logits recipe, matching 150/151's adamw/1e-4/bce_dice exactly), eval_autocast=true, medverse.compile=true. Same data/augmentation/schedule as 150/151 except data.query_prior disabled (see runs.json description).",250,vertebrae_C5,False,s0618,s1197,False,0.0213,,0.0,1.0002634525299072,35.1,46.0,2.2e-05,1.0,0.0,4.24,,ct ct<-ct
9s7d69ca,152_cascade_medverse_baseline,"model=medverse (released architecture) — released Medverse.ckpt start (checkpoint=orig_weights), medverse_bounded_head=true (sigmoid-appended head -> real logit -> shared bce_dice-with-logits recipe, matching 150/151's adamw/1e-4/bce_dice exactly), eval_autocast=true, medverse.compile=true. Same data/augmentation/schedule as 150/151 except data.query_prior disabled (see runs.json description).",250,vertebrae_C6,False,s0546,s1059,False,0.0129,,0.0117,0.995466411113739,38.1,39.0,1.9e-05,223.0,0.000106,4.24,,ct ct<-ct
9s7d69ca,152_cascade_medverse_baseline,"model=medverse (released architecture) — released Medverse.ckpt start (checkpoint=orig_weights), medverse_bounded_head=true (sigmoid-appended head -> real logit -> shared bce_dice-with-logits recipe, matching 150/151's adamw/1e-4/bce_dice exactly), eval_autocast=true, medverse.compile=true. Same data/augmentation/schedule as 150/151 except data.query_prior disabled (see runs.json description).",250,vertebrae_C6,False,s1337,s1287,False,0.0108,,0.0068,0.993722140789032,35.6,1.0,0.0,64.0,3.1e-05,4.24,,ct ct<-ct
9s7d69ca,152_cascade_medverse_baseline,"model=medverse (released architecture) — released Medverse.ckpt start (checkpoint=orig_weights), medverse_bounded_head=true (sigmoid-appended head -> real logit -> shared bce_dice-with-logits recipe, matching 150/151's adamw/1e-4/bce_dice exactly), eval_autocast=true, medverse.compile=true. Same data/augmentation/schedule as 150/151 except data.query_prior disabled (see runs.json description).",250,vertebrae_C6,False,s0546,s0346,False,0.0006,,0.0005,1.0020380020141602,36.9,39.0,1.9e-05,205.0,9.8e-05,4.24,,ct ct<-ct
9s7d69ca,152_cascade_medverse_baseline,"model=medverse (released architecture) — released Medverse.ckpt start (checkpoint=orig_weights), medverse_bounded_head=true (sigmoid-appended head -> real logit -> shared bce_dice-with-logits recipe, matching 150/151's adamw/1e-4/bce_dice exactly), eval_autocast=true, medverse.compile=true. Same data/augmentation/schedule as 150/151 except data.query_prior disabled (see runs.json description).",250,vertebrae_C6,False,s0698,s0808,False,0.002,,0.0005,1.0006227493286133,39.1,12.0,6e-06,99.0,4.7e-05,4.24,,ct ct<-ct
9s7d69ca,152_cascade_medverse_baseline,"model=medverse (released architecture) — released Medverse.ckpt start (checkpoint=orig_weights), medverse_bounded_head=true (sigmoid-appended head -> real logit -> shared bce_dice-with-logits recipe, matching 150/151's adamw/1e-4/bce_dice exactly), eval_autocast=true, medverse.compile=true. Same data/augmentation/schedule as 150/151 except data.query_prior disabled (see runs.json description).",250,vertebrae_C6,False,s0466,s1223,False,0.1665,,0.1563,0.8453154563903809,35.4,124.0,5.9e-05,44.0,2.1e-05,4.24,,ct ct<-ct
9s7d69ca,152_cascade_medverse_baseline,"model=medverse (released architecture) — released Medverse.ckpt start (checkpoint=orig_weights), medverse_bounded_head=true (sigmoid-appended head -> real logit -> shared bce_dice-with-logits recipe, matching 150/151's adamw/1e-4/bce_dice exactly), eval_autocast=true, medverse.compile=true. Same data/augmentation/schedule as 150/151 except data.query_prior disabled (see runs.json description).",250,vertebrae_C6,False,s0747,s0867,False,0.0468,,0.0466,0.9578567147254944,35.4,109.0,5.2e-05,167.0,8e-05,4.24,,ct ct<-ct
9s7d69ca,152_cascade_medverse_baseline,"model=medverse (released architecture) — released Medverse.ckpt start (checkpoint=orig_weights), medverse_bounded_head=true (sigmoid-appended head -> real logit -> shared bce_dice-with-logits recipe, matching 150/151's adamw/1e-4/bce_dice exactly), eval_autocast=true, medverse.compile=true. Same data/augmentation/schedule as 150/151 except data.query_prior disabled (see runs.json description).",250,vertebrae_C6,False,s0021,s1278,False,0.0006,,0.0003,1.002837896347046,35.3,333.0,0.000159,46.0,2.2e-05,4.24,,ct ct<-ct
9s7d69ca,152_cascade_medverse_baseline,"model=medverse (released architecture) — released Medverse.ckpt start (checkpoint=orig_weights), medverse_bounded_head=true (sigmoid-appended head -> real logit -> shared bce_dice-with-logits recipe, matching 150/151's adamw/1e-4/bce_dice exactly), eval_autocast=true, medverse.compile=true. Same data/augmentation/schedule as 150/151 except data.query_prior disabled (see runs.json description).",250,vertebrae_C7,True,s0123,s0546,False,0.4743,,0.4668,0.5336862802505493,46.5,123.0,5.9e-05,233.0,0.000111,4.24,,ct ct<-ct
9s7d69ca,152_cascade_medverse_baseline,"model=medverse (released architecture) — released Medverse.ckpt start (checkpoint=orig_weights), medverse_bounded_head=true (sigmoid-appended head -> real logit -> shared bce_dice-with-logits recipe, matching 150/151's adamw/1e-4/bce_dice exactly), eval_autocast=true, medverse.compile=true. Same data/augmentation/schedule as 150/151 except data.query_prior disabled (see runs.json description).",250,vertebrae_C7,True,s0747,s1238,False,0.2227,,0.2237,0.77869713306427,49.2,274.0,0.000131,225.0,0.000107,4.24,,ct ct<-ct
9s7d69ca,152_cascade_medverse_baseline,"model=medverse (released architecture) — released Medverse.ckpt start (checkpoint=orig_weights), medverse_bounded_head=true (sigmoid-appended head -> real logit -> shared bce_dice-with-logits recipe, matching 150/151's adamw/1e-4/bce_dice exactly), eval_autocast=true, medverse.compile=true. Same data/augmentation/schedule as 150/151 except data.query_prior disabled (see runs.json description).",250,vertebrae_C7,True,s0466,s0747,False,0.1365,,0.1338,0.8686537742614746,35.6,171.0,8.2e-05,274.0,0.000131,4.24,,ct ct<-ct
9s7d69ca,152_cascade_medverse_baseline,"model=medverse (released architecture) — released Medverse.ckpt start (checkpoint=orig_weights), medverse_bounded_head=true (sigmoid-appended head -> real logit -> shared bce_dice-with-logits recipe, matching 150/151's adamw/1e-4/bce_dice exactly), eval_autocast=true, medverse.compile=true. Same data/augmentation/schedule as 150/151 except data.query_prior disabled (see runs.json description).",250,vertebrae_C7,True,s1199,s1223,False,0.4957,,0.4846,0.5155135989189148,39.7,59.0,2.8e-05,206.0,9.8e-05,4.24,,ct ct<-ct
9s7d69ca,152_cascade_medverse_baseline,"model=medverse (released architecture) — released Medverse.ckpt start (checkpoint=orig_weights), medverse_bounded_head=true (sigmoid-appended head -> real logit -> shared bce_dice-with-logits recipe, matching 150/151's adamw/1e-4/bce_dice exactly), eval_autocast=true, medverse.compile=true. Same data/augmentation/schedule as 150/151 except data.query_prior disabled (see runs.json description).",250,vertebrae_C7,True,s1161,s1059,False,0.2184,,0.2204,0.7812544703483582,45.5,229.0,0.000109,287.0,0.000137,4.24,,ct ct<-ct
9s7d69ca,152_cascade_medverse_baseline,"model=medverse (released architecture) — released Medverse.ckpt start (checkpoint=orig_weights), medverse_bounded_head=true (sigmoid-appended head -> real logit -> shared bce_dice-with-logits recipe, matching 150/151's adamw/1e-4/bce_dice exactly), eval_autocast=true, medverse.compile=true. Same data/augmentation/schedule as 150/151 except data.query_prior disabled (see runs.json description).",250,vertebrae_C7,True,s1305,s0918,False,0.3435,,0.3291,0.6717126965522766,34.9,169.0,8.1e-05,248.0,0.000118,4.24,,ct ct<-ct
9s7d69ca,152_cascade_medverse_baseline,"model=medverse (released architecture) — released Medverse.ckpt start (checkpoint=orig_weights), medverse_bounded_head=true (sigmoid-appended head -> real logit -> shared bce_dice-with-logits recipe, matching 150/151's adamw/1e-4/bce_dice exactly), eval_autocast=true, medverse.compile=true. Same data/augmentation/schedule as 150/151 except data.query_prior disabled (see runs.json description).",250,vertebrae_C7,True,s0698,s0794,False,0.2683,,0.2629,0.7381435036659241,35.1,95.0,4.5e-05,186.0,8.9e-05,4.24,,ct ct<-ct
9s7d69ca,152_cascade_medverse_baseline,"model=medverse (released architecture) — released Medverse.ckpt start (checkpoint=orig_weights), medverse_bounded_head=true (sigmoid-appended head -> real logit -> shared bce_dice-with-logits recipe, matching 150/151's adamw/1e-4/bce_dice exactly), eval_autocast=true, medverse.compile=true. Same data/augmentation/schedule as 150/151 except data.query_prior disabled (see runs.json description).",250,vertebrae_L1,True,s0123,s0625,False,0.6574,,0.6168,0.38390228152275085,35.8,531.0,0.000253,637.0,0.000304,4.24,,ct ct<-ct
9s7d69ca,152_cascade_medverse_baseline,"model=medverse (released architecture) — released Medverse.ckpt start (checkpoint=orig_weights), medverse_bounded_head=true (sigmoid-appended head -> real logit -> shared bce_dice-with-logits recipe, matching 150/151's adamw/1e-4/bce_dice exactly), eval_autocast=true, medverse.compile=true. Same data/augmentation/schedule as 150/151 except data.query_prior disabled (see runs.json description).",250,vertebrae_L1,True,s0794,s0544,False,0.1337,,0.1337,0.8824648261070251,35.1,791.0,0.000377,681.0,0.000325,4.24,,ct ct<-ct
9s7d69ca,152_cascade_medverse_baseline,"model=medverse (released architecture) — released Medverse.ckpt start (checkpoint=orig_weights), medverse_bounded_head=true (sigmoid-appended head -> real logit -> shared bce_dice-with-logits recipe, matching 150/151's adamw/1e-4/bce_dice exactly), eval_autocast=true, medverse.compile=true. Same data/augmentation/schedule as 150/151 except data.query_prior disabled (see runs.json description).",250,vertebrae_L1,True,s1305,s1199,False,0.2497,,0.2465,0.7589972019195557,56.3,580.0,0.000277,669.0,0.000319,4.24,,ct ct<-ct
9s7d69ca,152_cascade_medverse_baseline,"model=medverse (released architecture) — released Medverse.ckpt start (checkpoint=orig_weights), medverse_bounded_head=true (sigmoid-appended head -> real logit -> shared bce_dice-with-logits recipe, matching 150/151's adamw/1e-4/bce_dice exactly), eval_autocast=true, medverse.compile=true. Same data/augmentation/schedule as 150/151 except data.query_prior disabled (see runs.json description).",250,vertebrae_L1,True,s1199,s0032,False,0.4472,,0.4457,0.5566380023956299,38.4,669.0,0.000319,390.0,0.000186,4.24,,ct ct<-ct
9s7d69ca,152_cascade_medverse_baseline,"model=medverse (released architecture) — released Medverse.ckpt start (checkpoint=orig_weights), medverse_bounded_head=true (sigmoid-appended head -> real logit -> shared bce_dice-with-logits recipe, matching 150/151's adamw/1e-4/bce_dice exactly), eval_autocast=true, medverse.compile=true. Same data/augmentation/schedule as 150/151 except data.query_prior disabled (see runs.json description).",250,vertebrae_L1,True,s0045,s1337,False,0.0003,,0.0023,1.0051438808441162,38.6,679.0,0.000324,815.0,0.000389,4.24,,ct ct<-ct
9s7d69ca,152_cascade_medverse_baseline,"model=medverse (released architecture) — released Medverse.ckpt start (checkpoint=orig_weights), medverse_bounded_head=true (sigmoid-appended head -> real logit -> shared bce_dice-with-logits recipe, matching 150/151's adamw/1e-4/bce_dice exactly), eval_autocast=true, medverse.compile=true. Same data/augmentation/schedule as 150/151 except data.query_prior disabled (see runs.json description).",250,vertebrae_L1,True,s1024,s1161,False,0.1805,,0.1743,0.8330218195915222,41.1,585.0,0.000279,761.0,0.000363,4.24,,ct ct<-ct
9s7d69ca,152_cascade_medverse_baseline,"model=medverse (released architecture) — released Medverse.ckpt start (checkpoint=orig_weights), medverse_bounded_head=true (sigmoid-appended head -> real logit -> shared bce_dice-with-logits recipe, matching 150/151's adamw/1e-4/bce_dice exactly), eval_autocast=true, medverse.compile=true. Same data/augmentation/schedule as 150/151 except data.query_prior disabled (see runs.json description).",250,vertebrae_L1,True,s0458,s0747,False,0.1769,,0.1741,0.833996057510376,35.1,690.0,0.000329,860.0,0.00041,4.24,,ct ct<-ct
9s7d69ca,152_cascade_medverse_baseline,"model=medverse (released architecture) — released Medverse.ckpt start (checkpoint=orig_weights), medverse_bounded_head=true (sigmoid-appended head -> real logit -> shared bce_dice-with-logits recipe, matching 150/151's adamw/1e-4/bce_dice exactly), eval_autocast=true, medverse.compile=true. Same data/augmentation/schedule as 150/151 except data.query_prior disabled (see runs.json description).",250,vertebrae_L2,False,s1238,s1223,False,0.2746,,0.2717,0.7346923351287842,35.3,798.0,0.000381,720.0,0.000343,4.24,,ct ct<-ct
9s7d69ca,152_cascade_medverse_baseline,"model=medverse (released architecture) — released Medverse.ckpt start (checkpoint=orig_weights), medverse_bounded_head=true (sigmoid-appended head -> real logit -> shared bce_dice-with-logits recipe, matching 150/151's adamw/1e-4/bce_dice exactly), eval_autocast=true, medverse.compile=true. Same data/augmentation/schedule as 150/151 except data.query_prior disabled (see runs.json description).",250,vertebrae_L2,False,s0760,s0918,False,0.0792,,0.0793,0.9284586906433105,35.5,747.0,0.000356,893.0,0.000426,4.24,,ct ct<-ct
9s7d69ca,152_cascade_medverse_baseline,"model=medverse (released architecture) — released Medverse.ckpt start (checkpoint=orig_weights), medverse_bounded_head=true (sigmoid-appended head -> real logit -> shared bce_dice-with-logits recipe, matching 150/151's adamw/1e-4/bce_dice exactly), eval_autocast=true, medverse.compile=true. Same data/augmentation/schedule as 150/151 except data.query_prior disabled (see runs.json description).",250,vertebrae_L2,False,s0420,s1305,False,0.0008,,0.0,1.002942681312561,41.7,2.0,1e-06,636.0,0.000303,4.24,,ct ct<-ct
9s7d69ca,152_cascade_medverse_baseline,"model=medverse (released architecture) — released Medverse.ckpt start (checkpoint=orig_weights), medverse_bounded_head=true (sigmoid-appended head -> real logit -> shared bce_dice-with-logits recipe, matching 150/151's adamw/1e-4/bce_dice exactly), eval_autocast=true, medverse.compile=true. Same data/augmentation/schedule as 150/151 except data.query_prior disabled (see runs.json description).",250,vertebrae_L2,False,s0918,s0625,False,0.405,,0.4031,0.6012454628944397,43.6,893.0,0.000426,688.0,0.000328,4.24,,ct ct<-ct
9s7d69ca,152_cascade_medverse_baseline,"model=medverse (released architecture) — released Medverse.ckpt start (checkpoint=orig_weights), medverse_bounded_head=true (sigmoid-appended head -> real logit -> shared bce_dice-with-logits recipe, matching 150/151's adamw/1e-4/bce_dice exactly), eval_autocast=true, medverse.compile=true. Same data/augmentation/schedule as 150/151 except data.query_prior disabled (see runs.json description).",250,vertebrae_L2,False,s0991,s0918,False,0.4046,,0.401,0.6031903028488159,35.2,733.0,0.00035,893.0,0.000426,4.24,,ct ct<-ct
9s7d69ca,152_cascade_medverse_baseline,"model=medverse (released architecture) — released Medverse.ckpt start (checkpoint=orig_weights), medverse_bounded_head=true (sigmoid-appended head -> real logit -> shared bce_dice-with-logits recipe, matching 150/151's adamw/1e-4/bce_dice exactly), eval_autocast=true, medverse.compile=true. Same data/augmentation/schedule as 150/151 except data.query_prior disabled (see runs.json description).",250,vertebrae_L2,False,s0747,s0324,False,0.2623,,0.2624,0.739569365978241,40.1,502.0,0.000239,498.0,0.000237,4.24,,ct ct<-ct
9s7d69ca,152_cascade_medverse_baseline,"model=medverse (released architecture) — released Medverse.ckpt start (checkpoint=orig_weights), medverse_bounded_head=true (sigmoid-appended head -> real logit -> shared bce_dice-with-logits recipe, matching 150/151's adamw/1e-4/bce_dice exactly), eval_autocast=true, medverse.compile=true. Same data/augmentation/schedule as 150/151 except data.query_prior disabled (see runs.json description).",250,vertebrae_L3,True,s0095,s0324,False,0.1376,,0.1329,0.8740203380584717,40.6,751.0,0.000358,529.0,0.000252,4.24,,ct ct<-ct
9s7d69ca,152_cascade_medverse_baseline,"model=medverse (released architecture) — released Medverse.ckpt start (checkpoint=orig_weights), medverse_bounded_head=true (sigmoid-appended head -> real logit -> shared bce_dice-with-logits recipe, matching 150/151's adamw/1e-4/bce_dice exactly), eval_autocast=true, medverse.compile=true. Same data/augmentation/schedule as 150/151 except data.query_prior disabled (see runs.json description).",250,vertebrae_L3,True,s1046,s0458,False,0.3807,,0.3759,0.6283407807350159,40.0,1039.0,0.000495,857.0,0.000409,4.24,,ct ct<-ct
9s7d69ca,152_cascade_medverse_baseline,"model=medverse (released architecture) — released Medverse.ckpt start (checkpoint=orig_weights), medverse_bounded_head=true (sigmoid-appended head -> real logit -> shared bce_dice-with-logits recipe, matching 150/151's adamw/1e-4/bce_dice exactly), eval_autocast=true, medverse.compile=true. Same data/augmentation/schedule as 150/151 except data.query_prior disabled (see runs.json description).",250,vertebrae_L3,True,s0324,s1046,False,0.2155,,0.2155,0.7912386059761047,40.7,529.0,0.000252,1039.0,0.000495,4.24,,ct ct<-ct
9s7d69ca,152_cascade_medverse_baseline,"model=medverse (released architecture) — released Medverse.ckpt start (checkpoint=orig_weights), medverse_bounded_head=true (sigmoid-appended head -> real logit -> shared bce_dice-with-logits recipe, matching 150/151's adamw/1e-4/bce_dice exactly), eval_autocast=true, medverse.compile=true. Same data/augmentation/schedule as 150/151 except data.query_prior disabled (see runs.json description).",250,vertebrae_L3,True,s0625,s0458,False,0.1003,,0.097,0.9090070724487305,35.6,751.0,0.000358,857.0,0.000409,4.24,,ct ct<-ct
9s7d69ca,152_cascade_medverse_baseline,"model=medverse (released architecture) — released Medverse.ckpt start (checkpoint=orig_weights), medverse_bounded_head=true (sigmoid-appended head -> real logit -> shared bce_dice-with-logits recipe, matching 150/151's adamw/1e-4/bce_dice exactly), eval_autocast=true, medverse.compile=true. Same data/augmentation/schedule as 150/151 except data.query_prior disabled (see runs.json description).",250,vertebrae_L3,True,s1238,s1233,False,0.5168,,0.5107,0.49238139390945435,45.5,882.0,0.000421,676.0,0.000322,4.24,,ct ct<-ct
9s7d69ca,152_cascade_medverse_baseline,"model=medverse (released architecture) — released Medverse.ckpt start (checkpoint=orig_weights), medverse_bounded_head=true (sigmoid-appended head -> real logit -> shared bce_dice-with-logits recipe, matching 150/151's adamw/1e-4/bce_dice exactly), eval_autocast=true, medverse.compile=true. Same data/augmentation/schedule as 150/151 except data.query_prior disabled (see runs.json description).",250,vertebrae_L3,True,s0095,s1233,False,0.2566,,0.2535,0.7519171237945557,43.6,751.0,0.000358,676.0,0.000322,4.24,,ct ct<-ct
9s7d69ca,152_cascade_medverse_baseline,"model=medverse (released architecture) — released Medverse.ckpt start (checkpoint=orig_weights), medverse_bounded_head=true (sigmoid-appended head -> real logit -> shared bce_dice-with-logits recipe, matching 150/151's adamw/1e-4/bce_dice exactly), eval_autocast=true, medverse.compile=true. Same data/augmentation/schedule as 150/151 except data.query_prior disabled (see runs.json description).",250,vertebrae_L3,True,s1024,s1287,False,0.0676,,0.0673,0.9377268552780151,35.5,127.0,6.1e-05,880.0,0.00042,4.24,,ct ct<-ct
9s7d69ca,152_cascade_medverse_baseline,"model=medverse (released architecture) — released Medverse.ckpt start (checkpoint=orig_weights), medverse_bounded_head=true (sigmoid-appended head -> real logit -> shared bce_dice-with-logits recipe, matching 150/151's adamw/1e-4/bce_dice exactly), eval_autocast=true, medverse.compile=true. Same data/augmentation/schedule as 150/151 except data.query_prior disabled (see runs.json description).",250,vertebrae_L4,False,s0095,s1024,False,0.2162,,0.2175,0.7896710634231567,35.5,996.0,0.000475,622.0,0.000297,4.24,,ct ct<-ct
9s7d69ca,152_cascade_medverse_baseline,"model=medverse (released architecture) — released Medverse.ckpt start (checkpoint=orig_weights), medverse_bounded_head=true (sigmoid-appended head -> real logit -> shared bce_dice-with-logits recipe, matching 150/151's adamw/1e-4/bce_dice exactly), eval_autocast=true, medverse.compile=true. Same data/augmentation/schedule as 150/151 except data.query_prior disabled (see runs.json description).",250,vertebrae_L4,False,s0918,s0794,False,0.4441,,0.4433,0.5606200098991394,39.7,1017.0,0.000485,965.0,0.00046,4.24,,ct ct<-ct
9s7d69ca,152_cascade_medverse_baseline,"model=medverse (released architecture) — released Medverse.ckpt start (checkpoint=orig_weights), medverse_bounded_head=true (sigmoid-appended head -> real logit -> shared bce_dice-with-logits recipe, matching 150/151's adamw/1e-4/bce_dice exactly), eval_autocast=true, medverse.compile=true. Same data/augmentation/schedule as 150/151 except data.query_prior disabled (see runs.json description).",250,vertebrae_L4,False,s0506,s1161,False,0.0008,,0.0008,1.0021072626113892,35.5,418.0,0.000199,859.0,0.00041,4.24,,ct ct<-ct
9s7d69ca,152_cascade_medverse_baseline,"model=medverse (released architecture) — released Medverse.ckpt start (checkpoint=orig_weights), medverse_bounded_head=true (sigmoid-appended head -> real logit -> shared bce_dice-with-logits recipe, matching 150/151's adamw/1e-4/bce_dice exactly), eval_autocast=true, medverse.compile=true. Same data/augmentation/schedule as 150/151 except data.query_prior disabled (see runs.json description).",250,vertebrae_L4,False,s0625,s1161,False,0.0431,,0.0471,0.9578009843826294,42.0,755.0,0.00036,859.0,0.00041,4.24,,ct ct<-ct
9s7d69ca,152_cascade_medverse_baseline,"model=medverse (released architecture) — released Medverse.ckpt start (checkpoint=orig_weights), medverse_bounded_head=true (sigmoid-appended head -> real logit -> shared bce_dice-with-logits recipe, matching 150/151's adamw/1e-4/bce_dice exactly), eval_autocast=true, medverse.compile=true. Same data/augmentation/schedule as 150/151 except data.query_prior disabled (see runs.json description).",250,vertebrae_L5,True,s0506,s0625,False,0.0007,,0.0023,1.0014762878417969,35.3,872.0,0.000416,717.0,0.000342,4.24,,ct ct<-ct
9s7d69ca,152_cascade_medverse_baseline,"model=medverse (released architecture) — released Medverse.ckpt start (checkpoint=orig_weights), medverse_bounded_head=true (sigmoid-appended head -> real logit -> shared bce_dice-with-logits recipe, matching 150/151's adamw/1e-4/bce_dice exactly), eval_autocast=true, medverse.compile=true. Same data/augmentation/schedule as 150/151 except data.query_prior disabled (see runs.json description).",250,vertebrae_L5,True,s1161,s0324,False,0.169,,0.1746,0.8293072581291199,40.7,851.0,0.000406,579.0,0.000276,4.24,,ct ct<-ct
9s7d69ca,152_cascade_medverse_baseline,"model=medverse (released architecture) — released Medverse.ckpt start (checkpoint=orig_weights), medverse_bounded_head=true (sigmoid-appended head -> real logit -> shared bce_dice-with-logits recipe, matching 150/151's adamw/1e-4/bce_dice exactly), eval_autocast=true, medverse.compile=true. Same data/augmentation/schedule as 150/151 except data.query_prior disabled (see runs.json description).",250,vertebrae_L5,True,s1286,s0045,False,0.0006,,0.0,1.0041248798370361,44.8,1.0,0.0,762.0,0.000363,4.24,,ct ct<-ct
9s7d69ca,152_cascade_medverse_baseline,"model=medverse (released architecture) — released Medverse.ckpt start (checkpoint=orig_weights), medverse_bounded_head=true (sigmoid-appended head -> real logit -> shared bce_dice-with-logits recipe, matching 150/151's adamw/1e-4/bce_dice exactly), eval_autocast=true, medverse.compile=true. Same data/augmentation/schedule as 150/151 except data.query_prior disabled (see runs.json description).",250,vertebrae_L5,True,s1287,s1305,False,0.3812,,0.3692,0.6329495906829834,35.5,811.0,0.000387,12.0,6e-06,4.24,,ct ct<-ct
9s7d69ca,152_cascade_medverse_baseline,"model=medverse (released architecture) — released Medverse.ckpt start (checkpoint=orig_weights), medverse_bounded_head=true (sigmoid-appended head -> real logit -> shared bce_dice-with-logits recipe, matching 150/151's adamw/1e-4/bce_dice exactly), eval_autocast=true, medverse.compile=true. Same data/augmentation/schedule as 150/151 except data.query_prior disabled (see runs.json description).",250,vertebrae_L5,True,s0625,s0546,False,0.3377,,0.3375,0.667689859867096,41.0,717.0,0.000342,1100.0,0.000525,4.24,,ct ct<-ct
9s7d69ca,152_cascade_medverse_baseline,"model=medverse (released architecture) — released Medverse.ckpt start (checkpoint=orig_weights), medverse_bounded_head=true (sigmoid-appended head -> real logit -> shared bce_dice-with-logits recipe, matching 150/151's adamw/1e-4/bce_dice exactly), eval_autocast=true, medverse.compile=true. Same data/augmentation/schedule as 150/151 except data.query_prior disabled (see runs.json description).",250,vertebrae_L5,True,s0650,s0506,False,0.1742,,0.174,0.837388277053833,36.5,1018.0,0.000485,872.0,0.000416,4.24,,ct ct<-ct
9s7d69ca,152_cascade_medverse_baseline,"model=medverse (released architecture) — released Medverse.ckpt start (checkpoint=orig_weights), medverse_bounded_head=true (sigmoid-appended head -> real logit -> shared bce_dice-with-logits recipe, matching 150/151's adamw/1e-4/bce_dice exactly), eval_autocast=true, medverse.compile=true. Same data/augmentation/schedule as 150/151 except data.query_prior disabled (see runs.json description).",250,vertebrae_L5,True,s0045,s0625,False,0.4549,,0.4493,0.5535328984260559,42.0,762.0,0.000363,717.0,0.000342,4.24,,ct ct<-ct
9s7d69ca,152_cascade_medverse_baseline,"model=medverse (released architecture) — released Medverse.ckpt start (checkpoint=orig_weights), medverse_bounded_head=true (sigmoid-appended head -> real logit -> shared bce_dice-with-logits recipe, matching 150/151's adamw/1e-4/bce_dice exactly), eval_autocast=true, medverse.compile=true. Same data/augmentation/schedule as 150/151 except data.query_prior disabled (see runs.json description).",250,vertebrae_L5,True,s0625,s0324,False,0.2674,,0.2652,0.7400635480880737,35.3,717.0,0.000342,579.0,0.000276,4.24,,ct ct<-ct
9s7d69ca,152_cascade_medverse_baseline,"model=medverse (released architecture) — released Medverse.ckpt start (checkpoint=orig_weights), medverse_bounded_head=true (sigmoid-appended head -> real logit -> shared bce_dice-with-logits recipe, matching 150/151's adamw/1e-4/bce_dice exactly), eval_autocast=true, medverse.compile=true. Same data/augmentation/schedule as 150/151 except data.query_prior disabled (see runs.json description).",250,vertebrae_L5,True,s0324,s0095,False,0.2127,,0.2141,0.7921416759490967,34.9,579.0,0.000276,1075.0,0.000513,4.24,,ct ct<-ct
9s7d69ca,152_cascade_medverse_baseline,"model=medverse (released architecture) — released Medverse.ckpt start (checkpoint=orig_weights), medverse_bounded_head=true (sigmoid-appended head -> real logit -> shared bce_dice-with-logits recipe, matching 150/151's adamw/1e-4/bce_dice exactly), eval_autocast=true, medverse.compile=true. Same data/augmentation/schedule as 150/151 except data.query_prior disabled (see runs.json description).",250,vertebrae_L5,True,s1233,s0095,False,0.3877,,0.3856,0.6178792715072632,35.1,721.0,0.000344,1075.0,0.000513,4.24,,ct ct<-ct
9s7d69ca,152_cascade_medverse_baseline,"model=medverse (released architecture) — released Medverse.ckpt start (checkpoint=orig_weights), medverse_bounded_head=true (sigmoid-appended head -> real logit -> shared bce_dice-with-logits recipe, matching 150/151's adamw/1e-4/bce_dice exactly), eval_autocast=true, medverse.compile=true. Same data/augmentation/schedule as 150/151 except data.query_prior disabled (see runs.json description).",250,vertebrae_L5,True,s1233,s0045,False,0.191,,0.1838,0.8211902379989624,35.3,721.0,0.000344,762.0,0.000363,4.24,,ct ct<-ct
9s7d69ca,152_cascade_medverse_baseline,"model=medverse (released architecture) — released Medverse.ckpt start (checkpoint=orig_weights), medverse_bounded_head=true (sigmoid-appended head -> real logit -> shared bce_dice-with-logits recipe, matching 150/151's adamw/1e-4/bce_dice exactly), eval_autocast=true, medverse.compile=true. Same data/augmentation/schedule as 150/151 except data.query_prior disabled (see runs.json description).",250,vertebrae_S1,True,s0614,s1223,False,0.3269,,0.3259,0.6774387955665588,38.4,452.0,0.000216,605.0,0.000288,4.24,,ct ct<-ct
9s7d69ca,152_cascade_medverse_baseline,"model=medverse (released architecture) — released Medverse.ckpt start (checkpoint=orig_weights), medverse_bounded_head=true (sigmoid-appended head -> real logit -> shared bce_dice-with-logits recipe, matching 150/151's adamw/1e-4/bce_dice exactly), eval_autocast=true, medverse.compile=true. Same data/augmentation/schedule as 150/151 except data.query_prior disabled (see runs.json description).",250,vertebrae_S1,True,s1238,s0991,False,0.446,,0.4381,0.5639570355415344,36.4,583.0,0.000278,664.0,0.000317,4.24,,ct ct<-ct
9s7d69ca,152_cascade_medverse_baseline,"model=medverse (released architecture) — released Medverse.ckpt start (checkpoint=orig_weights), medverse_bounded_head=true (sigmoid-appended head -> real logit -> shared bce_dice-with-logits recipe, matching 150/151's adamw/1e-4/bce_dice exactly), eval_autocast=true, medverse.compile=true. Same data/augmentation/schedule as 150/151 except data.query_prior disabled (see runs.json description).",250,vertebrae_S1,True,s1238,s0625,False,0.5634,,0.5646,0.4366605579853058,40.7,583.0,0.000278,579.0,0.000276,4.24,,ct ct<-ct
9s7d69ca,152_cascade_medverse_baseline,"model=medverse (released architecture) — released Medverse.ckpt start (checkpoint=orig_weights), medverse_bounded_head=true (sigmoid-appended head -> real logit -> shared bce_dice-with-logits recipe, matching 150/151's adamw/1e-4/bce_dice exactly), eval_autocast=true, medverse.compile=true. Same data/augmentation/schedule as 150/151 except data.query_prior disabled (see runs.json description).",250,vertebrae_S1,True,s1305,s0625,False,0.0028,,0.0,1.0004314184188843,41.1,1.0,0.0,579.0,0.000276,4.24,,ct ct<-ct
9s7d69ca,152_cascade_medverse_baseline,"model=medverse (released architecture) — released Medverse.ckpt start (checkpoint=orig_weights), medverse_bounded_head=true (sigmoid-appended head -> real logit -> shared bce_dice-with-logits recipe, matching 150/151's adamw/1e-4/bce_dice exactly), eval_autocast=true, medverse.compile=true. Same data/augmentation/schedule as 150/151 except data.query_prior disabled (see runs.json description).",250,vertebrae_S1,True,s0506,s0991,False,0.4632,,0.4617,0.5403614640235901,35.2,659.0,0.000314,664.0,0.000317,4.24,,ct ct<-ct
9s7d69ca,152_cascade_medverse_baseline,"model=medverse (released architecture) — released Medverse.ckpt start (checkpoint=orig_weights), medverse_bounded_head=true (sigmoid-appended head -> real logit -> shared bce_dice-with-logits recipe, matching 150/151's adamw/1e-4/bce_dice exactly), eval_autocast=true, medverse.compile=true. Same data/augmentation/schedule as 150/151 except data.query_prior disabled (see runs.json description).",250,vertebrae_S1,True,s0794,s1223,False,0.74,,0.7356,0.2652949094772339,37.0,700.0,0.000334,605.0,0.000288,4.24,,ct ct<-ct
9s7d69ca,152_cascade_medverse_baseline,"model=medverse (released architecture) — released Medverse.ckpt start (checkpoint=orig_weights), medverse_bounded_head=true (sigmoid-appended head -> real logit -> shared bce_dice-with-logits recipe, matching 150/151's adamw/1e-4/bce_dice exactly), eval_autocast=true, medverse.compile=true. Same data/augmentation/schedule as 150/151 except data.query_prior disabled (see runs.json description).",250,vertebrae_S1,True,s1024,s0991,False,0.438,,0.4306,0.5709761381149292,35.4,625.0,0.000298,664.0,0.000317,4.24,,ct ct<-ct
9s7d69ca,152_cascade_medverse_baseline,"model=medverse (released architecture) — released Medverse.ckpt start (checkpoint=orig_weights), medverse_bounded_head=true (sigmoid-appended head -> real logit -> shared bce_dice-with-logits recipe, matching 150/151's adamw/1e-4/bce_dice exactly), eval_autocast=true, medverse.compile=true. Same data/augmentation/schedule as 150/151 except data.query_prior disabled (see runs.json description).",250,vertebrae_S1,True,s1233,s1223,False,0.4792,,0.4732,0.5286411643028259,43.2,572.0,0.000273,605.0,0.000288,4.24,,ct ct<-ct
9s7d69ca,152_cascade_medverse_baseline,"model=medverse (released architecture) — released Medverse.ckpt start (checkpoint=orig_weights), medverse_bounded_head=true (sigmoid-appended head -> real logit -> shared bce_dice-with-logits recipe, matching 150/151's adamw/1e-4/bce_dice exactly), eval_autocast=true, medverse.compile=true. Same data/augmentation/schedule as 150/151 except data.query_prior disabled (see runs.json description).",250,vertebrae_T1,False,s0021,s0698,False,0.1346,,0.1331,0.872538685798645,38.0,432.0,0.000206,247.0,0.000118,4.24,,ct ct<-ct
9s7d69ca,152_cascade_medverse_baseline,"model=medverse (released architecture) — released Medverse.ckpt start (checkpoint=orig_weights), medverse_bounded_head=true (sigmoid-appended head -> real logit -> shared bce_dice-with-logits recipe, matching 150/151's adamw/1e-4/bce_dice exactly), eval_autocast=true, medverse.compile=true. Same data/augmentation/schedule as 150/151 except data.query_prior disabled (see runs.json description).",250,vertebrae_T1,False,s0794,s1337,False,0.269,,0.2662,0.7358487844467163,36.7,287.0,0.000137,325.0,0.000155,4.24,,ct ct<-ct
9s7d69ca,152_cascade_medverse_baseline,"model=medverse (released architecture) — released Medverse.ckpt start (checkpoint=orig_weights), medverse_bounded_head=true (sigmoid-appended head -> real logit -> shared bce_dice-with-logits recipe, matching 150/151's adamw/1e-4/bce_dice exactly), eval_autocast=true, medverse.compile=true. Same data/augmentation/schedule as 150/151 except data.query_prior disabled (see runs.json description).",250,vertebrae_T1,False,s0650,s0546,False,0.3843,,0.3691,0.6318079829216003,38.8,348.0,0.000166,396.0,0.000189,4.24,,ct ct<-ct
9s7d69ca,152_cascade_medverse_baseline,"model=medverse (released architecture) — released Medverse.ckpt start (checkpoint=orig_weights), medverse_bounded_head=true (sigmoid-appended head -> real logit -> shared bce_dice-with-logits recipe, matching 150/151's adamw/1e-4/bce_dice exactly), eval_autocast=true, medverse.compile=true. Same data/augmentation/schedule as 150/151 except data.query_prior disabled (see runs.json description).",250,vertebrae_T1,False,s0918,s0991,False,0.3504,,0.3496,0.6520001888275146,49.2,355.0,0.000169,161.0,7.7e-05,4.24,,ct ct<-ct
9s7d69ca,152_cascade_medverse_baseline,"model=medverse (released architecture) — released Medverse.ckpt start (checkpoint=orig_weights), medverse_bounded_head=true (sigmoid-appended head -> real logit -> shared bce_dice-with-logits recipe, matching 150/151's adamw/1e-4/bce_dice exactly), eval_autocast=true, medverse.compile=true. Same data/augmentation/schedule as 150/151 except data.query_prior disabled (see runs.json description).",250,vertebrae_T1,False,s0618,s0867,False,0.0835,,0.083,0.924552321434021,35.5,270.0,0.000129,290.0,0.000138,4.24,,ct ct<-ct
9s7d69ca,152_cascade_medverse_baseline,"model=medverse (released architecture) — released Medverse.ckpt start (checkpoint=orig_weights), medverse_bounded_head=true (sigmoid-appended head -> real logit -> shared bce_dice-with-logits recipe, matching 150/151's adamw/1e-4/bce_dice exactly), eval_autocast=true, medverse.compile=true. Same data/augmentation/schedule as 150/151 except data.query_prior disabled (see runs.json description).",250,vertebrae_T1,False,s0021,s0032,False,0.1368,,0.135,0.8709926009178162,35.5,432.0,0.000206,215.0,0.000103,4.24,,ct ct<-ct
9s7d69ca,152_cascade_medverse_baseline,"model=medverse (released architecture) — released Medverse.ckpt start (checkpoint=orig_weights), medverse_bounded_head=true (sigmoid-appended head -> real logit -> shared bce_dice-with-logits recipe, matching 150/151's adamw/1e-4/bce_dice exactly), eval_autocast=true, medverse.compile=true. Same data/augmentation/schedule as 150/151 except data.query_prior disabled (see runs.json description).",250,vertebrae_T1,False,s0698,s0618,False,0.3459,,0.3388,0.6627634167671204,35.9,247.0,0.000118,270.0,0.000129,4.24,,ct ct<-ct
9s7d69ca,152_cascade_medverse_baseline,"model=medverse (released architecture) — released Medverse.ckpt start (checkpoint=orig_weights), medverse_bounded_head=true (sigmoid-appended head -> real logit -> shared bce_dice-with-logits recipe, matching 150/151's adamw/1e-4/bce_dice exactly), eval_autocast=true, medverse.compile=true. Same data/augmentation/schedule as 150/151 except data.query_prior disabled (see runs.json description).",250,vertebrae_T1,False,s0874,s0991,False,0.001,,0.0,1.00282883644104,36.5,394.0,0.000188,161.0,7.7e-05,4.24,,ct ct<-ct
9s7d69ca,152_cascade_medverse_baseline,"model=medverse (released architecture) — released Medverse.ckpt start (checkpoint=orig_weights), medverse_bounded_head=true (sigmoid-appended head -> real logit -> shared bce_dice-with-logits recipe, matching 150/151's adamw/1e-4/bce_dice exactly), eval_autocast=true, medverse.compile=true. Same data/augmentation/schedule as 150/151 except data.query_prior disabled (see runs.json description).",250,vertebrae_T1,False,s0618,s0572,False,0.1433,,0.1392,0.8652232885360718,35.2,270.0,0.000129,237.0,0.000113,4.24,,ct ct<-ct
9s7d69ca,152_cascade_medverse_baseline,"model=medverse (released architecture) — released Medverse.ckpt start (checkpoint=orig_weights), medverse_bounded_head=true (sigmoid-appended head -> real logit -> shared bce_dice-with-logits recipe, matching 150/151's adamw/1e-4/bce_dice exactly), eval_autocast=true, medverse.compile=true. Same data/augmentation/schedule as 150/151 except data.query_prior disabled (see runs.json description).",250,vertebrae_T1,False,s0546,s0650,False,0.3411,,0.338,0.6637665033340454,35.2,396.0,0.000189,348.0,0.000166,4.24,,ct ct<-ct
9s7d69ca,152_cascade_medverse_baseline,"model=medverse (released architecture) — released Medverse.ckpt start (checkpoint=orig_weights), medverse_bounded_head=true (sigmoid-appended head -> real logit -> shared bce_dice-with-logits recipe, matching 150/151's adamw/1e-4/bce_dice exactly), eval_autocast=true, medverse.compile=true. Same data/augmentation/schedule as 150/151 except data.query_prior disabled (see runs.json description).",250,vertebrae_T10,False,s0095,s0918,False,0.3223,,0.321,0.6826058030128479,37.2,769.0,0.000367,603.0,0.000288,4.24,,ct ct<-ct
9s7d69ca,152_cascade_medverse_baseline,"model=medverse (released architecture) — released Medverse.ckpt start (checkpoint=orig_weights), medverse_bounded_head=true (sigmoid-appended head -> real logit -> shared bce_dice-with-logits recipe, matching 150/151's adamw/1e-4/bce_dice exactly), eval_autocast=true, medverse.compile=true. Same data/augmentation/schedule as 150/151 except data.query_prior disabled (see runs.json description).",250,vertebrae_T10,False,s0839,s1046,False,0.1588,,0.1568,0.8467183113098145,41.0,151.0,7.2e-05,592.0,0.000282,4.24,,ct ct<-ct
9s7d69ca,152_cascade_medverse_baseline,"model=medverse (released architecture) — released Medverse.ckpt start (checkpoint=orig_weights), medverse_bounded_head=true (sigmoid-appended head -> real logit -> shared bce_dice-with-logits recipe, matching 150/151's adamw/1e-4/bce_dice exactly), eval_autocast=true, medverse.compile=true. Same data/augmentation/schedule as 150/151 except data.query_prior disabled (see runs.json description).",250,vertebrae_T10,False,s1278,s0824,False,0.3088,,0.3063,0.6978630423545837,39.1,692.0,0.00033,505.0,0.000241,4.24,,ct ct<-ct
9s7d69ca,152_cascade_medverse_baseline,"model=medverse (released architecture) — released Medverse.ckpt start (checkpoint=orig_weights), medverse_bounded_head=true (sigmoid-appended head -> real logit -> shared bce_dice-with-logits recipe, matching 150/151's adamw/1e-4/bce_dice exactly), eval_autocast=true, medverse.compile=true. Same data/augmentation/schedule as 150/151 except data.query_prior disabled (see runs.json description).",250,vertebrae_T10,False,s1305,s1278,False,0.1631,,0.1587,0.8460653424263,35.1,404.0,0.000193,692.0,0.00033,4.24,,ct ct<-ct
9s7d69ca,152_cascade_medverse_baseline,"model=medverse (released architecture) — released Medverse.ckpt start (checkpoint=orig_weights), medverse_bounded_head=true (sigmoid-appended head -> real logit -> shared bce_dice-with-logits recipe, matching 150/151's adamw/1e-4/bce_dice exactly), eval_autocast=true, medverse.compile=true. Same data/augmentation/schedule as 150/151 except data.query_prior disabled (see runs.json description).",250,vertebrae_T11,False,s0249,s0747,False,0.3357,,0.3321,0.672609806060791,46.5,779.0,0.000371,786.0,0.000375,4.24,,ct ct<-ct
9s7d69ca,152_cascade_medverse_baseline,"model=medverse (released architecture) — released Medverse.ckpt start (checkpoint=orig_weights), medverse_bounded_head=true (sigmoid-appended head -> real logit -> shared bce_dice-with-logits recipe, matching 150/151's adamw/1e-4/bce_dice exactly), eval_autocast=true, medverse.compile=true. Same data/augmentation/schedule as 150/151 except data.query_prior disabled (see runs.json description).",250,vertebrae_T11,False,s0095,s1233,False,0.4003,,0.3897,0.6121311783790588,35.1,615.0,0.000293,465.0,0.000222,4.24,,ct ct<-ct
9s7d69ca,152_cascade_medverse_baseline,"model=medverse (released architecture) — released Medverse.ckpt start (checkpoint=orig_weights), medverse_bounded_head=true (sigmoid-appended head -> real logit -> shared bce_dice-with-logits recipe, matching 150/151's adamw/1e-4/bce_dice exactly), eval_autocast=true, medverse.compile=true. Same data/augmentation/schedule as 150/151 except data.query_prior disabled (see runs.json description).",250,vertebrae_T11,False,s1278,s0420,False,0.3499,,0.3464,0.6575087904930115,38.4,698.0,0.000333,567.0,0.00027,4.24,,ct ct<-ct
9s7d69ca,152_cascade_medverse_baseline,"model=medverse (released architecture) — released Medverse.ckpt start (checkpoint=orig_weights), medverse_bounded_head=true (sigmoid-appended head -> real logit -> shared bce_dice-with-logits recipe, matching 150/151's adamw/1e-4/bce_dice exactly), eval_autocast=true, medverse.compile=true. Same data/augmentation/schedule as 150/151 except data.query_prior disabled (see runs.json description).",250,vertebrae_T11,False,s0655,s1238,False,0.0012,,0.0067,0.9946747422218323,41.5,137.0,6.5e-05,562.0,0.000268,4.24,,ct ct<-ct
9s7d69ca,152_cascade_medverse_baseline,"model=medverse (released architecture) — released Medverse.ckpt start (checkpoint=orig_weights), medverse_bounded_head=true (sigmoid-appended head -> real logit -> shared bce_dice-with-logits recipe, matching 150/151's adamw/1e-4/bce_dice exactly), eval_autocast=true, medverse.compile=true. Same data/augmentation/schedule as 150/151 except data.query_prior disabled (see runs.json description).",250,vertebrae_T11,False,s0698,s0420,False,0.3732,,0.3707,0.63251793384552,51.6,588.0,0.00028,567.0,0.00027,4.24,,ct ct<-ct
9s7d69ca,152_cascade_medverse_baseline,"model=medverse (released architecture) — released Medverse.ckpt start (checkpoint=orig_weights), medverse_bounded_head=true (sigmoid-appended head -> real logit -> shared bce_dice-with-logits recipe, matching 150/151's adamw/1e-4/bce_dice exactly), eval_autocast=true, medverse.compile=true. Same data/augmentation/schedule as 150/151 except data.query_prior disabled (see runs.json description).",250,vertebrae_T11,False,s0839,s1002,False,0.2093,,0.2078,0.7950395345687866,35.4,196.0,9.3e-05,249.0,0.000119,4.24,,ct ct<-ct
9s7d69ca,152_cascade_medverse_baseline,"model=medverse (released architecture) — released Medverse.ckpt start (checkpoint=orig_weights), medverse_bounded_head=true (sigmoid-appended head -> real logit -> shared bce_dice-with-logits recipe, matching 150/151's adamw/1e-4/bce_dice exactly), eval_autocast=true, medverse.compile=true. Same data/augmentation/schedule as 150/151 except data.query_prior disabled (see runs.json description).",250,vertebrae_T12,True,s0618,s0650,False,0.0829,,0.0913,0.9114328622817993,40.7,530.0,0.000253,765.0,0.000365,4.24,,ct ct<-ct
9s7d69ca,152_cascade_medverse_baseline,"model=medverse (released architecture) — released Medverse.ckpt start (checkpoint=orig_weights), medverse_bounded_head=true (sigmoid-appended head -> real logit -> shared bce_dice-with-logits recipe, matching 150/151's adamw/1e-4/bce_dice exactly), eval_autocast=true, medverse.compile=true. Same data/augmentation/schedule as 150/151 except data.query_prior disabled (see runs.json description).",250,vertebrae_T12,True,s0544,s0650,False,0.273,,0.2685,0.736352801322937,35.8,630.0,0.0003,765.0,0.000365,4.24,,ct ct<-ct
9s7d69ca,152_cascade_medverse_baseline,"model=medverse (released architecture) — released Medverse.ckpt start (checkpoint=orig_weights), medverse_bounded_head=true (sigmoid-appended head -> real logit -> shared bce_dice-with-logits recipe, matching 150/151's adamw/1e-4/bce_dice exactly), eval_autocast=true, medverse.compile=true. Same data/augmentation/schedule as 150/151 except data.query_prior disabled (see runs.json description).",250,vertebrae_T12,True,s1197,s0698,False,0.0868,,0.0814,0.9202660918235779,40.4,50.0,2.4e-05,637.0,0.000304,4.24,,ct ct<-ct
9s7d69ca,152_cascade_medverse_baseline,"model=medverse (released architecture) — released Medverse.ckpt start (checkpoint=orig_weights), medverse_bounded_head=true (sigmoid-appended head -> real logit -> shared bce_dice-with-logits recipe, matching 150/151's adamw/1e-4/bce_dice exactly), eval_autocast=true, medverse.compile=true. Same data/augmentation/schedule as 150/151 except data.query_prior disabled (see runs.json description).",250,vertebrae_T12,True,s1046,s0458,False,0.2744,,0.2572,0.7463619709014893,40.6,750.0,0.000358,610.0,0.000291,4.24,,ct ct<-ct
9s7d69ca,152_cascade_medverse_baseline,"model=medverse (released architecture) — released Medverse.ckpt start (checkpoint=orig_weights), medverse_bounded_head=true (sigmoid-appended head -> real logit -> shared bce_dice-with-logits recipe, matching 150/151's adamw/1e-4/bce_dice exactly), eval_autocast=true, medverse.compile=true. Same data/augmentation/schedule as 150/151 except data.query_prior disabled (see runs.json description).",250,vertebrae_T12,True,s1305,s0324,False,0.469,,0.4162,0.5846132636070251,40.0,484.0,0.000231,409.0,0.000195,4.24,,ct ct<-ct
9s7d69ca,152_cascade_medverse_baseline,"model=medverse (released architecture) — released Medverse.ckpt start (checkpoint=orig_weights), medverse_bounded_head=true (sigmoid-appended head -> real logit -> shared bce_dice-with-logits recipe, matching 150/151's adamw/1e-4/bce_dice exactly), eval_autocast=true, medverse.compile=true. Same data/augmentation/schedule as 150/151 except data.query_prior disabled (see runs.json description).",250,vertebrae_T12,True,s0991,s1337,False,0.0774,,0.0759,0.9321404695510864,35.1,608.0,0.00029,650.0,0.00031,4.24,,ct ct<-ct
9s7d69ca,152_cascade_medverse_baseline,"model=medverse (released architecture) — released Medverse.ckpt start (checkpoint=orig_weights), medverse_bounded_head=true (sigmoid-appended head -> real logit -> shared bce_dice-with-logits recipe, matching 150/151's adamw/1e-4/bce_dice exactly), eval_autocast=true, medverse.compile=true. Same data/augmentation/schedule as 150/151 except data.query_prior disabled (see runs.json description).",250,vertebrae_T12,True,s0650,s0655,False,0.0964,,0.0974,0.9202848076820374,35.1,765.0,0.000365,78.0,3.7e-05,4.24,,ct ct<-ct
9s7d69ca,152_cascade_medverse_baseline,"model=medverse (released architecture) — released Medverse.ckpt start (checkpoint=orig_weights), medverse_bounded_head=true (sigmoid-appended head -> real logit -> shared bce_dice-with-logits recipe, matching 150/151's adamw/1e-4/bce_dice exactly), eval_autocast=true, medverse.compile=true. Same data/augmentation/schedule as 150/151 except data.query_prior disabled (see runs.json description).",250,vertebrae_T2,False,s1287,s1223,False,0.2693,,0.2656,0.7366769909858704,56.3,306.0,0.000146,158.0,7.5e-05,4.24,,ct ct<-ct
9s7d69ca,152_cascade_medverse_baseline,"model=medverse (released architecture) — released Medverse.ckpt start (checkpoint=orig_weights), medverse_bounded_head=true (sigmoid-appended head -> real logit -> shared bce_dice-with-logits recipe, matching 150/151's adamw/1e-4/bce_dice exactly), eval_autocast=true, medverse.compile=true. Same data/augmentation/schedule as 150/151 except data.query_prior disabled (see runs.json description).",250,vertebrae_T2,False,s0625,s0824,False,0.0005,,0.0001,1.0041624307632446,38.4,285.0,0.000136,311.0,0.000148,4.24,,ct ct<-ct
9s7d69ca,152_cascade_medverse_baseline,"model=medverse (released architecture) — released Medverse.ckpt start (checkpoint=orig_weights), medverse_bounded_head=true (sigmoid-appended head -> real logit -> shared bce_dice-with-logits recipe, matching 150/151's adamw/1e-4/bce_dice exactly), eval_autocast=true, medverse.compile=true. Same data/augmentation/schedule as 150/151 except data.query_prior disabled (see runs.json description).",250,vertebrae_T2,False,s0466,s0698,False,0.2082,,0.2049,0.796635627746582,45.5,229.0,0.000109,301.0,0.000144,4.24,,ct ct<-ct
9s7d69ca,152_cascade_medverse_baseline,"model=medverse (released architecture) — released Medverse.ckpt start (checkpoint=orig_weights), medverse_bounded_head=true (sigmoid-appended head -> real logit -> shared bce_dice-with-logits recipe, matching 150/151's adamw/1e-4/bce_dice exactly), eval_autocast=true, medverse.compile=true. Same data/augmentation/schedule as 150/151 except data.query_prior disabled (see runs.json description).",250,vertebrae_T2,False,s1046,s0021,False,0.0503,,0.0483,0.9603726863861084,35.3,380.0,0.000181,469.0,0.000224,4.24,,ct ct<-ct
9s7d69ca,152_cascade_medverse_baseline,"model=medverse (released architecture) — released Medverse.ckpt start (checkpoint=orig_weights), medverse_bounded_head=true (sigmoid-appended head -> real logit -> shared bce_dice-with-logits recipe, matching 150/151's adamw/1e-4/bce_dice exactly), eval_autocast=true, medverse.compile=true. Same data/augmentation/schedule as 150/151 except data.query_prior disabled (see runs.json description).",250,vertebrae_T2,False,s0918,s1133,False,0.133,,0.1312,0.87189120054245,35.1,329.0,0.000157,297.0,0.000142,4.24,,ct ct<-ct
9s7d69ca,152_cascade_medverse_baseline,"model=medverse (released architecture) — released Medverse.ckpt start (checkpoint=orig_weights), medverse_bounded_head=true (sigmoid-appended head -> real logit -> shared bce_dice-with-logits recipe, matching 150/151's adamw/1e-4/bce_dice exactly), eval_autocast=true, medverse.compile=true. Same data/augmentation/schedule as 150/151 except data.query_prior disabled (see runs.json description).",250,vertebrae_T2,False,s0794,s0918,False,0.3659,,0.3651,0.6370388865470886,35.1,292.0,0.000139,329.0,0.000157,4.24,,ct ct<-ct
9s7d69ca,152_cascade_medverse_baseline,"model=medverse (released architecture) — released Medverse.ckpt start (checkpoint=orig_weights), medverse_bounded_head=true (sigmoid-appended head -> real logit -> shared bce_dice-with-logits recipe, matching 150/151's adamw/1e-4/bce_dice exactly), eval_autocast=true, medverse.compile=true. Same data/augmentation/schedule as 150/151 except data.query_prior disabled (see runs.json description).",250,vertebrae_T3,True,s1024,s0346,False,0.0008,,0.0003,1.0021284818649292,35.5,221.0,0.000105,304.0,0.000145,4.24,,ct ct<-ct
9s7d69ca,152_cascade_medverse_baseline,"model=medverse (released architecture) — released Medverse.ckpt start (checkpoint=orig_weights), medverse_bounded_head=true (sigmoid-appended head -> real logit -> shared bce_dice-with-logits recipe, matching 150/151's adamw/1e-4/bce_dice exactly), eval_autocast=true, medverse.compile=true. Same data/augmentation/schedule as 150/151 except data.query_prior disabled (see runs.json description).",250,vertebrae_T3,True,s0346,s1287,False,0.0023,,0.0003,1.0011024475097656,40.6,304.0,0.000145,301.0,0.000144,4.24,,ct ct<-ct
9s7d69ca,152_cascade_medverse_baseline,"model=medverse (released architecture) — released Medverse.ckpt start (checkpoint=orig_weights), medverse_bounded_head=true (sigmoid-appended head -> real logit -> shared bce_dice-with-logits recipe, matching 150/151's adamw/1e-4/bce_dice exactly), eval_autocast=true, medverse.compile=true. Same data/augmentation/schedule as 150/151 except data.query_prior disabled (see runs.json description).",250,vertebrae_T3,True,s1046,s0874,False,0.0003,,0.0002,1.0053447484970093,49.2,371.0,0.000177,362.0,0.000173,4.24,,ct ct<-ct
9s7d69ca,152_cascade_medverse_baseline,"model=medverse (released architecture) — released Medverse.ckpt start (checkpoint=orig_weights), medverse_bounded_head=true (sigmoid-appended head -> real logit -> shared bce_dice-with-logits recipe, matching 150/151's adamw/1e-4/bce_dice exactly), eval_autocast=true, medverse.compile=true. Same data/augmentation/schedule as 150/151 except data.query_prior disabled (see runs.json description).",250,vertebrae_T3,True,s0808,s0675,False,0.2659,,0.2587,0.7429149150848389,35.5,202.0,9.6e-05,236.0,0.000113,4.24,,ct ct<-ct
9s7d69ca,152_cascade_medverse_baseline,"model=medverse (released architecture) — released Medverse.ckpt start (checkpoint=orig_weights), medverse_bounded_head=true (sigmoid-appended head -> real logit -> shared bce_dice-with-logits recipe, matching 150/151's adamw/1e-4/bce_dice exactly), eval_autocast=true, medverse.compile=true. Same data/augmentation/schedule as 150/151 except data.query_prior disabled (see runs.json description).",250,vertebrae_T3,True,s1337,s0466,False,0.0003,,0.0033,1.0041559934616089,41.7,301.0,0.000144,218.0,0.000104,4.24,,ct ct<-ct
9s7d69ca,152_cascade_medverse_baseline,"model=medverse (released architecture) — released Medverse.ckpt start (checkpoint=orig_weights), medverse_bounded_head=true (sigmoid-appended head -> real logit -> shared bce_dice-with-logits recipe, matching 150/151's adamw/1e-4/bce_dice exactly), eval_autocast=true, medverse.compile=true. Same data/augmentation/schedule as 150/151 except data.query_prior disabled (see runs.json description).",250,vertebrae_T3,True,s1305,s0867,False,0.016,,0.0166,0.9942981600761414,45.5,212.0,0.000101,131.0,6.2e-05,4.24,,ct ct<-ct
9s7d69ca,152_cascade_medverse_baseline,"model=medverse (released architecture) — released Medverse.ckpt start (checkpoint=orig_weights), medverse_bounded_head=true (sigmoid-appended head -> real logit -> shared bce_dice-with-logits recipe, matching 150/151's adamw/1e-4/bce_dice exactly), eval_autocast=true, medverse.compile=true. Same data/augmentation/schedule as 150/151 except data.query_prior disabled (see runs.json description).",250,vertebrae_T3,True,s1017,s0698,False,0.0346,,0.0325,0.96933513879776,41.5,86.0,4.1e-05,313.0,0.000149,4.24,,ct ct<-ct
9s7d69ca,152_cascade_medverse_baseline,"model=medverse (released architecture) — released Medverse.ckpt start (checkpoint=orig_weights), medverse_bounded_head=true (sigmoid-appended head -> real logit -> shared bce_dice-with-logits recipe, matching 150/151's adamw/1e-4/bce_dice exactly), eval_autocast=true, medverse.compile=true. Same data/augmentation/schedule as 150/151 except data.query_prior disabled (see runs.json description).",250,vertebrae_T3,True,s1223,s0675,False,0.0325,,0.0333,0.9691946506500244,35.9,108.0,5.1e-05,236.0,0.000113,4.24,,ct ct<-ct
9s7d69ca,152_cascade_medverse_baseline,"model=medverse (released architecture) — released Medverse.ckpt start (checkpoint=orig_weights), medverse_bounded_head=true (sigmoid-appended head -> real logit -> shared bce_dice-with-logits recipe, matching 150/151's adamw/1e-4/bce_dice exactly), eval_autocast=true, medverse.compile=true. Same data/augmentation/schedule as 150/151 except data.query_prior disabled (see runs.json description).",250,vertebrae_T3,True,s1161,s0625,False,0.1903,,0.1901,0.8112417459487915,43.6,289.0,0.000138,257.0,0.000123,4.24,,ct ct<-ct
9s7d69ca,152_cascade_medverse_baseline,"model=medverse (released architecture) — released Medverse.ckpt start (checkpoint=orig_weights), medverse_bounded_head=true (sigmoid-appended head -> real logit -> shared bce_dice-with-logits recipe, matching 150/151's adamw/1e-4/bce_dice exactly), eval_autocast=true, medverse.compile=true. Same data/augmentation/schedule as 150/151 except data.query_prior disabled (see runs.json description).",250,vertebrae_T3,True,s1197,s0546,False,0.0034,,0.0018,0.9991046190261841,35.2,251.0,0.00012,394.0,0.000188,4.24,,ct ct<-ct
9s7d69ca,152_cascade_medverse_baseline,"model=medverse (released architecture) — released Medverse.ckpt start (checkpoint=orig_weights), medverse_bounded_head=true (sigmoid-appended head -> real logit -> shared bce_dice-with-logits recipe, matching 150/151's adamw/1e-4/bce_dice exactly), eval_autocast=true, medverse.compile=true. Same data/augmentation/schedule as 150/151 except data.query_prior disabled (see runs.json description).",250,vertebrae_T4,False,s0625,s1305,False,0.2055,,0.2011,0.8014266490936279,35.6,299.0,0.000143,223.0,0.000106,4.24,,ct ct<-ct
9s7d69ca,152_cascade_medverse_baseline,"model=medverse (released architecture) — released Medverse.ckpt start (checkpoint=orig_weights), medverse_bounded_head=true (sigmoid-appended head -> real logit -> shared bce_dice-with-logits recipe, matching 150/151's adamw/1e-4/bce_dice exactly), eval_autocast=true, medverse.compile=true. Same data/augmentation/schedule as 150/151 except data.query_prior disabled (see runs.json description).",250,vertebrae_T4,False,s1337,s1002,False,0.1869,,0.1813,0.821927011013031,46.5,332.0,0.000158,93.0,4.4e-05,4.24,,ct ct<-ct
9s7d69ca,152_cascade_medverse_baseline,"model=medverse (released architecture) — released Medverse.ckpt start (checkpoint=orig_weights), medverse_bounded_head=true (sigmoid-appended head -> real logit -> shared bce_dice-with-logits recipe, matching 150/151's adamw/1e-4/bce_dice exactly), eval_autocast=true, medverse.compile=true. Same data/augmentation/schedule as 150/151 except data.query_prior disabled (see runs.json description).",250,vertebrae_T4,False,s0867,s0095,False,0.0106,,0.01,0.993527352809906,40.1,10.0,5e-06,452.0,0.000216,4.24,,ct ct<-ct
9s7d69ca,152_cascade_medverse_baseline,"model=medverse (released architecture) — released Medverse.ckpt start (checkpoint=orig_weights), medverse_bounded_head=true (sigmoid-appended head -> real logit -> shared bce_dice-with-logits recipe, matching 150/151's adamw/1e-4/bce_dice exactly), eval_autocast=true, medverse.compile=true. Same data/augmentation/schedule as 150/151 except data.query_prior disabled (see runs.json description).",250,vertebrae_T4,False,s0918,s0867,False,0.0005,,0.0015,1.0017982721328735,40.5,356.0,0.00017,10.0,5e-06,4.24,,ct ct<-ct
9s7d69ca,152_cascade_medverse_baseline,"model=medverse (released architecture) — released Medverse.ckpt start (checkpoint=orig_weights), medverse_bounded_head=true (sigmoid-appended head -> real logit -> shared bce_dice-with-logits recipe, matching 150/151's adamw/1e-4/bce_dice exactly), eval_autocast=true, medverse.compile=true. Same data/augmentation/schedule as 150/151 except data.query_prior disabled (see runs.json description).",250,vertebrae_T4,False,s0808,s0874,False,0.0778,,0.0673,0.9356520771980286,36.6,219.0,0.000104,335.0,0.00016,4.24,,ct ct<-ct
9s7d69ca,152_cascade_medverse_baseline,"model=medverse (released architecture) — released Medverse.ckpt start (checkpoint=orig_weights), medverse_bounded_head=true (sigmoid-appended head -> real logit -> shared bce_dice-with-logits recipe, matching 150/151's adamw/1e-4/bce_dice exactly), eval_autocast=true, medverse.compile=true. Same data/augmentation/schedule as 150/151 except data.query_prior disabled (see runs.json description).",250,vertebrae_T4,False,s1233,s0698,False,0.0531,,0.0517,0.9567676186561584,39.4,243.0,0.000116,337.0,0.000161,4.24,,ct ct<-ct
9s7d69ca,152_cascade_medverse_baseline,"model=medverse (released architecture) — released Medverse.ckpt start (checkpoint=orig_weights), medverse_bounded_head=true (sigmoid-appended head -> real logit -> shared bce_dice-with-logits recipe, matching 150/151's adamw/1e-4/bce_dice exactly), eval_autocast=true, medverse.compile=true. Same data/augmentation/schedule as 150/151 except data.query_prior disabled (see runs.json description).",250,vertebrae_T4,False,s1046,s0123,False,0.1328,,0.1307,0.8760780096054077,35.5,382.0,0.000182,299.0,0.000143,4.24,,ct ct<-ct
9s7d69ca,152_cascade_medverse_baseline,"model=medverse (released architecture) — released Medverse.ckpt start (checkpoint=orig_weights), medverse_bounded_head=true (sigmoid-appended head -> real logit -> shared bce_dice-with-logits recipe, matching 150/151's adamw/1e-4/bce_dice exactly), eval_autocast=true, medverse.compile=true. Same data/augmentation/schedule as 150/151 except data.query_prior disabled (see runs.json description).",250,vertebrae_T4,False,s0794,s1059,False,0.0001,,0.0001,1.0152983665466309,42.0,309.0,0.000147,135.0,6.4e-05,4.24,,ct ct<-ct
9s7d69ca,152_cascade_medverse_baseline,"model=medverse (released architecture) — released Medverse.ckpt start (checkpoint=orig_weights), medverse_bounded_head=true (sigmoid-appended head -> real logit -> shared bce_dice-with-logits recipe, matching 150/151's adamw/1e-4/bce_dice exactly), eval_autocast=true, medverse.compile=true. Same data/augmentation/schedule as 150/151 except data.query_prior disabled (see runs.json description).",250,vertebrae_T5,False,s0021,s0095,False,0.0005,,0.0023,1.0012062788009644,35.8,469.0,0.000224,451.0,0.000215,4.24,,ct ct<-ct
9s7d69ca,152_cascade_medverse_baseline,"model=medverse (released architecture) — released Medverse.ckpt start (checkpoint=orig_weights), medverse_bounded_head=true (sigmoid-appended head -> real logit -> shared bce_dice-with-logits recipe, matching 150/151's adamw/1e-4/bce_dice exactly), eval_autocast=true, medverse.compile=true. Same data/augmentation/schedule as 150/151 except data.query_prior disabled (see runs.json description).",250,vertebrae_T5,False,s0618,s0698,False,0.3333,,0.3359,0.6655986905097961,40.1,226.0,0.000108,368.0,0.000175,4.24,,ct ct<-ct
9s7d69ca,152_cascade_medverse_baseline,"model=medverse (released architecture) — released Medverse.ckpt start (checkpoint=orig_weights), medverse_bounded_head=true (sigmoid-appended head -> real logit -> shared bce_dice-with-logits recipe, matching 150/151's adamw/1e-4/bce_dice exactly), eval_autocast=true, medverse.compile=true. Same data/augmentation/schedule as 150/151 except data.query_prior disabled (see runs.json description).",250,vertebrae_T5,False,s1161,s1133,False,0.0208,,0.0182,0.9851909875869751,40.1,354.0,0.000169,332.0,0.000158,4.24,,ct ct<-ct
9s7d69ca,152_cascade_medverse_baseline,"model=medverse (released architecture) — released Medverse.ckpt start (checkpoint=orig_weights), medverse_bounded_head=true (sigmoid-appended head -> real logit -> shared bce_dice-with-logits recipe, matching 150/151's adamw/1e-4/bce_dice exactly), eval_autocast=true, medverse.compile=true. Same data/augmentation/schedule as 150/151 except data.query_prior disabled (see runs.json description).",250,vertebrae_T5,False,s1278,s0675,False,0.3685,,0.3645,0.6375299692153931,36.4,396.0,0.000189,277.0,0.000132,4.24,,ct ct<-ct
9s7d69ca,152_cascade_medverse_baseline,"model=medverse (released architecture) — released Medverse.ckpt start (checkpoint=orig_weights), medverse_bounded_head=true (sigmoid-appended head -> real logit -> shared bce_dice-with-logits recipe, matching 150/151's adamw/1e-4/bce_dice exactly), eval_autocast=true, medverse.compile=true. Same data/augmentation/schedule as 150/151 except data.query_prior disabled (see runs.json description).",250,vertebrae_T5,False,s0123,s1133,False,0.3066,,0.3071,0.6948882937431335,40.9,323.0,0.000154,332.0,0.000158,4.24,,ct ct<-ct
9s7d69ca,152_cascade_medverse_baseline,"model=medverse (released architecture) — released Medverse.ckpt start (checkpoint=orig_weights), medverse_bounded_head=true (sigmoid-appended head -> real logit -> shared bce_dice-with-logits recipe, matching 150/151's adamw/1e-4/bce_dice exactly), eval_autocast=true, medverse.compile=true. Same data/augmentation/schedule as 150/151 except data.query_prior disabled (see runs.json description).",250,vertebrae_T5,False,s0618,s1287,False,0.114,,0.1118,0.8923242092132568,40.8,226.0,0.000108,375.0,0.000179,4.24,,ct ct<-ct
9s7d69ca,152_cascade_medverse_baseline,"model=medverse (released architecture) — released Medverse.ckpt start (checkpoint=orig_weights), medverse_bounded_head=true (sigmoid-appended head -> real logit -> shared bce_dice-with-logits recipe, matching 150/151's adamw/1e-4/bce_dice exactly), eval_autocast=true, medverse.compile=true. Same data/augmentation/schedule as 150/151 except data.query_prior disabled (see runs.json description).",250,vertebrae_T5,False,s1233,s0618,False,0.0649,,0.0635,0.9459553956985474,52.7,266.0,0.000127,226.0,0.000108,4.24,,ct ct<-ct
9s7d69ca,152_cascade_medverse_baseline,"model=medverse (released architecture) — released Medverse.ckpt start (checkpoint=orig_weights), medverse_bounded_head=true (sigmoid-appended head -> real logit -> shared bce_dice-with-logits recipe, matching 150/151's adamw/1e-4/bce_dice exactly), eval_autocast=true, medverse.compile=true. Same data/augmentation/schedule as 150/151 except data.query_prior disabled (see runs.json description).",250,vertebrae_T5,False,s0123,s0346,False,0.0902,,0.089,0.920808732509613,42.6,323.0,0.000154,304.0,0.000145,4.24,,ct ct<-ct
9s7d69ca,152_cascade_medverse_baseline,"model=medverse (released architecture) — released Medverse.ckpt start (checkpoint=orig_weights), medverse_bounded_head=true (sigmoid-appended head -> real logit -> shared bce_dice-with-logits recipe, matching 150/151's adamw/1e-4/bce_dice exactly), eval_autocast=true, medverse.compile=true. Same data/augmentation/schedule as 150/151 except data.query_prior disabled (see runs.json description).",250,vertebrae_T5,False,s1002,s0346,False,0.0007,,0.0001,1.0018808841705322,35.3,58.0,2.8e-05,304.0,0.000145,4.24,,ct ct<-ct
9s7d69ca,152_cascade_medverse_baseline,"model=medverse (released architecture) — released Medverse.ckpt start (checkpoint=orig_weights), medverse_bounded_head=true (sigmoid-appended head -> real logit -> shared bce_dice-with-logits recipe, matching 150/151's adamw/1e-4/bce_dice exactly), eval_autocast=true, medverse.compile=true. Same data/augmentation/schedule as 150/151 except data.query_prior disabled (see runs.json description).",250,vertebrae_T5,False,s0698,s1197,False,0.3123,,0.3076,0.6947278380393982,35.3,368.0,0.000175,274.0,0.000131,4.24,,ct ct<-ct
9s7d69ca,152_cascade_medverse_baseline,"model=medverse (released architecture) — released Medverse.ckpt start (checkpoint=orig_weights), medverse_bounded_head=true (sigmoid-appended head -> real logit -> shared bce_dice-with-logits recipe, matching 150/151's adamw/1e-4/bce_dice exactly), eval_autocast=true, medverse.compile=true. Same data/augmentation/schedule as 150/151 except data.query_prior disabled (see runs.json description).",250,vertebrae_T6,True,s0832,s1337,False,0.1799,,0.177,0.8249773383140564,36.2,156.0,7.4e-05,386.0,0.000184,4.24,,ct ct<-ct
9s7d69ca,152_cascade_medverse_baseline,"model=medverse (released architecture) — released Medverse.ckpt start (checkpoint=orig_weights), medverse_bounded_head=true (sigmoid-appended head -> real logit -> shared bce_dice-with-logits recipe, matching 150/151's adamw/1e-4/bce_dice exactly), eval_autocast=true, medverse.compile=true. Same data/augmentation/schedule as 150/151 except data.query_prior disabled (see runs.json description).",250,vertebrae_T6,True,s1199,s0698,False,0.4484,,0.4448,0.5566692352294922,40.6,375.0,0.000179,375.0,0.000179,4.24,,ct ct<-ct
9s7d69ca,152_cascade_medverse_baseline,"model=medverse (released architecture) — released Medverse.ckpt start (checkpoint=orig_weights), medverse_bounded_head=true (sigmoid-appended head -> real logit -> shared bce_dice-with-logits recipe, matching 150/151's adamw/1e-4/bce_dice exactly), eval_autocast=true, medverse.compile=true. Same data/augmentation/schedule as 150/151 except data.query_prior disabled (see runs.json description).",250,vertebrae_T6,True,s0650,s1024,False,0.0213,,0.027,0.9754083156585693,41.0,408.0,0.000195,262.0,0.000125,4.24,,ct ct<-ct
9s7d69ca,152_cascade_medverse_baseline,"model=medverse (released architecture) — released Medverse.ckpt start (checkpoint=orig_weights), medverse_bounded_head=true (sigmoid-appended head -> real logit -> shared bce_dice-with-logits recipe, matching 150/151's adamw/1e-4/bce_dice exactly), eval_autocast=true, medverse.compile=true. Same data/augmentation/schedule as 150/151 except data.query_prior disabled (see runs.json description).",250,vertebrae_T6,True,s0420,s1305,False,0.1518,,0.1541,0.8479284048080444,41.3,378.0,0.00018,233.0,0.000111,4.24,,ct ct<-ct
9s7d69ca,152_cascade_medverse_baseline,"model=medverse (released architecture) — released Medverse.ckpt start (checkpoint=orig_weights), medverse_bounded_head=true (sigmoid-appended head -> real logit -> shared bce_dice-with-logits recipe, matching 150/151's adamw/1e-4/bce_dice exactly), eval_autocast=true, medverse.compile=true. Same data/augmentation/schedule as 150/151 except data.query_prior disabled (see runs.json description).",250,vertebrae_T7,False,s1024,s0918,False,0.2397,,0.2344,0.7686111330986023,37.2,317.0,0.000151,464.0,0.000221,4.24,,ct ct<-ct
9s7d69ca,152_cascade_medverse_baseline,"model=medverse (released architecture) — released Medverse.ckpt start (checkpoint=orig_weights), medverse_bounded_head=true (sigmoid-appended head -> real logit -> shared bce_dice-with-logits recipe, matching 150/151's adamw/1e-4/bce_dice exactly), eval_autocast=true, medverse.compile=true. Same data/augmentation/schedule as 150/151 except data.query_prior disabled (see runs.json description).",250,vertebrae_T7,False,s1337,s0650,False,0.2138,,0.209,0.7937290072441101,41.0,410.0,0.000196,492.0,0.000235,4.24,,ct ct<-ct
9s7d69ca,152_cascade_medverse_baseline,"model=medverse (released architecture) — released Medverse.ckpt start (checkpoint=orig_weights), medverse_bounded_head=true (sigmoid-appended head -> real logit -> shared bce_dice-with-logits recipe, matching 150/151's adamw/1e-4/bce_dice exactly), eval_autocast=true, medverse.compile=true. Same data/augmentation/schedule as 150/151 except data.query_prior disabled (see runs.json description).",250,vertebrae_T7,False,s0918,s0794,False,0.4451,,0.4429,0.5592708587646484,38.6,464.0,0.000221,412.0,0.000196,4.24,,ct ct<-ct
9s7d69ca,152_cascade_medverse_baseline,"model=medverse (released architecture) — released Medverse.ckpt start (checkpoint=orig_weights), medverse_bounded_head=true (sigmoid-appended head -> real logit -> shared bce_dice-with-logits recipe, matching 150/151's adamw/1e-4/bce_dice exactly), eval_autocast=true, medverse.compile=true. Same data/augmentation/schedule as 150/151 except data.query_prior disabled (see runs.json description).",250,vertebrae_T7,False,s1106,s1161,False,0.0398,,0.0394,0.9649302959442139,35.9,50.0,2.4e-05,402.0,0.000192,4.24,,ct ct<-ct
9s7d69ca,152_cascade_medverse_baseline,"model=medverse (released architecture) — released Medverse.ckpt start (checkpoint=orig_weights), medverse_bounded_head=true (sigmoid-appended head -> real logit -> shared bce_dice-with-logits recipe, matching 150/151's adamw/1e-4/bce_dice exactly), eval_autocast=true, medverse.compile=true. Same data/augmentation/schedule as 150/151 except data.query_prior disabled (see runs.json description).",250,vertebrae_T7,False,s1233,s0607,False,0.0025,,0.0001,1.001591682434082,37.8,327.0,0.000156,7.0,3e-06,4.24,,ct ct<-ct
9s7d69ca,152_cascade_medverse_baseline,"model=medverse (released architecture) — released Medverse.ckpt start (checkpoint=orig_weights), medverse_bounded_head=true (sigmoid-appended head -> real logit -> shared bce_dice-with-logits recipe, matching 150/151's adamw/1e-4/bce_dice exactly), eval_autocast=true, medverse.compile=true. Same data/augmentation/schedule as 150/151 except data.query_prior disabled (see runs.json description).",250,vertebrae_T7,False,s0607,s1197,False,0.0001,,0.0,1.0125278234481812,35.3,7.0,3e-06,350.0,0.000167,4.24,,ct ct<-ct
9s7d69ca,152_cascade_medverse_baseline,"model=medverse (released architecture) — released Medverse.ckpt start (checkpoint=orig_weights), medverse_bounded_head=true (sigmoid-appended head -> real logit -> shared bce_dice-with-logits recipe, matching 150/151's adamw/1e-4/bce_dice exactly), eval_autocast=true, medverse.compile=true. Same data/augmentation/schedule as 150/151 except data.query_prior disabled (see runs.json description).",250,vertebrae_T8,False,s1305,s0794,False,0.0013,,0.0002,1.0020363330841064,35.8,295.0,0.000141,435.0,0.000207,4.24,,ct ct<-ct
9s7d69ca,152_cascade_medverse_baseline,"model=medverse (released architecture) — released Medverse.ckpt start (checkpoint=orig_weights), medverse_bounded_head=true (sigmoid-appended head -> real logit -> shared bce_dice-with-logits recipe, matching 150/151's adamw/1e-4/bce_dice exactly), eval_autocast=true, medverse.compile=true. Same data/augmentation/schedule as 150/151 except data.query_prior disabled (see runs.json description).",250,vertebrae_T8,False,s0650,s1278,False,0.1511,,0.1403,0.866594135761261,41.1,518.0,0.000247,565.0,0.000269,4.24,,ct ct<-ct
9s7d69ca,152_cascade_medverse_baseline,"model=medverse (released architecture) — released Medverse.ckpt start (checkpoint=orig_weights), medverse_bounded_head=true (sigmoid-appended head -> real logit -> shared bce_dice-with-logits recipe, matching 150/151's adamw/1e-4/bce_dice exactly), eval_autocast=true, medverse.compile=true. Same data/augmentation/schedule as 150/151 except data.query_prior disabled (see runs.json description).",250,vertebrae_T8,False,s0618,s0420,False,0.2319,,0.2344,0.7678876519203186,35.5,309.0,0.000147,451.0,0.000215,4.24,,ct ct<-ct
9s7d69ca,152_cascade_medverse_baseline,"model=medverse (released architecture) — released Medverse.ckpt start (checkpoint=orig_weights), medverse_bounded_head=true (sigmoid-appended head -> real logit -> shared bce_dice-with-logits recipe, matching 150/151's adamw/1e-4/bce_dice exactly), eval_autocast=true, medverse.compile=true. Same data/augmentation/schedule as 150/151 except data.query_prior disabled (see runs.json description).",250,vertebrae_T8,False,s1002,s0458,False,0.0006,,0.0001,1.0023096799850464,35.5,70.0,3.3e-05,352.0,0.000168,4.24,,ct ct<-ct
9s7d69ca,152_cascade_medverse_baseline,"model=medverse (released architecture) — released Medverse.ckpt start (checkpoint=orig_weights), medverse_bounded_head=true (sigmoid-appended head -> real logit -> shared bce_dice-with-logits recipe, matching 150/151's adamw/1e-4/bce_dice exactly), eval_autocast=true, medverse.compile=true. Same data/augmentation/schedule as 150/151 except data.query_prior disabled (see runs.json description).",250,vertebrae_T9,True,s0991,s1223,False,0.2445,,0.2449,0.7589255571365356,40.4,508.0,0.000242,410.0,0.000196,4.24,,ct ct<-ct
9s7d69ca,152_cascade_medverse_baseline,"model=medverse (released architecture) — released Medverse.ckpt start (checkpoint=orig_weights), medverse_bounded_head=true (sigmoid-appended head -> real logit -> shared bce_dice-with-logits recipe, matching 150/151's adamw/1e-4/bce_dice exactly), eval_autocast=true, medverse.compile=true. Same data/augmentation/schedule as 150/151 except data.query_prior disabled (see runs.json description).",250,vertebrae_T9,True,s0123,s0839,False,0.1538,,0.1546,0.8512958884239197,42.0,457.0,0.000218,138.0,6.6e-05,4.24,,ct ct<-ct
9s7d69ca,152_cascade_medverse_baseline,"model=medverse (released architecture) — released Medverse.ckpt start (checkpoint=orig_weights), medverse_bounded_head=true (sigmoid-appended head -> real logit -> shared bce_dice-with-logits recipe, matching 150/151's adamw/1e-4/bce_dice exactly), eval_autocast=true, medverse.compile=true. Same data/augmentation/schedule as 150/151 except data.query_prior disabled (see runs.json description).",250,vertebrae_T9,True,s1223,s0625,False,0.3633,,0.3563,0.6458058953285217,40.8,410.0,0.000196,432.0,0.000206,4.24,,ct ct<-ct
9s7d69ca,152_cascade_medverse_baseline,"model=medverse (released architecture) — released Medverse.ckpt start (checkpoint=orig_weights), medverse_bounded_head=true (sigmoid-appended head -> real logit -> shared bce_dice-with-logits recipe, matching 150/151's adamw/1e-4/bce_dice exactly), eval_autocast=true, medverse.compile=true. Same data/augmentation/schedule as 150/151 except data.query_prior disabled (see runs.json description).",250,vertebrae_T9,True,s0794,s1238,False,0.1909,,0.189,0.8169047236442566,35.5,502.0,0.000239,548.0,0.000261,4.24,,ct ct<-ct
9s7d69ca,152_cascade_medverse_baseline,"model=medverse (released architecture) — released Medverse.ckpt start (checkpoint=orig_weights), medverse_bounded_head=true (sigmoid-appended head -> real logit -> shared bce_dice-with-logits recipe, matching 150/151's adamw/1e-4/bce_dice exactly), eval_autocast=true, medverse.compile=true. Same data/augmentation/schedule as 150/151 except data.query_prior disabled (see runs.json description).",250,vertebrae_T9,True,s0991,s0918,False,0.1872,,0.1863,0.8184846639633179,48.6,508.0,0.000242,515.0,0.000246,4.24,,ct ct<-ct
9s7d69ca,152_cascade_medverse_baseline,"model=medverse (released architecture) — released Medverse.ckpt start (checkpoint=orig_weights), medverse_bounded_head=true (sigmoid-appended head -> real logit -> shared bce_dice-with-logits recipe, matching 150/151's adamw/1e-4/bce_dice exactly), eval_autocast=true, medverse.compile=true. Same data/augmentation/schedule as 150/151 except data.query_prior disabled (see runs.json description).",250,vertebrae_T9,True,s1305,s0918,False,0.2679,,0.2632,0.7392972707748413,35.1,317.0,0.000151,515.0,0.000246,4.24,,ct ct<-ct
