class,obj_vox,real_dice,tier,res,mode,tier_native_res,K,auroc,ap,transfer_dice,transfer_precision,transfer_recall,margin,retrieval_at1
adrenal_gland_left,867,,backbone,16,dense,24,1,0.9824957847595215,,0.0,0.0,0.0,0.170663982629776,0.0
adrenal_gland_left,867,,backbone,24,dense,24,1,0.9700260758399963,,0.0,0.0,0.0,0.15592136979103088,0.0
adrenal_gland_left,490,,backbone,16,dense,24,1,0.9055841565132141,,0.0,0.0,0.0,0.2505018711090088,0.0
adrenal_gland_left,490,,backbone,24,dense,24,1,0.9458290934562683,,0.014391139149665833,0.02700359933078289,0.009809470735490322,0.23860974609851837,0.10000000149011612
adrenal_gland_left,553,,backbone,16,dense,24,1,0.9913312196731567,,0.01184786856174469,0.03935183957219124,0.006973745301365852,0.2054527997970581,0.1111111119389534
adrenal_gland_left,553,,backbone,24,dense,24,1,0.9967373013496399,,0.05739308148622513,0.12429405003786087,0.03731069341301918,0.19213220477104187,0.1666666716337204
adrenal_gland_left,417,,backbone,16,dense,24,1,0.9693006873130798,,0.03390052914619446,0.10995367169380188,0.020039521157741547,0.22645650804042816,0.20000000298023224
adrenal_gland_left,417,,backbone,24,dense,24,1,0.9830901622772217,,0.0,0.0,0.0,0.23133477568626404,0.0
adrenal_gland_left,641,,backbone,16,dense,24,1,0.9791858196258545,,0.0,0.0,0.0,0.13801512122154236,0.0
adrenal_gland_left,641,,backbone,24,dense,24,1,0.9773378968238831,,0.0,0.0,0.0,0.15473401546478271,0.0
adrenal_gland_right,607,,backbone,16,dense,24,1,0.9672562479972839,,0.0,0.0,0.0,0.16935023665428162,0.0
adrenal_gland_right,607,,backbone,24,dense,24,1,0.9850884079933167,,0.0,0.0,0.0,0.14498694241046906,0.0
adrenal_gland_right,434,,backbone,16,dense,24,1,0.8567512035369873,,0.0,0.0,0.0,0.21210627257823944,0.0
adrenal_gland_right,434,,backbone,24,dense,24,1,0.939373254776001,,0.0,0.0,0.0,0.2129398137331009,0.0
adrenal_gland_right,454,,backbone,16,dense,24,1,0.9662642478942871,,0.0,0.0,0.0,0.1960080862045288,0.0
adrenal_gland_right,454,,backbone,24,dense,24,1,0.9735282063484192,,0.052413661032915115,0.043276991695165634,0.06644066423177719,0.21243467926979065,0.5
adrenal_gland_right,429,,backbone,16,dense,24,1,0.9937019944190979,,0.0,0.0,0.0,0.1642123907804489,0.0
adrenal_gland_right,429,,backbone,24,dense,24,1,0.997118353843689,,0.025182245299220085,0.0561523400247097,0.016230514273047447,0.1586310714483261,0.09090909361839294
adrenal_gland_right,499,,backbone,16,dense,24,1,0.9621543288230896,,0.0,0.0,0.0,0.19170185923576355,0.0
adrenal_gland_right,499,,backbone,24,dense,24,1,0.9963290691375732,,0.008522727526724339,0.045955877751111984,0.004696893971413374,0.19115976989269257,0.1111111119389534
aorta,13487,,backbone,16,dense,24,1,0.9823459982872009,,0.12876059114933014,0.1509934663772583,0.11223471164703369,0.19725264608860016,0.29545456171035767
aorta,13487,,backbone,24,dense,24,1,0.9653047919273376,,0.23478202521800995,0.3463170826435089,0.17758797109127045,0.15533089637756348,0.2551020383834839
aorta,54475,,backbone,16,dense,24,1,0.8584280610084534,,0.2995817959308624,0.32058143615722656,0.28116416931152344,0.17977285385131836,0.6183205842971802
aorta,54475,,backbone,24,dense,24,1,0.8663045763969421,,0.3662448525428772,0.44254547357559204,0.31238552927970886,0.13277488946914673,0.4778156876564026
aorta,9777,,backbone,16,dense,24,1,0.8952177166938782,,0.14997072517871857,0.10915763676166534,0.23952826857566833,0.12664340436458588,0.7714285850524902
aorta,9777,,backbone,24,dense,24,1,0.925369143486023,,0.34462037682533264,0.28508812189102173,0.43557804822921753,0.10637910664081573,0.5538461804389954
aorta,24613,,backbone,16,dense,24,1,0.8661414980888367,,0.1734108328819275,0.17708659172058105,0.1698845773935318,0.15393131971359253,0.4571428596973419
aorta,24613,,backbone,24,dense,24,1,0.8942561745643616,,0.47592097520828247,0.45520535111427307,0.4986119568347931,0.12406018376350403,0.5759493708610535
aorta,16221,,backbone,16,dense,24,1,0.9416818022727966,,0.1751251220703125,0.24355949461460114,0.13671225309371948,0.12991686165332794,0.45000001788139343
aorta,16221,,backbone,24,dense,24,1,0.9243714213371277,,0.44657883048057556,0.5606569647789001,0.3710753321647644,0.09218761324882507,0.4285714328289032
atrial_appendage_left,394,,backbone,16,dense,24,1,0.9897987842559814,,0.0022777635604143143,0.0016276828246191144,0.0037924181669950485,0.1746070832014084,0.25
atrial_appendage_left,394,,backbone,24,dense,24,1,0.8350411057472229,,6.696428317809477e-05,7.659313996555284e-05,5.948603939032182e-05,0.15714013576507568,0.125
atrial_appendage_left,839,,backbone,16,dense,24,1,0.8963842391967773,,0.174387589097023,0.21139682829380035,0.14840611815452576,0.1723308265209198,0.3333333432674408
atrial_appendage_left,839,,backbone,24,dense,24,1,0.8782647252082825,,0.16399426758289337,0.2105870395898819,0.13428375124931335,0.15552034974098206,0.4545454680919647
atrial_appendage_left,534,,backbone,16,dense,24,1,0.9867346882820129,,0.0,0.0,0.0,0.09452389180660248,0.0
atrial_appendage_left,534,,backbone,24,dense,24,1,0.996104896068573,,0.00962030328810215,0.023423347622156143,0.0060532246716320515,0.1105489656329155,0.25
autochthon_left,71787,,backbone,16,dense,24,1,0.9495689272880554,,0.2321052849292755,0.3789620101451874,0.16728025674819946,0.11223983764648438,0.4375000298023224
autochthon_left,71787,,backbone,24,dense,24,1,0.9433658719062805,,0.39471691846847534,0.5974875688552856,0.29470294713974,0.10949502140283585,0.43508774042129517
autochthon_left,57264,,backbone,16,dense,24,1,0.9214137196540833,,0.4012751877307892,0.4610244929790497,0.3552362024784088,0.1556411236524582,0.598214328289032
autochthon_left,57264,,backbone,24,dense,24,1,0.948642373085022,,0.4744860529899597,0.5050375461578369,0.44742003083229065,0.13665328919887543,0.6716980934143066
autochthon_left,46671,,backbone,16,dense,24,1,0.95890212059021,,0.38576847314834595,0.3367038667201996,0.4515717029571533,0.17362937331199646,0.7752808928489685
autochthon_left,46671,,backbone,24,dense,24,1,0.9544537663459778,,0.591172456741333,0.512900173664093,0.6976369619369507,0.15317891538143158,0.7401961088180542
autochthon_left,56800,,backbone,16,dense,24,1,0.9189586639404297,,0.4259723424911499,0.4367550313472748,0.4157092869281769,0.12338101863861084,0.3921568691730499
autochthon_left,56800,,backbone,24,dense,24,1,0.9110224843025208,,0.46872827410697937,0.4264187812805176,0.5203585624694824,0.1062888354063034,0.5830115675926208
autochthon_left,63257,,backbone,16,dense,24,1,0.9484565258026123,,0.3560755252838135,0.38742947578430176,0.329416424036026,0.16050764918327332,0.49473685026168823
autochthon_left,63257,,backbone,24,dense,24,1,0.9528762102127075,,0.6011271476745605,0.5551633834838867,0.6553889513015747,0.13205291330814362,0.6321839094161987
autochthon_right,67226,,backbone,16,dense,24,1,0.9631878137588501,,0.48870405554771423,0.4957994818687439,0.48180893063545227,0.13481664657592773,0.7117117047309875
autochthon_right,67226,,backbone,24,dense,24,1,0.9344820380210876,,0.5893463492393494,0.5437358617782593,0.6433094143867493,0.12153065204620361,0.7977527976036072
autochthon_right,58630,,backbone,16,dense,24,1,0.8874143362045288,,0.2831183969974518,0.30258235335350037,0.2660072147846222,0.09106074273586273,0.38235294818878174
autochthon_right,58630,,backbone,24,dense,24,1,0.9054164290428162,,0.4851579964160919,0.4574676752090454,0.5164164900779724,0.09426485747098923,0.47735193371772766
autochthon_right,43732,,backbone,16,dense,24,1,0.8906382322311401,,0.3012915551662445,0.35629069805145264,0.2610017657279968,0.11250772327184677,0.5747126340866089
autochthon_right,43732,,backbone,24,dense,24,1,0.8961906433105469,,0.5031082630157471,0.44554391503334045,0.5777542591094971,0.10798193514347076,0.7400000095367432
autochthon_right,57498,,backbone,16,dense,24,1,0.9441267251968384,,0.41050606966018677,0.38897615671157837,0.43455901741981506,0.13564449548721313,0.5576923489570618
autochthon_right,57498,,backbone,24,dense,24,1,0.9351417422294617,,0.49291157722473145,0.4337380826473236,0.5707814693450928,0.12292050570249557,0.8277153372764587
autochthon_right,68365,,backbone,16,dense,24,1,0.9332737922668457,,0.5400220155715942,0.5192118883132935,0.5625699758529663,0.09993252903223038,0.5754716992378235
autochthon_right,68365,,backbone,24,dense,24,1,0.9143705368041992,,0.5950403213500977,0.6267204284667969,0.5664089322090149,0.09702294319868088,0.5551470518112183
brachiocephalic_trunk,1268,,backbone,16,dense,24,1,0.9984614253044128,,0.06377222388982773,0.21238423883914948,0.03751898929476738,0.2846549153327942,0.1818181872367859
brachiocephalic_trunk,1268,,backbone,24,dense,24,1,0.9976772665977478,,0.2168302983045578,0.33677130937576294,0.1598866879940033,0.24965256452560425,0.25
brachiocephalic_trunk,611,,backbone,16,dense,24,1,0.9991528391838074,,0.00033474035444669425,0.10242877900600433,0.0001676441024756059,0.22910591959953308,0.25
brachiocephalic_trunk,611,,backbone,24,dense,24,1,0.9991152882575989,,0.06924200803041458,0.05154374986886978,0.10544957220554352,0.2031470686197281,0.3636363744735718
brachiocephalic_vein_left,2588,,backbone,16,dense,24,1,0.9948105216026306,,0.12631161510944366,0.14684616029262543,0.11081550270318985,0.22911770641803741,0.4117647111415863
brachiocephalic_vein_left,2588,,backbone,24,dense,24,1,0.991786777973175,,0.2486112117767334,0.24420978128910065,0.25317421555519104,0.18713481724262238,0.5999999642372131
brachiocephalic_vein_left,1690,,backbone,16,dense,24,1,0.9982100129127502,,0.09685380756855011,0.08690432459115982,0.10937602818012238,0.20771954953670502,0.5384615659713745
brachiocephalic_vein_left,1690,,backbone,24,dense,24,1,0.9989604949951172,,0.25213301181793213,0.2426159530878067,0.2624271810054779,0.1463526338338852,0.5714285969734192
brachiocephalic_vein_right,1369,,backbone,16,dense,24,1,0.9929689764976501,,0.040723346173763275,0.04260838404297829,0.03899803385138512,0.25885236263275146,0.27272728085517883
brachiocephalic_vein_right,1369,,backbone,24,dense,24,1,0.9977157115936279,,0.23558169603347778,0.2509499490261078,0.22198714315891266,0.22093844413757324,0.5833333730697632
brachiocephalic_vein_right,988,,backbone,16,dense,24,1,0.9990404844284058,,0.12872552871704102,0.10544183105230331,0.1652064323425293,0.23963990807533264,0.75
brachiocephalic_vein_right,988,,backbone,24,dense,24,1,0.9989766478538513,,0.1631304770708084,0.18105468153953552,0.14843551814556122,0.19750438630580902,0.5
clavicula_left,3983,,backbone,16,dense,24,1,0.9959880113601685,,0.20376764237880707,0.24372348189353943,0.1750672459602356,0.23693206906318665,0.30000001192092896
clavicula_left,3983,,backbone,24,dense,24,1,0.996785581111908,,0.3585466742515564,0.4415009319782257,0.3018345534801483,0.21194659173488617,0.7105263471603394
clavicula_left,2959,,backbone,16,dense,24,1,0.9974687695503235,,0.2588847279548645,0.20938807725906372,0.3390261232852936,0.20169402658939362,0.8571429252624512
clavicula_left,2959,,backbone,24,dense,24,1,0.9968516826629639,,0.40560370683670044,0.3566318154335022,0.47016584873199463,0.19890102744102478,0.6666666865348816
clavicula_right,3786,,backbone,16,dense,24,1,0.9977255463600159,,0.1853339523077011,0.22631920874118805,0.15691706538200378,0.24782736599445343,0.6428571939468384
clavicula_right,3786,,backbone,24,dense,24,1,0.9988374710083008,,0.3051285147666931,0.43295660614967346,0.23557597398757935,0.2168847918510437,0.65625
clavicula_right,3777,,backbone,16,dense,24,1,0.9930509924888611,,0.1723320037126541,0.15644219517707825,0.1918146014213562,0.2024509608745575,0.6315789222717285
clavicula_right,3777,,backbone,24,dense,24,1,0.9904080629348755,,0.386064738035202,0.3176406919956207,0.4920613169670105,0.20787662267684937,0.8048779964447021
colon,163500,,backbone,16,dense,24,1,0.7128688097000122,,0.13959285616874695,0.1854342222213745,0.11192401498556137,0.1471099555492401,0.3735294044017792
colon,163500,,backbone,24,dense,24,1,0.6852135062217712,,0.21732057631015778,0.2749755084514618,0.1796523481607437,0.12573273479938507,0.4403443932533264
colon,61088,,backbone,16,dense,24,1,0.9263890981674194,,0.20481471717357635,0.14773179590702057,0.33378949761390686,0.19037994742393494,0.8520710468292236
colon,61088,,backbone,24,dense,24,1,0.9410473704338074,,0.31407424807548523,0.23024441301822662,0.49389779567718506,0.1653066724538803,0.7647058963775635
colon,86085,,backbone,16,dense,24,1,0.9654569625854492,,0.2769816517829895,0.25994420051574707,0.29640915989875793,0.2645081877708435,0.7098214626312256
colon,86085,,backbone,24,dense,24,1,0.9698191285133362,,0.4049012064933777,0.4329243004322052,0.3802854120731354,0.2146613597869873,0.6053215265274048
colon,115709,,backbone,16,dense,24,1,0.9637134671211243,,0.38555967807769775,0.4444367587566376,0.34045737981796265,0.21235506236553192,0.6706349849700928
colon,115709,,backbone,24,dense,24,1,0.9768307209014893,,0.5696585178375244,0.5744644999504089,0.5649322271347046,0.16407236456871033,0.6080645322799683
colon,39252,,backbone,16,dense,24,1,0.9394798278808594,,0.1283370852470398,0.20805564522743225,0.09278543293476105,0.07940048724412918,0.18018019199371338
colon,39252,,backbone,24,dense,24,1,0.9418702721595764,,0.25718334317207336,0.35460165143013,0.20175579190254211,0.0527699775993824,0.18918919563293457
common_carotid_artery_left,905,,backbone,16,dense,24,1,0.9977871775627136,,0.023678584024310112,0.05336858704686165,0.015214473009109497,0.27088111639022827,0.3333333432674408
common_carotid_artery_left,905,,backbone,24,dense,24,1,0.9977777004241943,,0.06068451702594757,0.157470703125,0.03758416697382927,0.21183587610721588,0.25
common_carotid_artery_left,544,,backbone,16,dense,24,1,0.9883812069892883,,0.040204063057899475,0.03710903972387314,0.04386233910918236,0.1765485554933548,0.5555555820465088
common_carotid_artery_left,544,,backbone,24,dense,24,1,0.9926628470420837,,0.08517956733703613,0.0775880366563797,0.09441779553890228,0.16523678600788116,0.5833333730697632
common_carotid_artery_right,574,,backbone,16,dense,24,1,0.9972714185714722,,0.03572710603475571,0.029475875198841095,0.0453435480594635,0.2991207540035248,0.625
common_carotid_artery_right,574,,backbone,24,dense,24,1,0.9987977147102356,,0.02812584489583969,0.03712611645460129,0.022637875750660896,0.2527462840080261,0.25
common_carotid_artery_right,350,,backbone,16,dense,24,1,0.997887372970581,,0.023753665387630463,0.01793644204735756,0.03515542298555374,0.25856107473373413,0.5714285969734192
common_carotid_artery_right,350,,backbone,24,dense,24,1,0.9964073300361633,,0.0,0.0,0.0,0.18861910700798035,0.0
costal_cartilages,22475,,backbone,16,dense,24,1,0.9539884924888611,,0.006049330811947584,0.028842877596616745,0.0033790122251957655,0.06389061361551285,0.1666666716337204
costal_cartilages,22475,,backbone,24,dense,24,1,0.9725396037101746,,0.10962069779634476,0.30854105949401855,0.06665036082267761,0.03567107394337654,0.1826086938381195
costal_cartilages,29114,,backbone,16,dense,24,1,0.9286834001541138,,0.039075691252946854,0.20308896899223328,0.021617526188492775,0.07080332189798355,0.18543046712875366
costal_cartilages,29114,,backbone,24,dense,24,1,0.9290148615837097,,0.15671174228191376,0.2634924352169037,0.11151865124702454,0.07176895439624786,0.3614457845687866
costal_cartilages,7603,,backbone,16,dense,24,1,0.8959035277366638,,0.04024624451994896,0.044346701353788376,0.03683990240097046,0.12979386746883392,0.25806450843811035
costal_cartilages,7603,,backbone,24,dense,24,1,0.8786534070968628,,0.11721330881118774,0.15747205913066864,0.09334822744131088,0.09926781803369522,0.39837396144866943
costal_cartilages,19033,,backbone,16,dense,24,1,0.8808761239051819,,0.06953812390565872,0.11930655688047409,0.049069080501794815,0.1311534345149994,0.5075757503509521
costal_cartilages,19033,,backbone,24,dense,24,1,0.8529090285301208,,0.1959415227174759,0.22948984801769257,0.17095082998275757,0.11717528104782104,0.47863250970840454
costal_cartilages,19242,,backbone,16,dense,24,1,0.9355051517486572,,0.06311595439910889,0.15015925467014313,0.03995506837964058,0.10889805853366852,0.24561403691768646
costal_cartilages,19242,,backbone,24,dense,24,1,0.9126079082489014,,0.11389227211475372,0.18352088332176208,0.0825662761926651,0.09240397810935974,0.359183669090271
duodenum,12320,,backbone,16,dense,24,1,0.8677598834037781,,0.013509150594472885,0.043706778436899185,0.00798925943672657,0.14274586737155914,0.02500000037252903
duodenum,12320,,backbone,24,dense,24,1,0.8380178809165955,,0.0004594519850797951,0.005059460178017616,0.00024065289471764117,0.10512739419937134,0.0117647061124444
duodenum,6382,,backbone,16,dense,24,1,0.827392041683197,,0.0,0.0,0.0,0.18958276510238647,0.0
duodenum,6382,,backbone,24,dense,24,1,0.8744570016860962,,0.05788899585604668,0.04327528178691864,0.08740494400262833,0.1552668660879135,0.14000000059604645
duodenum,7371,,backbone,16,dense,24,1,0.9127647876739502,,0.0,0.0,0.0,0.06216541677713394,0.0
duodenum,7371,,backbone,24,dense,24,1,0.8888612985610962,,0.008173679001629353,0.04663499817252159,0.004479389172047377,0.04696481302380562,0.014705882407724857
duodenum,5252,,backbone,16,dense,24,1,0.9861180782318115,,0.0,0.0,0.0,0.14684566855430603,0.0
duodenum,5252,,backbone,24,dense,24,1,0.9782407879829407,,0.017804602161049843,0.07931628823280334,0.010027801617980003,0.1503981500864029,0.04545454680919647
duodenum,7413,,backbone,16,dense,24,1,0.9920111894607544,,0.07240042835474014,0.06345515698194504,0.08428160101175308,0.3410157859325409,0.4482758641242981
duodenum,7413,,backbone,24,dense,24,1,0.9795367121696472,,0.04035153612494469,0.12198854237794876,0.024173906072974205,0.2824283838272095,0.2181818187236786
esophagus,2520,,backbone,16,dense,24,1,0.9976164102554321,,0.04619216546416283,0.08449073135852814,0.03178460896015167,0.20143741369247437,0.1428571492433548
esophagus,2520,,backbone,24,dense,24,1,0.9990187287330627,,0.07303734868764877,0.10141787678003311,0.05706767737865448,0.15182821452617645,0.23076924681663513
esophagus,4743,,backbone,16,dense,24,1,0.8895043134689331,,0.027403872460126877,0.019532572478055954,0.0459013432264328,0.18037009239196777,0.40625
esophagus,4743,,backbone,24,dense,24,1,0.8633458018302917,,0.11353711783885956,0.14525139331817627,0.09318996220827103,0.1526254415512085,0.3870967626571655
esophagus,1235,,backbone,16,dense,24,1,0.9914053678512573,,0.012327278964221478,0.017838630825281143,0.0094176409766078,0.12519262731075287,0.1538461595773697
esophagus,1235,,backbone,24,dense,24,1,0.9724898934364319,,0.03956839069724083,0.060848869383335114,0.029315853491425514,0.08909560739994049,0.47058823704719543
esophagus,4327,,backbone,16,dense,24,1,0.9216315746307373,,0.05190601944923401,0.12648898363113403,0.03265268728137016,0.13849008083343506,0.18518519401550293
esophagus,4327,,backbone,24,dense,24,1,0.918487012386322,,0.20898893475532532,0.21125894784927368,0.20676718652248383,0.11476963013410568,0.2222222238779068
esophagus,2559,,backbone,16,dense,24,1,0.9966567158699036,,0.07879878580570221,0.06287390738725662,0.10552693903446198,0.20140688121318817,0.785714328289032
esophagus,2559,,backbone,24,dense,24,1,0.9949448704719543,,0.13665924966335297,0.2345420867204666,0.0964198037981987,0.146204873919487,0.21875
femur_left,41641,,backbone,16,dense,24,1,0.9631133675575256,,0.0,0.0,0.0,0.1212293952703476,0.0
femur_left,41641,,backbone,24,dense,24,1,0.9733366966247559,,0.08023417741060257,0.39136090874671936,0.044699035584926605,0.07520326226949692,0.080924853682518
femur_left,26061,,backbone,16,dense,24,1,0.8326135873794556,,0.14404359459877014,0.11650057137012482,0.18864233791828156,0.30355745553970337,0.2978723347187042
femur_left,26061,,backbone,24,dense,24,1,0.8383241295814514,,0.31283318996429443,0.30392420291900635,0.32228022813796997,0.2400643527507782,0.31147539615631104
femur_left,22795,,backbone,16,dense,24,1,0.9532010555267334,,0.12425768375396729,0.25970515608787537,0.08166556805372238,0.06514774262905121,0.1304347813129425
femur_left,22795,,backbone,24,dense,24,1,0.9686600565910339,,0.05541231855750084,0.1553201973438263,0.03372141718864441,0.04411371797323227,0.11711712181568146
femur_left,17992,,backbone,16,dense,24,1,0.9885259866714478,,0.3584909737110138,0.38912340998649597,0.3323294222354889,0.20555928349494934,0.6571428775787354
femur_left,17992,,backbone,24,dense,24,1,0.9865024089813232,,0.5642371773719788,0.5592012405395508,0.569364607334137,0.17355407774448395,0.7261905074119568
femur_left,28820,,backbone,16,dense,24,1,0.9630486965179443,,0.13061317801475525,0.21358798444271088,0.09406912326812744,0.063568115234375,0.23999999463558197
femur_left,28820,,backbone,24,dense,24,1,0.9723437428474426,,0.037623707205057144,0.07107808440923691,0.025582684203982353,0.010298767127096653,0.05384615436196327
femur_right,47735,,backbone,16,dense,24,1,0.9887626767158508,,0.5086491107940674,0.6185227036476135,0.4319228231906891,0.2518922984600067,0.6000000238418579
femur_right,47735,,backbone,24,dense,24,1,0.9731427431106567,,0.6443374156951904,0.682773768901825,0.6099979281425476,0.206277534365654,0.7606382966041565
femur_right,24809,,backbone,16,dense,24,1,0.8018103241920471,,0.26064804196357727,0.28342604637145996,0.2412588745355606,0.1696910262107849,0.1818181872367859
femur_right,24809,,backbone,24,dense,24,1,0.7211501002311707,,0.20042423903942108,0.19898301362991333,0.20188647508621216,0.15088048577308655,0.2181818187236786
femur_right,23590,,backbone,16,dense,24,1,0.9758593440055847,,0.3682735562324524,0.29401707649230957,0.4927122890949249,0.25354617834091187,0.6666666865348816
femur_right,23590,,backbone,24,dense,24,1,0.9613009691238403,,0.504928708076477,0.42886486649513245,0.613791286945343,0.2144271433353424,0.767241358757019
femur_right,16926,,backbone,16,dense,24,1,0.9899746775627136,,0.32579463720321655,0.3730657398700714,0.2891557514667511,0.26754188537597656,0.5135135054588318
femur_right,16926,,backbone,24,dense,24,1,0.9921822547912598,,0.6035413146018982,0.6239258050918579,0.5844466090202332,0.2139592170715332,0.785714328289032
femur_right,30089,,backbone,16,dense,24,1,0.9898052215576172,,0.15103447437286377,0.15443632006645203,0.14777927100658417,0.22668255865573883,0.4313725531101227
femur_right,30089,,backbone,24,dense,24,1,0.9946504831314087,,0.41233426332473755,0.3957217037677765,0.4304027557373047,0.1754978448152542,0.6131386756896973
gallbladder,2584,,backbone,16,dense,24,1,0.9668492078781128,,0.01725882664322853,0.014852802269160748,0.020595042034983635,0.2541198134422302,0.125
gallbladder,2584,,backbone,24,dense,24,1,0.9712498188018799,,0.3023563623428345,0.21942493319511414,0.48606356978416443,0.18336543440818787,0.3636363744735718
gallbladder,2293,,backbone,16,dense,24,1,0.9791547656059265,,4.3289794120937586e-05,0.0003761573461815715,2.2966436517890543e-05,0.2303626537322998,0.1428571492433548
gallbladder,2293,,backbone,24,dense,24,1,0.9256500005722046,,0.23084896802902222,0.3990990221500397,0.1623896062374115,0.22456605732440948,0.2631579041481018
gallbladder,2287,,backbone,16,dense,24,1,0.9867048263549805,,4.990563684259541e-05,0.006365729030221701,2.505101656424813e-05,0.2535876929759979,0.07692307978868484
gallbladder,2287,,backbone,24,dense,24,1,0.9940103888511658,,0.3482690751552582,0.43752455711364746,0.28925979137420654,0.2721414268016815,0.4761904776096344
gallbladder,1721,,backbone,16,dense,24,1,0.9534911513328552,,0.007439999375492334,0.006342743989080191,0.008996304124593735,0.29457342624664307,0.10000000149011612
gallbladder,1721,,backbone,24,dense,24,1,0.9916538596153259,,0.09050449728965759,0.0666065439581871,0.14114704728126526,0.2797008156776428,0.2777777910232544
gluteus_maximus_left,117204,,backbone,16,dense,24,1,0.9407419562339783,,0.3767123818397522,0.38156548142433167,0.37198111414909363,0.15989470481872559,0.6149068474769592
gluteus_maximus_left,117204,,backbone,24,dense,24,1,0.9288120269775391,,0.5750807523727417,0.5309963822364807,0.6271478533744812,0.15131926536560059,0.728365421295166
gluteus_maximus_left,76160,,backbone,16,dense,24,1,0.9232149124145508,,0.43206092715263367,0.40826621651649475,0.4588009715080261,0.1362253725528717,0.60550457239151
gluteus_maximus_left,76160,,backbone,24,dense,24,1,0.8996924161911011,,0.43817251920700073,0.5211483836174011,0.3779899477958679,0.14398692548274994,0.5016501545906067
gluteus_maximus_left,70660,,backbone,16,dense,24,1,0.972505509853363,,0.5061432719230652,0.44921332597732544,0.5795971155166626,0.20141473412513733,0.765625
gluteus_maximus_left,70660,,backbone,24,dense,24,1,0.9640798568725586,,0.5138487219810486,0.4622546136379242,0.5784070491790771,0.20614321529865265,0.8033333420753479
gluteus_maximus_left,63874,,backbone,16,dense,24,1,0.9841088652610779,,0.5357089042663574,0.556233286857605,0.5166453719139099,0.17973540723323822,0.7884615659713745
gluteus_maximus_left,63874,,backbone,24,dense,24,1,0.980612576007843,,0.6105102300643921,0.5648597478866577,0.6641881465911865,0.17541034519672394,0.8142293095588684
gluteus_maximus_left,109406,,backbone,16,dense,24,1,0.9624543190002441,,0.2655552625656128,0.2813439667224884,0.2514444887638092,0.09715660661458969,0.41379308700561523
gluteus_maximus_left,109406,,backbone,24,dense,24,1,0.9627945423126221,,0.3700488805770874,0.3311500549316406,0.4193025827407837,0.10721498727798462,0.5759162306785583
gluteus_maximus_right,138391,,backbone,16,dense,24,1,0.9639898538589478,,0.33519789576530457,0.4651510417461395,0.26200059056282043,0.1825718879699707,0.3535911738872528
gluteus_maximus_right,138391,,backbone,24,dense,24,1,0.9676530957221985,,0.37150925397872925,0.469810426235199,0.3072264492511749,0.17380616068840027,0.43368420004844666
gluteus_maximus_right,76947,,backbone,16,dense,24,1,0.9700124263763428,,0.39807575941085815,0.49194756150245667,0.3342880308628082,0.12088144570589066,0.4642857313156128
gluteus_maximus_right,76947,,backbone,24,dense,24,1,0.9665998220443726,,0.46264636516571045,0.5275392532348633,0.41196972131729126,0.11763490736484528,0.4673539698123932
gluteus_maximus_right,77768,,backbone,16,dense,24,1,0.972464919090271,,0.3347617983818054,0.24049177765846252,0.5505847334861755,0.13106103241443634,0.5114504098892212
gluteus_maximus_right,77768,,backbone,24,dense,24,1,0.9414078593254089,,0.3907434046268463,0.29912593960762024,0.5632612705230713,0.13545317947864532,0.698113203048706
gluteus_maximus_right,64305,,backbone,16,dense,24,1,0.9882139563560486,,0.5648342370986938,0.5047093629837036,0.6412215232849121,0.1869918555021286,0.8499999642372131
gluteus_maximus_right,64305,,backbone,24,dense,24,1,0.9844455718994141,,0.5451188683509827,0.45279794931411743,0.6847279071807861,0.18661342561244965,0.7786259651184082
gluteus_maximus_right,119227,,backbone,16,dense,24,1,0.9573533535003662,,0.4916071891784668,0.43296825885772705,0.5686178207397461,0.13337424397468567,0.5696969628334045
gluteus_maximus_right,119227,,backbone,24,dense,24,1,0.9642340540885925,,0.541400134563446,0.4541397988796234,0.6701692342758179,0.13876156508922577,0.609929084777832
gluteus_medius_left,55494,,backbone,16,dense,24,1,0.9607153534889221,,0.3818107545375824,0.34777605533599854,0.4232296347618103,0.21170774102210999,0.7777777910232544
gluteus_medius_left,55494,,backbone,24,dense,24,1,0.9503234028816223,,0.44972097873687744,0.3729809522628784,0.5662193894386292,0.19148258864879608,0.8680000305175781
gluteus_medius_left,31770,,backbone,16,dense,24,1,0.7635628581047058,,0.1549699902534485,0.27903226017951965,0.10727415978908539,0.16248181462287903,0.5
gluteus_medius_left,31770,,backbone,24,dense,24,1,0.8360481858253479,,0.2970430552959442,0.29830658435821533,0.2957901656627655,0.1655505746603012,0.5732483863830566
gluteus_medius_left,29924,,backbone,16,dense,24,1,0.9386288523674011,,0.17385731637477875,0.13592109084129333,0.24116864800453186,0.12400346249341965,0.5245901346206665
gluteus_medius_left,29924,,backbone,24,dense,24,1,0.9406883716583252,,0.3648044168949127,0.29453787207603455,0.47910141944885254,0.1354220062494278,0.6928571462631226
gluteus_medius_left,37618,,backbone,16,dense,24,1,0.9520376324653625,,0.47935032844543457,0.47309568524360657,0.4857725501060486,0.15532301366329193,0.7534246444702148
gluteus_medius_left,37618,,backbone,24,dense,24,1,0.9383537173271179,,0.5368976593017578,0.5162832140922546,0.5592267513275146,0.1451684534549713,0.7906976938247681
gluteus_medius_left,51350,,backbone,16,dense,24,1,0.918497622013092,,0.2621162533760071,0.2511693835258484,0.27406078577041626,0.11104032397270203,0.4285714328289032
gluteus_medius_left,51350,,backbone,24,dense,24,1,0.9111750721931458,,0.4120478630065918,0.40277546644210815,0.4217572808265686,0.11205820739269257,0.5884955525398254
gluteus_medius_right,66744,,backbone,16,dense,24,1,0.9713939428329468,,0.1757350116968155,0.28486543893814087,0.12705928087234497,0.1742461919784546,0.3980582654476166
gluteus_medius_right,66744,,backbone,24,dense,24,1,0.9429301023483276,,0.3466355502605438,0.3419955372810364,0.35140320658683777,0.1539659947156906,0.45255473256111145
gluteus_medius_right,32970,,backbone,16,dense,24,1,0.9453356266021729,,0.11250566691160202,0.5101579427719116,0.06322429329156876,0.1430892050266266,0.20967741310596466
gluteus_medius_right,32970,,backbone,24,dense,24,1,0.9398267269134521,,0.34720635414123535,0.5828771591186523,0.2472410351037979,0.1353706419467926,0.3558282256126404
gluteus_medius_right,34289,,backbone,16,dense,24,1,0.9488359093666077,,0.42933332920074463,0.42092394828796387,0.43808552622795105,0.14225703477859497,0.6666666865348816
gluteus_medius_right,34289,,backbone,24,dense,24,1,0.93748539686203,,0.4757085144519806,0.46259960532188416,0.48958200216293335,0.1420445740222931,0.6871165633201599
gluteus_medius_right,38109,,backbone,16,dense,24,1,0.9496035575866699,,0.3817581534385681,0.4082533121109009,0.3584924340248108,0.19356268644332886,0.7567567825317383
gluteus_medius_right,38109,,backbone,24,dense,24,1,0.9546598792076111,,0.5784158706665039,0.5471216440200806,0.6135072708129883,0.1813180297613144,0.8081395030021667
gluteus_medius_right,61484,,backbone,16,dense,24,1,0.8945580720901489,,0.39953482151031494,0.4283045828342438,0.37438684701919556,0.15392634272575378,0.6185566782951355
gluteus_medius_right,61484,,backbone,24,dense,24,1,0.8976863622665405,,0.527209460735321,0.5183631181716919,0.5363630056381226,0.14464306831359863,0.7330677509307861
gluteus_minimus_left,14444,,backbone,16,dense,24,1,0.9741960167884827,,0.16002915799617767,0.12249842286109924,0.23071499168872833,0.24729378521442413,0.7045454978942871
gluteus_minimus_left,14444,,backbone,24,dense,24,1,0.9312088489532471,,0.33687373995780945,0.27568405866622925,0.4329751133918762,0.2099216729402542,0.658823549747467
gluteus_minimus_left,6988,,backbone,16,dense,24,1,0.9147167205810547,,0.028181450441479683,0.2938236594200134,0.01480050478130579,0.25022900104522705,0.07999999821186066
gluteus_minimus_left,6988,,backbone,24,dense,24,1,0.9041769504547119,,0.16566027700901031,0.20134302973747253,0.1407211422920227,0.20398658514022827,0.2321428656578064
gluteus_minimus_left,7672,,backbone,16,dense,24,1,0.9329973459243774,,0.017890624701976776,0.031565096229314804,0.012482861988246441,0.0944860577583313,0.23076924681663513
gluteus_minimus_left,7672,,backbone,24,dense,24,1,0.9513331055641174,,0.17026419937610626,0.18516786396503448,0.15758094191551208,0.06825020164251328,0.31578946113586426
gluteus_minimus_left,8042,,backbone,16,dense,24,1,0.9891781806945801,,0.1750054657459259,0.18106703460216522,0.16933660209178925,0.27757513523101807,0.6785714626312256
gluteus_minimus_left,8042,,backbone,24,dense,24,1,0.9629561901092529,,0.3175385594367981,0.27840036153793335,0.3694811165332794,0.22267870604991913,0.6271186470985413
gluteus_minimus_left,10165,,backbone,16,dense,24,1,0.931646466255188,,0.14206138253211975,0.4490552246570587,0.08437733352184296,0.09952638298273087,0.21212121844291687
gluteus_minimus_left,10165,,backbone,24,dense,24,1,0.9620266556739807,,0.15271183848381042,0.2148319035768509,0.11845871061086655,0.07690272480249405,0.30882352590560913
gluteus_minimus_right,17688,,backbone,16,dense,24,1,0.9265236258506775,,0.1691824197769165,0.17076578736305237,0.16762813925743103,0.1300477236509323,0.36734694242477417
gluteus_minimus_right,17688,,backbone,24,dense,24,1,0.9365110397338867,,0.1908988654613495,0.1701798439025879,0.21736222505569458,0.1251724809408188,0.4482758641242981
gluteus_minimus_right,7387,,backbone,16,dense,24,1,0.9766719937324524,,0.25194159150123596,0.3850315809249878,0.1872253268957138,0.14434529840946198,0.2083333432674408
gluteus_minimus_right,7387,,backbone,24,dense,24,1,0.9374035596847534,,0.26494961977005005,0.3013721704483032,0.23638153076171875,0.13877688348293304,0.4038461744785309
gluteus_minimus_right,8864,,backbone,16,dense,24,1,0.9852844476699829,,0.1510489583015442,0.1985849291086197,0.12187523394823074,0.2105940282344818,0.7083333730697632
gluteus_minimus_right,8864,,backbone,24,dense,24,1,0.9606293439865112,,0.3408184349536896,0.27879807353019714,0.43832695484161377,0.1835831254720688,0.7164179086685181
gluteus_minimus_right,8549,,backbone,16,dense,24,1,0.9840032458305359,,0.17867913842201233,0.1327599138021469,0.27316024899482727,0.18724483251571655,0.6538462042808533
gluteus_minimus_right,8549,,backbone,24,dense,24,1,0.9759901762008667,,0.2851085066795349,0.2760661244392395,0.29476332664489746,0.14915060997009277,0.4193548262119293
gluteus_minimus_right,12146,,backbone,16,dense,24,1,0.9611173868179321,,0.1943713128566742,0.17724105715751648,0.2151670902967453,0.2210724651813507,0.5833333134651184
gluteus_minimus_right,12146,,backbone,24,dense,24,1,0.9641172885894775,,0.34487491846084595,0.30519768595695496,0.3964102566242218,0.19720026850700378,0.8205128312110901
heart,55958,,backbone,16,dense,24,1,0.9867274165153503,,0.000383563747163862,0.04853290319442749,0.00019254272046964616,0.05897177383303642,0.014285714365541935
heart,55958,,backbone,24,dense,24,1,0.978961169719696,,0.031404443085193634,0.5991451144218445,0.016124816611409187,0.04081910103559494,0.027027027681469917
heart,79093,,backbone,16,dense,24,1,0.981873095035553,,0.36392539739608765,0.4647182822227478,0.29906177520751953,0.10900586098432541,0.7222222685813904
heart,79093,,backbone,24,dense,24,1,0.9511184096336365,,0.5379669666290283,0.5861803889274597,0.4970819652080536,0.09576378017663956,0.6309148669242859
heart,29598,,backbone,16,dense,24,1,0.9349071979522705,,0.2796403467655182,0.1701587587594986,0.7842031717300415,0.14716391265392303,0.8205128312110901
heart,29598,,backbone,24,dense,24,1,0.9377027153968811,,0.38298124074935913,0.24943764507770538,0.8242869973182678,0.15360894799232483,0.817307710647583
heart,70816,,backbone,16,dense,24,1,0.8216736912727356,,0.4951886236667633,0.5740445256233215,0.43538081645965576,0.11189165711402893,0.4166666567325592
heart,70816,,backbone,24,dense,24,1,0.8488073945045471,,0.5598030090332031,0.6194910407066345,0.5106059908866882,0.1002872884273529,0.47017544507980347
heart,85948,,backbone,16,dense,24,1,0.9746568202972412,,0.027761777862906456,0.5483946204185486,0.014241364784538746,0.02638654038310051,0.0625
heart,85948,,backbone,24,dense,24,1,0.9596904516220093,,0.15428312122821808,0.6106703877449036,0.08829525858163834,0.015691002830863,0.1621621698141098
hip_left,75184,,backbone,16,dense,24,1,0.9548418521881104,,0.19066651165485382,0.21676544845104218,0.1701769381761551,0.15265771746635437,0.39673912525177
hip_left,75184,,backbone,24,dense,24,1,0.9557112455368042,,0.40558430552482605,0.41993555426597595,0.39218151569366455,0.1408708244562149,0.6314554214477539
hip_left,51797,,backbone,16,dense,24,1,0.9424400925636292,,0.1451832801103592,0.3124200105667114,0.0945637971162796,0.2191917598247528,0.2348484992980957
hip_left,51797,,backbone,24,dense,24,1,0.9589119553565979,,0.40143516659736633,0.5225828289985657,0.3258865773677826,0.18528558313846588,0.47634071111679077
hip_left,45394,,backbone,16,dense,24,1,0.9629188179969788,,0.3788074254989624,0.33736345171928406,0.4318599998950958,0.2301255762577057,0.7105263471603394
hip_left,45394,,backbone,24,dense,24,1,0.9601017832756042,,0.5116255879402161,0.49083811044692993,0.5342516899108887,0.18952055275440216,0.8283581733703613
hip_left,39070,,backbone,16,dense,24,1,0.9721633195877075,,0.26414093375205994,0.24485966563224792,0.28671830892562866,0.12452596426010132,0.4444444477558136
hip_left,39070,,backbone,24,dense,24,1,0.9769740700721741,,0.41783037781715393,0.4037710130214691,0.43290412425994873,0.10995151847600937,0.6337448358535767
hip_left,51343,,backbone,16,dense,24,1,0.9738022685050964,,0.28394630551338196,0.352726548910141,0.2376127988100052,0.24599751830101013,0.641791045665741
hip_left,51343,,backbone,24,dense,24,1,0.9807033538818359,,0.5209012031555176,0.5392553806304932,0.5037552714347839,0.19827900826931,0.7817589044570923
hip_right,77381,,backbone,16,dense,24,1,0.9707726240158081,,0.4138461947441101,0.42329156398773193,0.40481314063072205,0.2517039179801941,0.6704545617103577
hip_right,77381,,backbone,24,dense,24,1,0.9775950908660889,,0.5246288180351257,0.5467018485069275,0.5042690634727478,0.20907284319400787,0.7735849022865295
hip_right,53512,,backbone,16,dense,24,1,0.9115229249000549,,0.16312718391418457,0.27175188064575195,0.11654270440340042,0.21451056003570557,0.2700729966163635
hip_right,53512,,backbone,24,dense,24,1,0.9276398420333862,,0.45133736729621887,0.5092756152153015,0.4052353799343109,0.18158012628555298,0.6163522005081177
hip_right,46101,,backbone,16,dense,24,1,0.9648263454437256,,0.36757296323776245,0.36520394682884216,0.3699728846549988,0.2610408663749695,0.7165354490280151
hip_right,46101,,backbone,24,dense,24,1,0.9776608943939209,,0.5284517407417297,0.5414907336235046,0.516025960445404,0.21458043158054352,0.8095238208770752
hip_right,39717,,backbone,16,dense,24,1,0.9797531962394714,,0.32523399591445923,0.299311101436615,0.35607296228408813,0.23565782606601715,0.801980197429657
hip_right,39717,,backbone,24,dense,24,1,0.9875596761703491,,0.5130525231361389,0.5033515691757202,0.5231348276138306,0.1929643601179123,0.8148148059844971
hip_right,51749,,backbone,16,dense,24,1,0.9778978824615479,,0.3612470328807831,0.3798919916152954,0.34434664249420166,0.15248039364814758,0.7398373484611511
hip_right,51749,,backbone,24,dense,24,1,0.9842180609703064,,0.5404067039489746,0.5031483173370361,0.5836244225502014,0.13098002970218658,0.8108974695205688
humerus_left,8256,,backbone,16,dense,24,1,0.9961123466491699,,0.10432976484298706,0.2582286596298218,0.06537038087844849,0.27674639225006104,0.25
humerus_left,8256,,backbone,24,dense,24,1,0.9980335831642151,,0.11375975608825684,0.39594143629074097,0.06642186641693115,0.274417519569397,0.3684210479259491
humerus_left,1183,,backbone,16,dense,24,1,0.9935113191604614,,0.011484583839774132,0.007501714862883091,0.02448361925780773,0.24204473197460175,0.3333333432674408
humerus_left,1183,,backbone,24,dense,24,1,0.9985576868057251,,0.21667888760566711,0.15780511498451233,0.3456238806247711,0.26732805371284485,0.8888888955116272
humerus_right,5923,,backbone,16,dense,24,1,0.9989290237426758,,0.3977200984954834,0.2851935625076294,0.6569129824638367,0.334491491317749,0.8461538553237915
humerus_right,5923,,backbone,24,dense,24,1,0.9967529773712158,,0.5674518942832947,0.48899146914482117,0.6759029030799866,0.3015366196632385,0.8620689511299133
humerus_right,10989,,backbone,16,dense,24,1,0.9992716312408447,,0.4824070632457733,0.726836621761322,0.36100414395332336,0.2580578327178955,0.5714285969734192
humerus_right,10989,,backbone,24,dense,24,1,0.9994388818740845,,0.5850390195846558,0.6959959864616394,0.5045955181121826,0.22463585436344147,0.7843137383460999
iliac_artery_left,3511,,backbone,16,dense,24,1,0.9653933048248291,,0.011868606321513653,0.009515488520264626,0.015767903998494148,0.2502417266368866,0.1785714328289032
iliac_artery_left,3511,,backbone,24,dense,24,1,0.9227648973464966,,0.11526554077863693,0.11057589948177338,0.12037057429552078,0.22126585245132446,0.3137255012989044
iliac_artery_left,3345,,backbone,16,dense,24,1,0.5137234330177307,,0.0,0.0,0.0,0.23317623138427734,0.0
iliac_artery_left,3345,,backbone,24,dense,24,1,0.4095538258552551,,0.0,0.0,0.0,0.184950053691864,0.0
iliac_artery_left,1904,,backbone,16,dense,24,1,0.9460856914520264,,0.0001056050750776194,0.03356461971998215,5.288573811412789e-05,0.223890021443367,0.05000000074505806
iliac_artery_left,1904,,backbone,24,dense,24,1,0.9567845463752747,,0.06446047872304916,0.09257082641124725,0.049445658922195435,0.2004322111606598,0.15625
iliac_artery_left,2001,,backbone,16,dense,24,1,0.9356374740600586,,0.00037078617606312037,0.12384188175201416,0.00018567104416433722,0.10507196933031082,0.05263157933950424
iliac_artery_left,2001,,backbone,24,dense,24,1,0.9629420042037964,,0.033797282725572586,0.03618796169757843,0.03170289844274521,0.08102986216545105,0.0810810849070549
iliac_artery_left,2507,,backbone,16,dense,24,1,0.9763286113739014,,0.007077707909047604,0.01746649481356144,0.004438036121428013,0.1662776917219162,0.3181818127632141
iliac_artery_left,2507,,backbone,24,dense,24,1,0.9758095741271973,,0.06417252123355865,0.1118880957365036,0.04498731717467308,0.13030250370502472,0.15217392146587372
iliac_artery_right,3598,,backbone,16,dense,24,1,0.9781800508499146,,0.02794601023197174,0.02613137848675251,0.03003147803246975,0.24075376987457275,0.5909091234207153
iliac_artery_right,3598,,backbone,24,dense,24,1,0.9586464762687683,,0.15455235540866852,0.14059653878211975,0.17158403992652893,0.21055909991264343,0.3541666865348816
iliac_artery_right,3145,,backbone,16,dense,24,1,0.8848243951797485,,0.005696353502571583,0.003936971537768841,0.010298717767000198,0.3037744164466858,0.31578946113586426
iliac_artery_right,3145,,backbone,24,dense,24,1,0.9346154928207397,,0.002666229847818613,0.0026645364705473185,0.0026679253205657005,0.2732919156551361,0.13333334028720856
iliac_artery_right,2114,,backbone,16,dense,24,1,0.9374958872795105,,0.005182174034416676,0.0062090246938169,0.004446765873581171,0.21537016332149506,0.09090909361839294
iliac_artery_right,2114,,backbone,24,dense,24,1,0.9234594702720642,,0.027975577861070633,0.03495955094695091,0.02331739291548729,0.19177936017513275,0.1794871836900711
iliac_artery_right,2131,,backbone,16,dense,24,1,0.9566946625709534,,0.007415560074150562,0.007575268857181072,0.0072624473832547665,0.1997395008802414,0.21739131212234497
iliac_artery_right,2131,,backbone,24,dense,24,1,0.9522661566734314,,0.06058916077017784,0.055771198123693466,0.06631826609373093,0.16171178221702576,0.39393940567970276
iliac_artery_right,2564,,backbone,16,dense,24,1,0.9484489560127258,,0.0,0.0,0.0,0.10720254480838776,0.0
iliac_artery_right,2564,,backbone,24,dense,24,1,0.9460715651512146,,0.010989714413881302,0.028667248785495758,0.006797850131988525,0.09865491837263107,0.025641025975346565
iliac_vena_left,5566,,backbone,16,dense,24,1,0.8972933888435364,,0.00479438342154026,0.007090392522513866,0.0036216285079717636,0.25862541794776917,0.11538462340831757
iliac_vena_left,5566,,backbone,24,dense,24,1,0.8665086627006531,,0.05428972840309143,0.07549312710762024,0.042385198175907135,0.227443128824234,0.267857164144516
iliac_vena_left,5614,,backbone,16,dense,24,1,0.7915312051773071,,0.0,0.0,0.0,0.2621724307537079,0.0
iliac_vena_left,5614,,backbone,24,dense,24,1,0.7660822868347168,,0.0002497033274266869,0.0011176522821187973,0.00014055264182388783,0.21103958785533905,0.03333333507180214
iliac_vena_left,5867,,backbone,16,dense,24,1,0.931321918964386,,0.10194765776395798,0.08060460537672043,0.1386640965938568,0.30698224902153015,0.46153849363327026
iliac_vena_left,5867,,backbone,24,dense,24,1,0.9057007431983948,,0.1786484569311142,0.1696038395166397,0.18871209025382996,0.24199682474136353,0.5593220591545105
iliac_vena_left,4741,,backbone,16,dense,24,1,0.9255715608596802,,0.0,0.0,0.0,0.03556360304355621,0.0
iliac_vena_left,4741,,backbone,24,dense,24,1,0.9248735308647156,,0.024707477539777756,0.2157185822725296,0.013104187324643135,0.014847075566649437,0.03921568766236305
iliac_vena_left,4627,,backbone,16,dense,24,1,0.9668868780136108,,0.05111483111977577,0.03198077902197838,0.12724578380584717,0.26486101746559143,0.517241358757019
iliac_vena_left,4627,,backbone,24,dense,24,1,0.9035821557044983,,0.16249945759773254,0.13578157126903534,0.202307790517807,0.2363157421350479,0.4705882668495178
iliac_vena_right,4255,,backbone,16,dense,24,1,0.964878261089325,,0.06972800195217133,0.05567285418510437,0.09327657520771027,0.23314917087554932,0.24242424964904785
iliac_vena_right,4255,,backbone,24,dense,24,1,0.9448411464691162,,0.10032007098197937,0.10869842022657394,0.09314088523387909,0.21196356415748596,0.2291666716337204
iliac_vena_right,4409,,backbone,16,dense,24,1,0.9532492160797119,,0.02465711161494255,0.015908651053905487,0.054783642292022705,0.3179100453853607,0.6666666865348816
iliac_vena_right,4409,,backbone,24,dense,24,1,0.9383147954940796,,0.022172104567289352,0.01866292580962181,0.027306539937853813,0.23612003028392792,0.3125
iliac_vena_right,4702,,backbone,16,dense,24,1,0.9147207736968994,,0.026082631200551987,0.03687352314591408,0.020177707076072693,0.26289206743240356,0.2631579041481018
iliac_vena_right,4702,,backbone,24,dense,24,1,0.9422093629837036,,0.12890568375587463,0.19848968088626862,0.09544558823108673,0.21064308285713196,0.27272728085517883
iliac_vena_right,4035,,backbone,16,dense,24,1,0.9631308913230896,,0.056993018835783005,0.06135830655694008,0.053207606077194214,0.1390874683856964,0.2222222238779068
iliac_vena_right,4035,,backbone,24,dense,24,1,0.9592107534408569,,0.11474645882844925,0.23156508803367615,0.07627013325691223,0.12733665108680725,0.1875
iliac_vena_right,4111,,backbone,16,dense,24,1,0.9817918539047241,,0.0744735524058342,0.08597296476364136,0.06568744778633118,0.18128255009651184,0.3181818127632141
iliac_vena_right,4111,,backbone,24,dense,24,1,0.9784623980522156,,0.1325448602437973,0.23099187016487122,0.09293615818023682,0.161982923746109,0.1914893537759781
iliopsoas_left,59069,,backbone,16,dense,24,1,0.9406070709228516,,0.15637053549289703,0.3721214532852173,0.098982073366642,0.14277112483978271,0.20689654350280762
iliopsoas_left,59069,,backbone,24,dense,24,1,0.936310887336731,,0.22647157311439514,0.3779575526714325,0.16167284548282623,0.12756754457950592,0.30194804072380066
iliopsoas_left,40135,,backbone,16,dense,24,1,0.8659082055091858,,0.15354673564434052,0.14195293188095093,0.16720277070999146,0.23362836241722107,0.5301204919815063
iliopsoas_left,40135,,backbone,24,dense,24,1,0.9021586179733276,,0.3548237979412079,0.2829700708389282,0.47558853030204773,0.19840671122074127,0.6130434274673462
iliopsoas_left,31102,,backbone,16,dense,24,1,0.9378243684768677,,0.27864471077919006,0.2391059845685959,0.3338504135608673,0.24824240803718567,0.6500000357627869
iliopsoas_left,31102,,backbone,24,dense,24,1,0.9217134714126587,,0.4013003408908844,0.3277529776096344,0.5174054503440857,0.17456363141536713,0.6891191601753235
iliopsoas_left,48865,,backbone,16,dense,24,1,0.9336199164390564,,0.33907487988471985,0.3368121385574341,0.3413682281970978,0.13750696182250977,0.42574256658554077
iliopsoas_left,48865,,backbone,24,dense,24,1,0.9306292533874512,,0.48783546686172485,0.4454537034034729,0.5391297936439514,0.11181245744228363,0.5744680762290955
iliopsoas_left,63638,,backbone,16,dense,24,1,0.9308974742889404,,0.4114489257335663,0.5000698566436768,0.3495098352432251,0.2240462303161621,0.5535714626312256
iliopsoas_left,63638,,backbone,24,dense,24,1,0.9359803199768066,,0.41575562953948975,0.516813337802887,0.347755491733551,0.1762097179889679,0.4776632487773895
iliopsoas_right,59035,,backbone,16,dense,24,1,0.9236288070678711,,0.16287468373775482,0.16201071441173553,0.1637478768825531,0.1466435045003891,0.38655462861061096
iliopsoas_right,59035,,backbone,24,dense,24,1,0.9343498945236206,,0.33637169003486633,0.3294680118560791,0.34357091784477234,0.12792682647705078,0.4573378562927246
iliopsoas_right,40650,,backbone,16,dense,24,1,0.9019560813903809,,0.030537612736225128,0.12961608171463013,0.017307652160525322,0.1888936311006546,0.10227273404598236
iliopsoas_right,40650,,backbone,24,dense,24,1,0.9145520925521851,,0.205908864736557,0.45200344920158386,0.13332156836986542,0.16715644299983978,0.32338306307792664
iliopsoas_right,31117,,backbone,16,dense,24,1,0.934256911277771,,0.2214803397655487,0.19370996952056885,0.25854554772377014,0.25182026624679565,0.450549453496933
iliopsoas_right,31117,,backbone,24,dense,24,1,0.9222167730331421,,0.30603256821632385,0.22743886709213257,0.4676249027252197,0.2045201063156128,0.6594594717025757
iliopsoas_right,48061,,backbone,16,dense,24,1,0.9516167640686035,,0.31588900089263916,0.2760992646217346,0.36907830834388733,0.14067478477954865,0.5681818127632141
iliopsoas_right,48061,,backbone,24,dense,24,1,0.9490468502044678,,0.39454856514930725,0.33977800607681274,0.47036993503570557,0.12454108893871307,0.5288888812065125
iliopsoas_right,63228,,backbone,16,dense,24,1,0.9099553227424622,,0.07730241119861603,0.11173030734062195,0.0590936504304409,0.1031666025519371,0.2181818187236786
iliopsoas_right,63228,,backbone,24,dense,24,1,0.9243454933166504,,0.33082377910614014,0.382050484418869,0.2917101979255676,0.09022171050310135,0.3554007112979889
inferior_vena_cava,11538,,backbone,16,dense,24,1,0.9494669437408447,,0.080531045794487,0.12117523699998856,0.06030406057834625,0.14764456450939178,0.1794871836900711
inferior_vena_cava,11538,,backbone,24,dense,24,1,0.9159626960754395,,0.24071024358272552,0.3533904254436493,0.18251460790634155,0.12042290717363358,0.21052631735801697
inferior_vena_cava,14064,,backbone,16,dense,24,1,0.7764979004859924,,0.008092204108834267,0.03412241488695145,0.004590415395796299,0.16710501909255981,0.09090909361839294
inferior_vena_cava,14064,,backbone,24,dense,24,1,0.8009718060493469,,0.12288267910480499,0.23454049229621887,0.08324986696243286,0.14940191805362701,0.28723403811454773
inferior_vena_cava,15647,,backbone,16,dense,24,1,0.8770096898078918,,0.09042589366436005,0.2882383465766907,0.05362445488572121,0.10799358040094376,0.125
inferior_vena_cava,15647,,backbone,24,dense,24,1,0.895099401473999,,0.24649716913700104,0.5091742277145386,0.1626090407371521,0.09215396642684937,0.20430107414722443
inferior_vena_cava,13536,,backbone,16,dense,24,1,0.897813081741333,,0.12171739339828491,0.2525253891944885,0.08018277585506439,0.0442122258245945,0.2142857164144516
inferior_vena_cava,13536,,backbone,24,dense,24,1,0.9134026765823364,,0.12138110399246216,0.27106374502182007,0.07819916307926178,0.042763009667396545,0.28409090638160706
inferior_vena_cava,11954,,backbone,16,dense,24,1,0.9689176082611084,,0.22615191340446472,0.24939198791980743,0.20687395334243774,0.2032594531774521,0.4444444477558136
inferior_vena_cava,11954,,backbone,24,dense,24,1,0.96425861120224,,0.24722833931446075,0.22178609669208527,0.2792642116546631,0.17376160621643066,0.5421686768531799
kidney_cyst_left,1906,,backbone,16,dense,24,1,0.955111026763916,,0.0026393099687993526,0.00204098061658442,0.0037339446134865284,0.1997566521167755,0.2222222238779068
kidney_cyst_left,1906,,backbone,24,dense,24,1,0.9644169211387634,,0.3495761752128601,0.26666513085365295,0.5073072910308838,0.21245470643043518,0.20000001788139343
kidney_cyst_left,14137,,backbone,16,dense,24,1,0.9401975274085999,,0.0,0.0,0.0,0.17980627715587616,0.0
kidney_cyst_left,14137,,backbone,24,dense,24,1,0.9962011575698853,,0.2214822918176651,0.8308642506599426,0.1277710199356079,0.18388086557388306,0.08955223858356476
kidney_cyst_right,258,,backbone,16,dense,24,1,0.9585705995559692,,0.015199773944914341,0.00951470248401165,0.03776377812027931,0.23842501640319824,0.5
kidney_cyst_right,258,,backbone,24,dense,24,1,0.915732741355896,,0.0,0.0,0.0,0.15998177230358124,0.0
kidney_cyst_right,1686,,backbone,16,dense,24,1,0.9132612347602844,,0.0,0.0,0.0,0.2337561994791031,0.0
kidney_cyst_right,1686,,backbone,24,dense,24,1,0.9351633191108704,,0.012580940499901772,0.1241319328546524,0.006626260466873646,0.20128510892391205,0.0833333358168602
kidney_left,26716,,backbone,16,dense,24,1,0.9888099431991577,,0.040665458887815475,0.18747401237487793,0.022806204855442047,0.26255038380622864,0.16981132328510284
kidney_left,26716,,backbone,24,dense,24,1,0.9879825115203857,,0.1263170838356018,0.27849081158638,0.08168340474367142,0.22376082837581635,0.14598539471626282
kidney_left,17838,,backbone,16,dense,24,1,0.872642457485199,,1.969804179680068e-05,0.00010816285794135183,1.0835689863597509e-05,0.27192947268486023,0.02777777798473835
kidney_left,17838,,backbone,24,dense,24,1,0.8916669487953186,,0.021100662648677826,0.05662054568529129,0.012966415844857693,0.2374933958053589,0.021739130839705467
kidney_left,21138,,backbone,16,dense,24,1,0.9545547366142273,,0.18712379038333893,0.11693854629993439,0.46803075075149536,0.1478210836648941,0.4444444477558136
kidney_left,21138,,backbone,24,dense,24,1,0.9725055694580078,,0.3064834773540497,0.2033938318490982,0.6214779615402222,0.15357470512390137,0.5684210658073425
kidney_left,17683,,backbone,16,dense,24,1,0.9548211097717285,,0.09695252031087875,0.062017783522605896,0.22201265394687653,0.168376162648201,0.3888888955116272
kidney_left,17683,,backbone,24,dense,24,1,0.9621700644493103,,0.23489445447921753,0.1621330827474594,0.4261322617530823,0.16122297942638397,0.40625
kidney_left,30274,,backbone,16,dense,24,1,0.9052663445472717,,0.170976459980011,0.13799524307250977,0.22467415034770966,0.2640553414821625,0.29411765933036804
kidney_left,30274,,backbone,24,dense,24,1,0.9255829453468323,,0.24311083555221558,0.2819235920906067,0.21369163691997528,0.23286521434783936,0.2967741787433624
kidney_right,27068,,backbone,16,dense,24,1,0.9877522587776184,,0.35411596298217773,0.32429173588752747,0.38998156785964966,0.26412805914878845,0.6538462042808533
kidney_right,27068,,backbone,24,dense,24,1,0.981532871723175,,0.44041210412979126,0.3633265197277069,0.5590165257453918,0.24324768781661987,0.6953125
kidney_right,25351,,backbone,16,dense,24,1,0.9891812801361084,,1.5407787941512652e-05,0.005015430506318808,7.715745596215129e-06,0.27082446217536926,0.019999999552965164
kidney_right,25351,,backbone,24,dense,24,1,0.99077969789505,,0.08424470573663712,0.4582734704017639,0.046385928988456726,0.2522267997264862,0.10833334177732468
kidney_right,24596,,backbone,16,dense,24,1,0.9193329215049744,,0.013020988553762436,0.013797508552670479,0.012327217496931553,0.12218286097049713,0.1914893537759781
kidney_right,24596,,backbone,24,dense,24,1,0.9363551735877991,,0.12379178404808044,0.10478378087282181,0.15122416615486145,0.12989577651023865,0.25
kidney_right,16229,,backbone,16,dense,24,1,0.9788262248039246,,0.20343062281608582,0.12937094271183014,0.4758163094520569,0.19587506353855133,0.6500000357627869
kidney_right,16229,,backbone,24,dense,24,1,0.9897956252098083,,0.28525468707084656,0.1911189705133438,0.5621340274810791,0.1870453953742981,0.54347825050354
kidney_right,23815,,backbone,16,dense,24,1,0.9876564145088196,,0.3172769844532013,0.2609865963459015,0.4045265018939972,0.29254090785980225,0.6078431606292725
kidney_right,23815,,backbone,24,dense,24,1,0.9742327332496643,,0.47146013379096985,0.44488441944122314,0.5014126896858215,0.2675056457519531,0.6240000128746033
liver,257662,,backbone,16,dense,24,1,0.9550442695617676,,0.6826468706130981,0.7573074102401733,0.6213864088058472,0.10944634675979614,0.5117844939231873
liver,257662,,backbone,24,dense,24,1,0.9183779954910278,,0.7126957774162292,0.7703757882118225,0.663051426410675,0.09612492471933365,0.6217870116233826
liver,180203,,backbone,16,dense,24,1,0.946869432926178,,0.6033733487129211,0.750556230545044,0.5044511556625366,0.06605935841798782,0.44052863121032715
liver,180203,,backbone,24,dense,24,1,0.9250689744949341,,0.6592157483100891,0.7884120345115662,0.5664002895355225,0.06663120537996292,0.4880382716655731
liver,219121,,backbone,16,dense,24,1,0.9436910152435303,,0.5711499452590942,0.42367133498191833,0.8761268854141235,0.09946168214082718,0.825925886631012
liver,219121,,backbone,24,dense,24,1,0.9462600350379944,,0.6066123843193054,0.4724777936935425,0.8471010327339172,0.09632717818021774,0.8061224818229675
liver,166674,,backbone,16,dense,24,1,0.9680164456367493,,0.7252097129821777,0.6696212887763977,0.7908629775047302,0.14409564435482025,0.7881773114204407
liver,166674,,backbone,24,dense,24,1,0.9506194591522217,,0.7404754757881165,0.6648744344711304,0.8354750275611877,0.1325053572654724,0.8289963006973267
liver,215355,,backbone,16,dense,24,1,0.9584729671478271,,0.5796149969100952,0.47295376658439636,0.7483938336372375,0.1411573886871338,0.8117647767066956
liver,215355,,backbone,24,dense,24,1,0.9318329691886902,,0.6743197441101074,0.5622581839561462,0.8421693444252014,0.12456962466239929,0.8288159966468811
lung_lower_lobe_left,89337,,backbone,16,dense,24,1,0.9838039875030518,,0.5073508620262146,0.4698370397090912,0.5513749718666077,0.10634233802556992,0.8508772253990173
lung_lower_lobe_left,89337,,backbone,24,dense,24,1,0.9549997448921204,,0.5917993187904358,0.6041375398635864,0.579954981803894,0.05894019082188606,0.7582781314849854
lung_lower_lobe_left,193001,,backbone,16,dense,24,1,0.9202424883842468,,0.4884811341762543,0.50069659948349,0.47684746980667114,0.07528986036777496,0.5940171480178833
lung_lower_lobe_left,193001,,backbone,24,dense,24,1,0.8548293113708496,,0.5091803073883057,0.49765434861183167,0.5212528705596924,0.032704632729291916,0.6145833730697632
lung_lower_lobe_left,117363,,backbone,16,dense,24,1,0.9416483044624329,,0.6435627937316895,0.6389763355255127,0.6482155323028564,0.048114705830812454,0.7071428894996643
lung_lower_lobe_left,117363,,backbone,24,dense,24,1,0.8300118446350098,,0.6014978289604187,0.6312710642814636,0.5744065046310425,0.022664260119199753,0.7046070694923401
lung_lower_lobe_left,183385,,backbone,16,dense,24,1,0.8957298398017883,,0.4712921679019928,0.33004093170166016,0.8239099383354187,0.09460704028606415,0.8108108043670654
lung_lower_lobe_left,183385,,backbone,24,dense,24,1,0.7919503450393677,,0.4965949058532715,0.35663339495658875,0.817375659942627,0.0512334369122982,0.8571428656578064
lung_lower_lobe_left,99580,,backbone,16,dense,24,1,0.8411162495613098,,0.445667564868927,0.5694137811660767,0.3661048412322998,0.046234142035245895,0.6068965196609497
lung_lower_lobe_left,99580,,backbone,24,dense,24,1,0.6922370791435242,,0.5336529612541199,0.5936639904975891,0.48466065526008606,0.011732659302651882,0.6183843612670898
lung_lower_lobe_right,101909,,backbone,16,dense,24,1,0.9632725119590759,,0.27701446413993835,0.36725538969039917,0.22237348556518555,0.03549318388104439,0.5447760820388794
lung_lower_lobe_right,101909,,backbone,24,dense,24,1,0.8790814876556396,,0.45391833782196045,0.5202013254165649,0.4026176333427429,0.008906187489628792,0.5994235873222351
lung_lower_lobe_right,206998,,backbone,16,dense,24,1,0.9526292681694031,,0.5495902895927429,0.5539105534553528,0.545336902141571,0.05780831351876259,0.5927419066429138
lung_lower_lobe_right,206998,,backbone,24,dense,24,1,0.880245566368103,,0.5052909255027771,0.5481660962104797,0.46863624453544617,0.024301545694470406,0.5798816680908203
lung_lower_lobe_right,138684,,backbone,16,dense,24,1,0.8993411660194397,,0.551967442035675,0.616956353187561,0.49936527013778687,0.028038721531629562,0.4523809552192688
lung_lower_lobe_right,138684,,backbone,24,dense,24,1,0.7799904346466064,,0.491756796836853,0.6720995903015137,0.3877207040786743,0.013899162411689758,0.4876404404640198
lung_lower_lobe_right,177416,,backbone,16,dense,24,1,0.8225967288017273,,0.3591931164264679,0.2686569094657898,0.5417658090591431,0.10051269084215164,0.6834862232208252
lung_lower_lobe_right,177416,,backbone,24,dense,24,1,0.7083443403244019,,0.4527202844619751,0.3451237380504608,0.657796323299408,0.058899056166410446,0.7589134573936462
lung_lower_lobe_right,121087,,backbone,16,dense,24,1,0.9504101276397705,,0.561953067779541,0.49960973858833313,0.6420736312866211,0.1073419377207756,0.7371795177459717
lung_lower_lobe_right,121087,,backbone,24,dense,24,1,0.7933422327041626,,0.5949710607528687,0.5371121168136597,0.6668002605438232,0.07073630392551422,0.7775061726570129
lung_middle_lobe_right,16736,,backbone,16,dense,24,1,0.9938250780105591,,0.03670845180749893,0.2493138313293457,0.019812824204564095,0.035235051065683365,0.21621622145175934
lung_middle_lobe_right,16736,,backbone,24,dense,24,1,0.9511491060256958,,0.16441935300827026,0.35601291060447693,0.10689321160316467,0.011208830401301384,0.2195121943950653
lung_middle_lobe_right,103742,,backbone,16,dense,24,1,0.9288963675498962,,0.5375922322273254,0.5243983864784241,0.5514670610427856,0.0790075808763504,0.7464788556098938
lung_middle_lobe_right,103742,,backbone,24,dense,24,1,0.8619169592857361,,0.5508959293365479,0.5736936926841736,0.5298407673835754,0.04518210142850876,0.6597402691841125
lung_middle_lobe_right,11025,,backbone,16,dense,24,1,0.8682902455329895,,0.07204075157642365,0.039740029722452164,0.38483482599258423,0.07118184119462967,0.6538462042808533
lung_middle_lobe_right,11025,,backbone,24,dense,24,1,0.7516872882843018,,0.13013486564159393,0.0739961490035057,0.5392423272132874,0.024920182302594185,0.9056603908538818
lung_middle_lobe_right,65537,,backbone,16,dense,24,1,0.7628680467605591,,0.1991984248161316,0.11956878751516342,0.5963551998138428,0.08052133023738861,0.875
lung_middle_lobe_right,65537,,backbone,24,dense,24,1,0.6922939419746399,,0.27421465516090393,0.16841965913772583,0.7374594807624817,0.027089284732937813,0.8840000629425049
lung_middle_lobe_right,68321,,backbone,16,dense,24,1,0.8210225105285645,,0.32482099533081055,0.4700359106063843,0.24815496802330017,0.10975021868944168,0.46808508038520813
lung_middle_lobe_right,68321,,backbone,24,dense,24,1,0.5966935753822327,,0.4153832495212555,0.5850270986557007,0.32200852036476135,0.06766091287136078,0.4801587462425232
lung_upper_lobe_left,7933,,backbone,16,dense,24,1,0.9729230999946594,,0.3417007625102997,0.2746295630931854,0.45211926102638245,0.03372097760438919,0.380952388048172
lung_upper_lobe_left,7933,,backbone,24,dense,24,1,0.8739752769470215,,0.23977883160114288,0.23460209369659424,0.24518920481204987,0.026793222874403,0.4000000059604645
lung_upper_lobe_left,203884,,backbone,16,dense,24,1,0.8447360396385193,,0.487369179725647,0.46453890204429626,0.5125594735145569,0.08069051802158356,0.55078125
lung_upper_lobe_left,203884,,backbone,24,dense,24,1,0.7841438055038452,,0.3783778250217438,0.5206511616706848,0.2971723973751068,0.04086199402809143,0.3896848261356354
lung_upper_lobe_left,5579,,backbone,16,dense,24,1,0.6281258463859558,,0.04166707396507263,0.030987316742539406,0.06357982009649277,0.008057907223701477,0.3571428656578064
lung_upper_lobe_left,5579,,backbone,24,dense,24,1,0.49333706498146057,,0.07232382893562317,0.04971018433570862,0.13268226385116577,-0.012057861313223839,0.46875
lung_upper_lobe_left,183834,,backbone,16,dense,24,1,0.9018711447715759,,0.35560142993927,0.5512675642967224,0.26244840025901794,0.09127795696258545,0.41228070855140686
lung_upper_lobe_left,183834,,backbone,24,dense,24,1,0.8175428509712219,,0.349883496761322,0.5349981784820557,0.2599412500858307,0.05006415769457817,0.4248788356781006
lung_upper_lobe_left,42326,,backbone,16,dense,24,1,0.819417417049408,,0.062397826462984085,0.41754335165023804,0.033718355000019073,0.09529804438352585,0.17142857611179352
lung_upper_lobe_left,42326,,backbone,24,dense,24,1,0.7787723541259766,,0.11120603233575821,0.5208962559700012,0.062247633934020996,0.039961736649274826,0.25824177265167236
lung_upper_lobe_right,158481,,backbone,16,dense,24,1,0.8852912783622742,,0.5446295142173767,0.5010868906974792,0.596459686756134,0.08957692980766296,0.7971014380455017
lung_upper_lobe_right,158481,,backbone,24,dense,24,1,0.8129085898399353,,0.5648534893989563,0.5131767988204956,0.6281033158302307,0.054494671523571014,0.7490636706352234
lung_upper_lobe_right,150461,,backbone,16,dense,24,1,0.9363695383071899,,0.5671077966690063,0.5807052850723267,0.5541325211524963,0.08078645169734955,0.6140350699424744
lung_upper_lobe_right,150461,,backbone,24,dense,24,1,0.8524015545845032,,0.5438305735588074,0.5919628739356995,0.5029368996620178,0.05655652657151222,0.5808383226394653
lung_upper_lobe_right,5299,,backbone,16,dense,24,1,0.9253966808319092,,0.07972578704357147,0.04452681168913841,0.3805743455886841,0.0778755471110344,0.7058823704719543
lung_upper_lobe_right,5299,,backbone,24,dense,24,1,0.7780880331993103,,0.08463757485151291,0.04809761047363281,0.35222262144088745,0.03177672624588013,0.4848484992980957
pancreas,15998,,backbone,16,dense,24,1,0.9718518257141113,,0.004042998421937227,0.007500987499952316,0.0027672729920595884,0.2504095733165741,0.0714285746216774
pancreas,15998,,backbone,24,dense,24,1,0.9405410885810852,,0.03763747587800026,0.03034353069961071,0.049547698348760605,0.2209242880344391,0.05102040618658066
pancreas,6989,,backbone,16,dense,24,1,0.9332822561264038,,0.0009373991633765399,0.014467590488493443,0.00048439219244755805,0.24389033019542694,0.03030303120613098
pancreas,6989,,backbone,24,dense,24,1,0.948314905166626,,0.026737025007605553,0.04277755692601204,0.019445456564426422,0.22696948051452637,0.09333333373069763
pancreas,10181,,backbone,16,dense,24,1,0.9607163071632385,,0.1895880401134491,0.2364078015089035,0.15824763476848602,0.11764514446258545,0.24390242993831635
pancreas,10181,,backbone,24,dense,24,1,0.9698352813720703,,0.2904335856437683,0.2288680374622345,0.3973100483417511,0.0998399630188942,0.2405063360929489
pancreas,9957,,backbone,16,dense,24,1,0.9701170325279236,,0.0,0.0,0.0,0.1535760909318924,0.0
pancreas,9957,,backbone,24,dense,24,1,0.9710620045661926,,0.004229806829243898,0.045444317162036896,0.002218131674453616,0.1269780695438385,0.025974025949835777
pancreas,10507,,backbone,16,dense,24,1,0.9494531750679016,,0.056383438408374786,0.13749442994594574,0.03546302020549774,0.13426318764686584,0.13793103396892548
pancreas,10507,,backbone,24,dense,24,1,0.9331343173980713,,0.0617024190723896,0.25394389033317566,0.035117585211992264,0.13655182719230652,0.08571428805589676
portal_vein_and_splenic_vein,5483,,backbone,16,dense,24,1,0.934346079826355,,0.08039334416389465,0.06657905131578445,0.10144107043743134,0.23609651625156403,0.1388888955116272
portal_vein_and_splenic_vein,5483,,backbone,24,dense,24,1,0.9078507423400879,,0.1417199820280075,0.18406666815280914,0.11521371454000473,0.23245586454868317,0.2054794430732727
portal_vein_and_splenic_vein,4196,,backbone,16,dense,24,1,0.8718839883804321,,0.08218857645988464,0.0704493448138237,0.09862236678600311,0.23763486742973328,0.25806450843811035
portal_vein_and_splenic_vein,4196,,backbone,24,dense,24,1,0.9263381361961365,,0.1453167200088501,0.1402280479669571,0.15078860521316528,0.24098962545394897,0.3050847351551056
portal_vein_and_splenic_vein,4382,,backbone,16,dense,24,1,0.9753468036651611,,0.08044682443141937,0.18236775696277618,0.05160566419363022,0.13034681975841522,0.22580644488334656
portal_vein_and_splenic_vein,4382,,backbone,24,dense,24,1,0.9798218607902527,,0.18035784363746643,0.16247384250164032,0.20266591012477875,0.11264540255069733,0.20000001788139343
portal_vein_and_splenic_vein,2809,,backbone,16,dense,24,1,0.9659141302108765,,0.015359876677393913,0.17491206526756287,0.008032630197703838,0.13829921185970306,0.07999999821186066
portal_vein_and_splenic_vein,2809,,backbone,24,dense,24,1,0.9740692973136902,,0.07912898808717728,0.15473203361034393,0.053156428039073944,0.14218729734420776,0.2380952388048172
portal_vein_and_splenic_vein,3885,,backbone,16,dense,24,1,0.9671798348426819,,0.0,0.0,0.0,0.17749515175819397,0.0
portal_vein_and_splenic_vein,3885,,backbone,24,dense,24,1,0.9778287410736084,,0.037110719829797745,0.1732497364282608,0.020781049504876137,0.16343966126441956,0.19607843458652496
prostate,8209,,backbone,16,dense,24,1,0.9380265474319458,,0.0,0.0,0.0,0.12499592453241348,0.0
prostate,8209,,backbone,24,dense,24,1,0.9176284074783325,,0.0,0.0,0.0,0.0844036415219307,0.0
prostate,5007,,backbone,16,dense,24,1,0.6604901552200317,,0.0,0.0,0.0,0.09628480672836304,0.0
prostate,5007,,backbone,24,dense,24,1,0.6332772970199585,,0.0,0.0,0.0,0.08505900204181671,0.0
prostate,3407,,backbone,16,dense,24,1,0.9800258278846741,,0.0387476310133934,0.08032172918319702,0.02553226612508297,0.320448637008667,0.38461539149284363
prostate,3407,,backbone,24,dense,24,1,0.9902164340019226,,0.04905638471245766,0.06270432472229004,0.040287572890520096,0.2794201970100403,0.17391304671764374
prostate,3236,,backbone,16,dense,24,1,0.9504342079162598,,0.0,0.0,0.0,0.0767996683716774,0.0
prostate,3236,,backbone,24,dense,24,1,0.9491129517555237,,0.0,0.0,0.0,0.028414800763130188,0.0
pulmonary_vein,4013,,backbone,16,dense,24,1,0.9658608436584473,,0.030571892857551575,0.017897488549351692,0.10475805401802063,0.17670424282550812,0.782608687877655
pulmonary_vein,4013,,backbone,24,dense,24,1,0.9827640056610107,,0.1596805304288864,0.11767670512199402,0.24831455945968628,0.10053746402263641,0.5636363625526428
pulmonary_vein,3,,backbone,16,dense,24,1,0.9969483613967896,,0.0,0.0,0.0,0.14054971933364868,0.0
pulmonary_vein,3,,backbone,24,dense,24,1,0.9314599633216858,,0.0,0.0,0.0,0.04768994450569153,0.0
pulmonary_vein,2549,,backbone,16,dense,24,1,0.9746649861335754,,0.18086425960063934,0.13183146715164185,0.28797081112861633,0.1611253023147583,0.5416666865348816
pulmonary_vein,2549,,backbone,24,dense,24,1,0.9920690655708313,,0.17216156423091888,0.12317001819610596,0.28586655855178833,0.09028380364179611,0.6000000238418579
pulmonary_vein,3199,,backbone,16,dense,24,1,0.9978798627853394,,0.04217078909277916,0.06789467483758926,0.030583377927541733,0.1449277251958847,0.6500000357627869
pulmonary_vein,3199,,backbone,24,dense,24,1,0.9924561381340027,,0.2363249808549881,0.33136147260665894,0.1836523562669754,0.09680860489606857,0.5641025900840759
rib_left_1,2047,,backbone,16,dense,24,1,0.9925342798233032,,0.09188922494649887,0.07775003463029861,0.11231404542922974,0.22539503872394562,0.6470588445663452
rib_left_1,2047,,backbone,24,dense,24,1,0.9961753487586975,,0.1733996570110321,0.14860236644744873,0.20813041925430298,0.20890846848487854,0.7250000238418579
rib_left_1,1942,,backbone,16,dense,24,1,0.9950816631317139,,0.050962552428245544,0.07676070183515549,0.03814318776130676,0.21133075654506683,0.6428571939468384
rib_left_1,1942,,backbone,24,dense,24,1,0.9986271262168884,,0.22025056183338165,0.2286747694015503,0.21242497861385345,0.1935463845729828,0.5945945978164673
rib_left_2,2695,,backbone,16,dense,24,1,0.9931065440177917,,0.06664799153804779,0.04806356132030487,0.10866466164588928,0.16906648874282837,0.6071428656578064
rib_left_2,2695,,backbone,24,dense,24,1,0.9929990172386169,,0.11556382477283478,0.09737566858530045,0.1421070545911789,0.15825824439525604,0.7272726893424988
rib_left_2,2342,,backbone,16,dense,24,1,0.9900188446044922,,0.08767131716012955,0.09028955549001694,0.08520064502954483,0.15818466246128082,0.5714285969734192
rib_left_2,2342,,backbone,24,dense,24,1,0.9924724698066711,,0.15638494491577148,0.1635662466287613,0.14980769157409668,0.15304522216320038,0.675000011920929
rib_left_3,3290,,backbone,16,dense,24,1,0.9751428961753845,,0.05611581727862358,0.05233737453818321,0.06048227846622467,0.1477033495903015,0.5925925970077515
rib_left_3,3290,,backbone,24,dense,24,1,0.9922395348548889,,0.09772396087646484,0.08553912490606308,0.11395683139562607,0.1298607736825943,0.40740740299224854
rib_left_3,2687,,backbone,16,dense,24,1,0.9802570343017578,,0.03482906147837639,0.03318031504750252,0.03665022552013397,0.13612881302833557,0.5
rib_left_3,2687,,backbone,24,dense,24,1,0.9859758019447327,,0.11210061609745026,0.10898780822753906,0.11539646983146667,0.1323317587375641,0.4107142984867096
rib_left_4,3376,,backbone,16,dense,24,1,0.9547739624977112,,0.06480114907026291,0.06818216294050217,0.06173959746956825,0.11958731710910797,0.6875
rib_left_4,3376,,backbone,24,dense,24,1,0.9912629127502441,,0.08965618163347244,0.09056384861469269,0.08876652270555496,0.10885436832904816,0.40625
rib_left_4,3021,,backbone,16,dense,24,1,0.8293713331222534,,0.04836004227399826,0.049068551510572433,0.04767169803380966,0.0942629799246788,0.21212121844291687
rib_left_4,3021,,backbone,24,dense,24,1,0.8338851928710938,,0.029479356482625008,0.03284808248281479,0.026737317442893982,0.08539430797100067,0.12903225421905518
rib_left_4,584,,backbone,16,dense,24,1,0.9914320111274719,,0.03436993062496185,0.027291733771562576,0.04640529677271843,0.11886509507894516,0.6666666865348816
rib_left_4,584,,backbone,24,dense,24,1,0.9935227632522583,,0.02362416498363018,0.020034080371260643,0.028781838715076447,0.0874188244342804,0.25
rib_left_5,1,,backbone,16,dense,24,1,0.9278564453125,,0.0,0.0,0.0,0.09178280830383301,0.0
rib_left_5,1,,backbone,24,dense,24,1,0.8542028665542603,,0.0,0.0,0.0,0.011428773403167725,0.0
rib_left_5,3678,,backbone,16,dense,24,1,0.8880961537361145,,0.005654375534504652,0.005355366040021181,0.005988749209791422,0.10078796744346619,0.12903225421905518
rib_left_5,3678,,backbone,24,dense,24,1,0.9374301433563232,,0.031122488901019096,0.04389503225684166,0.024107659235596657,0.08050359040498734,0.05454545468091965
rib_left_5,3119,,backbone,16,dense,24,1,0.6852632761001587,,0.0,0.0,0.0,0.05131707340478897,0.0
rib_left_5,3119,,backbone,24,dense,24,1,0.21365241706371307,,0.0,0.0,0.0,0.06778828054666519,0.0
rib_left_5,1450,,backbone,16,dense,24,1,0.9848673343658447,,0.0209380891174078,0.02909495122730732,0.016353368759155273,0.0931231826543808,0.07692307978868484
rib_left_5,1450,,backbone,24,dense,24,1,0.9741794466972351,,0.09899940341711044,0.11369878053665161,0.08766567707061768,0.07640227675437927,0.3333333432674408
rib_left_6,766,,backbone,16,dense,24,1,0.9619318842887878,,0.0014730640687048435,0.0014262429904192686,0.0015230635181069374,0.11798197776079178,0.1428571492433548
rib_left_6,766,,backbone,24,dense,24,1,0.9731552004814148,,0.009559359401464462,0.010811367072165012,0.008567232638597488,0.032262906432151794,0.0625
rib_left_6,4363,,backbone,16,dense,24,1,0.7874028086662292,,0.0,0.0,0.0,0.09761688858270645,0.0
rib_left_6,4363,,backbone,24,dense,24,1,0.7336618900299072,,0.0,0.0,0.0,0.0746062770485878,0.0
rib_left_6,353,,backbone,16,dense,24,1,0.9673413634300232,,0.002453902270644903,0.00134699372574687,0.013767573051154613,0.1723593920469284,0.6666666865348816
rib_left_6,353,,backbone,24,dense,24,1,0.783939778804779,,0.0,0.0,0.0,0.11286699771881104,0.0
rib_left_6,3723,,backbone,16,dense,24,1,0.7542911767959595,,0.0,0.0,0.0,0.07109764963388443,0.0
rib_left_6,3723,,backbone,24,dense,24,1,0.732032060623169,,0.007220476400107145,0.02981085516512394,0.004107700660824776,0.04454779997467995,0.015625
rib_left_6,2003,,backbone,16,dense,24,1,0.9931309223175049,,0.06100543588399887,0.054699525237083435,0.06895472854375839,0.09629324823617935,0.25
rib_left_6,2003,,backbone,24,dense,24,1,0.9839242100715637,,0.0199511107057333,0.022858235985040665,0.017700012773275375,0.11087244004011154,0.18918919563293457
rib_left_7,1366,,backbone,16,dense,24,1,0.989129900932312,,0.012060883454978466,0.012804769910871983,0.011398682370781898,0.10116434842348099,0.4285714626312256
rib_left_7,1366,,backbone,24,dense,24,1,0.9854602217674255,,0.050305917859077454,0.04209523648023605,0.06249571219086647,0.0747048631310463,0.29629629850387573
rib_left_7,3795,,backbone,16,dense,24,1,0.8093572854995728,,0.00036186675424687564,0.0011590562062337995,0.00021440247655846179,0.11057747155427933,0.03333333507180214
rib_left_7,3795,,backbone,24,dense,24,1,0.8470739722251892,,0.020585505291819572,0.026223013177514076,0.016943037509918213,0.06261125206947327,0.05797101557254791
rib_left_7,881,,backbone,16,dense,24,1,0.9451401233673096,,0.025527112185955048,0.026560721918940544,0.02457093447446823,0.13564014434814453,0.4285714626312256
rib_left_7,881,,backbone,24,dense,24,1,0.9245209097862244,,0.1064312681555748,0.11851225048303604,0.0965854674577713,0.10997739434242249,0.40000003576278687
rib_left_7,2512,,backbone,16,dense,24,1,0.8046858310699463,,0.0,0.0,0.0,0.09201621264219284,0.0
rib_left_7,2512,,backbone,24,dense,24,1,0.7845039963722229,,0.005986049305647612,0.0060016196221113205,0.005970560014247894,0.05912390351295471,0.0416666679084301
rib_left_7,3011,,backbone,16,dense,24,1,0.9303631782531738,,0.026341987773776054,0.025926820933818817,0.026770668104290962,0.13291409611701965,0.32258063554763794
rib_left_7,3011,,backbone,24,dense,24,1,0.9215706586837769,,0.07705357670783997,0.09154514968395233,0.0665230080485344,0.11852118372917175,0.2888889014720917
rib_left_8,1650,,backbone,16,dense,24,1,0.9439162611961365,,0.015310393646359444,0.011847388930618763,0.021634049713611603,0.05236475169658661,0.27272728085517883
rib_left_8,1650,,backbone,24,dense,24,1,0.9826552867889404,,0.01700877957046032,0.014816689305007458,0.019962120801210403,0.07307185977697372,0.40625
rib_left_8,3234,,backbone,16,dense,24,1,0.9515290856361389,,0.03495270013809204,0.02511192485690117,0.057476334273815155,0.08751443773508072,0.4642857313156128
rib_left_8,3234,,backbone,24,dense,24,1,0.963749885559082,,0.06771466135978699,0.05033507198095322,0.103425033390522,0.06748617440462112,0.6315789222717285
rib_left_8,1247,,backbone,16,dense,24,1,0.973172128200531,,0.024064162746071815,0.03236271068453789,0.019152913242578506,0.0922950804233551,0.2142857313156128
rib_left_8,1247,,backbone,24,dense,24,1,0.9473793506622314,,0.04212397709488869,0.036358609795570374,0.05006233602762222,0.044426288455724716,0.2222222238779068
rib_left_8,2298,,backbone,16,dense,24,1,0.8459386825561523,,0.014022834599018097,0.011917700991034508,0.017031215131282806,0.11833777278661728,0.1515151560306549
rib_left_8,2298,,backbone,24,dense,24,1,0.708884596824646,,0.0007554960320703685,0.0006326863076537848,0.0009374659857712686,0.08028826862573624,0.12280701845884323
rib_left_8,3603,,backbone,16,dense,24,1,0.5782932043075562,,0.019379379227757454,0.02238032966852188,0.017088061198592186,0.13302914798259735,0.29032257199287415
rib_left_8,3603,,backbone,24,dense,24,1,0.5333662629127502,,0.03621233254671097,0.08089396357536316,0.023327456787228584,0.069769486784935,0.10447760671377182
rib_left_9,2312,,backbone,16,dense,24,1,0.9504199028015137,,0.01899920031428337,0.03283974155783653,0.013366002589464188,0.10767332464456558,0.1428571492433548
rib_left_9,2312,,backbone,24,dense,24,1,0.9560360908508301,,0.05117441341280937,0.057720623910427094,0.04596179723739624,0.11195937544107437,0.24444444477558136
rib_left_9,3031,,backbone,16,dense,24,1,0.9404841661453247,,0.024992406368255615,0.0285249762237072,0.02223837561905384,0.1485190987586975,0.4166666865348816
rib_left_9,3031,,backbone,24,dense,24,1,0.9687952399253845,,0.0750366821885109,0.06522742658853531,0.08831849694252014,0.12130387872457504,0.4285714328289032
rib_left_9,2459,,backbone,16,dense,24,1,0.9778508543968201,,0.05106409639120102,0.04383621737360954,0.0611460879445076,0.10308880358934402,0.37931033968925476
rib_left_9,2459,,backbone,24,dense,24,1,0.9642723202705383,,0.09941565245389938,0.09492852538824081,0.10434802621603012,0.07390260696411133,0.3541666865348816
rib_left_9,3491,,backbone,16,dense,24,1,0.8355420231819153,,0.00914161279797554,0.010103637352585793,0.00834686029702425,0.09870296716690063,0.2857142984867096
rib_left_9,3491,,backbone,24,dense,24,1,0.836527407169342,,0.062351878732442856,0.05454116314649582,0.07277362793684006,0.06271334737539291,0.23376622796058655
rib_left_9,2754,,backbone,16,dense,24,1,0.7694655656814575,,0.01636955700814724,0.020735377445816994,0.013522419147193432,0.14077435433864594,0.1538461595773697
rib_left_9,2754,,backbone,24,dense,24,1,0.8894837498664856,,0.06497199833393097,0.0649837926030159,0.06496019661426544,0.1007789894938469,0.31481480598449707
rib_left_10,2925,,backbone,16,dense,24,1,0.5743066668510437,,0.0111955301836133,0.0174625925719738,0.008238761685788631,0.05424642562866211,0.15000000596046448
rib_left_10,2925,,backbone,24,dense,24,1,0.7599596381187439,,0.05324776843190193,0.06567847728729248,0.044773638248443604,0.0390804298222065,0.1666666716337204
rib_left_10,2202,,backbone,16,dense,24,1,0.9527890086174011,,0.04722273349761963,0.04599286988377571,0.048520177602767944,0.12737998366355896,0.42307692766189575
rib_left_10,2202,,backbone,24,dense,24,1,0.9545159935951233,,0.06055590510368347,0.05875810980796814,0.06246718019247055,0.10919749736785889,0.32500001788139343
rib_left_10,2124,,backbone,16,dense,24,1,0.8107638359069824,,0.011123918928205967,0.0374906100332737,0.006530851125717163,-0.009889591485261917,0.03703703731298447
rib_left_10,2124,,backbone,24,dense,24,1,0.8257948160171509,,0.007127884775400162,0.015227754600346088,0.004652924835681915,0.029925091192126274,0.03030303120613098
rib_left_10,2271,,backbone,16,dense,24,1,0.9664674997329712,,0.023508548736572266,0.030356336385011673,0.019181568175554276,0.11115752160549164,0.2857142984867096
rib_left_10,2271,,backbone,24,dense,24,1,0.9634869694709778,,0.06652843952178955,0.07334010303020477,0.06087454408407211,0.09270422905683517,0.20338982343673706
rib_left_10,2054,,backbone,16,dense,24,1,0.5411933064460754,,0.0045114075765013695,0.003580615157261491,0.00609611114487052,0.07764501869678497,0.125
rib_left_10,2054,,backbone,24,dense,24,1,0.7826892733573914,,0.03733082860708237,0.03435230255126953,0.040874894708395004,0.049464669078588486,0.1111111119389534
rib_left_11,1936,,backbone,16,dense,24,1,0.9587355256080627,,0.03239681199193001,0.03499943017959595,0.03015446849167347,0.15243543684482574,0.5555555820465088
rib_left_11,1936,,backbone,24,dense,24,1,0.9298315048217773,,0.09162113815546036,0.13566797971725464,0.06916544586420059,0.12221028655767441,0.3243243396282196
rib_left_11,1697,,backbone,16,dense,24,1,0.8569265604019165,,0.04228616878390312,0.0456177182495594,0.0394081212580204,0.15334220230579376,0.3888888955116272
rib_left_11,1697,,backbone,24,dense,24,1,0.928013265132904,,0.12191301584243774,0.16938753426074982,0.09522433578968048,0.12091457843780518,0.37837839126586914
rib_left_11,1118,,backbone,16,dense,24,1,0.9247486591339111,,0.011662507429718971,0.010988960042595863,0.012424012646079063,0.11018964648246765,0.1764705926179886
rib_left_11,1118,,backbone,24,dense,24,1,0.9663596749305725,,0.06332502514123917,0.06111234053969383,0.06570396572351456,0.09822090715169907,0.4516128897666931
rib_left_11,1039,,backbone,16,dense,24,1,0.9052845239639282,,0.0002785240940283984,0.0003465589543338865,0.0002328182599740103,0.08372846990823746,0.1111111119389534
rib_left_11,1039,,backbone,24,dense,24,1,0.9024529457092285,,0.057714078575372696,0.08967339992523193,0.04254955053329468,0.07465671747922897,0.20000001788139343
rib_left_11,1223,,backbone,16,dense,24,1,0.9750399589538574,,0.04325658455491066,0.03310893476009369,0.06237366423010826,0.1306195855140686,0.5
rib_left_11,1223,,backbone,24,dense,24,1,0.9673404097557068,,0.07826047390699387,0.057657640427351,0.12177406996488571,0.10771490633487701,0.6060606241226196
rib_left_12,620,,backbone,16,dense,24,1,0.9788142442703247,,0.004271084908396006,0.01354964729398489,0.0025350956711918116,0.1774592399597168,0.2222222238779068
rib_left_12,620,,backbone,24,dense,24,1,0.9750795364379883,,0.04397571086883545,0.055400773882865906,0.036457281559705734,0.13767464458942413,0.2666666805744171
rib_left_12,513,,backbone,16,dense,24,1,0.9885666966438293,,0.04059169068932533,0.040090084075927734,0.04110601171851158,0.154340922832489,0.4285714626312256
rib_left_12,513,,backbone,24,dense,24,1,0.9816465973854065,,0.07188326865434647,0.06563255190849304,0.07944992929697037,0.1378992795944214,0.3684210479259491
rib_left_12,429,,backbone,16,dense,24,1,0.930141806602478,,0.0003103662165813148,0.0007716048276051879,0.0001942501839948818,0.12829561531543732,0.1111111119389534
rib_left_12,429,,backbone,24,dense,24,1,0.8637034893035889,,0.07734720408916473,0.10530402511358261,0.061120521277189255,0.13218294084072113,0.23076924681663513
rib_left_12,486,,backbone,16,dense,24,1,0.9932924509048462,,0.054589033126831055,0.055398620665073395,0.05380277335643768,0.15362727642059326,0.375
rib_left_12,486,,backbone,24,dense,24,1,0.9951990842819214,,0.04371705651283264,0.052740052342414856,0.03733040764927864,0.15604113042354584,0.2777777910232544
rib_left_12,615,,backbone,16,dense,24,1,0.9830066561698914,,0.003237502882257104,0.011574070900678635,0.0018819631077349186,0.17961497604846954,0.10000000149011612
rib_left_12,615,,backbone,24,dense,24,1,0.9881150722503662,,0.005996148567646742,0.021622473374009132,0.003480690997093916,0.1603090912103653,0.15789473056793213
rib_right_1,2233,,backbone,16,dense,24,1,0.9962053298950195,,0.08581075072288513,0.0746297761797905,0.10093234479427338,0.24016894400119781,0.7222222089767456
rib_right_1,2233,,backbone,24,dense,24,1,0.9984316825866699,,0.19420719146728516,0.18253792822360992,0.20747032761573792,0.20498166978359222,0.7575757503509521
rib_right_1,2169,,backbone,16,dense,24,1,0.9948227405548096,,0.11595992743968964,0.1451307088136673,0.09655307978391647,0.20538781583309174,0.6000000238418579
rib_right_1,2169,,backbone,24,dense,24,1,0.9979576468467712,,0.22146405279636383,0.2366773784160614,0.20808839797973633,0.1960000991821289,0.6000000238418579
rib_right_2,2506,,backbone,16,dense,24,1,0.9911397099494934,,0.06578666716814041,0.04953255504369736,0.09791869670152664,0.17461201548576355,0.5185185074806213
rib_right_2,2506,,backbone,24,dense,24,1,0.9885360598564148,,0.08584296703338623,0.07341800630092621,0.10333013534545898,0.1655309498310089,0.5471698045730591
rib_right_2,2293,,backbone,16,dense,24,1,0.975942075252533,,0.05932274088263512,0.07592907547950745,0.04867672547698021,0.15719877183437347,0.699999988079071
rib_right_2,2293,,backbone,24,dense,24,1,0.9900638461112976,,0.12568464875221252,0.12660224735736847,0.12478024512529373,0.15668421983718872,0.5909091234207153
rib_right_3,3067,,backbone,16,dense,24,1,0.9494646787643433,,0.04470476135611534,0.03837733715772629,0.05353056639432907,0.11347998678684235,0.46875
rib_right_3,3067,,backbone,24,dense,24,1,0.9713500738143921,,0.06723721325397491,0.06989878416061401,0.0647708997130394,0.11061428487300873,0.4642857313156128
rib_right_3,2380,,backbone,16,dense,24,1,0.9382162094116211,,0.03140975907444954,0.032874200493097305,0.030070222914218903,0.09652388840913773,0.3214285969734192
rib_right_3,2380,,backbone,24,dense,24,1,0.9838941097259521,,0.037747737020254135,0.04342021048069,0.03338612616062164,0.0986921638250351,0.19999998807907104
rib_right_4,3517,,backbone,16,dense,24,1,0.8618043065071106,,0.013006261549890041,0.025420842692255974,0.008738639764487743,0.07246912270784378,0.032258063554763794
rib_right_4,3517,,backbone,24,dense,24,1,0.8864215612411499,,0.0070257349871098995,0.015673059970140457,0.004527673590928316,0.035258639603853226,0.06779661029577255
rib_right_4,3003,,backbone,16,dense,24,1,0.8698124885559082,,0.0076741804368793964,0.011061404831707478,0.005875105503946543,0.10046529024839401,0.10000000894069672
rib_right_4,3003,,backbone,24,dense,24,1,0.8728338479995728,,0.0005567879998125136,0.0017323369393125176,0.00033169955713674426,0.059724483639001846,0.016393441706895828
rib_right_4,641,,backbone,16,dense,24,1,0.9941936731338501,,0.0070876628160476685,0.004605820868164301,0.015369502827525139,0.12151379138231277,0.1428571492433548
rib_right_4,641,,backbone,24,dense,24,1,0.9921332001686096,,0.04968594014644623,0.03857085108757019,0.06980060786008835,0.0789019912481308,0.25
rib_right_5,2,,backbone,16,dense,24,1,0.9942628741264343,,0.0,0.0,0.0,0.07615852355957031,0.0
rib_right_5,2,,backbone,24,dense,24,1,0.8908059597015381,,8.514986257068813e-05,4.280822031432763e-05,0.007812480442225933,0.08027714490890503,1.0
rib_right_5,4079,,backbone,16,dense,24,1,0.915122926235199,,0.015618105418980122,0.013441788032650948,0.018635282292962074,0.08379941433668137,0.17142857611179352
rib_right_5,4079,,backbone,24,dense,24,1,0.9545132517814636,,0.009871908463537693,0.007607985753566027,0.014053977094590664,0.06526370346546173,0.1846153885126114
rib_right_5,3303,,backbone,16,dense,24,1,0.9402502179145813,,0.030272193253040314,0.02189120277762413,0.04905140399932861,0.08988645672798157,0.1785714328289032
rib_right_5,3303,,backbone,24,dense,24,1,0.9127217531204224,,0.023653307929635048,0.018090836703777313,0.03415514901280403,0.06558810919523239,0.1587301641702652
rib_right_5,1712,,backbone,16,dense,24,1,0.6903257369995117,,0.00024619995383545756,0.01183126401156187,0.00012439425336197019,0.1505826711654663,0.21052631735801697
rib_right_5,1712,,backbone,24,dense,24,1,0.7015838623046875,,0.0,0.0,0.0,0.07669219374656677,0.0
rib_right_6,812,,backbone,16,dense,24,1,0.9784885048866272,,0.00863915029913187,0.007961832918226719,0.009442420676350594,0.09057364612817764,0.2222222238779068
rib_right_6,812,,backbone,24,dense,24,1,0.9880728721618652,,0.07163357734680176,0.05587419122457504,0.09977534413337708,0.06634841114282608,0.23529411852359772
rib_right_6,4313,,backbone,16,dense,24,1,0.7640868425369263,,0.0,0.0,0.0,-0.008403070271015167,0.0
rib_right_6,4313,,backbone,24,dense,24,1,0.8162367343902588,,0.0,0.0,0.0,-0.007108345627784729,0.0
rib_right_6,582,,backbone,16,dense,24,1,0.7800549268722534,,0.023050962015986443,0.01637568324804306,0.03891335055232048,0.07307282090187073,0.375
rib_right_6,582,,backbone,24,dense,24,1,0.8594211339950562,,0.09841640293598175,0.06994619965553284,0.16597199440002441,0.05121153965592384,0.2857142984867096
rib_right_6,3180,,backbone,16,dense,24,1,0.7606308460235596,,0.024004686623811722,0.02141246385872364,0.027310993522405624,0.10335925966501236,0.18518519401550293
rib_right_6,3180,,backbone,24,dense,24,1,0.7612481713294983,,0.03915920481085777,0.046029530465602875,0.03407343104481697,0.07435296475887299,0.08771929889917374
rib_right_6,2740,,backbone,16,dense,24,1,0.8305593729019165,,0.0,0.0,0.0,0.0541892871260643,0.0
rib_right_6,2740,,backbone,24,dense,24,1,0.7449182271957397,,0.0,0.0,0.0,0.04823142662644386,0.0
rib_right_7,1364,,backbone,16,dense,24,1,0.9902856945991516,,0.001492281211540103,0.001946300733834505,0.0012100168969482183,0.07415232807397842,0.0555555559694767
rib_right_7,1364,,backbone,24,dense,24,1,0.9906480312347412,,0.07686863839626312,0.07836151868104935,0.07543157786130905,0.0663575753569603,0.3214285969734192
rib_right_7,4177,,backbone,16,dense,24,1,0.9495832324028015,,0.03791648522019386,0.037352800369262695,0.038497444242239,0.08673003315925598,0.30000001192092896
rib_right_7,4177,,backbone,24,dense,24,1,0.9594758152961731,,0.015689173713326454,0.01661515422165394,0.01486095692962408,0.05512685328722,0.2112676054239273
rib_right_7,1466,,backbone,16,dense,24,1,0.7243615984916687,,0.006171166896820068,0.010501100681722164,0.004369489382952452,0.09627343714237213,0.3636363744735718
rib_right_7,1466,,backbone,24,dense,24,1,0.7337259650230408,,0.05093837529420853,0.081031434237957,0.0371440127491951,0.07314970344305038,0.1818181872367859
rib_right_7,3240,,backbone,16,dense,24,1,0.9110746383666992,,0.015684600919485092,0.010561591945588589,0.030459105968475342,0.08533749729394913,0.30000001192092896
rib_right_7,3240,,backbone,24,dense,24,1,0.9226767420768738,,0.06595899909734726,0.04876522347331047,0.10188018530607224,0.07376378029584885,0.3965517282485962
rib_right_7,3661,,backbone,16,dense,24,1,0.8836851716041565,,0.025203170254826546,0.02235928550362587,0.028875907883048058,0.1453673094511032,0.3199999928474426
rib_right_7,3661,,backbone,24,dense,24,1,0.8141134977340698,,0.09354425966739655,0.131709024310112,0.07252810150384903,0.11560913175344467,0.2786885201931
rib_right_8,1718,,backbone,16,dense,24,1,0.8983806371688843,,0.02773398533463478,0.03304854780435562,0.023891907185316086,0.08916551619768143,0.13333334028720856
rib_right_8,1718,,backbone,24,dense,24,1,0.9118972420692444,,0.008188130334019661,0.006170099601149559,0.012167809531092644,0.06639841943979263,0.125
rib_right_8,3652,,backbone,16,dense,24,1,0.9711145162582397,,0.0419514998793602,0.035586364567279816,0.05108961835503578,0.06693106144666672,0.3214285969734192
rib_right_8,3652,,backbone,24,dense,24,1,0.9855714440345764,,0.06431183218955994,0.05356583371758461,0.08045142143964767,0.05451703444123268,0.2881355881690979
rib_right_8,1836,,backbone,16,dense,24,1,0.8905776143074036,,0.0033720785286277533,0.019374998286366463,0.0018467456102371216,0.05450646951794624,0.05000000074505806
rib_right_8,1836,,backbone,24,dense,24,1,0.9336623549461365,,0.04876123368740082,0.04688580334186554,0.05079295113682747,0.060535527765750885,0.1764705926179886
rib_right_8,2834,,backbone,16,dense,24,1,0.8454415202140808,,0.0027450420893728733,0.003117574844509363,0.0024520375300198793,0.0711897537112236,0.043478261679410934
rib_right_8,2834,,backbone,24,dense,24,1,0.8278261423110962,,0.01824113354086876,0.013782847672700882,0.026962636038661003,0.06183098256587982,0.140625
rib_right_8,3491,,backbone,16,dense,24,1,0.8786060810089111,,0.04286850243806839,0.044047415256500244,0.04175104573369026,0.11609500646591187,0.3125
rib_right_8,3491,,backbone,24,dense,24,1,0.9242891669273376,,0.09458485245704651,0.08996439725160599,0.09970560669898987,0.11172480136156082,0.2950819432735443
rib_right_9,2645,,backbone,16,dense,24,1,0.9489866495132446,,0.03097400814294815,0.033700935542583466,0.02865534834563732,0.11360079795122147,0.41379308700561523
rib_right_9,2645,,backbone,24,dense,24,1,0.9750512838363647,,0.02021847851574421,0.031048111617565155,0.014989957213401794,0.08176448941230774,0.24444444477558136
rib_right_9,3048,,backbone,16,dense,24,1,0.9808682203292847,,0.030649762600660324,0.058178309351205826,0.02080523408949375,0.1114618256688118,0.2222222238779068
rib_right_9,3048,,backbone,24,dense,24,1,0.9848297238349915,,0.1246219128370285,0.25790703296661377,0.0821613296866417,0.10880882292985916,0.14000000059604645
rib_right_9,2406,,backbone,16,dense,24,1,0.9296683669090271,,0.017038913443684578,0.04551911726593971,0.010481126606464386,0.0601164847612381,0.1538461595773697
rib_right_9,2406,,backbone,24,dense,24,1,0.9642716646194458,,0.05058620125055313,0.07287339866161346,0.03873860090970993,0.044086381793022156,0.18867924809455872
rib_right_9,2467,,backbone,16,dense,24,1,0.9066389799118042,,0.0025986656546592712,0.0016513869632035494,0.006094802636653185,0.07846774160861969,0.3333333432674408
rib_right_9,2467,,backbone,24,dense,24,1,0.9250049591064453,,0.008257273584604263,0.005856723990291357,0.01399251352995634,0.07660175114870071,0.21153846383094788
rib_right_9,2916,,backbone,16,dense,24,1,0.754675567150116,,0.011485269293189049,0.012190660461783409,0.010857045650482178,0.09896691143512726,0.21875
rib_right_9,2916,,backbone,24,dense,24,1,0.8386011719703674,,0.021665235981345177,0.028246020898222923,0.017571426928043365,0.09398578107357025,0.12962962687015533
rib_right_10,2762,,backbone,16,dense,24,1,0.9426884055137634,,0.03853506222367287,0.05250732973217964,0.03043600358068943,0.12283004820346832,0.16129031777381897
rib_right_10,2762,,backbone,24,dense,24,1,0.9726295471191406,,0.0678776279091835,0.07430875301361084,0.06247100606560707,0.10934190452098846,0.3541666865348816
rib_right_10,2337,,backbone,16,dense,24,1,0.9862478971481323,,0.0033392347395420074,0.010379206389188766,0.0019896808080375195,0.07024882733821869,0.1666666716337204
rib_right_10,2337,,backbone,24,dense,24,1,0.991365373134613,,0.03634548559784889,0.07041099667549133,0.024494711309671402,0.06439495086669922,0.22500000894069672
rib_right_10,2240,,backbone,16,dense,24,1,0.5738008618354797,,0.019399842247366905,0.024958224967122078,0.015866300091147423,-0.006538768298923969,0.19230769574642181
rib_right_10,2240,,backbone,24,dense,24,1,0.784878671169281,,0.05810593441128731,0.10144300758838654,0.04071306437253952,0.008756418712437153,0.1702127605676651
rib_right_10,1968,,backbone,16,dense,24,1,0.9251026511192322,,0.010139635764062405,0.012013033963739872,0.008771712891757488,0.09095991402864456,0.1304347813129425
rib_right_10,1968,,backbone,24,dense,24,1,0.9118897914886475,,0.062165699899196625,0.05172782018780708,0.077880859375,0.10455905646085739,0.4000000059604645
rib_right_10,2013,,backbone,16,dense,24,1,0.7497677206993103,,0.01009430829435587,0.009255903773009777,0.011099726893007755,0.12017884850502014,0.35999998450279236
rib_right_10,2013,,backbone,24,dense,24,1,0.9078892469406128,,0.04101350158452988,0.0364450104534626,0.04689149558544159,0.08902236819267273,0.3333333432674408
rib_right_11,1570,,backbone,16,dense,24,1,0.9071475267410278,,0.00904461182653904,0.013938778080046177,0.0066941650584340096,0.13605159521102905,0.15789473056793213
rib_right_11,1570,,backbone,24,dense,24,1,0.9045860767364502,,0.05394452437758446,0.07626964151859283,0.04172969609498978,0.11684983223676682,0.44117647409439087
rib_right_11,1770,,backbone,16,dense,24,1,0.9736151695251465,,0.02600744739174843,0.056431252509355545,0.016897493973374367,0.12538199126720428,0.21052631735801697
rib_right_11,1770,,backbone,24,dense,24,1,0.9622625708580017,,0.06493312120437622,0.14109759032726288,0.04216984286904335,0.0903114452958107,0.37142857909202576
rib_right_11,1263,,backbone,16,dense,24,1,0.706989049911499,,0.014017079956829548,0.03574810177087784,0.008717670105397701,0.026077277958393097,0.125
rib_right_11,1263,,backbone,24,dense,24,1,0.7794581651687622,,0.0,0.0,0.0,0.036832332611083984,0.0
rib_right_11,1170,,backbone,16,dense,24,1,0.9812859296798706,,0.013270239345729351,0.00821010209619999,0.034587688744068146,0.15221941471099854,0.3529411852359772
rib_right_11,1170,,backbone,24,dense,24,1,0.9126024842262268,,0.04276987537741661,0.03261490911245346,0.06210770457983017,0.13496021926403046,0.27586206793785095
rib_right_11,1100,,backbone,16,dense,24,1,0.9713160991668701,,0.023626180365681648,0.01708679087460041,0.038274411112070084,0.17218539118766785,0.3571428656578064
rib_right_11,1100,,backbone,24,dense,24,1,0.9714160561561584,,0.012748795561492443,0.010148260742425919,0.01714133471250534,0.1378748118877411,0.42307692766189575
rib_right_12,512,,backbone,16,dense,24,1,0.9614677429199219,,0.0004070393042638898,0.0009373368811793625,0.00025996455224230886,0.17064256966114044,0.1111111119389534
rib_right_12,512,,backbone,24,dense,24,1,0.971096932888031,,0.0710383951663971,0.11257779598236084,0.051891326904296875,0.16987936198711395,0.4000000059604645
rib_right_12,615,,backbone,16,dense,24,1,0.972628116607666,,0.02302178181707859,0.028366124257445335,0.019371986389160156,0.183129221200943,0.25
rib_right_12,615,,backbone,24,dense,24,1,0.9792667031288147,,0.06191004067659378,0.10445825010538101,0.04399136081337929,0.1784401684999466,0.4285714328289032
rib_right_12,420,,backbone,16,dense,24,1,0.9681994318962097,,0.023721817880868912,0.019961042329669,0.02922867052257061,0.1932447999715805,0.375
rib_right_12,420,,backbone,24,dense,24,1,0.938144862651825,,0.0494115985929966,0.06012025475502014,0.04194103553891182,0.16551963984966278,0.550000011920929
rib_right_12,512,,backbone,16,dense,24,1,0.9900949001312256,,0.029604323208332062,0.02254343591630459,0.04310551658272743,0.25502124428749084,0.625
rib_right_12,512,,backbone,24,dense,24,1,0.9856897592544556,,0.0348183810710907,0.02846813015639782,0.0448150634765625,0.169093519449234,0.761904776096344
rib_right_12,570,,backbone,16,dense,24,1,0.9952957630157471,,0.002120187971740961,0.0014227912761271,0.0041585443541407585,0.24773554503917694,0.2666666805744171
rib_right_12,570,,backbone,24,dense,24,1,0.9984791278839111,,0.05960778146982193,0.04527585580945015,0.0872155949473381,0.2292630672454834,0.6000000238418579
sacrum,34776,,backbone,16,dense,24,1,0.9907522797584534,,0.31404411792755127,0.39052069187164307,0.26261550188064575,0.2607238292694092,0.5348837375640869
sacrum,34776,,backbone,24,dense,24,1,0.9904906153678894,,0.428941011428833,0.5033888220787048,0.37367674708366394,0.19584238529205322,0.629807710647583
sacrum,22090,,backbone,16,dense,24,1,0.9678309559822083,,0.2921154797077179,0.21230992674827576,0.46805256605148315,0.2627416253089905,0.6875
sacrum,22090,,backbone,24,dense,24,1,0.9799476265907288,,0.4030798077583313,0.3360784947872162,0.5034483671188354,0.23731379210948944,0.8484848141670227
sacrum,25482,,backbone,16,dense,24,1,0.9727430939674377,,0.33907103538513184,0.30987608432769775,0.37433937191963196,0.20388275384902954,0.7567567825317383
sacrum,25482,,backbone,24,dense,24,1,0.9776545763015747,,0.43445029854774475,0.39804741740226746,0.47818174958229065,0.2151126265525818,0.7636363506317139
sacrum,16304,,backbone,16,dense,24,1,0.9821473956108093,,0.29590702056884766,0.3854482173919678,0.24012498557567596,0.11452825367450714,0.48076924681663513
sacrum,16304,,backbone,24,dense,24,1,0.9837037920951843,,0.4166274666786194,0.42129090428352356,0.41206613183021545,0.11636374145746231,0.6788321137428284
sacrum,22198,,backbone,16,dense,24,1,0.989136815071106,,0.3614557385444641,0.37123963236808777,0.3521742820739746,0.22634761035442352,0.6515151858329773
sacrum,22198,,backbone,24,dense,24,1,0.9935556054115295,,0.4899100661277771,0.5446745753288269,0.4451521039009094,0.19118648767471313,0.65625
scapula_left,19059,,backbone,16,dense,24,1,0.9582464694976807,,0.11473581939935684,0.17016838490962982,0.08654400706291199,0.17602582275867462,0.3802816867828369
scapula_left,19059,,backbone,24,dense,24,1,0.9689531326293945,,0.17152929306030273,0.23111307621002197,0.13637115061283112,0.1370604783296585,0.45508983731269836
scapula_left,15003,,backbone,16,dense,24,1,0.9916346669197083,,0.22379259765148163,0.2001556009054184,0.2537599205970764,0.19254107773303986,0.8548386693000793
scapula_left,15003,,backbone,24,dense,24,1,0.9952123165130615,,0.3288984000682831,0.34133702516555786,0.31733444333076477,0.20806635916233063,0.7067669630050659
scapula_left,1470,,backbone,16,dense,24,1,0.9967555403709412,,0.06468243151903152,0.05035621300339699,0.09040138125419617,0.16596853733062744,1.0
scapula_left,1470,,backbone,24,dense,24,1,0.9934849739074707,,0.20138707756996155,0.17872174084186554,0.23063616454601288,0.17941947281360626,0.75
scapula_right,18561,,backbone,16,dense,24,1,0.9708387851715088,,0.0914192721247673,0.11123455315828323,0.07759629935026169,0.1806221604347229,0.5072463750839233
scapula_right,18561,,backbone,24,dense,24,1,0.9815331101417542,,0.17459051311016083,0.21574676036834717,0.14662085473537445,0.17543452978134155,0.44654086232185364
scapula_right,18187,,backbone,16,dense,24,1,0.9819757342338562,,0.09395930171012878,0.09165981411933899,0.09637711942195892,0.21668416261672974,0.6438356041908264
scapula_right,18187,,backbone,24,dense,24,1,0.9726747870445251,,0.19338838756084442,0.2128332257270813,0.17719914019107819,0.197544127702713,0.5562500357627869
scapula_right,1609,,backbone,16,dense,24,1,0.9979535937309265,,0.08047623932361603,0.04998858645558357,0.20629224181175232,0.20004962384700775,0.8181818723678589
scapula_right,1609,,backbone,24,dense,24,1,0.9953540563583374,,0.14514373242855072,0.09919479489326477,0.27039673924446106,0.2167758047580719,0.6470588445663452
skull,72,,backbone,16,dense,24,1,0.999587893486023,,0.011429397389292717,0.011429394595324993,0.011429394595324993,0.43579837679862976,1.0
skull,72,,backbone,24,dense,24,1,0.999954879283905,,0.0965711772441864,0.0965711697936058,0.0965711697936058,0.5662239789962769,1.0
small_bowel,220437,,backbone,16,dense,24,1,0.9298458695411682,,0.2409702092409134,0.3115721344947815,0.19645395874977112,0.12832508981227875,0.6191588640213013
small_bowel,220437,,backbone,24,dense,24,1,0.8612004518508911,,0.31269240379333496,0.39656537771224976,0.2581038177013397,0.09584583342075348,0.4795539081096649
small_bowel,120292,,backbone,16,dense,24,1,0.8454024791717529,,0.04075373336672783,0.05338353291153908,0.032956648617982864,0.17197170853614807,0.2738589346408844
small_bowel,120292,,backbone,24,dense,24,1,0.8327917456626892,,0.049098894000053406,0.0738779827952385,0.03676702827215195,0.1390836089849472,0.18370606005191803
small_bowel,133594,,backbone,16,dense,24,1,0.9570843577384949,,0.09164993464946747,0.22224977612495422,0.057727646082639694,0.11826992779970169,0.18907563388347626
small_bowel,133594,,backbone,24,dense,24,1,0.9545000195503235,,0.1596408188343048,0.24591639637947083,0.11817954480648041,0.09909989684820175,0.31301480531692505
small_bowel,96562,,backbone,16,dense,24,1,0.9699830412864685,,0.13703779876232147,0.17460069060325623,0.11277568340301514,0.11524117738008499,0.22110553085803986
small_bowel,96562,,backbone,24,dense,24,1,0.9672454595565796,,0.20075756311416626,0.22877351939678192,0.17885473370552063,0.09240896999835968,0.31376519799232483
small_bowel,132659,,backbone,16,dense,24,1,0.9454179406166077,,0.060452502220869064,0.3168851137161255,0.03341340646147728,0.1429005116224289,0.19708028435707092
small_bowel,132659,,backbone,24,dense,24,1,0.9532887935638428,,0.3501433730125427,0.5647239685058594,0.2537318170070648,0.11953271180391312,0.24265842139720917
spinal_cord,11200,,backbone,16,dense,24,1,0.994820237159729,,0.1425059735774994,0.17123213410377502,0.12203346937894821,0.3466804325580597,0.7111111283302307
spinal_cord,11200,,backbone,24,dense,24,1,0.9929714798927307,,0.3416283130645752,0.34291908144950867,0.34034720063209534,0.23514744639396667,0.7441860437393188
spinal_cord,7717,,backbone,16,dense,24,1,0.9781147241592407,,0.11470320075750351,0.07827451080083847,0.21455755829811096,0.23628753423690796,0.8461538553237915
spinal_cord,7717,,backbone,24,dense,24,1,0.9730611443519592,,0.27438703179359436,0.2840750813484192,0.2653380036354065,0.17145109176635742,0.5869565606117249
spinal_cord,6983,,backbone,16,dense,24,1,0.9938490986824036,,0.17879055440425873,0.16467833518981934,0.1955481469631195,0.3252158463001251,0.7878788113594055
spinal_cord,6983,,backbone,24,dense,24,1,0.9932899475097656,,0.28230762481689453,0.25196629762649536,0.32095664739608765,0.24261263012886047,0.892307698726654
spinal_cord,7175,,backbone,16,dense,24,1,0.981737494468689,,0.19119904935359955,0.166095569729805,0.22524181008338928,0.261375367641449,0.6086956858634949
spinal_cord,7175,,backbone,24,dense,24,1,0.9793593883514404,,0.3474797308444977,0.38174647092819214,0.3188580572605133,0.18779559433460236,0.4683544337749481
spinal_cord,9704,,backbone,16,dense,24,1,0.9833839535713196,,0.15606091916561127,0.1543464958667755,0.15781386196613312,0.24463962018489838,0.7954545617103577
spinal_cord,9704,,backbone,24,dense,24,1,0.9742773771286011,,0.38327547907829285,0.42517444491386414,0.3488936722278595,0.17035262286663055,0.602150559425354
spleen,44399,,backbone,16,dense,24,1,0.9435226321220398,,0.08328334987163544,0.323135107755661,0.04780178144574165,0.15088774263858795,0.2083333283662796
spleen,44399,,backbone,24,dense,24,1,0.9190018773078918,,0.2218288779258728,0.43126899003982544,0.14931568503379822,0.11305683851242065,0.24581004679203033
spleen,33428,,backbone,16,dense,24,1,0.8847743272781372,,0.13507036864757538,0.14278237521648407,0.12814876437187195,0.09842168539762497,0.3571428656578064
spleen,33428,,backbone,24,dense,24,1,0.9066634774208069,,0.3359382152557373,0.3461850583553314,0.3262805640697479,0.08660796284675598,0.37837839126586914
spleen,60480,,backbone,16,dense,24,1,0.8689813613891602,,0.014870901592075825,0.3402971029281616,0.007601543795317411,0.0987863689661026,0.09876543283462524
spleen,60480,,backbone,24,dense,24,1,0.8706580400466919,,0.08909895271062851,0.4530942142009735,0.049407344311475754,0.06449427455663681,0.16371680796146393
spleen,20271,,backbone,16,dense,24,1,0.9346825480461121,,0.417214572429657,0.3122844099998474,0.6283431053161621,0.07750876247882843,0.40816324949264526
spleen,20271,,backbone,24,dense,24,1,0.9255648851394653,,0.4854714870452881,0.3776843547821045,0.6793511509895325,0.07373292744159698,0.6666666865348816
spleen,44234,,backbone,16,dense,24,1,0.9234609007835388,,0.17731106281280518,0.27303600311279297,0.131283700466156,0.18620702624320984,0.4868420958518982
spleen,44234,,backbone,24,dense,24,1,0.9249409437179565,,0.309429407119751,0.5846462249755859,0.21039016544818878,0.1386043280363083,0.36263737082481384
sternum,1252,,backbone,16,dense,24,1,0.9966059327125549,,0.16998820006847382,0.3324652910232544,0.11418536305427551,0.11447381973266602,0.2222222238779068
sternum,1252,,backbone,24,dense,24,1,0.9952911734580994,,0.35584592819213867,0.39717450737953186,0.3223077356815338,0.1575147658586502,0.6363636255264282
sternum,11915,,backbone,16,dense,24,1,0.9370218515396118,,0.11231648921966553,0.14730733633041382,0.09075812995433807,0.1577594131231308,0.574999988079071
sternum,11915,,backbone,24,dense,24,1,0.9617586731910706,,0.28496453166007996,0.3149227201938629,0.2602109909057617,0.1220635324716568,0.5432099103927612
sternum,20,,backbone,16,dense,24,1,0.9739150404930115,,0.0,0.0,0.0,0.1314305067062378,0.0
sternum,20,,backbone,24,dense,24,1,0.999010443687439,,0.0015306122368201613,0.0008333333535119891,0.009374997578561306,0.1980932205915451,0.5
sternum,8753,,backbone,16,dense,24,1,0.9766521453857422,,0.16847078502178192,0.14041157066822052,0.21054516732692719,0.20717626810073853,0.6875
sternum,8753,,backbone,24,dense,24,1,0.9722816944122314,,0.22454333305358887,0.19472794234752655,0.2651396691799164,0.16313661634922028,0.739130437374115
sternum,3332,,backbone,16,dense,24,1,0.9950324892997742,,0.0026077900547534227,0.19878455996513367,0.001312504056841135,0.1259780377149582,0.10000000149011612
sternum,3332,,backbone,24,dense,24,1,0.9836153388023376,,0.13426874577999115,0.36302289366722107,0.08236654102802277,0.13098864257335663,0.24137930572032928
stomach,38388,,backbone,16,dense,24,1,0.8548688292503357,,0.17285624146461487,0.12736591696739197,0.2688957452774048,0.1290896236896515,0.4556962251663208
stomach,38388,,backbone,24,dense,24,1,0.7432523369789124,,0.272908478975296,0.2205130010843277,0.35796311497688293,0.07800175994634628,0.508571445941925
stomach,38387,,backbone,16,dense,24,1,0.844551146030426,,0.2225208729505539,0.1877926141023636,0.273007869720459,0.14632678031921387,0.4583333432674408
stomach,38387,,backbone,24,dense,24,1,0.6731183528900146,,0.3273744583129883,0.2892484664916992,0.3770771622657776,0.11055058985948563,0.431693971157074
stomach,48166,,backbone,16,dense,24,1,0.9244766235351562,,0.3787524104118347,0.3115745484828949,0.4828610420227051,0.15085849165916443,0.5454545617103577
stomach,48166,,backbone,24,dense,24,1,0.8766670823097229,,0.4801383316516876,0.376559317111969,0.6623209714889526,0.11638642102479935,0.6915422677993774
stomach,58696,,backbone,16,dense,24,1,0.9103855490684509,,0.2596595287322998,0.4985749423503876,0.17554092407226562,0.14462880790233612,0.47252747416496277
stomach,58696,,backbone,24,dense,24,1,0.8307862877845764,,0.33036676049232483,0.5922460556030273,0.22907458245754242,0.10414036363363266,0.44155845046043396
stomach,85033,,backbone,16,dense,24,1,0.8823832869529724,,0.13514956831932068,0.522530198097229,0.07761170715093613,0.08745737373828888,0.203125
stomach,85033,,backbone,24,dense,24,1,0.8391736745834351,,0.23494017124176025,0.7726044654846191,0.13853327929973602,0.040540412068367004,0.20700636506080627
subclavian_artery_left,1952,,backbone,16,dense,24,1,0.9595768451690674,,0.025116007775068283,0.028856689110398293,0.02223384380340576,0.2020469307899475,0.40000003576278687
subclavian_artery_left,1952,,backbone,24,dense,24,1,0.9854778051376343,,0.07710043340921402,0.1357724666595459,0.05383601039648056,0.12584754824638367,0.15625
subclavian_artery_left,1074,,backbone,16,dense,24,1,0.9901182055473328,,0.005814237054437399,0.022421149536967278,0.0033402086701244116,0.1575886309146881,0.25
subclavian_artery_left,1074,,backbone,24,dense,24,1,0.9906719326972961,,0.037177976220846176,0.03281890228390694,0.042872365564107895,0.08883199095726013,0.3333333432674408
subclavian_artery_right,1666,,backbone,16,dense,24,1,0.9895889759063721,,0.05008191615343094,0.05918026342988014,0.043408337980508804,0.24445779621601105,0.2857142984867096
subclavian_artery_right,1666,,backbone,24,dense,24,1,0.9914417266845703,,0.11910787969827652,0.13494668900966644,0.10659654438495636,0.18355944752693176,0.5199999809265137
subclavian_artery_right,926,,backbone,16,dense,24,1,0.9926620125770569,,0.04602916166186333,0.037641558796167374,0.05922651290893555,0.1936042606830597,0.5555555820465088
subclavian_artery_right,926,,backbone,24,dense,24,1,0.9939455389976501,,0.10323568433523178,0.10587223619222641,0.10072725266218185,0.13674604892730713,0.4285714328289032
superior_vena_cava,4271,,backbone,16,dense,24,1,0.9688387513160706,,0.18463599681854248,0.17094017565250397,0.20071762800216675,0.2868455946445465,0.6666666865348816
superior_vena_cava,4271,,backbone,24,dense,24,1,0.9941959977149963,,0.15121960639953613,0.16506394743919373,0.1395178735256195,0.23213393986225128,0.4166666567325592
superior_vena_cava,1811,,backbone,16,dense,24,1,0.9957364201545715,,0.11926617473363876,0.08740970492362976,0.1876581758260727,0.16271542012691498,0.6000000238418579
superior_vena_cava,1811,,backbone,24,dense,24,1,0.9959153532981873,,0.20395730435848236,0.23807543516159058,0.17839224636554718,0.12761220335960388,0.3076923191547394
superior_vena_cava,126,,backbone,16,dense,24,1,0.9801982045173645,,0.0,0.0,0.0,0.08494460582733154,0.0
superior_vena_cava,126,,backbone,24,dense,24,1,0.9918712973594666,,0.0,0.0,0.0,0.12353727966547012,0.0
thyroid_gland,1428,,backbone,16,dense,24,1,0.9989160299301147,,0.10814179480075836,0.11392612755298615,0.10291645675897598,0.23078405857086182,0.7142857313156128
thyroid_gland,1428,,backbone,24,dense,24,1,0.9895544052124023,,0.2612916827201843,0.2966265082359314,0.23347912728786469,0.18183612823486328,0.4736842215061188
thyroid_gland,2052,,backbone,16,dense,24,1,0.9954555034637451,,0.028747163712978363,0.07607774436473846,0.017721815034747124,0.22020184993743896,0.5833333730697632
thyroid_gland,2052,,backbone,24,dense,24,1,0.9977041482925415,,0.19444216787815094,0.1996852159500122,0.1894674003124237,0.16313213109970093,0.5600000023841858
trachea,5242,,backbone,16,dense,24,1,0.9979450106620789,,0.17934104800224304,0.1344502717256546,0.26923397183418274,0.24181590974330902,0.9523809552192688
trachea,5242,,backbone,24,dense,24,1,0.9970217943191528,,0.27458930015563965,0.27642062306404114,0.2727821171283722,0.14748570322990417,0.7199999690055847
trachea,5294,,backbone,16,dense,24,1,0.9979943037033081,,0.182291179895401,0.20912231504917145,0.16156218945980072,0.18006543815135956,0.7894737124443054
trachea,5294,,backbone,24,dense,24,1,0.9979352951049805,,0.41235968470573425,0.4434659481048584,0.3853311836719513,0.10506027936935425,0.6206896305084229
urinary_bladder,68513,,backbone,16,dense,24,1,0.970104455947876,,0.318169504404068,0.4309844970703125,0.25216299295425415,0.1824350655078888,0.25555557012557983
urinary_bladder,68513,,backbone,24,dense,24,1,0.9565309882164001,,0.6258775591850281,0.8271334767341614,0.503393292427063,0.15800859034061432,0.3948497772216797
urinary_bladder,25110,,backbone,16,dense,24,1,0.9605734944343567,,0.40272295475006104,0.3272876441478729,0.5233474373817444,0.15732577443122864,0.6341463327407837
urinary_bladder,25110,,backbone,24,dense,24,1,0.9600231647491455,,0.35198748111724854,0.2516922354698181,0.5851669311523438,0.14187906682491302,0.5471698045730591
urinary_bladder,48501,,backbone,16,dense,24,1,0.9272456765174866,,0.5679977536201477,0.43431517481803894,0.8205699920654297,0.23244228959083557,0.6176470518112183
urinary_bladder,48501,,backbone,24,dense,24,1,0.9466629028320312,,0.7156283855438232,0.6544696688652039,0.7893956303596497,0.20397810637950897,0.6477273106575012
urinary_bladder,27311,,backbone,16,dense,24,1,0.9842557311058044,,0.5568602681159973,0.6389557719230652,0.4934588372707367,0.1355404108762741,0.4399999976158142
urinary_bladder,27311,,backbone,24,dense,24,1,0.977056086063385,,0.6175424456596375,0.6953687071800232,0.5553835034370422,0.1253543347120285,0.5178571939468384
urinary_bladder,69361,,backbone,16,dense,24,1,0.9556798338890076,,0.35383957624435425,0.4921918213367462,0.276201069355011,0.2661268413066864,0.569767415523529
urinary_bladder,69361,,backbone,24,dense,24,1,0.9413586258888245,,0.3785820007324219,0.4518530070781708,0.3257581293582916,0.20047836005687714,0.43697482347488403
vertebrae_C6,16,,backbone,16,dense,24,1,0.9998791217803955,,0.009259254671633244,0.009259249083697796,0.009259249083697796,0.5382561683654785,1.0
vertebrae_C6,16,,backbone,24,dense,24,1,0.9999558925628662,,0.0244140587747097,0.024414053186774254,0.024414053186774254,0.6004031896591187,1.0
vertebrae_C7,442,,backbone,16,dense,24,1,0.9997169971466064,,0.0,0.0,0.0,0.28193679451942444,0.0
vertebrae_C7,442,,backbone,24,dense,24,1,0.9997323155403137,,0.1328614205121994,0.1098661720752716,0.16803061962127686,0.3262179493904114,0.7142857313156128
vertebrae_C7,981,,backbone,16,dense,24,1,0.9947275519371033,,0.0004610218165908009,0.0007330247317440808,0.00033624988282099366,0.280276358127594,0.1428571492433548
vertebrae_C7,981,,backbone,24,dense,24,1,0.9993563294410706,,0.19795645773410797,0.2225121259689331,0.17828188836574554,0.317192018032074,0.6666666865348816
vertebrae_L1,11726,,backbone,16,dense,24,1,0.963044285774231,,0.024342810735106468,0.059274349361658096,0.015316498465836048,0.20694053173065186,0.07894736528396606
vertebrae_L1,11726,,backbone,24,dense,24,1,0.9524588584899902,,0.009737643413245678,0.019217099994421005,0.006520965602248907,0.15727759897708893,0.1111111119389534
vertebrae_L1,6566,,backbone,16,dense,24,1,0.9885280728340149,,0.10970073193311691,0.1557885706424713,0.08465635031461716,0.20170940458774567,0.47999998927116394
vertebrae_L1,6566,,backbone,24,dense,24,1,0.9949061870574951,,0.23770767450332642,0.3334837257862091,0.184670552611351,0.16300247609615326,0.2586206793785095
vertebrae_L1,7645,,backbone,16,dense,24,1,0.9882612228393555,,0.12911459803581238,0.09548475593328476,0.19931276142597198,0.19238780438899994,0.6428571939468384
vertebrae_L1,7645,,backbone,24,dense,24,1,0.9882035255432129,,0.09099414199590683,0.08580125868320465,0.09685609489679337,0.154720738530159,0.3709677457809448
vertebrae_L1,5849,,backbone,16,dense,24,1,0.9925011396408081,,0.1909669190645218,0.1535377949476242,0.25252753496170044,0.22754429280757904,0.6190476417541504
vertebrae_L1,5849,,backbone,24,dense,24,1,0.9902037382125854,,0.13821420073509216,0.1178949624300003,0.166996031999588,0.1646970510482788,0.4727272689342499
vertebrae_L1,6723,,backbone,16,dense,24,1,0.9886409044265747,,0.1871751844882965,0.17160239815711975,0.20585651695728302,0.1545620709657669,0.42307692766189575
vertebrae_L1,6723,,backbone,24,dense,24,1,0.989793062210083,,0.1360008418560028,0.11075025796890259,0.1761658936738968,0.1375342458486557,0.4615384638309479
vertebrae_L2,12484,,backbone,16,dense,24,1,0.9814442992210388,,0.029849838465452194,0.06141261011362076,0.019716579467058182,0.2504808306694031,0.17499999701976776
vertebrae_L2,12484,,backbone,24,dense,24,1,0.9609037637710571,,0.08569379895925522,0.07774841785430908,0.09544795751571655,0.18231439590454102,0.25263160467147827
vertebrae_L2,7167,,backbone,16,dense,24,1,0.9545276165008545,,0.08560892194509506,0.11254294216632843,0.06907720863819122,0.23684225976467133,0.25925925374031067
vertebrae_L2,7167,,backbone,24,dense,24,1,0.9176099896430969,,0.25668901205062866,0.2328011393547058,0.2860397398471832,0.18660016357898712,0.4464285969734192
vertebrae_L2,8574,,backbone,16,dense,24,1,0.9924188852310181,,0.0950702503323555,0.09078280627727509,0.09978273510932922,0.2196761965751648,0.4838709533214569
vertebrae_L2,8574,,backbone,24,dense,24,1,0.9918049573898315,,0.12196026742458344,0.15573251247406006,0.10022533684968948,0.16326145827770233,0.301369845867157
vertebrae_L2,6505,,backbone,16,dense,24,1,0.9894492626190186,,0.07694237679243088,0.063921719789505,0.09662448614835739,0.17397964000701904,0.40000003576278687
vertebrae_L2,6505,,backbone,24,dense,24,1,0.9926380515098572,,0.09551986306905746,0.13924354314804077,0.07269348204135895,0.1689937561750412,0.12727272510528564
vertebrae_L2,7500,,backbone,16,dense,24,1,0.985893964767456,,0.05441916361451149,0.048170123249292374,0.0625312477350235,0.17785312235355377,0.3571428656578064
vertebrae_L2,7500,,backbone,24,dense,24,1,0.9836474657058716,,0.030707772821187973,0.031953878700733185,0.02955520898103714,0.14511710405349731,0.2931034564971924
vertebrae_L3,14154,,backbone,16,dense,24,1,0.9857379198074341,,0.2130882889032364,0.17278730869293213,0.27790752053260803,0.28977593779563904,0.3695652186870575
vertebrae_L3,14154,,backbone,24,dense,24,1,0.9802975058555603,,0.2445279359817505,0.20360088348388672,0.3060486316680908,0.2308480590581894,0.509615421295166
vertebrae_L3,7877,,backbone,16,dense,24,1,0.9820691347122192,,0.05837225914001465,0.07263710349798203,0.048790521919727325,0.23205414414405823,0.39393940567970276
vertebrae_L3,7877,,backbone,24,dense,24,1,0.9810504913330078,,0.11628567427396774,0.11713190376758575,0.11545158177614212,0.18476788699626923,0.3239436447620392
vertebrae_L3,9284,,backbone,16,dense,24,1,0.9814218282699585,,0.10559756308794022,0.08906034380197525,0.12967662513256073,0.21734347939491272,0.6800000071525574
vertebrae_L3,9284,,backbone,24,dense,24,1,0.9770305752754211,,0.2117052525281906,0.2029993087053299,0.22119140625,0.1783321350812912,0.7205882668495178
vertebrae_L3,6668,,backbone,16,dense,24,1,0.9847997426986694,,0.08661996573209763,0.10210292786359787,0.07521439343690872,0.12735873460769653,0.4166666865348816
vertebrae_L3,6668,,backbone,24,dense,24,1,0.9854946732521057,,0.03829954192042351,0.03215554356575012,0.047345999628305435,0.13358399271965027,0.4313725531101227
vertebrae_L3,8018,,backbone,16,dense,24,1,0.9828861951828003,,0.06546333432197571,0.07189050316810608,0.060091063380241394,0.21724830567836761,0.1764705926179886
vertebrae_L3,8018,,backbone,24,dense,24,1,0.9708051681518555,,0.05430727079510689,0.04905683919787407,0.060816287994384766,0.13503338396549225,0.2647058963775635
vertebrae_L4,14229,,backbone,16,dense,24,1,0.9899197220802307,,0.10435084253549576,0.1045902743935585,0.10411249101161957,0.3238464891910553,0.28205129504203796
vertebrae_L4,14229,,backbone,24,dense,24,1,0.980690598487854,,0.06317950040102005,0.08317232877016068,0.05093567073345184,0.22419823706150055,0.25961539149284363
vertebrae_L4,7927,,backbone,16,dense,24,1,0.9622471928596497,,0.027097024023532867,0.045267071574926376,0.019335728138685226,0.2763999104499817,0.3076923191547394
vertebrae_L4,7927,,backbone,24,dense,24,1,0.9641381502151489,,0.0018071632366627455,0.003445345675572753,0.0012247993145138025,0.2132589966058731,0.0625
vertebrae_L4,8840,,backbone,16,dense,24,1,0.9697909355163574,,0.08051189035177231,0.09196511656045914,0.07159546762704849,0.35458865761756897,0.22580644488334656
vertebrae_L4,8840,,backbone,24,dense,24,1,0.922226071357727,,0.042623743414878845,0.0517180934548378,0.036249469965696335,0.2650321424007416,0.26153847575187683
vertebrae_L4,7085,,backbone,16,dense,24,1,0.9792948961257935,,0.0026158480904996395,0.021024184301495552,0.0013946882681921124,0.156978577375412,0.11999999731779099
vertebrae_L4,7085,,backbone,24,dense,24,1,0.9821174144744873,,0.1585361361503601,0.16423240303993225,0.1532217562198639,0.13200707733631134,0.35384616255760193
vertebrae_L4,7974,,backbone,16,dense,24,1,0.9909675121307373,,0.09181888401508331,0.06985827535390854,0.1339169442653656,0.1996670812368393,0.4333333671092987
vertebrae_L4,7974,,backbone,24,dense,24,1,0.9828455448150635,,0.16145753860473633,0.1297040581703186,0.2137986123561859,0.14943048357963562,0.5081967115402222
vertebrae_L5,13773,,backbone,16,dense,24,1,0.9840224981307983,,0.12113313376903534,0.18598878383636475,0.08981423825025558,0.24938631057739258,0.3636363744735718
vertebrae_L5,13773,,backbone,24,dense,24,1,0.9723895192146301,,0.14921356737613678,0.14975371956825256,0.1486773043870926,0.19900600612163544,0.5050504803657532
vertebrae_L5,7896,,backbone,16,dense,24,1,0.9564618468284607,,0.021536052227020264,0.04224686697125435,0.014451466500759125,0.3260653018951416,0.3571428656578064
vertebrae_L5,7896,,backbone,24,dense,24,1,0.9669414758682251,,0.03964871168136597,0.06414290517568588,0.028692089021205902,0.2527877390384674,0.37288135290145874
vertebrae_L5,8421,,backbone,16,dense,24,1,0.9388691186904907,,0.09393014758825302,0.08287327736616135,0.1083916649222374,0.2947871685028076,0.7407407760620117
vertebrae_L5,8421,,backbone,24,dense,24,1,0.8689485192298889,,0.21166358888149261,0.23260413110256195,0.19418205320835114,0.21095657348632812,0.609375
vertebrae_L5,6684,,backbone,16,dense,24,1,0.9943796992301941,,0.20950168371200562,0.16569744050502777,0.28478938341140747,0.275328665971756,0.6153846383094788
vertebrae_L5,6684,,backbone,24,dense,24,1,0.9854128956794739,,0.2895258069038391,0.2619619369506836,0.32357239723205566,0.21004405617713928,0.6779661178588867
vertebrae_L5,8115,,backbone,16,dense,24,1,0.986412525177002,,0.301710844039917,0.26767876744270325,0.3456568717956543,0.31526240706443787,0.6764705777168274
vertebrae_L5,8115,,backbone,24,dense,24,1,0.9891583323478699,,0.20738764107227325,0.216326043009758,0.19915857911109924,0.22437304258346558,0.4153846204280853
vertebrae_S1,10259,,backbone,16,dense,24,1,0.9868768453598022,,0.20657916367053986,0.22895941138267517,0.18818458914756775,0.3666212260723114,0.6071428656578064
vertebrae_S1,10259,,backbone,24,dense,24,1,0.995010495185852,,0.4075862765312195,0.44718241691589355,0.37443190813064575,0.2727241516113281,0.5507246255874634
vertebrae_S1,4610,,backbone,16,dense,24,1,0.9733940958976746,,0.031754136085510254,0.03477540984749794,0.029215870425105095,0.35669779777526855,0.5263158082962036
vertebrae_S1,4610,,backbone,24,dense,24,1,0.9877701997756958,,0.07672806084156036,0.11453033983707428,0.05768751725554466,0.26977095007896423,0.3181818127632141
vertebrae_S1,6733,,backbone,16,dense,24,1,0.9959061741828918,,0.061726223677396774,0.12742507457733154,0.04072757437825203,0.33873072266578674,0.4444444477558136
vertebrae_S1,6733,,backbone,24,dense,24,1,0.9874802231788635,,0.38350626826286316,0.41177254915237427,0.3588714301586151,0.2737271189689636,0.6153846383094788
vertebrae_S1,4358,,backbone,16,dense,24,1,0.9850256443023682,,0.26782581210136414,0.31865251064300537,0.23098285496234894,0.18352454900741577,0.1875
vertebrae_S1,4358,,backbone,24,dense,24,1,0.989238977432251,,0.4886130094528198,0.4453047513961792,0.5412527322769165,0.1625964492559433,0.574999988079071
vertebrae_S1,5641,,backbone,16,dense,24,1,0.9978310465812683,,0.4279174208641052,0.35748839378356934,0.5329054594039917,0.2358751744031906,0.45000001788139343
vertebrae_S1,5641,,backbone,24,dense,24,1,0.993146538734436,,0.4521194398403168,0.4619026780128479,0.4427420198917389,0.1687725931406021,0.5581395626068115
vertebrae_T1,3328,,backbone,16,dense,24,1,0.9949283599853516,,0.21656472980976105,0.25151118636131287,0.190144881606102,0.31423458456993103,0.7692307829856873
vertebrae_T1,3328,,backbone,24,dense,24,1,0.9931172728538513,,0.2594947814941406,0.3317115008831024,0.21310073137283325,0.24397417902946472,0.4838709533214569
vertebrae_T1,3414,,backbone,16,dense,24,1,0.997292160987854,,0.23027187585830688,0.227990984916687,0.23259887099266052,0.25818005204200745,0.7333333492279053
vertebrae_T1,3414,,backbone,24,dense,24,1,0.997809112071991,,0.24989300966262817,0.22355200350284576,0.28327062726020813,0.225889652967453,0.7333333492279053
vertebrae_T2,3835,,backbone,16,dense,24,1,0.9941051006317139,,0.14354389905929565,0.12383273988962173,0.17071807384490967,0.2871875464916229,0.75
vertebrae_T2,3835,,backbone,24,dense,24,1,0.9938389658927917,,0.2396557480096817,0.26285305619239807,0.22022083401679993,0.22826321423053741,0.5319148898124695
vertebrae_T2,3253,,backbone,16,dense,24,1,0.9977980852127075,,0.06505070626735687,0.05203936621546745,0.08673760294914246,0.2318432629108429,0.5555555820465088
vertebrae_T2,3253,,backbone,24,dense,24,1,0.9948326349258423,,0.19284100830554962,0.16157545149326324,0.2391098141670227,0.1981259435415268,0.5128205418586731
vertebrae_T3,3834,,backbone,16,dense,24,1,0.990809977054596,,0.11848591268062592,0.08431608974933624,0.1992226094007492,0.2728802561759949,0.7368420958518982
vertebrae_T3,3834,,backbone,24,dense,24,1,0.9893918633460999,,0.10967952013015747,0.10010469704866409,0.12127968668937683,0.22697676718235016,0.5
vertebrae_T3,3127,,backbone,16,dense,24,1,0.9944179058074951,,0.08666057139635086,0.08855518698692322,0.08484531939029694,0.15106455981731415,0.40909093618392944
vertebrae_T3,3127,,backbone,24,dense,24,1,0.9946928024291992,,0.04007980227470398,0.03751961141824722,0.04301496967673302,0.17044739425182343,0.38461539149284363
vertebrae_T4,3877,,backbone,16,dense,24,1,0.9874592423439026,,0.10570713877677917,0.08055952936410904,0.1536802500486374,0.27275916934013367,0.8235294222831726
vertebrae_T4,3877,,backbone,24,dense,24,1,0.9892910122871399,,0.027239371091127396,0.020991390570998192,0.03878290578722954,0.20808808505535126,0.32500001788139343
vertebrae_T4,2957,,backbone,16,dense,24,1,0.9967533349990845,,0.1370462030172348,0.17505453526973724,0.1125984862446785,0.202567920088768,0.375
vertebrae_T4,2957,,backbone,24,dense,24,1,0.9935363531112671,,0.08029045164585114,0.09813714027404785,0.0679359883069992,0.19290600717067719,0.3333333432674408
vertebrae_T5,4201,,backbone,16,dense,24,1,0.9733211994171143,,0.044404055923223495,0.09652131795883179,0.028834624215960503,0.2604671120643616,0.30434784293174744
vertebrae_T5,4201,,backbone,24,dense,24,1,0.9645134806632996,,0.022222967818379402,0.022932032123208046,0.021556437015533447,0.1920313835144043,0.2380952388048172
vertebrae_T5,2777,,backbone,16,dense,24,1,0.9920649528503418,,0.025046702474355698,0.052451420575380325,0.01645127311348915,0.17232923209667206,0.11764705926179886
vertebrae_T5,2777,,backbone,24,dense,24,1,0.9914354681968689,,0.04178590327501297,0.06063248962163925,0.031877364963293076,0.18107931315898895,0.2777777910232544
vertebrae_T6,4284,,backbone,16,dense,24,1,0.9579023122787476,,0.0,0.0,0.0,0.20164932310581207,0.0
vertebrae_T6,4284,,backbone,24,dense,24,1,0.9492161273956299,,0.02808995544910431,0.02880667708814144,0.02740803360939026,0.18012171983718872,0.12765957415103912
vertebrae_T6,2948,,backbone,16,dense,24,1,0.9898199439048767,,0.09848767518997192,0.09966788440942764,0.0973351001739502,0.1765749156475067,0.3125
vertebrae_T6,2948,,backbone,24,dense,24,1,0.9863802790641785,,0.11029660701751709,0.12828244268894196,0.09673401713371277,0.15012522041797638,0.2682926654815674
vertebrae_T7,4607,,backbone,16,dense,24,1,0.9750826358795166,,0.01687328889966011,0.04926397651433945,0.010180010460317135,0.23684252798557281,0.1111111119389534
vertebrae_T7,4607,,backbone,24,dense,24,1,0.9653681516647339,,0.004655830562114716,0.007092333864420652,0.0034653448965400457,0.19357140362262726,0.04878048598766327
vertebrae_T7,3303,,backbone,16,dense,24,1,0.9882411956787109,,0.0,0.0,0.0,0.1669742614030838,0.0
vertebrae_T7,3303,,backbone,24,dense,24,1,0.9900770783424377,,0.029197385534644127,0.04578852653503418,0.02143174782395363,0.11699077486991882,0.1764705926179886
vertebrae_T7,514,,backbone,16,dense,24,1,0.9917211532592773,,0.09380209445953369,0.12517096102237701,0.0750051736831665,0.10648144781589508,0.125
vertebrae_T7,514,,backbone,24,dense,24,1,0.9854533672332764,,0.014085871167480946,0.012561332434415817,0.01603158377110958,0.07258830964565277,0.20000001788139343
vertebrae_T8,3,,backbone,16,dense,24,1,0.9244385957717896,,0.0,0.0,0.0,0.07011544704437256,0.0
vertebrae_T8,3,,backbone,24,dense,24,1,0.9591412544250488,,0.0,0.0,0.0,0.07269735634326935,0.0
vertebrae_T8,4703,,backbone,16,dense,24,1,0.7050156593322754,,2.3157794203143567e-05,0.0005847951397299767,1.1812790035037324e-05,0.2539340555667877,0.10000000149011612
vertebrae_T8,4703,,backbone,24,dense,24,1,0.8967528343200684,,0.0,0.0,0.0,0.21816487610340118,0.0
vertebrae_T8,21,,backbone,16,dense,24,1,0.9826151132583618,,0.0,0.0,0.0,0.1873304396867752,0.0
vertebrae_T8,21,,backbone,24,dense,24,1,0.9846296310424805,,0.0,0.0,0.0,0.21263179183006287,0.0
vertebrae_T8,3393,,backbone,16,dense,24,1,0.7449087500572205,,0.0,0.0,0.0,0.14394862949848175,0.0
vertebrae_T8,3393,,backbone,24,dense,24,1,0.811318576335907,,0.0,0.0,0.0,0.08869660645723343,0.0
vertebrae_T8,5181,,backbone,16,dense,24,1,0.8638819456100464,,0.0,0.0,0.0,0.1737651824951172,0.0
vertebrae_T8,5181,,backbone,24,dense,24,1,0.961775004863739,,0.0,0.0,0.0,0.12221439182758331,0.0
vertebrae_T9,293,,backbone,16,dense,24,1,0.9711421132087708,,0.0,0.0,0.0,0.1256188303232193,0.0
vertebrae_T9,293,,backbone,24,dense,24,1,0.9461120367050171,,0.0,0.0,0.0,0.09126179665327072,0.0
vertebrae_T9,4905,,backbone,16,dense,24,1,0.9602243304252625,,0.035574235022068024,0.02031664177775383,0.14286264777183533,0.22772806882858276,0.3684210479259491
vertebrae_T9,4905,,backbone,24,dense,24,1,0.9788286089897156,,0.0906948670744896,0.06286706030368805,0.16272377967834473,0.22559000551700592,0.38461539149284363
vertebrae_T9,3607,,backbone,16,dense,24,1,0.9938258528709412,,0.11224692314863205,0.08152657002210617,0.1801178753376007,0.15817293524742126,0.2857142984867096
vertebrae_T9,3607,,backbone,24,dense,24,1,0.9857448935508728,,0.2624461352825165,0.2561759650707245,0.26903092861175537,0.1413664072751999,0.30000001192092896
vertebrae_T9,3799,,backbone,16,dense,24,1,0.9540246725082397,,0.07417546212673187,0.04502376168966293,0.21041113138198853,0.20425957441329956,0.7058823704719543
vertebrae_T9,3799,,backbone,24,dense,24,1,0.9517861008644104,,0.07385332137346268,0.05547298491001129,0.11044950038194656,0.15155334770679474,0.42500001192092896
vertebrae_T9,5728,,backbone,16,dense,24,1,0.891236424446106,,0.0010909184347838163,0.004629629664123058,0.0006183077348396182,0.16989834606647491,0.05263157933950424
vertebrae_T9,5728,,backbone,24,dense,24,1,0.9414141774177551,,0.00090366555377841,0.007762844208627939,0.0004797567962668836,0.11561192572116852,0.06521739065647125
vertebrae_T10,8854,,backbone,16,dense,24,1,0.9660898447036743,,0.03482862561941147,0.07722281664609909,0.022484799847006798,0.12492594122886658,0.32258063554763794
vertebrae_T10,8854,,backbone,24,dense,24,1,0.9495691061019897,,0.13323093950748444,0.1983584463596344,0.10029938817024231,0.138877272605896,0.3272727131843567
vertebrae_T10,5269,,backbone,16,dense,24,1,0.8543961048126221,,0.152458056807518,0.13092748820781708,0.18246355652809143,0.13291500508785248,0.43478262424468994
vertebrae_T10,5269,,backbone,24,dense,24,1,0.8466390371322632,,0.13539151847362518,0.18596133589744568,0.10644512623548508,0.11572705209255219,0.25925925374031067
vertebrae_T10,6779,,backbone,16,dense,24,1,0.9920116662979126,,0.06102266535162926,0.05956137552857399,0.06255745142698288,0.21571294963359833,0.20000001788139343
vertebrae_T10,6779,,backbone,24,dense,24,1,0.9919692277908325,,0.03531662002205849,0.037992212921381,0.03299308940768242,0.1966872662305832,0.21153846383094788
vertebrae_T10,4326,,backbone,16,dense,24,1,0.98996901512146,,0.012762181460857391,0.0074621825478971004,0.044045157730579376,0.25300151109695435,0.6315789222717285
vertebrae_T10,4326,,backbone,24,dense,24,1,0.9883999228477478,,0.023762239143252373,0.014322236180305481,0.06970751285552979,0.21530559659004211,0.46341460943222046
vertebrae_T10,5542,,backbone,16,dense,24,1,0.993311882019043,,0.04699907824397087,0.04589582979679108,0.04815667122602463,0.20695103704929352,0.47826087474823
vertebrae_T10,5542,,backbone,24,dense,24,1,0.9879251718521118,,0.041953135281801224,0.03387627378106117,0.055087145417928696,0.17202988266944885,0.3636363446712494
vertebrae_T11,11480,,backbone,16,dense,24,1,0.9720888733863831,,0.10704207420349121,0.18441613018512726,0.07540499418973923,0.16758297383785248,0.41025641560554504
vertebrae_T11,11480,,backbone,24,dense,24,1,0.9517675638198853,,0.05602148547768593,0.11116649955511093,0.03744606673717499,0.1386641263961792,0.1818181872367859
vertebrae_T11,5407,,backbone,16,dense,24,1,0.9764147400856018,,0.1658407598733902,0.12736432254314423,0.23762740194797516,0.22003184258937836,0.3913043439388275
vertebrae_T11,5407,,backbone,24,dense,24,1,0.9642981886863708,,0.11889182776212692,0.08025948703289032,0.2292301207780838,0.20231974124908447,0.5609756112098694
vertebrae_T11,6678,,backbone,16,dense,24,1,0.991793155670166,,0.058007463812828064,0.20147649943828583,0.03388111665844917,0.13486403226852417,0.40909093618392944
vertebrae_T11,6678,,backbone,24,dense,24,1,0.9923620223999023,,0.047835156321525574,0.10330206155776978,0.031123653054237366,0.1217055469751358,0.09999999403953552
vertebrae_T11,4509,,backbone,16,dense,24,1,0.9939042925834656,,0.11807390302419662,0.06888408213853836,0.4129836857318878,0.2069176286458969,0.7777777910232544
vertebrae_T11,4509,,backbone,24,dense,24,1,0.9835560321807861,,0.172000914812088,0.1099165827035904,0.39525115489959717,0.17510861158370972,0.8444444537162781
vertebrae_T11,5676,,backbone,16,dense,24,1,0.9928958415985107,,0.06382245570421219,0.08058849722146988,0.05283118784427643,0.20185315608978271,0.47826087474823
vertebrae_T11,5676,,backbone,24,dense,24,1,0.9881075620651245,,0.015178768895566463,0.04615459963679314,0.009082925505936146,0.17136481404304504,0.17777778208255768
vertebrae_T12,12039,,backbone,16,dense,24,1,0.9863123893737793,,0.06051357835531235,0.10237349569797516,0.04295111820101738,0.15540023148059845,0.24242424964904785
vertebrae_T12,12039,,backbone,24,dense,24,1,0.9860554933547974,,0.21175922453403473,0.21477116644382477,0.2088305801153183,0.12361156940460205,0.395061731338501
vertebrae_T12,5891,,backbone,16,dense,24,1,0.9828081727027893,,0.042523398995399475,0.06914115697145462,0.03070332296192646,0.2494196742773056,0.380952388048172
vertebrae_T12,5891,,backbone,24,dense,24,1,0.9649366736412048,,0.03263939172029495,0.04190227389335632,0.02673039399087429,0.21844600141048431,0.12195121496915817
vertebrae_T12,6773,,backbone,16,dense,24,1,0.9922234416007996,,0.019316188991069794,0.040704261511564255,0.01266261376440525,0.16673095524311066,0.21739131212234497
vertebrae_T12,6773,,backbone,24,dense,24,1,0.9850872755050659,,0.07156245410442352,0.09647400677204132,0.05687593296170235,0.14339004456996918,0.21568627655506134
vertebrae_T12,4867,,backbone,16,dense,24,1,0.9966972470283508,,0.09061994403600693,0.0769534781575203,0.11018878221511841,0.3026680648326874,0.8000000715255737
vertebrae_T12,4867,,backbone,24,dense,24,1,0.9915049076080322,,0.03509252518415451,0.037277702242136,0.0331493504345417,0.19524523615837097,0.17499999701976776
vertebrae_T12,5982,,backbone,16,dense,24,1,0.981600284576416,,0.18512609601020813,0.19743278622627258,0.17426364123821259,0.2172180861234665,0.6190476417541504
vertebrae_T12,5982,,backbone,24,dense,24,1,0.9901986122131348,,0.12583985924720764,0.1629696488380432,0.10248943418264389,0.13218559324741364,0.25531914830207825
