dataset,sample_idx,label_value,dice_native,dice_ds,morphology,task_id,subject_index,fg_frac,ctx_dice,thinness,tortuosity,branching_density,region_size,boundary_complexity,scattered_count,scattered_clustering,task_ambiguity,boundary_amp_scale,boundary_sigma_frac,boundary_keep_largest,position_jitter,support_query_shift,support_query_translate,support_query_scale,foreground_contrast,texture_heterogeneity,noise_level,context_copy_fraction,context_consistency,task_ambiguity_intensity,axis_identification,axis_segmentation
synth/blob/amb0.35,0,1,0.0,0.0,blob,5,0,0.022705078125,0.041001771887143455,0.7315319735106205,0.39105648341236554,0.7398163795664744,0.6093052567025883,0.3399029114737168,10.0,0.38886569611324295,0.3855470664217301,0.5,0.4,1.0,0.15,0.5,0.05,0.45,0.15,0.75,0.85,0.0,0.9,0.6,0.3855470664217301,0.5192565888652336
synth/blob/amb0.35,1,1,0.41811174154281616,0.41811174154281616,blob,5,1,0.031982421875,0.38420783681795,0.7315319735106205,0.39105648341236554,0.7398163795664744,0.6093052567025883,0.3399029114737168,10.0,0.38886569611324295,0.3855470664217301,0.5,0.4,1.0,0.15,0.5,0.05,0.45,0.15,0.75,0.85,0.0,0.9,0.6,0.3855470664217301,0.5192565888652336
synth/blob/amb0.35,2,1,0.5400593280792236,0.5400593280792236,blob,5,2,0.02496337890625,0.11111111442248027,0.7315319735106205,0.39105648341236554,0.7398163795664744,0.6093052567025883,0.3399029114737168,10.0,0.38886569611324295,0.3855470664217301,0.5,0.4,1.0,0.15,0.5,0.05,0.45,0.15,0.75,0.85,0.0,0.9,0.6,0.3855470664217301,0.5192565888652336
synth/blob/amb0.35,3,1,0.6045519113540649,0.6045519113540649,blob,5,3,0.047119140625,0.33382079377770424,0.7315319735106205,0.39105648341236554,0.7398163795664744,0.6093052567025883,0.3399029114737168,10.0,0.38886569611324295,0.3855470664217301,0.5,0.4,1.0,0.15,0.5,0.05,0.45,0.15,0.75,0.85,0.0,0.9,0.6,0.3855470664217301,0.5192565888652336
synth/annular/amb0.75,4,1,0.1184210553765297,0.1184210553765297,annular,7,0,0.00372314453125,0.03431372592846552,0.4038402551319717,0.8901974366047858,0.8294205103144872,0.22434641890843798,0.6572726774922104,7.0,0.2793269574377317,0.7480694959254321,0.5,0.4,1.0,0.15,0.5,0.05,0.45,0.15,0.75,0.85,0.0,0.9,0.6,0.7480694959254321,0.6831322394042504
synth/annular/amb0.75,5,1,0.0042553190141916275,0.0042553190141916275,annular,7,1,0.01177978515625,0.19066280126571655,0.4038402551319717,0.8901974366047858,0.8294205103144872,0.22434641890843798,0.6572726774922104,7.0,0.2793269574377317,0.7480694959254321,0.5,0.4,1.0,0.15,0.5,0.05,0.45,0.15,0.75,0.85,0.0,0.9,0.6,0.7480694959254321,0.6831322394042504
synth/annular/amb0.75,6,1,0.0,0.0,annular,7,2,0.00335693359375,0.2712042344113191,0.4038402551319717,0.8901974366047858,0.8294205103144872,0.22434641890843798,0.6572726774922104,7.0,0.2793269574377317,0.7480694959254321,0.5,0.4,1.0,0.15,0.5,0.05,0.45,0.15,0.75,0.85,0.0,0.9,0.6,0.7480694959254321,0.6831322394042504
synth/annular/amb0.75,7,1,0.145454540848732,0.145454540848732,annular,7,3,0.00189208984375,0.19405802339315414,0.4038402551319717,0.8901974366047858,0.8294205103144872,0.22434641890843798,0.6572726774922104,7.0,0.2793269574377317,0.7480694959254321,0.5,0.4,1.0,0.15,0.5,0.05,0.45,0.15,0.75,0.85,0.0,0.9,0.6,0.7480694959254321,0.6831322394042504
synth/annular/amb0.55,8,1,0.4686468541622162,0.4686468541622162,annular,89,0,0.03582763671875,0.20817047357559204,0.420335982352051,0.669904972046494,0.6984050648053901,0.4038251489608462,0.6915773200192371,6.0,0.07519079211240931,0.5264687572040164,0.5,0.4,1.0,0.15,0.5,0.05,0.45,0.15,0.75,0.85,0.0,0.9,0.6,0.5264687572040164,0.6753646749364972
synth/annular/amb0.55,9,1,0.10847457498311996,0.10847457498311996,annular,89,1,0.02777099609375,0.1528951476017634,0.420335982352051,0.669904972046494,0.6984050648053901,0.4038251489608462,0.6915773200192371,6.0,0.07519079211240931,0.5264687572040164,0.5,0.4,1.0,0.15,0.5,0.05,0.45,0.15,0.75,0.85,0.0,0.9,0.6,0.5264687572040164,0.6753646749364972
synth/annular/amb0.55,10,1,0.40860214829444885,0.40860214829444885,annular,89,2,0.01080322265625,0.06828559190034866,0.420335982352051,0.669904972046494,0.6984050648053901,0.4038251489608462,0.6915773200192371,6.0,0.07519079211240931,0.5264687572040164,0.5,0.4,1.0,0.15,0.5,0.05,0.45,0.15,0.75,0.85,0.0,0.9,0.6,0.5264687572040164,0.6753646749364972
synth/annular/amb0.55,11,1,0.46453407406806946,0.46453407406806946,annular,89,3,0.01153564453125,0.2385124464829763,0.420335982352051,0.669904972046494,0.6984050648053901,0.4038251489608462,0.6915773200192371,6.0,0.07519079211240931,0.5264687572040164,0.5,0.4,1.0,0.15,0.5,0.05,0.45,0.15,0.75,0.85,0.0,0.9,0.6,0.5264687572040164,0.6753646749364972
synth/scattered/amb0.65,12,1,0.0,0.0,scattered,90,0,0.0025634765625,0.023255815108617146,0.4129806995447246,0.49319368785270606,0.5590542101223568,0.13446760261432417,0.31026036819826747,7.0,0.10987623844249672,0.6730877004633706,0.5,0.4,1.0,0.15,0.5,0.05,0.45,0.15,0.75,0.85,0.0,0.9,0.6,1.0,0.8837904739607305
synth/scattered/amb0.65,13,1,0.26829269528388977,0.26829269528388977,scattered,90,1,0.0030517578125,0.023521505296230316,0.4129806995447246,0.49319368785270606,0.5590542101223568,0.13446760261432417,0.31026036819826747,7.0,0.10987623844249672,0.6730877004633706,0.5,0.4,1.0,0.15,0.5,0.05,0.45,0.15,0.75,0.85,0.0,0.9,0.6,1.0,0.8837904739607305
synth/scattered/amb0.65,14,1,0.0,0.0,scattered,90,2,0.00299072265625,0.2018196831146876,0.4129806995447246,0.49319368785270606,0.5590542101223568,0.13446760261432417,0.31026036819826747,7.0,0.10987623844249672,0.6730877004633706,0.5,0.4,1.0,0.15,0.5,0.05,0.45,0.15,0.75,0.85,0.0,0.9,0.6,1.0,0.8837904739607305
synth/scattered/amb0.65,15,1,0.6134454011917114,0.6134454011917114,scattered,90,3,0.0091552734375,0.07468879719575246,0.4129806995447246,0.49319368785270606,0.5590542101223568,0.13446760261432417,0.31026036819826747,7.0,0.10987623844249672,0.6730877004633706,0.5,0.4,1.0,0.15,0.5,0.05,0.45,0.15,0.75,0.85,0.0,0.9,0.6,1.0,0.8837904739607305
synth/tubular/amb0.45,16,1,0.12680909037590027,0.12680909037590027,tubular,120,0,0.0389404296875,0.11405355560903747,0.3853204343438789,0.32911323075299936,0.3556423284877015,0.19860599259776662,0.36655716135506716,6.0,0.2691080598341077,0.42668150964406576,0.5,0.4,1.0,0.15,0.5,0.05,0.45,0.15,0.75,0.85,0.0,0.9,0.6,0.42668150964406576,1.0
synth/tubular/amb0.45,17,1,0.39767777919769287,0.39767777919769287,tubular,120,1,0.0540771484375,0.22716288765271506,0.3853204343438789,0.32911323075299936,0.3556423284877015,0.19860599259776662,0.36655716135506716,6.0,0.2691080598341077,0.42668150964406576,0.5,0.4,1.0,0.15,0.5,0.05,0.45,0.15,0.75,0.85,0.0,0.9,0.6,0.42668150964406576,1.0
synth/tubular/amb0.45,18,1,0.13238349556922913,0.13238349556922913,tubular,120,2,0.10479736328125,0.25158874193827313,0.3853204343438789,0.32911323075299936,0.3556423284877015,0.19860599259776662,0.36655716135506716,6.0,0.2691080598341077,0.42668150964406576,0.5,0.4,1.0,0.15,0.5,0.05,0.45,0.15,0.75,0.85,0.0,0.9,0.6,0.42668150964406576,1.0
synth/tubular/amb0.45,19,1,0.5186522006988525,0.5186522006988525,tubular,120,3,0.05499267578125,0.07314039021730423,0.3853204343438789,0.32911323075299936,0.3556423284877015,0.19860599259776662,0.36655716135506716,6.0,0.2691080598341077,0.42668150964406576,0.5,0.4,1.0,0.15,0.5,0.05,0.45,0.15,0.75,0.85,0.0,0.9,0.6,0.42668150964406576,1.0
synth/tubular/amb0.35,20,1,0.4509675204753876,0.4509675204753876,tubular,145,0,0.55450439453125,0.38193939129511517,0.376346826677337,0.88424308704603,0.5437351134127735,0.4426979488318823,0.6809340472378458,15.0,0.40707134641404286,0.38929300337221256,0.5,0.4,1.0,0.15,0.5,0.05,0.45,0.15,0.75,0.85,0.0,0.9,0.6,0.38929300337221256,1.0
synth/tubular/amb0.35,21,1,0.6898994445800781,0.6898994445800781,tubular,145,1,0.26788330078125,0.47342824439207715,0.376346826677337,0.88424308704603,0.5437351134127735,0.4426979488318823,0.6809340472378458,15.0,0.40707134641404286,0.38929300337221256,0.5,0.4,1.0,0.15,0.5,0.05,0.45,0.15,0.75,0.85,0.0,0.9,0.6,0.38929300337221256,1.0
synth/tubular/amb0.35,22,1,0.48787447810173035,0.48787447810173035,tubular,145,2,0.18878173828125,0.2536003751059373,0.376346826677337,0.88424308704603,0.5437351134127735,0.4426979488318823,0.6809340472378458,15.0,0.40707134641404286,0.38929300337221256,0.5,0.4,1.0,0.15,0.5,0.05,0.45,0.15,0.75,0.85,0.0,0.9,0.6,0.38929300337221256,1.0
synth/tubular/amb0.35,23,1,0.5133236050605774,0.5133236050605774,tubular,145,3,0.22235107421875,0.2667091091473897,0.376346826677337,0.88424308704603,0.5437351134127735,0.4426979488318823,0.6809340472378458,15.0,0.40707134641404286,0.38929300337221256,0.5,0.4,1.0,0.15,0.5,0.05,0.45,0.15,0.75,0.85,0.0,0.9,0.6,0.38929300337221256,1.0
synth/elongated/amb0.35,24,1,0.0,0.0,elongated,165,0,0.0118408203125,0.06018518408139547,0.7195989171836428,0.40331853305327137,0.7488138552237311,0.3413424656485984,0.5221677529879073,11.0,0.7886107125686066,0.380174336685154,0.5,0.4,1.0,0.15,0.5,0.05,0.45,0.15,0.75,0.85,0.0,0.9,0.6,0.380174336685154,0.632570411668937
synth/elongated/amb0.35,25,1,0.17924527823925018,0.17924527823925018,elongated,165,1,0.0081787109375,0.2703199287255605,0.7195989171836428,0.40331853305327137,0.7488138552237311,0.3413424656485984,0.5221677529879073,11.0,0.7886107125686066,0.380174336685154,0.5,0.4,1.0,0.15,0.5,0.05,0.45,0.15,0.75,0.85,0.0,0.9,0.6,0.380174336685154,0.632570411668937
synth/elongated/amb0.35,26,1,0.541436493396759,0.541436493396759,elongated,165,2,0.00579833984375,0.026476500555872917,0.7195989171836428,0.40331853305327137,0.7488138552237311,0.3413424656485984,0.5221677529879073,11.0,0.7886107125686066,0.380174336685154,0.5,0.4,1.0,0.15,0.5,0.05,0.45,0.15,0.75,0.85,0.0,0.9,0.6,0.380174336685154,0.632570411668937
synth/elongated/amb0.35,27,1,0.5924713611602783,0.5924713611602783,elongated,165,3,0.02081298828125,0.21607782443364462,0.7195989171836428,0.40331853305327137,0.7488138552237311,0.3413424656485984,0.5221677529879073,11.0,0.7886107125686066,0.380174336685154,0.5,0.4,1.0,0.15,0.5,0.05,0.45,0.15,0.75,0.85,0.0,0.9,0.6,0.380174336685154,0.632570411668937
synth/elongated/amb0.55,28,1,0.03663003817200661,0.03663003817200661,elongated,176,0,0.01251220703125,0.11705685655275981,0.8193750020795463,0.35022917447612484,0.6535200034231377,0.59343856101682,0.9299622187625634,20.0,0.5766526247442176,0.5567227714977556,0.5,0.4,1.0,0.15,0.5,0.05,0.45,0.15,0.75,0.85,0.0,0.9,0.6,0.5567227714977556,0.7021026905764902
synth/elongated/amb0.55,29,1,0.3499999940395355,0.3499999940395355,elongated,176,1,0.0361328125,0.289826179544131,0.8193750020795463,0.35022917447612484,0.6535200034231377,0.59343856101682,0.9299622187625634,20.0,0.5766526247442176,0.5567227714977556,0.5,0.4,1.0,0.15,0.5,0.05,0.45,0.15,0.75,0.85,0.0,0.9,0.6,0.5567227714977556,0.7021026905764902
synth/elongated/amb0.55,30,1,0.0,0.0,elongated,176,2,0.027587890625,0.04351851840813955,0.8193750020795463,0.35022917447612484,0.6535200034231377,0.59343856101682,0.9299622187625634,20.0,0.5766526247442176,0.5567227714977556,0.5,0.4,1.0,0.15,0.5,0.05,0.45,0.15,0.75,0.85,0.0,0.9,0.6,0.5567227714977556,0.7021026905764902
synth/elongated/amb0.55,31,1,0.3098360598087311,0.3098360598087311,elongated,176,3,0.059814453125,0.2139636054635048,0.8193750020795463,0.35022917447612484,0.6535200034231377,0.59343856101682,0.9299622187625634,20.0,0.5766526247442176,0.5567227714977556,0.5,0.4,1.0,0.15,0.5,0.05,0.45,0.15,0.75,0.85,0.0,0.9,0.6,0.5567227714977556,0.7021026905764902
synth/blob/amb0.35,32,1,0.12636899948120117,0.12636899948120117,blob,183,0,0.05731201171875,0.21216976642608643,0.8806933971723254,0.44746004454697863,0.34294525808971266,0.4202809252270103,0.8700902351772675,23.0,0.5396887872929431,0.33830699778493484,0.5,0.4,1.0,0.15,0.5,0.05,0.45,0.15,0.75,0.85,0.0,0.9,0.6,0.33830699778493484,0.726390741667439
synth/blob/amb0.35,33,1,0.2292993664741516,0.2292993664741516,blob,183,1,0.0125732421875,0.298121839761734,0.8806933971723254,0.44746004454697863,0.34294525808971266,0.4202809252270103,0.8700902351772675,23.0,0.5396887872929431,0.33830699778493484,0.5,0.4,1.0,0.15,0.5,0.05,0.45,0.15,0.75,0.85,0.0,0.9,0.6,0.33830699778493484,0.726390741667439
synth/blob/amb0.35,34,1,0.7195902466773987,0.7195902466773987,blob,183,2,0.0289306640625,0.29899051288763684,0.8806933971723254,0.44746004454697863,0.34294525808971266,0.4202809252270103,0.8700902351772675,23.0,0.5396887872929431,0.33830699778493484,0.5,0.4,1.0,0.15,0.5,0.05,0.45,0.15,0.75,0.85,0.0,0.9,0.6,0.33830699778493484,0.726390741667439
synth/blob/amb0.35,35,1,0.0,0.0,blob,183,3,0.015869140625,0.29347168405850727,0.8806933971723254,0.44746004454697863,0.34294525808971266,0.4202809252270103,0.8700902351772675,23.0,0.5396887872929431,0.33830699778493484,0.5,0.4,1.0,0.15,0.5,0.05,0.45,0.15,0.75,0.85,0.0,0.9,0.6,0.33830699778493484,0.726390741667439
synth/blob/amb0.65,36,1,0.5072463750839233,0.5072463750839233,blob,201,0,0.00262451171875,0.170634925365448,0.6274013950437343,0.682053404082769,0.6155025761505585,0.2538287965367521,0.47595708531835174,10.0,0.07361451846999356,0.641053116607289,0.5,0.4,1.0,0.15,0.5,0.05,0.45,0.15,0.75,0.85,0.0,0.9,0.6,0.641053116607289,0.6266944744275512
synth/blob/amb0.65,37,1,0.0,0.0,blob,201,1,0.02557373046875,0.10341939143836498,0.6274013950437343,0.682053404082769,0.6155025761505585,0.2538287965367521,0.47595708531835174,10.0,0.07361451846999356,0.641053116607289,0.5,0.4,1.0,0.15,0.5,0.05,0.45,0.15,0.75,0.85,0.0,0.9,0.6,0.641053116607289,0.6266944744275512
synth/blob/amb0.65,38,1,0.3052208721637726,0.3052208721637726,blob,201,2,0.00677490234375,0.08018327752749126,0.6274013950437343,0.682053404082769,0.6155025761505585,0.2538287965367521,0.47595708531835174,10.0,0.07361451846999356,0.641053116607289,0.5,0.4,1.0,0.15,0.5,0.05,0.45,0.15,0.75,0.85,0.0,0.9,0.6,0.641053116607289,0.6266944744275512
synth/blob/amb0.65,39,1,0.0,0.0,blob,201,3,0.005615234375,0.0,0.6274013950437343,0.682053404082769,0.6155025761505585,0.2538287965367521,0.47595708531835174,10.0,0.07361451846999356,0.641053116607289,0.5,0.4,1.0,0.15,0.5,0.05,0.45,0.15,0.75,0.85,0.0,0.9,0.6,0.641053116607289,0.6266944744275512
synth/blob/amb0.55,40,1,0.0,0.0,blob,218,0,0.00360107421875,0.0,0.5526568621082659,0.4145228767982701,0.5068365294001194,0.13765029611642082,0.907186377924486,6.0,0.7095633479930546,0.5094967928301415,0.5,0.4,1.0,0.15,0.5,0.05,0.45,0.15,0.75,0.85,0.0,0.9,0.6,0.5094967928301415,0.7627311469366229
synth/blob/amb0.55,41,1,0.0,0.0,blob,218,1,0.00177001953125,0.11111111442248027,0.5526568621082659,0.4145228767982701,0.5068365294001194,0.13765029611642082,0.907186377924486,6.0,0.7095633479930546,0.5094967928301415,0.5,0.4,1.0,0.15,0.5,0.05,0.45,0.15,0.75,0.85,0.0,0.9,0.6,0.5094967928301415,0.7627311469366229
synth/blob/amb0.55,42,1,0.0,0.0,blob,218,2,0.00250244140625,0.0,0.5526568621082659,0.4145228767982701,0.5068365294001194,0.13765029611642082,0.907186377924486,6.0,0.7095633479930546,0.5094967928301415,0.5,0.4,1.0,0.15,0.5,0.05,0.45,0.15,0.75,0.85,0.0,0.9,0.6,0.5094967928301415,0.7627311469366229
synth/blob/amb0.55,43,1,0.0,0.0,blob,218,3,0.00579833984375,0.10837469001611073,0.5526568621082659,0.4145228767982701,0.5068365294001194,0.13765029611642082,0.907186377924486,6.0,0.7095633479930546,0.5094967928301415,0.5,0.4,1.0,0.15,0.5,0.05,0.45,0.15,0.75,0.85,0.0,0.9,0.6,0.5094967928301415,0.7627311469366229
synth/blob/amb0.45,44,1,0.7859424948692322,0.7859424948692322,blob,245,0,0.02093505859375,0.4176514248053233,0.3954282357676234,0.23416517522080335,0.7709809833462637,0.3465550780251139,0.7180260672817906,15.0,0.7264544657470509,0.48326971544621095,0.5,0.4,1.0,0.15,0.5,0.05,0.45,0.15,0.75,0.85,0.0,0.9,0.6,0.48326971544621095,0.6907428746726085
synth/blob/amb0.45,45,1,0.6420382261276245,0.6420382261276245,blob,245,1,0.02734375,0.3110940754413605,0.3954282357676234,0.23416517522080335,0.7709809833462637,0.3465550780251139,0.7180260672817906,15.0,0.7264544657470509,0.48326971544621095,0.5,0.4,1.0,0.15,0.5,0.05,0.45,0.15,0.75,0.85,0.0,0.9,0.6,0.48326971544621095,0.6907428746726085
synth/blob/amb0.45,46,1,0.7697228193283081,0.7697228193283081,blob,245,2,0.0347900390625,0.38478129108746845,0.3954282357676234,0.23416517522080335,0.7709809833462637,0.3465550780251139,0.7180260672817906,15.0,0.7264544657470509,0.48326971544621095,0.5,0.4,1.0,0.15,0.5,0.05,0.45,0.15,0.75,0.85,0.0,0.9,0.6,0.48326971544621095,0.6907428746726085
synth/blob/amb0.45,47,1,0.5141955614089966,0.5141955614089966,blob,245,3,0.0186767578125,0.37326452136039734,0.3954282357676234,0.23416517522080335,0.7709809833462637,0.3465550780251139,0.7180260672817906,15.0,0.7264544657470509,0.48326971544621095,0.5,0.4,1.0,0.15,0.5,0.05,0.45,0.15,0.75,0.85,0.0,0.9,0.6,0.48326971544621095,0.6907428746726085
synth/annular/amb0.65,48,1,0.2181818187236786,0.2181818187236786,annular,278,0,0.00201416015625,0.054054051637649536,0.8743492422198602,0.8410070530505505,0.8207829270621396,0.22737700076380069,0.7895238354703209,15.0,0.20991413695750105,0.6954081533673422,0.5,0.4,1.0,0.15,0.5,0.05,0.45,0.15,0.75,0.85,0.0,0.9,0.6,0.6954081533673422,0.7226101315629849
synth/annular/amb0.65,49,1,0.07547169923782349,0.07547169923782349,annular,278,1,0.00299072265625,0.0,0.8743492422198602,0.8410070530505505,0.8207829270621396,0.22737700076380069,0.7895238354703209,15.0,0.20991413695750105,0.6954081533673422,0.5,0.4,1.0,0.15,0.5,0.05,0.45,0.15,0.75,0.85,0.0,0.9,0.6,0.6954081533673422,0.7226101315629849
synth/annular/amb0.65,50,1,0.0,0.0,annular,278,2,0.0037841796875,0.0,0.8743492422198602,0.8410070530505505,0.8207829270621396,0.22737700076380069,0.7895238354703209,15.0,0.20991413695750105,0.6954081533673422,0.5,0.4,1.0,0.15,0.5,0.05,0.45,0.15,0.75,0.85,0.0,0.9,0.6,0.6954081533673422,0.7226101315629849
synth/annular/amb0.65,51,1,0.0,0.0,annular,278,3,0.0030517578125,0.00716845877468586,0.8743492422198602,0.8410070530505505,0.8207829270621396,0.22737700076380069,0.7895238354703209,15.0,0.20991413695750105,0.6954081533673422,0.5,0.4,1.0,0.15,0.5,0.05,0.45,0.15,0.75,0.85,0.0,0.9,0.6,0.6954081533673422,0.7226101315629849
synth/tubular/amb0.75,52,1,0.09779482334852219,0.09779482334852219,tubular,285,0,0.09149169921875,0.26572195688883465,0.8367636737932982,0.2922950311205027,0.6134251285111478,0.3192423067400738,0.9647347092405834,23.0,0.9697925227072066,0.7473567205412777,0.5,0.4,1.0,0.15,0.5,0.05,0.45,0.15,0.75,0.85,0.0,0.9,0.6,0.7473567205412777,1.0
synth/tubular/amb0.75,53,1,0.16873545944690704,0.16873545944690704,tubular,285,1,0.19482421875,0.40260933836301166,0.8367636737932982,0.2922950311205027,0.6134251285111478,0.3192423067400738,0.9647347092405834,23.0,0.9697925227072066,0.7473567205412777,0.5,0.4,1.0,0.15,0.5,0.05,0.45,0.15,0.75,0.85,0.0,0.9,0.6,0.7473567205412777,1.0
synth/tubular/amb0.75,54,1,0.2730318307876587,0.2730318307876587,tubular,285,2,0.12286376953125,0.32653340697288513,0.8367636737932982,0.2922950311205027,0.6134251285111478,0.3192423067400738,0.9647347092405834,23.0,0.9697925227072066,0.7473567205412777,0.5,0.4,1.0,0.15,0.5,0.05,0.45,0.15,0.75,0.85,0.0,0.9,0.6,0.7473567205412777,1.0
synth/tubular/amb0.75,55,1,0.3563447594642639,0.3563447594642639,tubular,285,3,0.2149658203125,0.14377821733554205,0.8367636737932982,0.2922950311205027,0.6134251285111478,0.3192423067400738,0.9647347092405834,23.0,0.9697925227072066,0.7473567205412777,0.5,0.4,1.0,0.15,0.5,0.05,0.45,0.15,0.75,0.85,0.0,0.9,0.6,0.7473567205412777,1.0
synth/blob/amb0.75,56,1,0.0,0.0,blob,321,0,0.00396728515625,0.04457566607743502,0.4956819741549187,0.6494353238463952,0.4534079122768955,0.4225133922391321,0.8319555478821521,6.0,0.2122168741335667,0.7485741429111694,0.5,0.4,1.0,0.15,0.5,0.05,0.45,0.15,0.75,0.85,0.0,0.9,0.6,0.7485741429111694,0.7145924064113023
synth/blob/amb0.75,57,1,0.08148147910833359,0.08148147910833359,blob,321,1,0.02239990234375,0.11109496156374614,0.4956819741549187,0.6494353238463952,0.4534079122768955,0.4225133922391321,0.8319555478821521,6.0,0.2122168741335667,0.7485741429111694,0.5,0.4,1.0,0.15,0.5,0.05,0.45,0.15,0.75,0.85,0.0,0.9,0.6,0.7485741429111694,0.7145924064113023
synth/blob/amb0.75,58,1,0.18703976273536682,0.18703976273536682,blob,321,2,0.06146240234375,0.14829332381486893,0.4956819741549187,0.6494353238463952,0.4534079122768955,0.4225133922391321,0.8319555478821521,6.0,0.2122168741335667,0.7485741429111694,0.5,0.4,1.0,0.15,0.5,0.05,0.45,0.15,0.75,0.85,0.0,0.9,0.6,0.7485741429111694,0.7145924064113023
synth/blob/amb0.75,59,1,0.0,0.0,blob,321,3,0.0081787109375,0.1644923190275828,0.4956819741549187,0.6494353238463952,0.4534079122768955,0.4225133922391321,0.8319555478821521,6.0,0.2122168741335667,0.7485741429111694,0.5,0.4,1.0,0.15,0.5,0.05,0.45,0.15,0.75,0.85,0.0,0.9,0.6,0.7485741429111694,0.7145924064113023
synth/annular/amb0.35,60,1,0.0,0.0,annular,329,0,0.00341796875,0.07916666567325592,0.6472034320562794,0.38857132727686156,0.37021657798034163,0.131934077711496,0.5845226745668699,12.0,0.12967632731624978,0.332878047565833,0.5,0.4,1.0,0.15,0.5,0.05,0.45,0.15,0.75,0.85,0.0,0.9,0.6,0.332878047565833,0.6661768979425937
synth/annular/amb0.35,61,1,0.0,0.0,annular,329,1,0.00677490234375,0.004444444552063942,0.6472034320562794,0.38857132727686156,0.37021657798034163,0.131934077711496,0.5845226745668699,12.0,0.12967632731624978,0.332878047565833,0.5,0.4,1.0,0.15,0.5,0.05,0.45,0.15,0.75,0.85,0.0,0.9,0.6,0.332878047565833,0.6661768979425937
synth/annular/amb0.35,62,1,0.0,0.0,annular,329,2,0.0101318359375,0.019704433778921764,0.6472034320562794,0.38857132727686156,0.37021657798034163,0.131934077711496,0.5845226745668699,12.0,0.12967632731624978,0.332878047565833,0.5,0.4,1.0,0.15,0.5,0.05,0.45,0.15,0.75,0.85,0.0,0.9,0.6,0.332878047565833,0.6661768979425937
synth/annular/amb0.35,63,1,0.0,0.0,annular,329,3,0.0025634765625,0.0,0.6472034320562794,0.38857132727686156,0.37021657798034163,0.131934077711496,0.5845226745668699,12.0,0.12967632731624978,0.332878047565833,0.5,0.4,1.0,0.15,0.5,0.05,0.45,0.15,0.75,0.85,0.0,0.9,0.6,0.332878047565833,0.6661768979425937
synth/elongated/amb0.75,64,1,0.548872172832489,0.548872172832489,elongated,342,0,0.00555419921875,0.05963029464085897,0.6485944784677309,0.46890657212975095,0.6596456648584554,0.34774497572902713,0.9640165581928086,10.0,0.805353763610169,0.7039580909229791,0.5,0.4,1.0,0.15,0.5,0.05,0.45,0.15,0.75,0.85,0.0,0.9,0.6,0.7039580909229791,0.7644044949186635
synth/elongated/amb0.75,65,1,0.25563910603523254,0.25563910603523254,elongated,342,1,0.0068359375,0.2832074562708537,0.6485944784677309,0.46890657212975095,0.6596456648584554,0.34774497572902713,0.9640165581928086,10.0,0.805353763610169,0.7039580909229791,0.5,0.4,1.0,0.15,0.5,0.05,0.45,0.15,0.75,0.85,0.0,0.9,0.6,0.7039580909229791,0.7644044949186635
synth/elongated/amb0.75,66,1,0.1269841343164444,0.1269841343164444,elongated,342,2,0.0057373046875,0.043343919018904366,0.6485944784677309,0.46890657212975095,0.6596456648584554,0.34774497572902713,0.9640165581928086,10.0,0.805353763610169,0.7039580909229791,0.5,0.4,1.0,0.15,0.5,0.05,0.45,0.15,0.75,0.85,0.0,0.9,0.6,0.7039580909229791,0.7644044949186635
synth/elongated/amb0.75,67,1,0.2751772999763489,0.2751772999763489,elongated,342,3,0.0333251953125,0.1265726089477539,0.6485944784677309,0.46890657212975095,0.6596456648584554,0.34774497572902713,0.9640165581928086,10.0,0.805353763610169,0.7039580909229791,0.5,0.4,1.0,0.15,0.5,0.05,0.45,0.15,0.75,0.85,0.0,0.9,0.6,0.7039580909229791,0.7644044949186635
synth/tubular/amb0.65,68,1,0.136060893535614,0.136060893535614,tubular,343,0,0.08624267578125,0.10456809525688489,0.6708782315711583,0.24369366386443153,0.6556504237490184,0.3976242582343615,0.3938329153582237,10.0,0.23296991173476977,0.6413290197023906,0.5,0.4,1.0,0.15,0.5,0.05,0.45,0.15,0.75,0.85,0.0,0.9,0.6,0.6413290197023906,1.0
synth/tubular/amb0.65,69,1,0.16804979741573334,0.16804979741573334,tubular,343,1,0.0975341796875,0.10095337467888992,0.6708782315711583,0.24369366386443153,0.6556504237490184,0.3976242582343615,0.3938329153582237,10.0,0.23296991173476977,0.6413290197023906,0.5,0.4,1.0,0.15,0.5,0.05,0.45,0.15,0.75,0.85,0.0,0.9,0.6,0.6413290197023906,1.0
synth/tubular/amb0.65,70,1,0.16260161995887756,0.16260161995887756,tubular,343,2,0.06756591796875,0.09443146735429764,0.6708782315711583,0.24369366386443153,0.6556504237490184,0.3976242582343615,0.3938329153582237,10.0,0.23296991173476977,0.6413290197023906,0.5,0.4,1.0,0.15,0.5,0.05,0.45,0.15,0.75,0.85,0.0,0.9,0.6,0.6413290197023906,1.0
synth/tubular/amb0.65,71,1,0.3502729833126068,0.3502729833126068,tubular,343,3,0.08624267578125,0.14913639798760414,0.6708782315711583,0.24369366386443153,0.6556504237490184,0.3976242582343615,0.3938329153582237,10.0,0.23296991173476977,0.6413290197023906,0.5,0.4,1.0,0.15,0.5,0.05,0.45,0.15,0.75,0.85,0.0,0.9,0.6,0.6413290197023906,1.0
synth/scattered/amb0.35,72,1,0.5023999810218811,0.5023999810218811,scattered,386,0,0.028076171875,0.08375793951563537,0.5672560731010458,0.7047929420192265,0.39255503315276474,0.32047070029448,0.34241494364263064,8.0,0.8456361905992037,0.3703939456886331,0.5,0.4,1.0,0.15,0.5,0.05,0.45,0.15,0.75,0.85,0.0,0.9,0.6,0.7703939456886331,0.880851329381479
synth/scattered/amb0.35,73,1,0.0,0.0,scattered,386,1,0.0064697265625,0.09581781799594562,0.5672560731010458,0.7047929420192265,0.39255503315276474,0.32047070029448,0.34241494364263064,8.0,0.8456361905992037,0.3703939456886331,0.5,0.4,1.0,0.15,0.5,0.05,0.45,0.15,0.75,0.85,0.0,0.9,0.6,0.7703939456886331,0.880851329381479
synth/scattered/amb0.35,74,1,0.0,0.0,scattered,386,2,0.006591796875,0.037866046031316124,0.5672560731010458,0.7047929420192265,0.39255503315276474,0.32047070029448,0.34241494364263064,8.0,0.8456361905992037,0.3703939456886331,0.5,0.4,1.0,0.15,0.5,0.05,0.45,0.15,0.75,0.85,0.0,0.9,0.6,0.7703939456886331,0.880851329381479
synth/scattered/amb0.35,75,1,0.0,0.0,scattered,386,3,0.0167236328125,0.060635860388477646,0.5672560731010458,0.7047929420192265,0.39255503315276474,0.32047070029448,0.34241494364263064,8.0,0.8456361905992037,0.3703939456886331,0.5,0.4,1.0,0.15,0.5,0.05,0.45,0.15,0.75,0.85,0.0,0.9,0.6,0.7703939456886331,0.880851329381479
synth/scattered/amb0.75,76,1,0.1108829602599144,0.1108829602599144,scattered,417,0,0.020751953125,0.036516805489857994,0.633924101745453,0.4181103844213653,0.32374628915953313,0.6061768860827756,0.48026284688611987,10.0,0.6490311968458927,0.7347678986719031,0.5,0.4,1.0,0.15,0.5,0.05,0.45,0.15,0.75,0.85,0.0,0.9,0.6,1.0,0.8625476649435184
synth/scattered/amb0.75,77,1,0.058130402117967606,0.058130402117967606,scattered,417,1,0.04986572265625,0.09240959957242012,0.633924101745453,0.4181103844213653,0.32374628915953313,0.6061768860827756,0.48026284688611987,10.0,0.6490311968458927,0.7347678986719031,0.5,0.4,1.0,0.15,0.5,0.05,0.45,0.15,0.75,0.85,0.0,0.9,0.6,1.0,0.8625476649435184
synth/scattered/amb0.75,78,1,0.1604754775762558,0.1604754775762558,scattered,417,2,0.02740478515625,0.10460942440355818,0.633924101745453,0.4181103844213653,0.32374628915953313,0.6061768860827756,0.48026284688611987,10.0,0.6490311968458927,0.7347678986719031,0.5,0.4,1.0,0.15,0.5,0.05,0.45,0.15,0.75,0.85,0.0,0.9,0.6,1.0,0.8625476649435184
synth/scattered/amb0.75,79,1,0.042288556694984436,0.042288556694984436,scattered,417,3,0.0303955078125,0.03412635872761408,0.633924101745453,0.4181103844213653,0.32374628915953313,0.6061768860827756,0.48026284688611987,10.0,0.6490311968458927,0.7347678986719031,0.5,0.4,1.0,0.15,0.5,0.05,0.45,0.15,0.75,0.85,0.0,0.9,0.6,1.0,0.8625476649435184
synth/annular/amb0.35,80,1,0.5485361814498901,0.5485361814498901,annular,425,0,0.0211181640625,0.09897228578726451,0.40743732223093265,0.2001054555906846,0.815813298821906,0.4314831146618415,0.6836313661420287,9.0,0.8696757094146723,0.31176248825369723,0.5,0.4,1.0,0.15,0.5,0.05,0.45,0.15,0.75,0.85,0.0,0.9,0.6,0.31176248825369723,0.6686193703451576
synth/annular/amb0.35,81,1,0.065476194024086,0.065476194024086,annular,425,1,0.01654052734375,0.06929222618540128,0.40743732223093265,0.2001054555906846,0.815813298821906,0.4314831146618415,0.6836313661420287,9.0,0.8696757094146723,0.31176248825369723,0.5,0.4,1.0,0.15,0.5,0.05,0.45,0.15,0.75,0.85,0.0,0.9,0.6,0.31176248825369723,0.6686193703451576
synth/annular/amb0.35,82,1,0.14608696103096008,0.14608696103096008,annular,425,2,0.02215576171875,0.11270973086357117,0.40743732223093265,0.2001054555906846,0.815813298821906,0.4314831146618415,0.6836313661420287,9.0,0.8696757094146723,0.31176248825369723,0.5,0.4,1.0,0.15,0.5,0.05,0.45,0.15,0.75,0.85,0.0,0.9,0.6,0.31176248825369723,0.6686193703451576
synth/annular/amb0.35,83,1,0.14722222089767456,0.14722222089767456,annular,425,3,0.02099609375,0.15695374784991145,0.40743732223093265,0.2001054555906846,0.815813298821906,0.4314831146618415,0.6836313661420287,9.0,0.8696757094146723,0.31176248825369723,0.5,0.4,1.0,0.15,0.5,0.05,0.45,0.15,0.75,0.85,0.0,0.9,0.6,0.31176248825369723,0.6686193703451576
synth/scattered/amb0.45,84,1,0.2823804020881653,0.2823804020881653,scattered,432,0,0.02655029296875,0.065193726370732,0.6799700034703544,0.20476010837039257,0.8063253769843279,0.4507245428816738,0.3457186593026889,15.0,0.7046371430638243,0.47305571043429745,0.5,0.4,1.0,0.15,0.5,0.05,0.45,0.15,0.75,0.85,0.0,0.9,0.6,0.8730557104342975,0.8638664452251346
synth/scattered/amb0.45,85,1,0.033898305147886276,0.033898305147886276,scattered,432,1,0.01953125,0.21325372656186423,0.6799700034703544,0.20476010837039257,0.8063253769843279,0.4507245428816738,0.3457186593026889,15.0,0.7046371430638243,0.47305571043429745,0.5,0.4,1.0,0.15,0.5,0.05,0.45,0.15,0.75,0.85,0.0,0.9,0.6,0.8730557104342975,0.8638664452251346
synth/scattered/amb0.45,86,1,0.25108224153518677,0.25108224153518677,scattered,432,2,0.04241943359375,0.1173833217471838,0.6799700034703544,0.20476010837039257,0.8063253769843279,0.4507245428816738,0.3457186593026889,15.0,0.7046371430638243,0.47305571043429745,0.5,0.4,1.0,0.15,0.5,0.05,0.45,0.15,0.75,0.85,0.0,0.9,0.6,0.8730557104342975,0.8638664452251346
synth/scattered/amb0.45,87,1,0.5739436745643616,0.5739436745643616,scattered,432,3,0.03570556640625,0.29470964272816974,0.6799700034703544,0.20476010837039257,0.8063253769843279,0.4507245428816738,0.3457186593026889,15.0,0.7046371430638243,0.47305571043429745,0.5,0.4,1.0,0.15,0.5,0.05,0.45,0.15,0.75,0.85,0.0,0.9,0.6,0.8730557104342975,0.8638664452251346
synth/scattered/amb0.35,88,1,0.251039057970047,0.251039057970047,scattered,439,0,0.04718017578125,0.18199896812438965,0.707944757292606,0.8094514251420408,0.4437304457530542,0.460976593977106,0.7698000057253722,20.0,0.47052296265865445,0.30311098378741125,0.5,0.4,1.0,0.15,0.5,0.05,0.45,0.15,0.75,0.85,0.0,0.9,0.6,0.7031109837874112,0.9891643539922867
synth/scattered/amb0.35,89,1,0.34975096583366394,0.34975096583366394,scattered,439,1,0.0860595703125,0.16466708900406957,0.707944757292606,0.8094514251420408,0.4437304457530542,0.460976593977106,0.7698000057253722,20.0,0.47052296265865445,0.30311098378741125,0.5,0.4,1.0,0.15,0.5,0.05,0.45,0.15,0.75,0.85,0.0,0.9,0.6,0.7031109837874112,0.9891643539922867
synth/scattered/amb0.35,90,1,0.3734939694404602,0.3734939694404602,scattered,439,2,0.02880859375,0.15362378597880402,0.707944757292606,0.8094514251420408,0.4437304457530542,0.460976593977106,0.7698000057253722,20.0,0.47052296265865445,0.30311098378741125,0.5,0.4,1.0,0.15,0.5,0.05,0.45,0.15,0.75,0.85,0.0,0.9,0.6,0.7031109837874112,0.9891643539922867
synth/scattered/amb0.35,91,1,0.27544909715652466,0.27544909715652466,scattered,439,3,0.03167724609375,0.07063210258881251,0.707944757292606,0.8094514251420408,0.4437304457530542,0.460976593977106,0.7698000057253722,20.0,0.47052296265865445,0.30311098378741125,0.5,0.4,1.0,0.15,0.5,0.05,0.45,0.15,0.75,0.85,0.0,0.9,0.6,0.7031109837874112,0.9891643539922867
synth/elongated/amb0.65,92,1,0.1342756152153015,0.1342756152153015,elongated,514,0,0.00286865234375,0.09825369467337926,0.3725605357232175,0.7549682782263265,0.764443431987953,0.3607542410867845,0.9185763763842423,10.0,0.9063445379926467,0.6172270582645292,0.5,0.4,1.0,0.15,0.5,0.05,0.45,0.15,0.75,0.85,0.0,0.9,0.6,0.6172270582645292,0.7492412378935928
synth/elongated/amb0.65,93,1,0.31200000643730164,0.31200000643730164,elongated,514,1,0.0057373046875,0.1391783207654953,0.3725605357232175,0.7549682782263265,0.764443431987953,0.3607542410867845,0.9185763763842423,10.0,0.9063445379926467,0.6172270582645292,0.5,0.4,1.0,0.15,0.5,0.05,0.45,0.15,0.75,0.85,0.0,0.9,0.6,0.6172270582645292,0.7492412378935928
synth/elongated/amb0.65,94,1,0.004514672793447971,0.004514672793447971,elongated,514,2,0.00970458984375,0.1506162037452062,0.3725605357232175,0.7549682782263265,0.764443431987953,0.3607542410867845,0.9185763763842423,10.0,0.9063445379926467,0.6172270582645292,0.5,0.4,1.0,0.15,0.5,0.05,0.45,0.15,0.75,0.85,0.0,0.9,0.6,0.6172270582645292,0.7492412378935928
synth/elongated/amb0.65,95,1,0.4393063485622406,0.4393063485622406,elongated,514,3,0.01470947265625,0.31173574427763623,0.3725605357232175,0.7549682782263265,0.764443431987953,0.3607542410867845,0.9185763763842423,10.0,0.9063445379926467,0.6172270582645292,0.5,0.4,1.0,0.15,0.5,0.05,0.45,0.15,0.75,0.85,0.0,0.9,0.6,0.6172270582645292,0.7492412378935928
synth/elongated/amb0.75,96,1,0.039938557893037796,0.039938557893037796,elongated,529,0,0.026123046875,0.35633434851964313,0.3130934632456966,0.40928839776808557,0.8819109620632684,0.49636864703687333,0.4947545240133716,20.0,0.35409648543869665,0.7440651635410233,0.5,0.4,1.0,0.15,0.5,0.05,0.45,0.15,0.75,0.85,0.0,0.9,0.6,0.7440651635410233,0.5992555544675247
synth/elongated/amb0.75,97,1,0.7023411393165588,0.7023411393165588,elongated,529,1,0.01605224609375,0.2306915024916331,0.3130934632456966,0.40928839776808557,0.8819109620632684,0.49636864703687333,0.4947545240133716,20.0,0.35409648543869665,0.7440651635410233,0.5,0.4,1.0,0.15,0.5,0.05,0.45,0.15,0.75,0.85,0.0,0.9,0.6,0.7440651635410233,0.5992555544675247
synth/elongated/amb0.75,98,1,0.0,0.0,elongated,529,2,0.02880859375,0.1272797187169393,0.3130934632456966,0.40928839776808557,0.8819109620632684,0.49636864703687333,0.4947545240133716,20.0,0.35409648543869665,0.7440651635410233,0.5,0.4,1.0,0.15,0.5,0.05,0.45,0.15,0.75,0.85,0.0,0.9,0.6,0.7440651635410233,0.5992555544675247
synth/elongated/amb0.75,99,1,0.38260868191719055,0.38260868191719055,elongated,529,3,0.025634765625,0.5176743566989899,0.3130934632456966,0.40928839776808557,0.8819109620632684,0.49636864703687333,0.4947545240133716,20.0,0.35409648543869665,0.7440651635410233,0.5,0.4,1.0,0.15,0.5,0.05,0.45,0.15,0.75,0.85,0.0,0.9,0.6,0.7440651635410233,0.5992555544675247
synth/tubular/amb0.65,100,1,0.4644505977630615,0.4644505977630615,tubular,570,0,0.056640625,0.26351208984851837,0.8699006215213991,0.7457378969972916,0.3515377298760082,0.6076948077468087,0.46810146801924646,6.0,0.1437895992058984,0.6521214046858386,0.5,0.4,1.0,0.15,0.5,0.05,0.45,0.15,0.75,0.85,0.0,0.9,0.6,0.6521214046858386,1.0
synth/tubular/amb0.65,101,1,0.29340893030166626,0.29340893030166626,tubular,570,1,0.08013916015625,0.21675466994444528,0.8699006215213991,0.7457378969972916,0.3515377298760082,0.6076948077468087,0.46810146801924646,6.0,0.1437895992058984,0.6521214046858386,0.5,0.4,1.0,0.15,0.5,0.05,0.45,0.15,0.75,0.85,0.0,0.9,0.6,0.6521214046858386,1.0
synth/tubular/amb0.65,102,1,0.5792737007141113,0.5792737007141113,tubular,570,2,0.17095947265625,0.4485985040664673,0.8699006215213991,0.7457378969972916,0.3515377298760082,0.6076948077468087,0.46810146801924646,6.0,0.1437895992058984,0.6521214046858386,0.5,0.4,1.0,0.15,0.5,0.05,0.45,0.15,0.75,0.85,0.0,0.9,0.6,0.6521214046858386,1.0
synth/tubular/amb0.65,103,1,0.4437780976295471,0.4437780976295471,tubular,570,3,0.1015625,0.1757496160765489,0.8699006215213991,0.7457378969972916,0.3515377298760082,0.6076948077468087,0.46810146801924646,6.0,0.1437895992058984,0.6521214046858386,0.5,0.4,1.0,0.15,0.5,0.05,0.45,0.15,0.75,0.85,0.0,0.9,0.6,0.6521214046858386,1.0
synth/annular/amb0.75,104,1,0.44623348116874695,0.44623348116874695,annular,581,0,0.05718994140625,0.510244607925415,0.6296117237358372,0.25944318120557264,0.3195594757599555,0.5960084044136743,0.6556096357715495,6.0,0.7304464490382687,0.7987653333646308,0.5,0.4,1.0,0.15,0.5,0.05,0.45,0.15,0.75,0.85,0.0,0.9,0.6,0.7987653333646308,0.6188815980072885
synth/annular/amb0.75,105,1,0.1372881382703781,0.1372881382703781,annular,581,1,0.0341796875,0.1910192867120107,0.6296117237358372,0.25944318120557264,0.3195594757599555,0.5960084044136743,0.6556096357715495,6.0,0.7304464490382687,0.7987653333646308,0.5,0.4,1.0,0.15,0.5,0.05,0.45,0.15,0.75,0.85,0.0,0.9,0.6,0.7987653333646308,0.6188815980072885
synth/annular/amb0.75,106,1,0.5273159146308899,0.5273159146308899,annular,581,2,0.01507568359375,0.0750423048933347,0.6296117237358372,0.25944318120557264,0.3195594757599555,0.5960084044136743,0.6556096357715495,6.0,0.7304464490382687,0.7987653333646308,0.5,0.4,1.0,0.15,0.5,0.05,0.45,0.15,0.75,0.85,0.0,0.9,0.6,0.7987653333646308,0.6188815980072885
synth/annular/amb0.75,107,1,0.2459259331226349,0.2459259331226349,annular,581,3,0.2100830078125,0.26550965507825214,0.6296117237358372,0.25944318120557264,0.3195594757599555,0.5960084044136743,0.6556096357715495,6.0,0.7304464490382687,0.7987653333646308,0.5,0.4,1.0,0.15,0.5,0.05,0.45,0.15,0.75,0.85,0.0,0.9,0.6,0.7987653333646308,0.6188815980072885
synth/blob/amb0.75,108,1,0.0,0.0,blob,603,0,0.00140380859375,0.0,0.37253040081588773,0.5335049530243058,0.7477912716303416,0.1970478980314737,0.9756196414459297,21.0,0.15883494506913898,0.7985967517644974,0.5,0.4,1.0,0.15,0.5,0.05,0.45,0.15,0.75,0.85,0.0,0.9,0.6,0.7985967517644974,0.7802960495129652
synth/blob/amb0.75,109,1,0.6597582101821899,0.6597582101821899,blob,603,1,0.015869140625,0.26071151594320935,0.37253040081588773,0.5335049530243058,0.7477912716303416,0.1970478980314737,0.9756196414459297,21.0,0.15883494506913898,0.7985967517644974,0.5,0.4,1.0,0.15,0.5,0.05,0.45,0.15,0.75,0.85,0.0,0.9,0.6,0.7985967517644974,0.7802960495129652
synth/blob/amb0.75,110,1,0.6060606241226196,0.6060606241226196,blob,603,2,0.00445556640625,0.0926433578133583,0.37253040081588773,0.5335049530243058,0.7477912716303416,0.1970478980314737,0.9756196414459297,21.0,0.15883494506913898,0.7985967517644974,0.5,0.4,1.0,0.15,0.5,0.05,0.45,0.15,0.75,0.85,0.0,0.9,0.6,0.7985967517644974,0.7802960495129652
synth/blob/amb0.75,111,1,0.13953489065170288,0.13953489065170288,blob,603,3,0.001708984375,0.05099150041739146,0.37253040081588773,0.5335049530243058,0.7477912716303416,0.1970478980314737,0.9756196414459297,21.0,0.15883494506913898,0.7985967517644974,0.5,0.4,1.0,0.15,0.5,0.05,0.45,0.15,0.75,0.85,0.0,0.9,0.6,0.7985967517644974,0.7802960495129652
synth/elongated/amb0.75,112,1,0.4588235318660736,0.4588235318660736,elongated,621,0,0.0069580078125,0.11388888955116272,0.5170129824175769,0.6138277059507531,0.7365438388646046,0.16798044255314581,0.7806450090772261,22.0,0.8853673198858997,0.7261401172235225,0.5,0.4,1.0,0.15,0.5,0.05,0.45,0.15,0.75,0.85,0.0,0.9,0.6,0.7261401172235225,0.7233559583304848
synth/elongated/amb0.75,113,1,0.8122605085372925,0.8122605085372925,elongated,621,1,0.016845703125,0.0040040041009585066,0.5170129824175769,0.6138277059507531,0.7365438388646046,0.16798044255314581,0.7806450090772261,22.0,0.8853673198858997,0.7261401172235225,0.5,0.4,1.0,0.15,0.5,0.05,0.45,0.15,0.75,0.85,0.0,0.9,0.6,0.7261401172235225,0.7233559583304848
synth/elongated/amb0.75,114,1,0.016949152573943138,0.016949152573943138,elongated,621,2,0.0130615234375,0.06333333253860474,0.5170129824175769,0.6138277059507531,0.7365438388646046,0.16798044255314581,0.7806450090772261,22.0,0.8853673198858997,0.7261401172235225,0.5,0.4,1.0,0.15,0.5,0.05,0.45,0.15,0.75,0.85,0.0,0.9,0.6,0.7261401172235225,0.7233559583304848
synth/elongated/amb0.75,115,1,0.1424148678779602,0.1424148678779602,elongated,621,3,0.0078125,0.024363234639167786,0.5170129824175769,0.6138277059507531,0.7365438388646046,0.16798044255314581,0.7806450090772261,22.0,0.8853673198858997,0.7261401172235225,0.5,0.4,1.0,0.15,0.5,0.05,0.45,0.15,0.75,0.85,0.0,0.9,0.6,0.7261401172235225,0.7233559583304848
synth/elongated/amb0.65,116,1,0.04322200268507004,0.04322200268507004,elongated,680,0,0.02947998046875,0.5305410722891489,0.8464278364309725,0.6571889440753909,0.794144532581167,0.5552123562065205,0.6590186699082353,17.0,0.3093179803002635,0.6835689831713709,0.5,0.4,1.0,0.15,0.5,0.05,0.45,0.15,0.75,0.85,0.0,0.9,0.6,0.6835689831713709,0.6332301012659983
synth/elongated/amb0.65,117,1,0.0,0.0,elongated,680,1,0.0250244140625,0.26070686678091687,0.8464278364309725,0.6571889440753909,0.794144532581167,0.5552123562065205,0.6590186699082353,17.0,0.3093179803002635,0.6835689831713709,0.5,0.4,1.0,0.15,0.5,0.05,0.45,0.15,0.75,0.85,0.0,0.9,0.6,0.6835689831713709,0.6332301012659983
synth/elongated/amb0.65,118,1,0.100071482360363,0.100071482360363,elongated,680,2,0.05877685546875,0.04089245945215225,0.8464278364309725,0.6571889440753909,0.794144532581167,0.5552123562065205,0.6590186699082353,17.0,0.3093179803002635,0.6835689831713709,0.5,0.4,1.0,0.15,0.5,0.05,0.45,0.15,0.75,0.85,0.0,0.9,0.6,0.6835689831713709,0.6332301012659983
synth/elongated/amb0.65,119,1,0.7570834755897522,0.7570834755897522,elongated,680,3,0.09844970703125,0.3724903464317322,0.8464278364309725,0.6571889440753909,0.794144532581167,0.5552123562065205,0.6590186699082353,17.0,0.3093179803002635,0.6835689831713709,0.5,0.4,1.0,0.15,0.5,0.05,0.45,0.15,0.75,0.85,0.0,0.9,0.6,0.6835689831713709,0.6332301012659983
synth/tubular/amb0.55,120,1,0.10030706226825714,0.10030706226825714,tubular,686,0,0.1365966796875,0.1791036572152128,0.8452647797470907,0.663490843092451,0.6236942318158061,0.3440461818096738,0.9323827284673496,23.0,0.7860169616538409,0.5385214784006715,0.5,0.4,1.0,0.15,0.5,0.05,0.45,0.15,0.75,0.85,0.0,0.9,0.6,0.5385214784006715,1.0
synth/tubular/amb0.55,121,1,0.16600266098976135,0.16600266098976135,tubular,686,1,0.0439453125,0.3119051953156789,0.8452647797470907,0.663490843092451,0.6236942318158061,0.3440461818096738,0.9323827284673496,23.0,0.7860169616538409,0.5385214784006715,0.5,0.4,1.0,0.15,0.5,0.05,0.45,0.15,0.75,0.85,0.0,0.9,0.6,0.5385214784006715,1.0
synth/tubular/amb0.55,122,1,0.4787471890449524,0.4787471890449524,tubular,686,2,0.0240478515625,0.22340289751688638,0.8452647797470907,0.663490843092451,0.6236942318158061,0.3440461818096738,0.9323827284673496,23.0,0.7860169616538409,0.5385214784006715,0.5,0.4,1.0,0.15,0.5,0.05,0.45,0.15,0.75,0.85,0.0,0.9,0.6,0.5385214784006715,1.0
synth/tubular/amb0.55,123,1,0.5864786505699158,0.5864786505699158,tubular,686,3,0.06109619140625,0.3480350573857625,0.8452647797470907,0.663490843092451,0.6236942318158061,0.3440461818096738,0.9323827284673496,23.0,0.7860169616538409,0.5385214784006715,0.5,0.4,1.0,0.15,0.5,0.05,0.45,0.15,0.75,0.85,0.0,0.9,0.6,0.5385214784006715,1.0
synth/scattered/amb0.35,124,1,0.08970099687576294,0.08970099687576294,scattered,689,0,0.01715087890625,0.20602124681075415,0.8555766401030902,0.48355920798475277,0.8932525000854279,0.3546400120695476,0.933632609349567,8.0,0.22296324141724544,0.3285286569593165,0.5,0.4,1.0,0.15,0.5,0.05,0.45,0.15,0.75,0.85,0.0,0.9,0.6,0.7285286569593166,1.0
synth/scattered/amb0.35,125,1,0.22689075767993927,0.22689075767993927,scattered,689,1,0.00726318359375,0.14503662784894308,0.8555766401030902,0.48355920798475277,0.8932525000854279,0.3546400120695476,0.933632609349567,8.0,0.22296324141724544,0.3285286569593165,0.5,0.4,1.0,0.15,0.5,0.05,0.45,0.15,0.75,0.85,0.0,0.9,0.6,0.7285286569593166,1.0
synth/scattered/amb0.35,126,1,0.20671378076076508,0.20671378076076508,scattered,689,2,0.047119140625,0.04645795685549577,0.8555766401030902,0.48355920798475277,0.8932525000854279,0.3546400120695476,0.933632609349567,8.0,0.22296324141724544,0.3285286569593165,0.5,0.4,1.0,0.15,0.5,0.05,0.45,0.15,0.75,0.85,0.0,0.9,0.6,0.7285286569593166,1.0
synth/scattered/amb0.35,127,1,0.01866251975297928,0.01866251975297928,scattered,689,3,0.025146484375,0.24296454836924872,0.8555766401030902,0.48355920798475277,0.8932525000854279,0.3546400120695476,0.933632609349567,8.0,0.22296324141724544,0.3285286569593165,0.5,0.4,1.0,0.15,0.5,0.05,0.45,0.15,0.75,0.85,0.0,0.9,0.6,0.7285286569593166,1.0
synth/elongated/amb0.45,128,1,0.0,0.0,elongated,709,0,0.00628662109375,0.034226191540559135,0.5269945471152951,0.3199538232384328,0.5071654519837101,0.2653878736663067,0.3947973815346021,15.0,0.26356010296292354,0.4377371381388655,0.5,0.4,1.0,0.15,0.5,0.05,0.45,0.15,0.75,0.85,0.0,0.9,0.6,0.4377371381388655,0.6014667170271097
synth/elongated/amb0.45,129,1,0.37362638115882874,0.37362638115882874,elongated,709,1,0.009033203125,0.006289308269818624,0.5269945471152951,0.3199538232384328,0.5071654519837101,0.2653878736663067,0.3947973815346021,15.0,0.26356010296292354,0.4377371381388655,0.5,0.4,1.0,0.15,0.5,0.05,0.45,0.15,0.75,0.85,0.0,0.9,0.6,0.4377371381388655,0.6014667170271097
synth/elongated/amb0.45,130,1,0.0,0.0,elongated,709,2,0.00518798828125,0.0,0.5269945471152951,0.3199538232384328,0.5071654519837101,0.2653878736663067,0.3947973815346021,15.0,0.26356010296292354,0.4377371381388655,0.5,0.4,1.0,0.15,0.5,0.05,0.45,0.15,0.75,0.85,0.0,0.9,0.6,0.4377371381388655,0.6014667170271097
synth/elongated/amb0.45,131,1,0.38297873735427856,0.38297873735427856,elongated,709,3,0.00653076171875,0.11615070203940074,0.5269945471152951,0.3199538232384328,0.5071654519837101,0.2653878736663067,0.3947973815346021,15.0,0.26356010296292354,0.4377371381388655,0.5,0.4,1.0,0.15,0.5,0.05,0.45,0.15,0.75,0.85,0.0,0.9,0.6,0.4377371381388655,0.6014667170271097
synth/elongated/amb0.75,132,1,0.0,0.0,elongated,714,0,0.00604248046875,0.257269208629926,0.6610850257701139,0.6958087711773773,0.8660911184813076,0.18771914440702753,0.5720992534170546,10.0,0.7329069385265891,0.7704412931006461,0.5,0.4,1.0,0.15,0.5,0.05,0.45,0.15,0.75,0.85,0.0,0.9,0.6,0.7704412931006461,0.6597609355372069
synth/elongated/amb0.75,133,1,0.0,0.0,elongated,714,1,0.0087890625,0.06026365359624227,0.6610850257701139,0.6958087711773773,0.8660911184813076,0.18771914440702753,0.5720992534170546,10.0,0.7329069385265891,0.7704412931006461,0.5,0.4,1.0,0.15,0.5,0.05,0.45,0.15,0.75,0.85,0.0,0.9,0.6,0.7704412931006461,0.6597609355372069
synth/elongated/amb0.75,134,1,0.0,0.0,elongated,714,2,0.004150390625,0.0,0.6610850257701139,0.6958087711773773,0.8660911184813076,0.18771914440702753,0.5720992534170546,10.0,0.7329069385265891,0.7704412931006461,0.5,0.4,1.0,0.15,0.5,0.05,0.45,0.15,0.75,0.85,0.0,0.9,0.6,0.7704412931006461,0.6597609355372069
synth/elongated/amb0.75,135,1,0.0,0.0,elongated,714,3,0.0164794921875,0.0,0.6610850257701139,0.6958087711773773,0.8660911184813076,0.18771914440702753,0.5720992534170546,10.0,0.7329069385265891,0.7704412931006461,0.5,0.4,1.0,0.15,0.5,0.05,0.45,0.15,0.75,0.85,0.0,0.9,0.6,0.7704412931006461,0.6597609355372069
synth/blob/amb0.55,136,1,0.0,0.0,blob,719,0,0.006591796875,0.06875934203465779,0.47007080381132194,0.6187822257196812,0.5208755218392914,0.19296198646862944,0.44120918304451257,18.0,0.3497674306878126,0.5654109339585716,0.5,0.4,1.0,0.15,0.5,0.05,0.45,0.15,0.75,0.85,0.0,0.9,0.6,0.5654109339585716,0.6202038635750038
synth/blob/amb0.55,137,1,0.0,0.0,blob,719,1,0.00238037109375,0.008264462773998579,0.47007080381132194,0.6187822257196812,0.5208755218392914,0.19296198646862944,0.44120918304451257,18.0,0.3497674306878126,0.5654109339585716,0.5,0.4,1.0,0.15,0.5,0.05,0.45,0.15,0.75,0.85,0.0,0.9,0.6,0.5654109339585716,0.6202038635750038
synth/blob/amb0.55,138,1,0.455331414937973,0.455331414937973,blob,719,2,0.0162353515625,0.0,0.47007080381132194,0.6187822257196812,0.5208755218392914,0.19296198646862944,0.44120918304451257,18.0,0.3497674306878126,0.5654109339585716,0.5,0.4,1.0,0.15,0.5,0.05,0.45,0.15,0.75,0.85,0.0,0.9,0.6,0.5654109339585716,0.6202038635750038
synth/blob/amb0.55,139,1,0.050314463675022125,0.050314463675022125,blob,719,3,0.009033203125,0.03030303120613098,0.47007080381132194,0.6187822257196812,0.5208755218392914,0.19296198646862944,0.44120918304451257,18.0,0.3497674306878126,0.5654109339585716,0.5,0.4,1.0,0.15,0.5,0.05,0.45,0.15,0.75,0.85,0.0,0.9,0.6,0.5654109339585716,0.6202038635750038
synth/elongated/amb0.65,140,1,0.04901960864663124,0.04901960864663124,elongated,768,0,0.0145263671875,0.11926863171781103,0.663614624012467,0.4078178435721679,0.5636162010602073,0.17199818557129387,0.5151597499152962,7.0,0.7785327673563514,0.6347206314027896,0.5,0.4,1.0,0.15,0.5,0.05,0.45,0.15,0.75,0.85,0.0,0.9,0.6,0.6347206314027896,0.6435079935568196
synth/elongated/amb0.65,141,1,0.35736677050590515,0.35736677050590515,elongated,768,1,0.01025390625,0.15598463515440622,0.663614624012467,0.4078178435721679,0.5636162010602073,0.17199818557129387,0.5151597499152962,7.0,0.7785327673563514,0.6347206314027896,0.5,0.4,1.0,0.15,0.5,0.05,0.45,0.15,0.75,0.85,0.0,0.9,0.6,0.6347206314027896,0.6435079935568196
synth/elongated/amb0.65,142,1,0.0,0.0,elongated,768,2,0.0062255859375,0.23545526464780173,0.663614624012467,0.4078178435721679,0.5636162010602073,0.17199818557129387,0.5151597499152962,7.0,0.7785327673563514,0.6347206314027896,0.5,0.4,1.0,0.15,0.5,0.05,0.45,0.15,0.75,0.85,0.0,0.9,0.6,0.6347206314027896,0.6435079935568196
synth/elongated/amb0.65,143,1,0.0,0.0,elongated,768,3,0.006103515625,0.08710217475891113,0.663614624012467,0.4078178435721679,0.5636162010602073,0.17199818557129387,0.5151597499152962,7.0,0.7785327673563514,0.6347206314027896,0.5,0.4,1.0,0.15,0.5,0.05,0.45,0.15,0.75,0.85,0.0,0.9,0.6,0.6347206314027896,0.6435079935568196
synth/blob/amb0.65,144,1,0.0024691359139978886,0.0024691359139978886,blob,775,0,0.08599853515625,0.04481792946656545,0.3013818119053211,0.27646063162498147,0.7161008307896513,0.5590631661929721,0.5031726214187884,9.0,0.043972593137312055,0.6799616426575374,0.5,0.4,1.0,0.15,0.5,0.05,0.45,0.15,0.75,0.85,0.0,0.9,0.6,0.6799616426575374,0.5853227033369819
synth/blob/amb0.65,145,1,0.37538087368011475,0.37538087368011475,blob,775,1,0.0760498046875,0.30814159909884137,0.3013818119053211,0.27646063162498147,0.7161008307896513,0.5590631661929721,0.5031726214187884,9.0,0.043972593137312055,0.6799616426575374,0.5,0.4,1.0,0.15,0.5,0.05,0.45,0.15,0.75,0.85,0.0,0.9,0.6,0.6799616426575374,0.5853227033369819
synth/blob/amb0.65,146,1,0.2587719261646271,0.2587719261646271,blob,775,2,0.07098388671875,0.41328035791714984,0.3013818119053211,0.27646063162498147,0.7161008307896513,0.5590631661929721,0.5031726214187884,9.0,0.043972593137312055,0.6799616426575374,0.5,0.4,1.0,0.15,0.5,0.05,0.45,0.15,0.75,0.85,0.0,0.9,0.6,0.6799616426575374,0.5853227033369819
synth/blob/amb0.65,147,1,0.671515166759491,0.671515166759491,blob,775,3,0.033447265625,0.08981001377105713,0.3013818119053211,0.27646063162498147,0.7161008307896513,0.5590631661929721,0.5031726214187884,9.0,0.043972593137312055,0.6799616426575374,0.5,0.4,1.0,0.15,0.5,0.05,0.45,0.15,0.75,0.85,0.0,0.9,0.6,0.6799616426575374,0.5853227033369819
synth/scattered/amb0.35,148,1,0.0,0.0,scattered,777,0,0.00140380859375,0.0,0.715578349516853,0.5025087025670111,0.4642398733688792,0.27686874262288746,0.7126705860888961,12.0,0.022825588528105456,0.32010553244789886,0.5,0.4,1.0,0.15,0.5,0.05,0.45,0.15,0.75,0.85,0.0,0.9,0.6,0.7201055324478989,0.9959071734956597
synth/scattered/amb0.35,149,1,0.190476194024086,0.190476194024086,scattered,777,1,0.0023193359375,0.0,0.715578349516853,0.5025087025670111,0.4642398733688792,0.27686874262288746,0.7126705860888961,12.0,0.022825588528105456,0.32010553244789886,0.5,0.4,1.0,0.15,0.5,0.05,0.45,0.15,0.75,0.85,0.0,0.9,0.6,0.7201055324478989,0.9959071734956597
synth/scattered/amb0.35,150,1,0.21848739683628082,0.21848739683628082,scattered,777,2,0.0040283203125,0.10909090439478557,0.715578349516853,0.5025087025670111,0.4642398733688792,0.27686874262288746,0.7126705860888961,12.0,0.022825588528105456,0.32010553244789886,0.5,0.4,1.0,0.15,0.5,0.05,0.45,0.15,0.75,0.85,0.0,0.9,0.6,0.7201055324478989,0.9959071734956597
synth/scattered/amb0.35,151,1,0.0,0.0,scattered,777,3,0.00897216796875,0.0,0.715578349516853,0.5025087025670111,0.4642398733688792,0.27686874262288746,0.7126705860888961,12.0,0.022825588528105456,0.32010553244789886,0.5,0.4,1.0,0.15,0.5,0.05,0.45,0.15,0.75,0.85,0.0,0.9,0.6,0.7201055324478989,0.9959071734956597
synth/elongated/amb0.65,152,1,0.47337278723716736,0.47337278723716736,elongated,810,0,0.01165771484375,0.0713830441236496,0.44350106767501163,0.22816220482453115,0.7278017913871266,0.18931727487314648,0.7345170620622239,16.0,0.5185114129071727,0.6485446295608535,0.5,0.4,1.0,0.15,0.5,0.05,0.45,0.15,0.75,0.85,0.0,0.9,0.6,0.6485446295608535,0.7083986052415066
synth/elongated/amb0.65,153,1,0.0,0.0,elongated,810,1,0.00347900390625,0.0,0.44350106767501163,0.22816220482453115,0.7278017913871266,0.18931727487314648,0.7345170620622239,16.0,0.5185114129071727,0.6485446295608535,0.5,0.4,1.0,0.15,0.5,0.05,0.45,0.15,0.75,0.85,0.0,0.9,0.6,0.6485446295608535,0.7083986052415066
synth/elongated/amb0.65,154,1,0.0,0.0,elongated,810,2,0.00921630859375,0.08233486240108807,0.44350106767501163,0.22816220482453115,0.7278017913871266,0.18931727487314648,0.7345170620622239,16.0,0.5185114129071727,0.6485446295608535,0.5,0.4,1.0,0.15,0.5,0.05,0.45,0.15,0.75,0.85,0.0,0.9,0.6,0.6485446295608535,0.7083986052415066
synth/elongated/amb0.65,155,1,0.11843876540660858,0.11843876540660858,elongated,810,3,0.011962890625,0.0,0.44350106767501163,0.22816220482453115,0.7278017913871266,0.18931727487314648,0.7345170620622239,16.0,0.5185114129071727,0.6485446295608535,0.5,0.4,1.0,0.15,0.5,0.05,0.45,0.15,0.75,0.85,0.0,0.9,0.6,0.6485446295608535,0.7083986052415066
synth/blob/amb0.75,156,1,0.32283464074134827,0.32283464074134827,blob,817,0,0.0159912109375,0.058397182573874794,0.5201946437307097,0.5912116171129713,0.3153627144478198,0.3654773207368334,0.3036220993276907,12.0,0.4384275821591428,0.7566053126110316,0.5,0.4,1.0,0.15,0.5,0.05,0.45,0.15,0.75,0.85,0.0,0.9,0.6,0.7566053126110316,0.5641759514207507
synth/blob/amb0.75,157,1,0.0,0.0,blob,817,1,0.0499267578125,0.1127727534621954,0.5201946437307097,0.5912116171129713,0.3153627144478198,0.3654773207368334,0.3036220993276907,12.0,0.4384275821591428,0.7566053126110316,0.5,0.4,1.0,0.15,0.5,0.05,0.45,0.15,0.75,0.85,0.0,0.9,0.6,0.7566053126110316,0.5641759514207507
synth/blob/amb0.75,158,1,0.08668730407953262,0.08668730407953262,blob,817,2,0.015380859375,0.4036124149958293,0.5201946437307097,0.5912116171129713,0.3153627144478198,0.3654773207368334,0.3036220993276907,12.0,0.4384275821591428,0.7566053126110316,0.5,0.4,1.0,0.15,0.5,0.05,0.45,0.15,0.75,0.85,0.0,0.9,0.6,0.7566053126110316,0.5641759514207507
synth/blob/amb0.75,159,1,0.25287356972694397,0.25287356972694397,blob,817,3,0.00665283203125,0.10909090439478557,0.5201946437307097,0.5912116171129713,0.3153627144478198,0.3654773207368334,0.3036220993276907,12.0,0.4384275821591428,0.7566053126110316,0.5,0.4,1.0,0.15,0.5,0.05,0.45,0.15,0.75,0.85,0.0,0.9,0.6,0.7566053126110316,0.5641759514207507
synth/annular/amb0.45,160,1,0.4628821015357971,0.4628821015357971,annular,828,0,0.1142578125,0.27626715786755085,0.8689613970036028,0.26035008155602285,0.7346583250312972,0.5843637558559244,0.7919726716019322,11.0,0.7093216754575535,0.4228382320877415,0.5,0.4,1.0,0.15,0.5,0.05,0.45,0.15,0.75,0.85,0.0,0.9,0.6,0.4228382320877415,0.6638527552373179
synth/annular/amb0.45,161,1,0.30472853779792786,0.30472853779792786,annular,828,1,0.01409912109375,0.24048318962256113,0.8689613970036028,0.26035008155602285,0.7346583250312972,0.5843637558559244,0.7919726716019322,11.0,0.7093216754575535,0.4228382320877415,0.5,0.4,1.0,0.15,0.5,0.05,0.45,0.15,0.75,0.85,0.0,0.9,0.6,0.4228382320877415,0.6638527552373179
synth/annular/amb0.45,162,1,0.0,0.0,annular,828,2,0.04583740234375,0.24629190905640522,0.8689613970036028,0.26035008155602285,0.7346583250312972,0.5843637558559244,0.7919726716019322,11.0,0.7093216754575535,0.4228382320877415,0.5,0.4,1.0,0.15,0.5,0.05,0.45,0.15,0.75,0.85,0.0,0.9,0.6,0.4228382320877415,0.6638527552373179
synth/annular/amb0.45,163,1,0.08813559263944626,0.08813559263944626,annular,828,3,0.0726318359375,0.07516907807439566,0.8689613970036028,0.26035008155602285,0.7346583250312972,0.5843637558559244,0.7919726716019322,11.0,0.7093216754575535,0.4228382320877415,0.5,0.4,1.0,0.15,0.5,0.05,0.45,0.15,0.75,0.85,0.0,0.9,0.6,0.4228382320877415,0.6638527552373179
synth/blob/amb0.75,164,1,0.0,0.0,blob,841,0,0.015625,0.0,0.49325350877205076,0.4979193135599306,0.6166394486888411,0.28445413140661574,0.5224837685062029,10.0,0.7554084266634885,0.7714636083527082,0.5,0.4,1.0,0.15,0.5,0.05,0.45,0.15,0.75,0.85,0.0,0.9,0.6,0.7714636083527082,0.6382150090433646
synth/blob/amb0.75,165,1,0.2803347408771515,0.2803347408771515,blob,841,1,0.01336669921875,0.04559457798798879,0.49325350877205076,0.4979193135599306,0.6166394486888411,0.28445413140661574,0.5224837685062029,10.0,0.7554084266634885,0.7714636083527082,0.5,0.4,1.0,0.15,0.5,0.05,0.45,0.15,0.75,0.85,0.0,0.9,0.6,0.7714636083527082,0.6382150090433646
synth/blob/amb0.75,166,1,0.4420289993286133,0.4420289993286133,blob,841,2,0.00543212890625,0.03735632201035818,0.49325350877205076,0.4979193135599306,0.6166394486888411,0.28445413140661574,0.5224837685062029,10.0,0.7554084266634885,0.7714636083527082,0.5,0.4,1.0,0.15,0.5,0.05,0.45,0.15,0.75,0.85,0.0,0.9,0.6,0.7714636083527082,0.6382150090433646
synth/blob/amb0.75,167,1,0.0,0.0,blob,841,3,0.007568359375,0.12182741363843282,0.49325350877205076,0.4979193135599306,0.6166394486888411,0.28445413140661574,0.5224837685062029,10.0,0.7554084266634885,0.7714636083527082,0.5,0.4,1.0,0.15,0.5,0.05,0.45,0.15,0.75,0.85,0.0,0.9,0.6,0.7714636083527082,0.6382150090433646
synth/tubular/amb0.75,168,1,0.20061728358268738,0.20061728358268738,tubular,846,0,0.05206298828125,0.18373238543669382,0.3286321952341693,0.43457810837782496,0.42337442987490503,0.17545222311308722,0.5089804983251607,14.0,0.11912534563665411,0.7763697753196581,0.5,0.4,1.0,0.15,0.5,0.05,0.45,0.15,0.75,0.85,0.0,0.9,0.6,0.7763697753196581,1.0
synth/tubular/amb0.75,169,1,0.4694761633872986,0.4694761633872986,tubular,846,1,0.0748291015625,0.17540040363868079,0.3286321952341693,0.43457810837782496,0.42337442987490503,0.17545222311308722,0.5089804983251607,14.0,0.11912534563665411,0.7763697753196581,0.5,0.4,1.0,0.15,0.5,0.05,0.45,0.15,0.75,0.85,0.0,0.9,0.6,0.7763697753196581,1.0
synth/tubular/amb0.75,170,1,0.3888040781021118,0.3888040781021118,tubular,846,2,0.0594482421875,0.23704166213671365,0.3286321952341693,0.43457810837782496,0.42337442987490503,0.17545222311308722,0.5089804983251607,14.0,0.11912534563665411,0.7763697753196581,0.5,0.4,1.0,0.15,0.5,0.05,0.45,0.15,0.75,0.85,0.0,0.9,0.6,0.7763697753196581,1.0
synth/tubular/amb0.75,171,1,0.22767497599124908,0.22767497599124908,tubular,846,3,0.102783203125,0.16162873369952044,0.3286321952341693,0.43457810837782496,0.42337442987490503,0.17545222311308722,0.5089804983251607,14.0,0.11912534563665411,0.7763697753196581,0.5,0.4,1.0,0.15,0.5,0.05,0.45,0.15,0.75,0.85,0.0,0.9,0.6,0.7763697753196581,1.0
synth/elongated/amb0.65,172,1,0.3095022737979889,0.3095022737979889,elongated,865,0,0.0560302734375,0.24725709358851114,0.5719786917002752,0.2692197089457719,0.6296401243324656,0.49089082573094817,0.34318594287536164,15.0,0.8984328886518478,0.621186796971122,0.5,0.4,1.0,0.15,0.5,0.05,0.45,0.15,0.75,0.85,0.0,0.9,0.6,0.621186796971122,0.5550098629302062
synth/elongated/amb0.65,173,1,0.016032064333558083,0.016032064333558083,elongated,865,1,0.0145263671875,0.04431017239888509,0.5719786917002752,0.2692197089457719,0.6296401243324656,0.49089082573094817,0.34318594287536164,15.0,0.8984328886518478,0.621186796971122,0.5,0.4,1.0,0.15,0.5,0.05,0.45,0.15,0.75,0.85,0.0,0.9,0.6,0.621186796971122,0.5550098629302062
synth/elongated/amb0.65,174,1,0.7336999177932739,0.7336999177932739,elongated,865,2,0.048828125,0.06218901975080371,0.5719786917002752,0.2692197089457719,0.6296401243324656,0.49089082573094817,0.34318594287536164,15.0,0.8984328886518478,0.621186796971122,0.5,0.4,1.0,0.15,0.5,0.05,0.45,0.15,0.75,0.85,0.0,0.9,0.6,0.621186796971122,0.5550098629302062
synth/elongated/amb0.65,175,1,0.20537897944450378,0.20537897944450378,elongated,865,3,0.01708984375,0.16625667115052542,0.5719786917002752,0.2692197089457719,0.6296401243324656,0.49089082573094817,0.34318594287536164,15.0,0.8984328886518478,0.621186796971122,0.5,0.4,1.0,0.15,0.5,0.05,0.45,0.15,0.75,0.85,0.0,0.9,0.6,0.621186796971122,0.5550098629302062
synth/blob/amb0.35,176,1,0.42485305666923523,0.42485305666923523,blob,869,0,0.04766845703125,0.35636646548906964,0.7910210941653786,0.4503893597756787,0.3604862042047254,0.562037128477716,0.5963299505206934,22.0,0.37704529183561264,0.35728146124177235,0.5,0.4,1.0,0.15,0.5,0.05,0.45,0.15,0.75,0.85,0.0,0.9,0.6,0.35728146124177235,0.6123648890332112
synth/blob/amb0.35,177,1,0.7547741532325745,0.7547741532325745,blob,869,1,0.109375,0.5080088887092037,0.7910210941653786,0.4503893597756787,0.3604862042047254,0.562037128477716,0.5963299505206934,22.0,0.37704529183561264,0.35728146124177235,0.5,0.4,1.0,0.15,0.5,0.05,0.45,0.15,0.75,0.85,0.0,0.9,0.6,0.35728146124177235,0.6123648890332112
synth/blob/amb0.35,178,1,0.31217238306999207,0.31217238306999207,blob,869,2,0.055908203125,0.2749951084454854,0.7910210941653786,0.4503893597756787,0.3604862042047254,0.562037128477716,0.5963299505206934,22.0,0.37704529183561264,0.35728146124177235,0.5,0.4,1.0,0.15,0.5,0.05,0.45,0.15,0.75,0.85,0.0,0.9,0.6,0.35728146124177235,0.6123648890332112
synth/blob/amb0.35,179,1,0.01149425283074379,0.01149425283074379,blob,869,3,0.01605224609375,0.16352749119202295,0.7910210941653786,0.4503893597756787,0.3604862042047254,0.562037128477716,0.5963299505206934,22.0,0.37704529183561264,0.35728146124177235,0.5,0.4,1.0,0.15,0.5,0.05,0.45,0.15,0.75,0.85,0.0,0.9,0.6,0.35728146124177235,0.6123648890332112
synth/elongated/amb0.35,180,1,0.0,0.0,elongated,891,0,0.00213623046875,0.16339869300524393,0.39733477638656306,0.4501664666057112,0.7974552196222039,0.2478074873310161,0.8333132355847053,7.0,0.32351389488576976,0.32910297613009887,0.5,0.4,1.0,0.15,0.5,0.05,0.45,0.15,0.75,0.85,0.0,0.9,0.6,0.32910297613009887,0.7343414250276745
synth/elongated/amb0.35,181,1,0.294545441865921,0.294545441865921,elongated,891,1,0.02655029296875,0.021978023151556652,0.39733477638656306,0.4501664666057112,0.7974552196222039,0.2478074873310161,0.8333132355847053,7.0,0.32351389488576976,0.32910297613009887,0.5,0.4,1.0,0.15,0.5,0.05,0.45,0.15,0.75,0.85,0.0,0.9,0.6,0.32910297613009887,0.7343414250276745
synth/elongated/amb0.35,182,1,0.2266666740179062,0.2266666740179062,elongated,891,2,0.00372314453125,0.06866952776908875,0.39733477638656306,0.4501664666057112,0.7974552196222039,0.2478074873310161,0.8333132355847053,7.0,0.32351389488576976,0.32910297613009887,0.5,0.4,1.0,0.15,0.5,0.05,0.45,0.15,0.75,0.85,0.0,0.9,0.6,0.32910297613009887,0.7343414250276745
synth/elongated/amb0.35,183,1,0.0,0.0,elongated,891,3,0.00604248046875,0.0,0.39733477638656306,0.4501664666057112,0.7974552196222039,0.2478074873310161,0.8333132355847053,7.0,0.32351389488576976,0.32910297613009887,0.5,0.4,1.0,0.15,0.5,0.05,0.45,0.15,0.75,0.85,0.0,0.9,0.6,0.32910297613009887,0.7343414250276745
synth/blob/amb0.75,184,1,0.05747126415371895,0.05747126415371895,blob,909,0,0.02630615234375,0.14528202824294567,0.30814176286827083,0.5800482992762441,0.5868254784173537,0.46404481615638205,0.8372177252995809,18.0,0.9713700874900664,0.7880228596163131,0.5,0.4,1.0,0.15,0.5,0.05,0.45,0.15,0.75,0.85,0.0,0.9,0.6,0.7880228596163131,0.7087952031855791
synth/blob/amb0.75,185,1,0.4992150664329529,0.4992150664329529,blob,909,1,0.05120849609375,0.32278457283973694,0.30814176286827083,0.5800482992762441,0.5868254784173537,0.46404481615638205,0.8372177252995809,18.0,0.9713700874900664,0.7880228596163131,0.5,0.4,1.0,0.15,0.5,0.05,0.45,0.15,0.75,0.85,0.0,0.9,0.6,0.7880228596163131,0.7087952031855791
synth/blob/amb0.75,186,1,0.3461918830871582,0.3461918830871582,blob,909,2,0.0455322265625,0.2582043061653773,0.30814176286827083,0.5800482992762441,0.5868254784173537,0.46404481615638205,0.8372177252995809,18.0,0.9713700874900664,0.7880228596163131,0.5,0.4,1.0,0.15,0.5,0.05,0.45,0.15,0.75,0.85,0.0,0.9,0.6,0.7880228596163131,0.7087952031855791
synth/blob/amb0.75,187,1,0.35324016213417053,0.35324016213417053,blob,909,3,0.036376953125,0.395586222410202,0.30814176286827083,0.5800482992762441,0.5868254784173537,0.46404481615638205,0.8372177252995809,18.0,0.9713700874900664,0.7880228596163131,0.5,0.4,1.0,0.15,0.5,0.05,0.45,0.15,0.75,0.85,0.0,0.9,0.6,0.7880228596163131,0.7087952031855791
synth/tubular/amb0.45,188,1,0.44897958636283875,0.44897958636283875,tubular,913,0,0.02288818359375,0.20104970534642538,0.8133151915948085,0.8275025382854693,0.416916498254459,0.1974010794010515,0.8548254182097859,14.0,0.04105464060561426,0.4586034236274175,0.5,0.4,1.0,0.15,0.5,0.05,0.45,0.15,0.75,0.85,0.0,0.9,0.6,0.4586034236274175,1.0
synth/tubular/amb0.45,189,1,0.06776859611272812,0.06776859611272812,tubular,913,1,0.04376220703125,0.1404120201865832,0.8133151915948085,0.8275025382854693,0.416916498254459,0.1974010794010515,0.8548254182097859,14.0,0.04105464060561426,0.4586034236274175,0.5,0.4,1.0,0.15,0.5,0.05,0.45,0.15,0.75,0.85,0.0,0.9,0.6,0.4586034236274175,1.0
synth/tubular/amb0.45,190,1,0.4646194875240326,0.4646194875240326,tubular,913,2,0.02056884765625,0.2590845425923665,0.8133151915948085,0.8275025382854693,0.416916498254459,0.1974010794010515,0.8548254182097859,14.0,0.04105464060561426,0.4586034236274175,0.5,0.4,1.0,0.15,0.5,0.05,0.45,0.15,0.75,0.85,0.0,0.9,0.6,0.4586034236274175,1.0
synth/tubular/amb0.45,191,1,0.46236559748649597,0.46236559748649597,tubular,913,3,0.01025390625,0.13521699234843254,0.8133151915948085,0.8275025382854693,0.416916498254459,0.1974010794010515,0.8548254182097859,14.0,0.04105464060561426,0.4586034236274175,0.5,0.4,1.0,0.15,0.5,0.05,0.45,0.15,0.75,0.85,0.0,0.9,0.6,0.4586034236274175,1.0
synth/tubular/amb0.45,192,1,0.27833572030067444,0.27833572030067444,tubular,966,0,0.06298828125,0.17738989988962808,0.8244620267941545,0.2145715545000215,0.39270164324539913,0.5845761520853879,0.38808496492769495,14.0,0.6846958355941611,0.40566568656488067,0.5,0.4,1.0,0.15,0.5,0.05,0.45,0.15,0.75,0.85,0.0,0.9,0.6,0.40566568656488067,1.0
synth/tubular/amb0.45,193,1,0.10722100734710693,0.10722100734710693,tubular,966,1,0.0355224609375,0.03562284633517265,0.8244620267941545,0.2145715545000215,0.39270164324539913,0.5845761520853879,0.38808496492769495,14.0,0.6846958355941611,0.40566568656488067,0.5,0.4,1.0,0.15,0.5,0.05,0.45,0.15,0.75,0.85,0.0,0.9,0.6,0.40566568656488067,1.0
synth/tubular/amb0.45,194,1,0.33405640721321106,0.33405640721321106,tubular,966,2,0.049072265625,0.241893137494723,0.8244620267941545,0.2145715545000215,0.39270164324539913,0.5845761520853879,0.38808496492769495,14.0,0.6846958355941611,0.40566568656488067,0.5,0.4,1.0,0.15,0.5,0.05,0.45,0.15,0.75,0.85,0.0,0.9,0.6,0.40566568656488067,1.0
synth/tubular/amb0.45,195,1,0.2644135057926178,0.2644135057926178,tubular,966,3,0.0430908203125,0.25804735720157623,0.8244620267941545,0.2145715545000215,0.39270164324539913,0.5845761520853879,0.38808496492769495,14.0,0.6846958355941611,0.40566568656488067,0.5,0.4,1.0,0.15,0.5,0.05,0.45,0.15,0.75,0.85,0.0,0.9,0.6,0.40566568656488067,1.0
synth/elongated/amb0.35,196,1,0.1785714328289032,0.1785714328289032,elongated,978,0,0.00103759765625,0.168290043870608,0.4407317030446825,0.7787663040796253,0.8419766372904611,0.17398744584003956,0.5876369291894527,7.0,0.6929818784464205,0.30620737704057943,0.5,0.4,1.0,0.15,0.5,0.05,0.45,0.15,0.75,0.85,0.0,0.9,0.6,0.30620737704057943,0.665149547166093
synth/elongated/amb0.35,197,1,0.0,0.0,elongated,978,1,0.004150390625,0.0,0.4407317030446825,0.7787663040796253,0.8419766372904611,0.17398744584003956,0.5876369291894527,7.0,0.6929818784464205,0.30620737704057943,0.5,0.4,1.0,0.15,0.5,0.05,0.45,0.15,0.75,0.85,0.0,0.9,0.6,0.30620737704057943,0.665149547166093
synth/elongated/amb0.35,198,1,0.0,0.0,elongated,978,2,0.0059814453125,0.01606425642967224,0.4407317030446825,0.7787663040796253,0.8419766372904611,0.17398744584003956,0.5876369291894527,7.0,0.6929818784464205,0.30620737704057943,0.5,0.4,1.0,0.15,0.5,0.05,0.45,0.15,0.75,0.85,0.0,0.9,0.6,0.30620737704057943,0.665149547166093
synth/elongated/amb0.35,199,1,0.033707864582538605,0.033707864582538605,elongated,978,3,0.00567626953125,0.0,0.4407317030446825,0.7787663040796253,0.8419766372904611,0.17398744584003956,0.5876369291894527,7.0,0.6929818784464205,0.30620737704057943,0.5,0.4,1.0,0.15,0.5,0.05,0.45,0.15,0.75,0.85,0.0,0.9,0.6,0.30620737704057943,0.665149547166093
synth/elongated/amb0.45,200,1,0.13071896135807037,0.13071896135807037,elongated,1025,0,0.01593017578125,0.11400479078292847,0.8463303874713799,0.2977023505932448,0.5840328236081374,0.17516592771903833,0.6192570960952241,15.0,0.14365672574488808,0.4133175347568485,0.5,0.4,1.0,0.15,0.5,0.05,0.45,0.15,0.75,0.85,0.0,0.9,0.6,0.4133175347568485,0.6745749665487325
synth/elongated/amb0.45,201,1,0.0,0.0,elongated,1025,1,0.00335693359375,0.0,0.8463303874713799,0.2977023505932448,0.5840328236081374,0.17516592771903833,0.6192570960952241,15.0,0.14365672574488808,0.4133175347568485,0.5,0.4,1.0,0.15,0.5,0.05,0.45,0.15,0.75,0.85,0.0,0.9,0.6,0.4133175347568485,0.6745749665487325
synth/elongated/amb0.45,202,1,0.08264462649822235,0.08264462649822235,elongated,1025,2,0.0081787109375,0.13993938639760017,0.8463303874713799,0.2977023505932448,0.5840328236081374,0.17516592771903833,0.6192570960952241,15.0,0.14365672574488808,0.4133175347568485,0.5,0.4,1.0,0.15,0.5,0.05,0.45,0.15,0.75,0.85,0.0,0.9,0.6,0.4133175347568485,0.6745749665487325
synth/elongated/amb0.45,203,1,0.48048049211502075,0.48048049211502075,elongated,1025,3,0.0147705078125,0.022471909721692402,0.8463303874713799,0.2977023505932448,0.5840328236081374,0.17516592771903833,0.6192570960952241,15.0,0.14365672574488808,0.4133175347568485,0.5,0.4,1.0,0.15,0.5,0.05,0.45,0.15,0.75,0.85,0.0,0.9,0.6,0.4133175347568485,0.6745749665487325
synth/elongated/amb0.55,204,1,0.5450549721717834,0.5450549721717834,elongated,1039,0,0.012939453125,0.19063316533962885,0.7892392001875783,0.24166982011672566,0.731674737608305,0.24415652755094247,0.45633033651536337,17.0,0.31189893671053404,0.5157694833905977,0.5,0.4,1.0,0.15,0.5,0.05,0.45,0.15,0.75,0.85,0.0,0.9,0.6,0.5157694833905977,0.6215075260772752
synth/elongated/amb0.55,205,1,0.0,0.0,elongated,1039,1,0.01458740234375,0.06706114610036214,0.7892392001875783,0.24166982011672566,0.731674737608305,0.24415652755094247,0.45633033651536337,17.0,0.31189893671053404,0.5157694833905977,0.5,0.4,1.0,0.15,0.5,0.05,0.45,0.15,0.75,0.85,0.0,0.9,0.6,0.5157694833905977,0.6215075260772752
synth/elongated/amb0.55,206,1,0.7077922224998474,0.7077922224998474,elongated,1039,2,0.0103759765625,0.18462114160259566,0.7892392001875783,0.24166982011672566,0.731674737608305,0.24415652755094247,0.45633033651536337,17.0,0.31189893671053404,0.5157694833905977,0.5,0.4,1.0,0.15,0.5,0.05,0.45,0.15,0.75,0.85,0.0,0.9,0.6,0.5157694833905977,0.6215075260772752
synth/elongated/amb0.55,207,1,0.2210884392261505,0.2210884392261505,elongated,1039,3,0.02801513671875,0.07571560641129811,0.7892392001875783,0.24166982011672566,0.731674737608305,0.24415652755094247,0.45633033651536337,17.0,0.31189893671053404,0.5157694833905977,0.5,0.4,1.0,0.15,0.5,0.05,0.45,0.15,0.75,0.85,0.0,0.9,0.6,0.5157694833905977,0.6215075260772752
synth/elongated/amb0.65,208,1,0.46198198199272156,0.46198198199272156,elongated,1068,0,0.0885009765625,0.08440074697136879,0.5626400841751852,0.864309324998813,0.36169628208296883,0.528764542521553,0.3271861319511,20.0,0.10353341547989103,0.6656168504380473,0.5,0.4,1.0,0.15,0.5,0.05,0.45,0.15,0.75,0.85,0.0,0.9,0.6,0.6656168504380473,0.5410738516567566
synth/elongated/amb0.65,209,1,0.2945248484611511,0.2945248484611511,elongated,1068,1,0.0672607421875,0.26219170292218524,0.5626400841751852,0.864309324998813,0.36169628208296883,0.528764542521553,0.3271861319511,20.0,0.10353341547989103,0.6656168504380473,0.5,0.4,1.0,0.15,0.5,0.05,0.45,0.15,0.75,0.85,0.0,0.9,0.6,0.6656168504380473,0.5410738516567566
synth/elongated/amb0.65,210,1,0.675595223903656,0.675595223903656,elongated,1068,2,0.0177001953125,0.288065105676651,0.5626400841751852,0.864309324998813,0.36169628208296883,0.528764542521553,0.3271861319511,20.0,0.10353341547989103,0.6656168504380473,0.5,0.4,1.0,0.15,0.5,0.05,0.45,0.15,0.75,0.85,0.0,0.9,0.6,0.6656168504380473,0.5410738516567566
synth/elongated/amb0.65,211,1,0.2655999958515167,0.2655999958515167,elongated,1068,3,0.01177978515625,0.010705596456925074,0.5626400841751852,0.864309324998813,0.36169628208296883,0.528764542521553,0.3271861319511,20.0,0.10353341547989103,0.6656168504380473,0.5,0.4,1.0,0.15,0.5,0.05,0.45,0.15,0.75,0.85,0.0,0.9,0.6,0.6656168504380473,0.5410738516567566
synth/tubular/amb0.45,212,1,0.3212302327156067,0.3212302327156067,tubular,1081,0,0.0980224609375,0.17846241841713587,0.3338138994551081,0.6040652725871614,0.4577474958431879,0.49012664521022803,0.7097363799893106,10.0,0.049683387233548704,0.4954242831753227,0.5,0.4,1.0,0.15,0.5,0.05,0.45,0.15,0.75,0.85,0.0,0.9,0.6,0.4954242831753227,1.0
synth/tubular/amb0.45,213,1,0.4653465449810028,0.4653465449810028,tubular,1081,1,0.0609130859375,0.2324974536895752,0.3338138994551081,0.6040652725871614,0.4577474958431879,0.49012664521022803,0.7097363799893106,10.0,0.049683387233548704,0.4954242831753227,0.5,0.4,1.0,0.15,0.5,0.05,0.45,0.15,0.75,0.85,0.0,0.9,0.6,0.4954242831753227,1.0
synth/tubular/amb0.45,214,1,0.47926828265190125,0.47926828265190125,tubular,1081,2,0.05267333984375,0.39139798283576965,0.3338138994551081,0.6040652725871614,0.4577474958431879,0.49012664521022803,0.7097363799893106,10.0,0.049683387233548704,0.4954242831753227,0.5,0.4,1.0,0.15,0.5,0.05,0.45,0.15,0.75,0.85,0.0,0.9,0.6,0.4954242831753227,1.0
synth/tubular/amb0.45,215,1,0.24707846343517303,0.24707846343517303,tubular,1081,3,0.07098388671875,0.26148391763369244,0.3338138994551081,0.6040652725871614,0.4577474958431879,0.49012664521022803,0.7097363799893106,10.0,0.049683387233548704,0.4954242831753227,0.5,0.4,1.0,0.15,0.5,0.05,0.45,0.15,0.75,0.85,0.0,0.9,0.6,0.4954242831753227,1.0
synth/blob/amb0.65,216,1,0.0,0.0,blob,1083,0,0.11181640625,0.10895904153585434,0.3883443122419725,0.6667005156639451,0.7712124181462814,0.5633713993436854,0.7384895677179523,12.0,0.2589136355151743,0.6619004164875992,0.5,0.4,1.0,0.15,0.5,0.05,0.45,0.15,0.75,0.85,0.0,0.9,0.6,0.6619004164875992,0.6546026938957805
synth/blob/amb0.65,217,1,0.43214285373687744,0.43214285373687744,blob,1083,1,0.00946044921875,0.21834014356136322,0.3883443122419725,0.6667005156639451,0.7712124181462814,0.5633713993436854,0.7384895677179523,12.0,0.2589136355151743,0.6619004164875992,0.5,0.4,1.0,0.15,0.5,0.05,0.45,0.15,0.75,0.85,0.0,0.9,0.6,0.6619004164875992,0.6546026938957805
synth/blob/amb0.65,218,1,0.018583042547106743,0.018583042547106743,blob,1083,2,0.01739501953125,0.18119279543558756,0.3883443122419725,0.6667005156639451,0.7712124181462814,0.5633713993436854,0.7384895677179523,12.0,0.2589136355151743,0.6619004164875992,0.5,0.4,1.0,0.15,0.5,0.05,0.45,0.15,0.75,0.85,0.0,0.9,0.6,0.6619004164875992,0.6546026938957805
synth/blob/amb0.65,219,1,0.019543973729014397,0.019543973729014397,blob,1083,3,0.02716064453125,0.3138744334379832,0.3883443122419725,0.6667005156639451,0.7712124181462814,0.5633713993436854,0.7384895677179523,12.0,0.2589136355151743,0.6619004164875992,0.5,0.4,1.0,0.15,0.5,0.05,0.45,0.15,0.75,0.85,0.0,0.9,0.6,0.6619004164875992,0.6546026938957805
synth/tubular/amb0.55,220,1,0.4000000059604645,0.4000000059604645,tubular,1090,0,0.16357421875,0.39518919587135315,0.5867425179687129,0.8538646288550884,0.6288507702072497,0.17916599504603214,0.4579104034478358,18.0,0.4220138131439226,0.5329108042850246,0.5,0.4,1.0,0.15,0.5,0.05,0.45,0.15,0.75,0.85,0.0,0.9,0.6,0.5329108042850246,1.0
synth/tubular/amb0.55,221,1,0.33205708861351013,0.33205708861351013,tubular,1090,1,0.07928466796875,0.1800746644536654,0.5867425179687129,0.8538646288550884,0.6288507702072497,0.17916599504603214,0.4579104034478358,18.0,0.4220138131439226,0.5329108042850246,0.5,0.4,1.0,0.15,0.5,0.05,0.45,0.15,0.75,0.85,0.0,0.9,0.6,0.5329108042850246,1.0
synth/tubular/amb0.55,222,1,0.33191969990730286,0.33191969990730286,tubular,1090,2,0.1429443359375,0.24879930913448334,0.5867425179687129,0.8538646288550884,0.6288507702072497,0.17916599504603214,0.4579104034478358,18.0,0.4220138131439226,0.5329108042850246,0.5,0.4,1.0,0.15,0.5,0.05,0.45,0.15,0.75,0.85,0.0,0.9,0.6,0.5329108042850246,1.0
synth/tubular/amb0.55,223,1,0.21690821647644043,0.21690821647644043,tubular,1090,3,0.159423828125,0.21296505505839983,0.5867425179687129,0.8538646288550884,0.6288507702072497,0.17916599504603214,0.4579104034478358,18.0,0.4220138131439226,0.5329108042850246,0.5,0.4,1.0,0.15,0.5,0.05,0.45,0.15,0.75,0.85,0.0,0.9,0.6,0.5329108042850246,1.0
synth/blob/amb0.55,224,1,0.0,0.0,blob,1103,0,0.0185546875,0.16777036959926286,0.3462692661163179,0.20498048584155995,0.7274388495484003,0.1279514125661167,0.9253385768732654,21.0,0.41757945893439885,0.5385286782542126,0.5,0.4,1.0,0.15,0.5,0.05,0.45,0.15,0.75,0.85,0.0,0.9,0.6,0.5385286782542126,0.7685885012887921
synth/blob/amb0.55,225,1,0.2978723347187042,0.2978723347187042,blob,1103,1,0.0028076171875,0.0,0.3462692661163179,0.20498048584155995,0.7274388495484003,0.1279514125661167,0.9253385768732654,21.0,0.41757945893439885,0.5385286782542126,0.5,0.4,1.0,0.15,0.5,0.05,0.45,0.15,0.75,0.85,0.0,0.9,0.6,0.5385286782542126,0.7685885012887921
synth/blob/amb0.55,226,1,0.08695652335882187,0.08695652335882187,blob,1103,2,0.00445556640625,0.0,0.3462692661163179,0.20498048584155995,0.7274388495484003,0.1279514125661167,0.9253385768732654,21.0,0.41757945893439885,0.5385286782542126,0.5,0.4,1.0,0.15,0.5,0.05,0.45,0.15,0.75,0.85,0.0,0.9,0.6,0.5385286782542126,0.7685885012887921
synth/blob/amb0.55,227,1,0.6844919919967651,0.6844919919967651,blob,1103,3,0.01287841796875,0.4752078354358673,0.3462692661163179,0.20498048584155995,0.7274388495484003,0.1279514125661167,0.9253385768732654,21.0,0.41757945893439885,0.5385286782542126,0.5,0.4,1.0,0.15,0.5,0.05,0.45,0.15,0.75,0.85,0.0,0.9,0.6,0.5385286782542126,0.7685885012887921
synth/annular/amb0.45,228,1,0.4307692348957062,0.4307692348957062,annular,1120,0,0.03070068359375,0.20693695545196533,0.3119853965879909,0.43635087511618,0.6696522638352422,0.230017065046268,0.9682258789530533,23.0,0.5658221237633587,0.4878556477262716,0.5,0.4,1.0,0.15,0.5,0.05,0.45,0.15,0.75,0.85,0.0,0.9,0.6,0.4878556477262716,0.7760464728824558
synth/annular/amb0.45,229,1,0.0,0.0,annular,1120,1,0.00390625,0.019900497049093246,0.3119853965879909,0.43635087511618,0.6696522638352422,0.230017065046268,0.9682258789530533,23.0,0.5658221237633587,0.4878556477262716,0.5,0.4,1.0,0.15,0.5,0.05,0.45,0.15,0.75,0.85,0.0,0.9,0.6,0.4878556477262716,0.7760464728824558
synth/annular/amb0.45,230,1,0.0,0.0,annular,1120,2,0.0206298828125,0.06681190927823384,0.3119853965879909,0.43635087511618,0.6696522638352422,0.230017065046268,0.9682258789530533,23.0,0.5658221237633587,0.4878556477262716,0.5,0.4,1.0,0.15,0.5,0.05,0.45,0.15,0.75,0.85,0.0,0.9,0.6,0.4878556477262716,0.7760464728824558
synth/annular/amb0.45,231,1,0.13600000739097595,0.13600000739097595,annular,1120,3,0.0115966796875,0.06112703184286753,0.3119853965879909,0.43635087511618,0.6696522638352422,0.230017065046268,0.9682258789530533,23.0,0.5658221237633587,0.4878556477262716,0.5,0.4,1.0,0.15,0.5,0.05,0.45,0.15,0.75,0.85,0.0,0.9,0.6,0.4878556477262716,0.7760464728824558
synth/annular/amb0.35,232,1,0.08274785429239273,0.08274785429239273,annular,1125,0,0.06378173828125,0.24543162186940512,0.4006197437577076,0.4211138637068581,0.860348053296274,0.39678213605775037,0.4622554005091992,15.0,0.011484869688822674,0.3478816398804161,0.5,0.4,1.0,0.15,0.5,0.05,0.45,0.15,0.75,0.85,0.0,0.9,0.6,0.3478816398804161,0.6075928079495068
synth/annular/amb0.35,233,1,0.0,0.0,annular,1125,1,0.0115966796875,0.08428019595642884,0.4006197437577076,0.4211138637068581,0.860348053296274,0.39678213605775037,0.4622554005091992,15.0,0.011484869688822674,0.3478816398804161,0.5,0.4,1.0,0.15,0.5,0.05,0.45,0.15,0.75,0.85,0.0,0.9,0.6,0.3478816398804161,0.6075928079495068
synth/annular/amb0.35,234,1,0.6429725289344788,0.6429725289344788,annular,1125,2,0.0189208984375,0.1704293688138326,0.4006197437577076,0.4211138637068581,0.860348053296274,0.39678213605775037,0.4622554005091992,15.0,0.011484869688822674,0.3478816398804161,0.5,0.4,1.0,0.15,0.5,0.05,0.45,0.15,0.75,0.85,0.0,0.9,0.6,0.3478816398804161,0.6075928079495068
synth/annular/amb0.35,235,1,0.07967033237218857,0.07967033237218857,annular,1125,3,0.02484130859375,0.05294673889875412,0.4006197437577076,0.4211138637068581,0.860348053296274,0.39678213605775037,0.4622554005091992,15.0,0.011484869688822674,0.3478816398804161,0.5,0.4,1.0,0.15,0.5,0.05,0.45,0.15,0.75,0.85,0.0,0.9,0.6,0.3478816398804161,0.6075928079495068
synth/elongated/amb0.55,236,1,0.0,0.0,elongated,1128,0,0.03668212890625,0.015408320973316828,0.32660686733195576,0.7050993013790796,0.37510258012194053,0.3462338988008034,0.8202782853932504,9.0,0.22040168348538003,0.5851980227876048,0.5,0.4,1.0,0.15,0.5,0.05,0.45,0.15,0.75,0.85,0.0,0.9,0.6,0.5851980227876048,0.7214549946903266
synth/elongated/amb0.55,237,1,0.505643367767334,0.505643367767334,elongated,1128,1,0.0196533203125,0.17920811971028647,0.32660686733195576,0.7050993013790796,0.37510258012194053,0.3462338988008034,0.8202782853932504,9.0,0.22040168348538003,0.5851980227876048,0.5,0.4,1.0,0.15,0.5,0.05,0.45,0.15,0.75,0.85,0.0,0.9,0.6,0.5851980227876048,0.7214549946903266
synth/elongated/amb0.55,238,1,0.0,0.0,elongated,1128,2,0.00640869140625,0.16208498055736223,0.32660686733195576,0.7050993013790796,0.37510258012194053,0.3462338988008034,0.8202782853932504,9.0,0.22040168348538003,0.5851980227876048,0.5,0.4,1.0,0.15,0.5,0.05,0.45,0.15,0.75,0.85,0.0,0.9,0.6,0.5851980227876048,0.7214549946903266
synth/elongated/amb0.55,239,1,0.7100977301597595,0.7100977301597595,elongated,1128,3,0.00933837890625,0.14594594637552896,0.32660686733195576,0.7050993013790796,0.37510258012194053,0.3462338988008034,0.8202782853932504,9.0,0.22040168348538003,0.5851980227876048,0.5,0.4,1.0,0.15,0.5,0.05,0.45,0.15,0.75,0.85,0.0,0.9,0.6,0.5851980227876048,0.7214549946903266
synth/blob/amb0.75,240,1,0.27922704815864563,0.27922704815864563,blob,1133,0,0.10870361328125,0.21596814692020416,0.49096979608911284,0.7715401808249465,0.6435033943286318,0.5161952680541484,0.31071146170337627,6.0,0.003851727557445783,0.7802101389703399,0.5,0.4,1.0,0.15,0.5,0.05,0.45,0.15,0.75,0.85,0.0,0.9,0.6,0.7802101389703399,0.5393417558912299
synth/blob/amb0.75,241,1,0.4685777425765991,0.4685777425765991,blob,1133,1,0.08477783203125,0.22117399672667185,0.49096979608911284,0.7715401808249465,0.6435033943286318,0.5161952680541484,0.31071146170337627,6.0,0.003851727557445783,0.7802101389703399,0.5,0.4,1.0,0.15,0.5,0.05,0.45,0.15,0.75,0.85,0.0,0.9,0.6,0.7802101389703399,0.5393417558912299
synth/blob/amb0.75,242,1,0.6300578117370605,0.6300578117370605,blob,1133,2,0.01416015625,0.13011847933133444,0.49096979608911284,0.7715401808249465,0.6435033943286318,0.5161952680541484,0.31071146170337627,6.0,0.003851727557445783,0.7802101389703399,0.5,0.4,1.0,0.15,0.5,0.05,0.45,0.15,0.75,0.85,0.0,0.9,0.6,0.7802101389703399,0.5393417558912299
synth/blob/amb0.75,243,1,0.3250773847103119,0.3250773847103119,blob,1133,3,0.0191650390625,0.45673195521036786,0.49096979608911284,0.7715401808249465,0.6435033943286318,0.5161952680541484,0.31071146170337627,6.0,0.003851727557445783,0.7802101389703399,0.5,0.4,1.0,0.15,0.5,0.05,0.45,0.15,0.75,0.85,0.0,0.9,0.6,0.7802101389703399,0.5393417558912299
synth/blob/amb0.35,244,1,0.2515822649002075,0.2515822649002075,blob,1159,0,0.03765869140625,0.48014289140701294,0.37433458952735876,0.32314406417987046,0.38665296769884716,0.48149200364537836,0.6650946430791518,14.0,0.9037185490860824,0.35820661371732104,0.5,0.4,1.0,0.15,0.5,0.05,0.45,0.15,0.75,0.85,0.0,0.9,0.6,0.35820661371732104,0.6536134539287625
synth/blob/amb0.35,245,1,0.30470016598701477,0.30470016598701477,blob,1159,1,0.030517578125,0.2727055847644806,0.37433458952735876,0.32314406417987046,0.38665296769884716,0.48149200364537836,0.6650946430791518,14.0,0.9037185490860824,0.35820661371732104,0.5,0.4,1.0,0.15,0.5,0.05,0.45,0.15,0.75,0.85,0.0,0.9,0.6,0.35820661371732104,0.6536134539287625
synth/blob/amb0.35,246,1,0.3027322292327881,0.3027322292327881,blob,1159,2,0.09417724609375,0.23799664278825125,0.37433458952735876,0.32314406417987046,0.38665296769884716,0.48149200364537836,0.6650946430791518,14.0,0.9037185490860824,0.35820661371732104,0.5,0.4,1.0,0.15,0.5,0.05,0.45,0.15,0.75,0.85,0.0,0.9,0.6,0.35820661371732104,0.6536134539287625
synth/blob/amb0.35,247,1,0.5645933151245117,0.5645933151245117,blob,1159,3,0.05023193359375,0.07818009207646053,0.37433458952735876,0.32314406417987046,0.38665296769884716,0.48149200364537836,0.6650946430791518,14.0,0.9037185490860824,0.35820661371732104,0.5,0.4,1.0,0.15,0.5,0.05,0.45,0.15,0.75,0.85,0.0,0.9,0.6,0.35820661371732104,0.6536134539287625
synth/scattered/amb0.35,248,1,0.0939393937587738,0.0939393937587738,scattered,1185,0,0.03582763671875,0.06533309522395332,0.6544215081102809,0.5885465655357707,0.39312909240633925,0.3301212157071824,0.31627551329050707,7.0,0.6620517379986446,0.320683039350014,0.5,0.4,1.0,0.15,0.5,0.05,0.45,0.15,0.75,0.85,0.0,0.9,0.6,0.7206830393500141,0.8720154831802229
synth/scattered/amb0.35,249,1,0.22727273404598236,0.22727273404598236,scattered,1185,1,0.00628662109375,0.05440552035967509,0.6544215081102809,0.5885465655357707,0.39312909240633925,0.3301212157071824,0.31627551329050707,7.0,0.6620517379986446,0.320683039350014,0.5,0.4,1.0,0.15,0.5,0.05,0.45,0.15,0.75,0.85,0.0,0.9,0.6,0.7206830393500141,0.8720154831802229
synth/scattered/amb0.35,250,1,0.1180327832698822,0.1180327832698822,scattered,1185,2,0.02978515625,0.04800817867120107,0.6544215081102809,0.5885465655357707,0.39312909240633925,0.3301212157071824,0.31627551329050707,7.0,0.6620517379986446,0.320683039350014,0.5,0.4,1.0,0.15,0.5,0.05,0.45,0.15,0.75,0.85,0.0,0.9,0.6,0.7206830393500141,0.8720154831802229
synth/scattered/amb0.35,251,1,0.34473323822021484,0.34473323822021484,scattered,1185,3,0.02154541015625,0.15589147930343947,0.6544215081102809,0.5885465655357707,0.39312909240633925,0.3301212157071824,0.31627551329050707,7.0,0.6620517379986446,0.320683039350014,0.5,0.4,1.0,0.15,0.5,0.05,0.45,0.15,0.75,0.85,0.0,0.9,0.6,0.7206830393500141,0.8720154831802229
synth/annular/amb0.75,252,1,0.2765273451805115,0.2765273451805115,annular,1268,0,0.01068115234375,0.2656110009799401,0.5088204278270647,0.337755943188834,0.5739105515207503,0.21370421906256598,0.7396539413385153,22.0,0.5653180705621342,0.777438471243089,0.5,0.4,1.0,0.15,0.5,0.05,0.45,0.15,0.75,0.85,0.0,0.9,0.6,0.777438471243089,0.7085185751205632
synth/annular/amb0.75,253,1,0.0,0.0,annular,1268,1,0.01141357421875,0.07878112544616063,0.5088204278270647,0.337755943188834,0.5739105515207503,0.21370421906256598,0.7396539413385153,22.0,0.5653180705621342,0.777438471243089,0.5,0.4,1.0,0.15,0.5,0.05,0.45,0.15,0.75,0.85,0.0,0.9,0.6,0.777438471243089,0.7085185751205632
synth/annular/amb0.75,254,1,0.0,0.0,annular,1268,2,0.004150390625,0.07339449723561604,0.5088204278270647,0.337755943188834,0.5739105515207503,0.21370421906256598,0.7396539413385153,22.0,0.5653180705621342,0.777438471243089,0.5,0.4,1.0,0.15,0.5,0.05,0.45,0.15,0.75,0.85,0.0,0.9,0.6,0.777438471243089,0.7085185751205632
synth/annular/amb0.75,255,1,0.5086705088615417,0.5086705088615417,annular,1268,3,0.01422119140625,0.13145514329274496,0.5088204278270647,0.337755943188834,0.5739105515207503,0.21370421906256598,0.7396539413385153,22.0,0.5653180705621342,0.777438471243089,0.5,0.4,1.0,0.15,0.5,0.05,0.45,0.15,0.75,0.85,0.0,0.9,0.6,0.777438471243089,0.7085185751205632
synth/blob/amb0.55,256,1,0.06791171431541443,0.06791171431541443,blob,1284,0,0.01708984375,0.09387615323066711,0.7869074426993897,0.4718113816345217,0.8754034274071183,0.45807796893126934,0.6515796075745146,24.0,0.493353077523751,0.5140727570655093,0.5,0.4,1.0,0.15,0.5,0.05,0.45,0.15,0.75,0.85,0.0,0.9,0.6,0.5140727570655093,0.6542521781053761
synth/blob/amb0.55,257,1,0.3189397156238556,0.3189397156238556,blob,1284,1,0.1199951171875,0.383645623922348,0.7869074426993897,0.4718113816345217,0.8754034274071183,0.45807796893126934,0.6515796075745146,24.0,0.493353077523751,0.5140727570655093,0.5,0.4,1.0,0.15,0.5,0.05,0.45,0.15,0.75,0.85,0.0,0.9,0.6,0.5140727570655093,0.6542521781053761
synth/blob/amb0.55,258,1,0.40706127882003784,0.40706127882003784,blob,1284,2,0.0330810546875,0.4423183153072993,0.7869074426993897,0.4718113816345217,0.8754034274071183,0.45807796893126934,0.6515796075745146,24.0,0.493353077523751,0.5140727570655093,0.5,0.4,1.0,0.15,0.5,0.05,0.45,0.15,0.75,0.85,0.0,0.9,0.6,0.5140727570655093,0.6542521781053761
synth/blob/amb0.55,259,1,0.7324777841567993,0.7324777841567993,blob,1284,3,0.02850341796875,0.22807802756627402,0.7869074426993897,0.4718113816345217,0.8754034274071183,0.45807796893126934,0.6515796075745146,24.0,0.493353077523751,0.5140727570655093,0.5,0.4,1.0,0.15,0.5,0.05,0.45,0.15,0.75,0.85,0.0,0.9,0.6,0.5140727570655093,0.6542521781053761
synth/blob/amb0.55,260,1,0.0,0.0,blob,1290,0,0.001708984375,0.0,0.3391027340150945,0.7285691551397688,0.36941082426607913,0.1813430956373292,0.6021559510602805,22.0,0.5989977312187148,0.5389821585255631,0.5,0.4,1.0,0.15,0.5,0.05,0.45,0.15,0.75,0.85,0.0,0.9,0.6,0.5389821585255631,0.6691213803107678
synth/blob/amb0.55,261,1,0.8818181753158569,0.8818181753158569,blob,1290,1,0.00677490234375,0.14086813728014627,0.3391027340150945,0.7285691551397688,0.36941082426607913,0.1813430956373292,0.6021559510602805,22.0,0.5989977312187148,0.5389821585255631,0.5,0.4,1.0,0.15,0.5,0.05,0.45,0.15,0.75,0.85,0.0,0.9,0.6,0.5389821585255631,0.6691213803107678
synth/blob/amb0.55,262,1,0.4680851101875305,0.4680851101875305,blob,1290,2,0.00311279296875,0.0,0.3391027340150945,0.7285691551397688,0.36941082426607913,0.1813430956373292,0.6021559510602805,22.0,0.5989977312187148,0.5389821585255631,0.5,0.4,1.0,0.15,0.5,0.05,0.45,0.15,0.75,0.85,0.0,0.9,0.6,0.5389821585255631,0.6691213803107678
synth/blob/amb0.55,263,1,0.6308724880218506,0.6308724880218506,blob,1290,3,0.00592041015625,0.0,0.3391027340150945,0.7285691551397688,0.36941082426607913,0.1813430956373292,0.6021559510602805,22.0,0.5989977312187148,0.5389821585255631,0.5,0.4,1.0,0.15,0.5,0.05,0.45,0.15,0.75,0.85,0.0,0.9,0.6,0.5389821585255631,0.6691213803107678
synth/blob/amb0.55,264,1,0.0,0.0,blob,1302,0,0.026123046875,0.2251137519876162,0.41300622946627374,0.573241274941543,0.6136936941750317,0.42622311368819543,0.788952408748444,8.0,0.7645758712825301,0.5826570901955351,0.5,0.4,1.0,0.15,0.5,0.05,0.45,0.15,0.75,0.85,0.0,0.9,0.6,0.5826570901955351,0.7010884904058273
synth/blob/amb0.55,265,1,0.6363636255264282,0.6363636255264282,blob,1302,1,0.01153564453125,0.30015523235003155,0.41300622946627374,0.573241274941543,0.6136936941750317,0.42622311368819543,0.788952408748444,8.0,0.7645758712825301,0.5826570901955351,0.5,0.4,1.0,0.15,0.5,0.05,0.45,0.15,0.75,0.85,0.0,0.9,0.6,0.5826570901955351,0.7010884904058273
synth/blob/amb0.55,266,1,0.004056795034557581,0.004056795034557581,blob,1302,2,0.01385498046875,0.02262142300605774,0.41300622946627374,0.573241274941543,0.6136936941750317,0.42622311368819543,0.788952408748444,8.0,0.7645758712825301,0.5826570901955351,0.5,0.4,1.0,0.15,0.5,0.05,0.45,0.15,0.75,0.85,0.0,0.9,0.6,0.5826570901955351,0.7010884904058273
synth/blob/amb0.55,267,1,0.8796069025993347,0.8796069025993347,blob,1302,3,0.011962890625,0.0,0.41300622946627374,0.573241274941543,0.6136936941750317,0.42622311368819543,0.788952408748444,8.0,0.7645758712825301,0.5826570901955351,0.5,0.4,1.0,0.15,0.5,0.05,0.45,0.15,0.75,0.85,0.0,0.9,0.6,0.5826570901955351,0.7010884904058273
synth/tubular/amb0.75,268,1,0.14884868264198303,0.14884868264198303,tubular,1365,0,0.11016845703125,0.09946387261152267,0.3951944513032323,0.4744843396524238,0.6687397893977847,0.20513164189401478,0.39733526895810417,19.0,0.3041967966104502,0.7964190303254561,0.5,0.4,1.0,0.15,0.5,0.05,0.45,0.15,0.75,0.85,0.0,0.9,0.6,0.7964190303254561,1.0
synth/tubular/amb0.75,269,1,0.07734806835651398,0.07734806835651398,tubular,1365,1,0.0428466796875,0.06493376567959785,0.3951944513032323,0.4744843396524238,0.6687397893977847,0.20513164189401478,0.39733526895810417,19.0,0.3041967966104502,0.7964190303254561,0.5,0.4,1.0,0.15,0.5,0.05,0.45,0.15,0.75,0.85,0.0,0.9,0.6,0.7964190303254561,1.0
synth/tubular/amb0.75,270,1,0.5357142686843872,0.5357142686843872,tubular,1365,2,0.06390380859375,0.1588412473599116,0.3951944513032323,0.4744843396524238,0.6687397893977847,0.20513164189401478,0.39733526895810417,19.0,0.3041967966104502,0.7964190303254561,0.5,0.4,1.0,0.15,0.5,0.05,0.45,0.15,0.75,0.85,0.0,0.9,0.6,0.7964190303254561,1.0
synth/tubular/amb0.75,271,1,0.22887493669986725,0.22887493669986725,tubular,1365,3,0.08721923828125,0.18316925565401712,0.3951944513032323,0.4744843396524238,0.6687397893977847,0.20513164189401478,0.39733526895810417,19.0,0.3041967966104502,0.7964190303254561,0.5,0.4,1.0,0.15,0.5,0.05,0.45,0.15,0.75,0.85,0.0,0.9,0.6,0.7964190303254561,1.0
synth/scattered/amb0.75,272,1,0.21276596188545227,0.21276596188545227,scattered,1367,0,0.00604248046875,0.13882587601741156,0.8179711481222831,0.3753764886460216,0.898743383584224,0.3253934901628559,0.706512110844798,17.0,0.1588719073921645,0.7324916597390083,0.5,0.4,1.0,0.15,0.5,0.05,0.45,0.15,0.75,0.85,0.0,0.9,0.6,1.0,0.9895789454298174
synth/scattered/amb0.75,273,1,0.5273631811141968,0.5273631811141968,scattered,1367,1,0.0147705078125,0.0926740849390626,0.8179711481222831,0.3753764886460216,0.898743383584224,0.3253934901628559,0.706512110844798,17.0,0.1588719073921645,0.7324916597390083,0.5,0.4,1.0,0.15,0.5,0.05,0.45,0.15,0.75,0.85,0.0,0.9,0.6,1.0,0.9895789454298174
synth/scattered/amb0.75,274,1,0.038369305431842804,0.038369305431842804,scattered,1367,2,0.01947021484375,0.0774714822570483,0.8179711481222831,0.3753764886460216,0.898743383584224,0.3253934901628559,0.706512110844798,17.0,0.1588719073921645,0.7324916597390083,0.5,0.4,1.0,0.15,0.5,0.05,0.45,0.15,0.75,0.85,0.0,0.9,0.6,1.0,0.9895789454298174
synth/scattered/amb0.75,275,1,0.0,0.0,scattered,1367,3,0.0045166015625,0.0,0.8179711481222831,0.3753764886460216,0.898743383584224,0.3253934901628559,0.706512110844798,17.0,0.1588719073921645,0.7324916597390083,0.5,0.4,1.0,0.15,0.5,0.05,0.45,0.15,0.75,0.85,0.0,0.9,0.6,1.0,0.9895789454298174
synth/tubular/amb0.35,276,1,0.373619019985199,0.373619019985199,tubular,1389,0,0.10198974609375,0.23128990332285562,0.7491635107832093,0.43202839988880215,0.864790586231498,0.2580414092700148,0.4322928855383417,6.0,0.7597608618637415,0.3754233617408175,0.5,0.4,1.0,0.15,0.5,0.05,0.45,0.15,0.75,0.85,0.0,0.9,0.6,0.3754233617408175,1.0
synth/tubular/amb0.35,277,1,0.32162535190582275,0.32162535190582275,tubular,1389,1,0.10784912109375,0.1390139435728391,0.7491635107832093,0.43202839988880215,0.864790586231498,0.2580414092700148,0.4322928855383417,6.0,0.7597608618637415,0.3754233617408175,0.5,0.4,1.0,0.15,0.5,0.05,0.45,0.15,0.75,0.85,0.0,0.9,0.6,0.3754233617408175,1.0
synth/tubular/amb0.35,278,1,0.32097333669662476,0.32097333669662476,tubular,1389,2,0.07427978515625,0.11770424991846085,0.7491635107832093,0.43202839988880215,0.864790586231498,0.2580414092700148,0.4322928855383417,6.0,0.7597608618637415,0.3754233617408175,0.5,0.4,1.0,0.15,0.5,0.05,0.45,0.15,0.75,0.85,0.0,0.9,0.6,0.3754233617408175,1.0
synth/tubular/amb0.35,279,1,0.3677237927913666,0.3677237927913666,tubular,1389,3,0.09283447265625,0.14249665600558123,0.7491635107832093,0.43202839988880215,0.864790586231498,0.2580414092700148,0.4322928855383417,6.0,0.7597608618637415,0.3754233617408175,0.5,0.4,1.0,0.15,0.5,0.05,0.45,0.15,0.75,0.85,0.0,0.9,0.6,0.3754233617408175,1.0
synth/scattered/amb0.35,280,1,0.0,0.0,scattered,1407,0,0.00555419921875,0.086956520875295,0.8336152363625708,0.6197822593986486,0.7646921111530911,0.1999089780802234,0.5103501174534633,22.0,0.7188890320653223,0.3111130799499504,0.5,0.4,1.0,0.15,0.5,0.05,0.45,0.15,0.75,0.85,0.0,0.9,0.6,0.7111130799499504,0.9405508665304225
synth/scattered/amb0.35,281,1,0.0,0.0,scattered,1407,1,0.01708984375,0.0,0.8336152363625708,0.6197822593986486,0.7646921111530911,0.1999089780802234,0.5103501174534633,22.0,0.7188890320653223,0.3111130799499504,0.5,0.4,1.0,0.15,0.5,0.05,0.45,0.15,0.75,0.85,0.0,0.9,0.6,0.7111130799499504,0.9405508665304225
synth/scattered/amb0.35,282,1,0.0,0.0,scattered,1407,2,0.00262451171875,0.0,0.8336152363625708,0.6197822593986486,0.7646921111530911,0.1999089780802234,0.5103501174534633,22.0,0.7188890320653223,0.3111130799499504,0.5,0.4,1.0,0.15,0.5,0.05,0.45,0.15,0.75,0.85,0.0,0.9,0.6,0.7111130799499504,0.9405508665304225
synth/scattered/amb0.35,283,1,0.6351351141929626,0.6351351141929626,scattered,1407,3,0.0074462890625,0.017162217758595943,0.8336152363625708,0.6197822593986486,0.7646921111530911,0.1999089780802234,0.5103501174534633,22.0,0.7188890320653223,0.3111130799499504,0.5,0.4,1.0,0.15,0.5,0.05,0.45,0.15,0.75,0.85,0.0,0.9,0.6,0.7111130799499504,0.9405508665304225
synth/annular/amb0.55,284,1,0.03750000149011612,0.03750000149011612,annular,1423,0,0.01495361328125,0.03423192103703817,0.7026197173348281,0.2964004847803965,0.49104755527327604,0.49525012248709077,0.7734183267867134,22.0,0.38647069990770777,0.5353857485113966,0.5,0.4,1.0,0.15,0.5,0.05,0.45,0.15,0.75,0.85,0.0,0.9,0.6,0.5353857485113966,0.6831073227033262
synth/annular/amb0.55,285,1,0.3059617578983307,0.3059617578983307,annular,1423,1,0.03704833984375,0.09312445918718974,0.7026197173348281,0.2964004847803965,0.49104755527327604,0.49525012248709077,0.7734183267867134,22.0,0.38647069990770777,0.5353857485113966,0.5,0.4,1.0,0.15,0.5,0.05,0.45,0.15,0.75,0.85,0.0,0.9,0.6,0.5353857485113966,0.6831073227033262
synth/annular/amb0.55,286,1,0.0034904014319181442,0.0034904014319181442,annular,1423,2,0.04974365234375,0.12037944793701172,0.7026197173348281,0.2964004847803965,0.49104755527327604,0.49525012248709077,0.7734183267867134,22.0,0.38647069990770777,0.5353857485113966,0.5,0.4,1.0,0.15,0.5,0.05,0.45,0.15,0.75,0.85,0.0,0.9,0.6,0.5353857485113966,0.6831073227033262
synth/annular/amb0.55,287,1,0.28436020016670227,0.28436020016670227,annular,1423,3,0.0155029296875,0.09749227513869603,0.7026197173348281,0.2964004847803965,0.49104755527327604,0.49525012248709077,0.7734183267867134,22.0,0.38647069990770777,0.5353857485113966,0.5,0.4,1.0,0.15,0.5,0.05,0.45,0.15,0.75,0.85,0.0,0.9,0.6,0.5353857485113966,0.6831073227033262
synth/blob/amb0.55,288,1,0.34353742003440857,0.34353742003440857,blob,1428,0,0.00927734375,0.2283175140619278,0.7610542313310075,0.6553674648878706,0.6820499946036802,0.38666822802979117,0.6009297058165509,18.0,0.8386837662025635,0.5556893661605957,0.5,0.4,1.0,0.15,0.5,0.05,0.45,0.15,0.75,0.85,0.0,0.9,0.6,0.5556893661605957,0.6506096690999373
synth/blob/amb0.55,289,1,0.658823549747467,0.658823549747467,blob,1428,1,0.00982666015625,0.3899892071882884,0.7610542313310075,0.6553674648878706,0.6820499946036802,0.38666822802979117,0.6009297058165509,18.0,0.8386837662025635,0.5556893661605957,0.5,0.4,1.0,0.15,0.5,0.05,0.45,0.15,0.75,0.85,0.0,0.9,0.6,0.5556893661605957,0.6506096690999373
synth/blob/amb0.55,290,1,0.5035161972045898,0.5035161972045898,blob,1428,2,0.01873779296875,0.384189913670222,0.7610542313310075,0.6553674648878706,0.6820499946036802,0.38666822802979117,0.6009297058165509,18.0,0.8386837662025635,0.5556893661605957,0.5,0.4,1.0,0.15,0.5,0.05,0.45,0.15,0.75,0.85,0.0,0.9,0.6,0.5556893661605957,0.6506096690999373
synth/blob/amb0.55,291,1,0.18897637724876404,0.18897637724876404,blob,1428,3,0.00433349609375,0.09132709416250388,0.7610542313310075,0.6553674648878706,0.6820499946036802,0.38666822802979117,0.6009297058165509,18.0,0.8386837662025635,0.5556893661605957,0.5,0.4,1.0,0.15,0.5,0.05,0.45,0.15,0.75,0.85,0.0,0.9,0.6,0.5556893661605957,0.6506096690999373
synth/scattered/amb0.65,292,1,0.4941176474094391,0.4941176474094391,scattered,1430,0,0.0087890625,0.13723869373401007,0.6263146462185945,0.42583759887684125,0.36590238287957594,0.3515188902854797,0.9049598819381528,11.0,0.8663118603645495,0.6814878535854996,0.5,0.4,1.0,0.15,0.5,0.05,0.45,0.15,0.75,0.85,0.0,0.9,0.6,1.0,1.0
synth/scattered/amb0.65,293,1,0.33872976899147034,0.33872976899147034,scattered,1430,1,0.0335693359375,0.149763030000031,0.6263146462185945,0.42583759887684125,0.36590238287957594,0.3515188902854797,0.9049598819381528,11.0,0.8663118603645495,0.6814878535854996,0.5,0.4,1.0,0.15,0.5,0.05,0.45,0.15,0.75,0.85,0.0,0.9,0.6,1.0,1.0
synth/scattered/amb0.65,294,1,0.22357229888439178,0.22357229888439178,scattered,1430,2,0.03997802734375,0.12255274131894112,0.6263146462185945,0.42583759887684125,0.36590238287957594,0.3515188902854797,0.9049598819381528,11.0,0.8663118603645495,0.6814878535854996,0.5,0.4,1.0,0.15,0.5,0.05,0.45,0.15,0.75,0.85,0.0,0.9,0.6,1.0,1.0
synth/scattered/amb0.65,295,1,0.23893804848194122,0.23893804848194122,scattered,1430,3,0.01416015625,0.09562802501022816,0.6263146462185945,0.42583759887684125,0.36590238287957594,0.3515188902854797,0.9049598819381528,11.0,0.8663118603645495,0.6814878535854996,0.5,0.4,1.0,0.15,0.5,0.05,0.45,0.15,0.75,0.85,0.0,0.9,0.6,1.0,1.0
synth/tubular/amb0.35,296,1,0.5744170546531677,0.5744170546531677,tubular,1446,0,0.35260009765625,0.5059325595696768,0.5245552741422264,0.6979913550073389,0.3979118197859308,0.14400240299065586,0.9466874290174516,22.0,0.2350060041274633,0.3107879719593968,0.5,0.4,1.0,0.15,0.5,0.05,0.45,0.15,0.75,0.85,0.0,0.9,0.6,0.3107879719593968,1.0
synth/tubular/amb0.35,297,1,0.5278907418251038,0.5278907418251038,tubular,1446,1,0.1697998046875,0.3884076674779256,0.5245552741422264,0.6979913550073389,0.3979118197859308,0.14400240299065586,0.9466874290174516,22.0,0.2350060041274633,0.3107879719593968,0.5,0.4,1.0,0.15,0.5,0.05,0.45,0.15,0.75,0.85,0.0,0.9,0.6,0.3107879719593968,1.0
synth/tubular/amb0.35,298,1,0.5802872180938721,0.5802872180938721,tubular,1446,2,0.17010498046875,0.4031735161940257,0.5245552741422264,0.6979913550073389,0.3979118197859308,0.14400240299065586,0.9466874290174516,22.0,0.2350060041274633,0.3107879719593968,0.5,0.4,1.0,0.15,0.5,0.05,0.45,0.15,0.75,0.85,0.0,0.9,0.6,0.3107879719593968,1.0
synth/tubular/amb0.35,299,1,0.4558725953102112,0.4558725953102112,tubular,1446,3,0.14959716796875,0.2043530587106943,0.5245552741422264,0.6979913550073389,0.3979118197859308,0.14400240299065586,0.9466874290174516,22.0,0.2350060041274633,0.3107879719593968,0.5,0.4,1.0,0.15,0.5,0.05,0.45,0.15,0.75,0.85,0.0,0.9,0.6,0.3107879719593968,1.0
synth/elongated/amb0.35,300,1,0.5271317958831787,0.5271317958831787,elongated,1465,0,0.02203369140625,0.28613192836443585,0.46146137786962155,0.8773640461450745,0.5944791066638602,0.1497108561159013,0.7797451723413381,9.0,0.27816337616239906,0.35991341041861385,0.5,0.4,1.0,0.15,0.5,0.05,0.45,0.15,0.75,0.85,0.0,0.9,0.6,0.35991341041861385,0.7239605153127258
synth/elongated/amb0.35,301,1,0.6691729426383972,0.6691729426383972,elongated,1465,1,0.009033203125,0.15304611002405485,0.46146137786962155,0.8773640461450745,0.5944791066638602,0.1497108561159013,0.7797451723413381,9.0,0.27816337616239906,0.35991341041861385,0.5,0.4,1.0,0.15,0.5,0.05,0.45,0.15,0.75,0.85,0.0,0.9,0.6,0.35991341041861385,0.7239605153127258
synth/elongated/amb0.35,302,1,0.24242424964904785,0.24242424964904785,elongated,1465,2,0.00469970703125,0.1529051959514618,0.46146137786962155,0.8773640461450745,0.5944791066638602,0.1497108561159013,0.7797451723413381,9.0,0.27816337616239906,0.35991341041861385,0.5,0.4,1.0,0.15,0.5,0.05,0.45,0.15,0.75,0.85,0.0,0.9,0.6,0.35991341041861385,0.7239605153127258
synth/elongated/amb0.35,303,1,0.0,0.0,elongated,1465,3,0.0052490234375,0.11666666467984517,0.46146137786962155,0.8773640461450745,0.5944791066638602,0.1497108561159013,0.7797451723413381,9.0,0.27816337616239906,0.35991341041861385,0.5,0.4,1.0,0.15,0.5,0.05,0.45,0.15,0.75,0.85,0.0,0.9,0.6,0.35991341041861385,0.7239605153127258
synth/elongated/amb0.75,304,1,0.15139442682266235,0.15139442682266235,elongated,1468,0,0.009521484375,0.11520541707674663,0.8611525338654682,0.4696510415499143,0.5724745794786437,0.3707937214846279,0.3911753645911438,10.0,0.07210505840992842,0.7930172316076047,0.5,0.4,1.0,0.15,0.5,0.05,0.45,0.15,0.75,0.85,0.0,0.9,0.6,0.7930172316076047,0.5897749471962008
synth/elongated/amb0.75,305,1,0.45382586121559143,0.45382586121559143,elongated,1468,1,0.0115966796875,0.05490196247895559,0.8611525338654682,0.4696510415499143,0.5724745794786437,0.3707937214846279,0.3911753645911438,10.0,0.07210505840992842,0.7930172316076047,0.5,0.4,1.0,0.15,0.5,0.05,0.45,0.15,0.75,0.85,0.0,0.9,0.6,0.7930172316076047,0.5897749471962008
synth/elongated/amb0.75,306,1,0.3272727131843567,0.3272727131843567,elongated,1468,2,0.02362060546875,0.2693542328973611,0.8611525338654682,0.4696510415499143,0.5724745794786437,0.3707937214846279,0.3911753645911438,10.0,0.07210505840992842,0.7930172316076047,0.5,0.4,1.0,0.15,0.5,0.05,0.45,0.15,0.75,0.85,0.0,0.9,0.6,0.7930172316076047,0.5897749471962008
synth/elongated/amb0.75,307,1,0.0,0.0,elongated,1468,3,0.017822265625,0.061013404900828995,0.8611525338654682,0.4696510415499143,0.5724745794786437,0.3707937214846279,0.3911753645911438,10.0,0.07210505840992842,0.7930172316076047,0.5,0.4,1.0,0.15,0.5,0.05,0.45,0.15,0.75,0.85,0.0,0.9,0.6,0.7930172316076047,0.5897749471962008
synth/blob/amb0.45,308,1,0.47767308354377747,0.47767308354377747,blob,1509,0,0.1029052734375,0.5889570315678915,0.44324072189520214,0.7221361615810753,0.42348909099403553,0.5714577865848598,0.5139419720855665,15.0,0.24346936546762143,0.4992167683989041,0.5,0.4,1.0,0.15,0.5,0.05,0.45,0.15,0.75,0.85,0.0,0.9,0.6,0.4992167683989041,0.5846984690887376
synth/blob/amb0.45,309,1,0.26181355118751526,0.26181355118751526,blob,1509,1,0.0732421875,0.5388254423936208,0.44324072189520214,0.7221361615810753,0.42348909099403553,0.5714577865848598,0.5139419720855665,15.0,0.24346936546762143,0.4992167683989041,0.5,0.4,1.0,0.15,0.5,0.05,0.45,0.15,0.75,0.85,0.0,0.9,0.6,0.4992167683989041,0.5846984690887376
synth/blob/amb0.45,310,1,0.25557205080986023,0.25557205080986023,blob,1509,2,0.05859375,0.4143681178490321,0.44324072189520214,0.7221361615810753,0.42348909099403553,0.5714577865848598,0.5139419720855665,15.0,0.24346936546762143,0.4992167683989041,0.5,0.4,1.0,0.15,0.5,0.05,0.45,0.15,0.75,0.85,0.0,0.9,0.6,0.4992167683989041,0.5846984690887376
synth/blob/amb0.45,311,1,0.6299212574958801,0.6299212574958801,blob,1509,3,0.05181884765625,0.4054875373840332,0.44324072189520214,0.7221361615810753,0.42348909099403553,0.5714577865848598,0.5139419720855665,15.0,0.24346936546762143,0.4992167683989041,0.5,0.4,1.0,0.15,0.5,0.05,0.45,0.15,0.75,0.85,0.0,0.9,0.6,0.4992167683989041,0.5846984690887376
synth/scattered/amb0.55,312,1,0.0,0.0,scattered,1525,0,0.00799560546875,0.004371584703524907,0.6261039666648281,0.5748080883990776,0.6620628931435503,0.18229447378664254,0.5457050211706037,23.0,0.5427626329264628,0.5989927382882352,0.5,0.4,1.0,0.15,0.5,0.05,0.45,0.15,0.75,0.85,0.0,0.9,0.6,0.9989927382882352,0.9521354947884004
synth/scattered/amb0.55,313,1,0.0,0.0,scattered,1525,1,0.01226806640625,0.026026025414466858,0.6261039666648281,0.5748080883990776,0.6620628931435503,0.18229447378664254,0.5457050211706037,23.0,0.5427626329264628,0.5989927382882352,0.5,0.4,1.0,0.15,0.5,0.05,0.45,0.15,0.75,0.85,0.0,0.9,0.6,0.9989927382882352,0.9521354947884004
synth/scattered/amb0.55,314,1,0.0,0.0,scattered,1525,2,0.00579833984375,0.0,0.6261039666648281,0.5748080883990776,0.6620628931435503,0.18229447378664254,0.5457050211706037,23.0,0.5427626329264628,0.5989927382882352,0.5,0.4,1.0,0.15,0.5,0.05,0.45,0.15,0.75,0.85,0.0,0.9,0.6,0.9989927382882352,0.9521354947884004
synth/scattered/amb0.55,315,1,0.0,0.0,scattered,1525,3,0.00604248046875,0.0,0.6261039666648281,0.5748080883990776,0.6620628931435503,0.18229447378664254,0.5457050211706037,23.0,0.5427626329264628,0.5989927382882352,0.5,0.4,1.0,0.15,0.5,0.05,0.45,0.15,0.75,0.85,0.0,0.9,0.6,0.9989927382882352,0.9521354947884004
synth/blob/amb0.45,316,1,0.06483790278434753,0.06483790278434753,blob,1540,0,0.03399658203125,0.22642247875531515,0.5205537594592875,0.26429137686923937,0.3446369099327262,0.3183559328721691,0.5713757235713733,11.0,0.37217720157223366,0.40442090042195983,0.5,0.4,1.0,0.15,0.5,0.05,0.45,0.15,0.75,0.85,0.0,0.9,0.6,0.40442090042195983,0.6497515491011732
synth/blob/amb0.45,317,1,0.5297029614448547,0.5297029614448547,blob,1540,1,0.01806640625,0.2536201626062393,0.5205537594592875,0.26429137686923937,0.3446369099327262,0.3183559328721691,0.5713757235713733,11.0,0.37217720157223366,0.40442090042195983,0.5,0.4,1.0,0.15,0.5,0.05,0.45,0.15,0.75,0.85,0.0,0.9,0.6,0.40442090042195983,0.6497515491011732
synth/blob/amb0.45,318,1,0.2765273451805115,0.2765273451805115,blob,1540,2,0.0147705078125,0.3926352759202321,0.5205537594592875,0.26429137686923937,0.3446369099327262,0.3183559328721691,0.5713757235713733,11.0,0.37217720157223366,0.40442090042195983,0.5,0.4,1.0,0.15,0.5,0.05,0.45,0.15,0.75,0.85,0.0,0.9,0.6,0.40442090042195983,0.6497515491011732
synth/blob/amb0.45,319,1,0.480211079120636,0.480211079120636,blob,1540,3,0.011962890625,0.06349206467469533,0.5205537594592875,0.26429137686923937,0.3446369099327262,0.3183559328721691,0.5713757235713733,11.0,0.37217720157223366,0.40442090042195983,0.5,0.4,1.0,0.15,0.5,0.05,0.45,0.15,0.75,0.85,0.0,0.9,0.6,0.40442090042195983,0.6497515491011732
synth/annular/amb0.65,320,1,0.13903743028640747,0.13903743028640747,annular,1546,0,0.0355224609375,0.2842333912849426,0.5921870547894054,0.6404619269633911,0.7899904840816518,0.5269491125857211,0.7486599121695744,6.0,0.22890733736553515,0.6480432684457265,0.5,0.4,1.0,0.15,0.5,0.05,0.45,0.15,0.75,0.85,0.0,0.9,0.6,0.6480432684457265,0.6679912225641504
synth/annular/amb0.65,321,1,0.27284106612205505,0.27284106612205505,annular,1546,1,0.03045654296875,0.2845386167367299,0.5921870547894054,0.6404619269633911,0.7899904840816518,0.5269491125857211,0.7486599121695744,6.0,0.22890733736553515,0.6480432684457265,0.5,0.4,1.0,0.15,0.5,0.05,0.45,0.15,0.75,0.85,0.0,0.9,0.6,0.6480432684457265,0.6679912225641504
synth/annular/amb0.65,322,1,0.4913385808467865,0.4913385808467865,annular,1546,2,0.0191650390625,0.2501559207836787,0.5921870547894054,0.6404619269633911,0.7899904840816518,0.5269491125857211,0.7486599121695744,6.0,0.22890733736553515,0.6480432684457265,0.5,0.4,1.0,0.15,0.5,0.05,0.45,0.15,0.75,0.85,0.0,0.9,0.6,0.6480432684457265,0.6679912225641504
synth/annular/amb0.65,323,1,0.23762376606464386,0.23762376606464386,annular,1546,3,0.0111083984375,0.15132756034533182,0.5921870547894054,0.6404619269633911,0.7899904840816518,0.5269491125857211,0.7486599121695744,6.0,0.22890733736553515,0.6480432684457265,0.5,0.4,1.0,0.15,0.5,0.05,0.45,0.15,0.75,0.85,0.0,0.9,0.6,0.6480432684457265,0.6679912225641504
synth/blob/amb0.75,324,1,0.0,0.0,blob,1555,0,0.01495361328125,0.24838743607203165,0.8852152629119074,0.3245349894832964,0.5952551926096441,0.524901357447327,0.7475215509651256,7.0,0.5242255893052062,0.743070112382904,0.5,0.4,1.0,0.15,0.5,0.05,0.45,0.15,0.75,0.85,0.0,0.9,0.6,0.743070112382904,0.6681810215142165
synth/blob/amb0.75,325,1,0.3719806671142578,0.3719806671142578,blob,1555,1,0.039794921875,0.10670746862888336,0.8852152629119074,0.3245349894832964,0.5952551926096441,0.524901357447327,0.7475215509651256,7.0,0.5242255893052062,0.743070112382904,0.5,0.4,1.0,0.15,0.5,0.05,0.45,0.15,0.75,0.85,0.0,0.9,0.6,0.743070112382904,0.6681810215142165
synth/blob/amb0.75,326,1,0.525172770023346,0.525172770023346,blob,1555,2,0.0216064453125,0.4420339415470759,0.8852152629119074,0.3245349894832964,0.5952551926096441,0.524901357447327,0.7475215509651256,7.0,0.5242255893052062,0.743070112382904,0.5,0.4,1.0,0.15,0.5,0.05,0.45,0.15,0.75,0.85,0.0,0.9,0.6,0.743070112382904,0.6681810215142165
synth/blob/amb0.75,327,1,0.09195402264595032,0.09195402264595032,blob,1555,3,0.03863525390625,0.2219900395721197,0.8852152629119074,0.3245349894832964,0.5952551926096441,0.524901357447327,0.7475215509651256,7.0,0.5242255893052062,0.743070112382904,0.5,0.4,1.0,0.15,0.5,0.05,0.45,0.15,0.75,0.85,0.0,0.9,0.6,0.743070112382904,0.6681810215142165
synth/annular/amb0.65,328,1,0.0,0.0,annular,1563,0,0.0040283203125,0.0,0.6754300168718412,0.5558390214112136,0.6611195952368909,0.25970231220823115,0.5039532441252129,20.0,0.9166000261862856,0.6345896620520648,0.5,0.4,1.0,0.15,0.5,0.05,0.45,0.15,0.75,0.85,0.0,0.9,0.6,0.6345896620520648,0.634652099044008
synth/annular/amb0.65,329,1,0.22325581312179565,0.22325581312179565,annular,1563,1,0.04071044921875,0.10140012204647064,0.6754300168718412,0.5558390214112136,0.6611195952368909,0.25970231220823115,0.5039532441252129,20.0,0.9166000261862856,0.6345896620520648,0.5,0.4,1.0,0.15,0.5,0.05,0.45,0.15,0.75,0.85,0.0,0.9,0.6,0.6345896620520648,0.634652099044008
synth/annular/amb0.65,330,1,0.4181523621082306,0.4181523621082306,annular,1563,2,0.0146484375,0.2977962891260783,0.6754300168718412,0.5558390214112136,0.6611195952368909,0.25970231220823115,0.5039532441252129,20.0,0.9166000261862856,0.6345896620520648,0.5,0.4,1.0,0.15,0.5,0.05,0.45,0.15,0.75,0.85,0.0,0.9,0.6,0.6345896620520648,0.634652099044008
synth/annular/amb0.65,331,1,0.6972789168357849,0.6972789168357849,annular,1563,3,0.0137939453125,0.31407969693342846,0.6754300168718412,0.5558390214112136,0.6611195952368909,0.25970231220823115,0.5039532441252129,20.0,0.9166000261862856,0.6345896620520648,0.5,0.4,1.0,0.15,0.5,0.05,0.45,0.15,0.75,0.85,0.0,0.9,0.6,0.6345896620520648,0.634652099044008
synth/elongated/amb0.75,332,1,0.3679369390010834,0.3679369390010834,elongated,1567,0,0.02056884765625,0.468794713417689,0.5032690908394056,0.7670440858046885,0.3630813374398625,0.5996350921431333,0.46217773087449443,10.0,0.4225672524906374,0.7640793024893533,0.5,0.4,1.0,0.15,0.5,0.05,0.45,0.15,0.75,0.85,0.0,0.9,0.6,0.7640793024893533,0.5595417155115141
synth/elongated/amb0.75,333,1,0.6651818752288818,0.6651818752288818,elongated,1567,1,0.05328369140625,0.33977697556838393,0.5032690908394056,0.7670440858046885,0.3630813374398625,0.5996350921431333,0.46217773087449443,10.0,0.4225672524906374,0.7640793024893533,0.5,0.4,1.0,0.15,0.5,0.05,0.45,0.15,0.75,0.85,0.0,0.9,0.6,0.7640793024893533,0.5595417155115141
synth/elongated/amb0.75,334,1,0.13736264407634735,0.13736264407634735,elongated,1567,2,0.03546142578125,0.12259489297866821,0.5032690908394056,0.7670440858046885,0.3630813374398625,0.5996350921431333,0.46217773087449443,10.0,0.4225672524906374,0.7640793024893533,0.5,0.4,1.0,0.15,0.5,0.05,0.45,0.15,0.75,0.85,0.0,0.9,0.6,0.7640793024893533,0.5595417155115141
synth/elongated/amb0.75,335,1,0.05985037237405777,0.05985037237405777,elongated,1567,3,0.0438232421875,0.2078174203634262,0.5032690908394056,0.7670440858046885,0.3630813374398625,0.5996350921431333,0.46217773087449443,10.0,0.4225672524906374,0.7640793024893533,0.5,0.4,1.0,0.15,0.5,0.05,0.45,0.15,0.75,0.85,0.0,0.9,0.6,0.7640793024893533,0.5595417155115141
synth/scattered/amb0.35,336,1,0.048929665237665176,0.048929665237665176,scattered,1604,0,0.03399658203125,0.10605685164531072,0.8984348279038965,0.24089625490725805,0.5917723890125048,0.5634295046696257,0.7625985200105567,16.0,0.4745583115048705,0.30835477789035776,0.5,0.4,1.0,0.15,0.5,0.05,0.45,0.15,0.75,0.85,0.0,0.9,0.6,0.7083547778903578,0.9618174639349553
synth/scattered/amb0.35,337,1,0.12164579331874847,0.12164579331874847,scattered,1604,1,0.07537841796875,0.03726810527344545,0.8984348279038965,0.24089625490725805,0.5917723890125048,0.5634295046696257,0.7625985200105567,16.0,0.4745583115048705,0.30835477789035776,0.5,0.4,1.0,0.15,0.5,0.05,0.45,0.15,0.75,0.85,0.0,0.9,0.6,0.7083547778903578,0.9618174639349553
synth/scattered/amb0.35,338,1,0.017241379246115685,0.017241379246115685,scattered,1604,2,0.08831787109375,0.03339328399548928,0.8984348279038965,0.24089625490725805,0.5917723890125048,0.5634295046696257,0.7625985200105567,16.0,0.4745583115048705,0.30835477789035776,0.5,0.4,1.0,0.15,0.5,0.05,0.45,0.15,0.75,0.85,0.0,0.9,0.6,0.7083547778903578,0.9618174639349553
synth/scattered/amb0.35,339,1,0.004204625263810158,0.004204625263810158,scattered,1604,3,0.0667724609375,0.01635991781949997,0.8984348279038965,0.24089625490725805,0.5917723890125048,0.5634295046696257,0.7625985200105567,16.0,0.4745583115048705,0.30835477789035776,0.5,0.4,1.0,0.15,0.5,0.05,0.45,0.15,0.75,0.85,0.0,0.9,0.6,0.7083547778903578,0.9618174639349553
synth/annular/amb0.75,340,1,0.007017544005066156,0.007017544005066156,annular,1658,0,0.00970458984375,0.0045045046135783195,0.7334743657221126,0.8297479597021686,0.6669657924999751,0.25103815581134437,0.5865375914777167,13.0,0.690546962455777,0.7488519829395773,0.5,0.4,1.0,0.15,0.5,0.05,0.45,0.15,0.75,0.85,0.0,0.9,0.6,0.7488519829395773,0.6600741157385046
synth/annular/amb0.75,341,1,0.10465116053819656,0.10465116053819656,annular,1658,1,0.00836181640625,0.0836270401875178,0.7334743657221126,0.8297479597021686,0.6669657924999751,0.25103815581134437,0.5865375914777167,13.0,0.690546962455777,0.7488519829395773,0.5,0.4,1.0,0.15,0.5,0.05,0.45,0.15,0.75,0.85,0.0,0.9,0.6,0.7488519829395773,0.6600741157385046
synth/annular/amb0.75,342,1,0.08362369239330292,0.08362369239330292,annular,1658,2,0.00811767578125,0.0838065599091351,0.7334743657221126,0.8297479597021686,0.6669657924999751,0.25103815581134437,0.5865375914777167,13.0,0.690546962455777,0.7488519829395773,0.5,0.4,1.0,0.15,0.5,0.05,0.45,0.15,0.75,0.85,0.0,0.9,0.6,0.7488519829395773,0.6600741157385046
synth/annular/amb0.75,343,1,0.4000000059604645,0.4000000059604645,annular,1658,3,0.00823974609375,0.07986110945542653,0.7334743657221126,0.8297479597021686,0.6669657924999751,0.25103815581134437,0.5865375914777167,13.0,0.690546962455777,0.7488519829395773,0.5,0.4,1.0,0.15,0.5,0.05,0.45,0.15,0.75,0.85,0.0,0.9,0.6,0.7488519829395773,0.6600741157385046
synth/annular/amb0.75,344,1,0.0,0.0,annular,1661,0,0.00250244140625,0.049792533119519554,0.8461428509640303,0.8219578174496265,0.6336254864411823,0.14489133338811544,0.5741215798455915,13.0,0.8542529264346905,0.7555895446623544,0.5,0.4,1.0,0.15,0.5,0.05,0.45,0.15,0.75,0.85,0.0,0.9,0.6,0.7555895446623544,0.6624921285208685
synth/annular/amb0.75,345,1,0.451977401971817,0.451977401971817,annular,1661,1,0.00738525390625,0.19883129000663757,0.8461428509640303,0.8219578174496265,0.6336254864411823,0.14489133338811544,0.5741215798455915,13.0,0.8542529264346905,0.7555895446623544,0.5,0.4,1.0,0.15,0.5,0.05,0.45,0.15,0.75,0.85,0.0,0.9,0.6,0.7555895446623544,0.6624921285208685
synth/annular/amb0.75,346,1,0.0,0.0,annular,1661,2,0.0023193359375,0.0,0.8461428509640303,0.8219578174496265,0.6336254864411823,0.14489133338811544,0.5741215798455915,13.0,0.8542529264346905,0.7555895446623544,0.5,0.4,1.0,0.15,0.5,0.05,0.45,0.15,0.75,0.85,0.0,0.9,0.6,0.7555895446623544,0.6624921285208685
synth/annular/amb0.75,347,1,0.6507176756858826,0.6507176756858826,annular,1661,3,0.0050048828125,0.044444446762402855,0.8461428509640303,0.8219578174496265,0.6336254864411823,0.14489133338811544,0.5741215798455915,13.0,0.8542529264346905,0.7555895446623544,0.5,0.4,1.0,0.15,0.5,0.05,0.45,0.15,0.75,0.85,0.0,0.9,0.6,0.7555895446623544,0.6624921285208685
synth/tubular/amb0.65,348,1,0.40376389026641846,0.40376389026641846,tubular,1685,0,0.04632568359375,0.0808106114466985,0.8509835297295147,0.2940239636808199,0.4618657675795014,0.4540978601999336,0.42676061433123286,11.0,0.358012473584955,0.6075727649426637,0.5,0.4,1.0,0.15,0.5,0.05,0.45,0.15,0.75,0.85,0.0,0.9,0.6,0.6075727649426637,1.0
synth/tubular/amb0.65,349,1,0.0777251198887825,0.0777251198887825,tubular,1685,1,0.05340576171875,0.04709324551125368,0.8509835297295147,0.2940239636808199,0.4618657675795014,0.4540978601999336,0.42676061433123286,11.0,0.358012473584955,0.6075727649426637,0.5,0.4,1.0,0.15,0.5,0.05,0.45,0.15,0.75,0.85,0.0,0.9,0.6,0.6075727649426637,1.0
synth/tubular/amb0.65,350,1,0.5409753918647766,0.5409753918647766,tubular,1685,2,0.06488037109375,0.13321868578592935,0.8509835297295147,0.2940239636808199,0.4618657675795014,0.4540978601999336,0.42676061433123286,11.0,0.358012473584955,0.6075727649426637,0.5,0.4,1.0,0.15,0.5,0.05,0.45,0.15,0.75,0.85,0.0,0.9,0.6,0.6075727649426637,1.0
synth/tubular/amb0.65,351,1,0.09557522088289261,0.09557522088289261,tubular,1685,3,0.042724609375,0.11755987008412679,0.8509835297295147,0.2940239636808199,0.4618657675795014,0.4540978601999336,0.42676061433123286,11.0,0.358012473584955,0.6075727649426637,0.5,0.4,1.0,0.15,0.5,0.05,0.45,0.15,0.75,0.85,0.0,0.9,0.6,0.6075727649426637,1.0
synth/elongated/amb0.35,352,1,0.41167882084846497,0.41167882084846497,elongated,1698,0,0.0291748046875,0.15075098692129055,0.5579020269683029,0.3587704289280913,0.6257593775258778,0.44496057932563815,0.33955973134311335,16.0,0.7219151041061754,0.3119155458580263,0.5,0.4,1.0,0.15,0.5,0.05,0.45,0.15,0.75,0.85,0.0,0.9,0.6,0.3119155458580263,0.5630626088849192
synth/elongated/amb0.35,353,1,0.4361370801925659,0.4361370801925659,elongated,1698,1,0.07635498046875,0.17411385476589203,0.5579020269683029,0.3587704289280913,0.6257593775258778,0.44496057932563815,0.33955973134311335,16.0,0.7219151041061754,0.3119155458580263,0.5,0.4,1.0,0.15,0.5,0.05,0.45,0.15,0.75,0.85,0.0,0.9,0.6,0.3119155458580263,0.5630626088849192
synth/elongated/amb0.35,354,1,0.18247126042842865,0.18247126042842865,elongated,1698,2,0.0535888671875,0.008147615318497023,0.5579020269683029,0.3587704289280913,0.6257593775258778,0.44496057932563815,0.33955973134311335,16.0,0.7219151041061754,0.3119155458580263,0.5,0.4,1.0,0.15,0.5,0.05,0.45,0.15,0.75,0.85,0.0,0.9,0.6,0.3119155458580263,0.5630626088849192
synth/elongated/amb0.35,355,1,0.49187934398651123,0.49187934398651123,elongated,1698,3,0.01678466796875,0.12690704067548117,0.5579020269683029,0.3587704289280913,0.6257593775258778,0.44496057932563815,0.33955973134311335,16.0,0.7219151041061754,0.3119155458580263,0.5,0.4,1.0,0.15,0.5,0.05,0.45,0.15,0.75,0.85,0.0,0.9,0.6,0.3119155458580263,0.5630626088849192
synth/tubular/amb0.45,356,1,0.0977068766951561,0.0977068766951561,tubular,1700,0,0.040771484375,0.12823305341104665,0.8770276512154973,0.32170911731956187,0.3266843467377772,0.1383900619156913,0.5026564324307521,15.0,0.031044035420715876,0.45367597247147856,0.5,0.4,1.0,0.15,0.5,0.05,0.45,0.15,0.75,0.85,0.0,0.9,0.6,0.45367597247147856,1.0
synth/tubular/amb0.45,357,1,0.021699819713830948,0.021699819713830948,tubular,1700,1,0.05731201171875,0.10747152815262477,0.8770276512154973,0.32170911731956187,0.3266843467377772,0.1383900619156913,0.5026564324307521,15.0,0.031044035420715876,0.45367597247147856,0.5,0.4,1.0,0.15,0.5,0.05,0.45,0.15,0.75,0.85,0.0,0.9,0.6,0.45367597247147856,1.0
synth/tubular/amb0.45,358,1,0.23779192566871643,0.23779192566871643,tubular,1700,2,0.01812744140625,0.06903100192236404,0.8770276512154973,0.32170911731956187,0.3266843467377772,0.1383900619156913,0.5026564324307521,15.0,0.031044035420715876,0.45367597247147856,0.5,0.4,1.0,0.15,0.5,0.05,0.45,0.15,0.75,0.85,0.0,0.9,0.6,0.45367597247147856,1.0
synth/tubular/amb0.45,359,1,0.22076502442359924,0.22076502442359924,tubular,1700,3,0.04571533203125,0.0685440469533205,0.8770276512154973,0.32170911731956187,0.3266843467377772,0.1383900619156913,0.5026564324307521,15.0,0.031044035420715876,0.45367597247147856,0.5,0.4,1.0,0.15,0.5,0.05,0.45,0.15,0.75,0.85,0.0,0.9,0.6,0.45367597247147856,1.0
synth/elongated/amb0.55,360,1,0.0,0.0,elongated,1728,0,0.048583984375,0.0772032601137956,0.509639686285426,0.21210848938071616,0.35845777750031366,0.4504128540005597,0.5242601845302756,23.0,0.10316557586012043,0.5775487218935043,0.5,0.4,1.0,0.15,0.5,0.05,0.45,0.15,0.75,0.85,0.0,0.9,0.6,0.5775487218935043,0.6174860604523693
synth/elongated/amb0.55,361,1,0.3346303403377533,0.3346303403377533,elongated,1728,1,0.0150146484375,0.10002173980077107,0.509639686285426,0.21210848938071616,0.35845777750031366,0.4504128540005597,0.5242601845302756,23.0,0.10316557586012043,0.5775487218935043,0.5,0.4,1.0,0.15,0.5,0.05,0.45,0.15,0.75,0.85,0.0,0.9,0.6,0.5775487218935043,0.6174860604523693
synth/elongated/amb0.55,362,1,0.25018078088760376,0.25018078088760376,elongated,1728,2,0.06903076171875,0.40932679176330566,0.509639686285426,0.21210848938071616,0.35845777750031366,0.4504128540005597,0.5242601845302756,23.0,0.10316557586012043,0.5775487218935043,0.5,0.4,1.0,0.15,0.5,0.05,0.45,0.15,0.75,0.85,0.0,0.9,0.6,0.5775487218935043,0.6174860604523693
synth/elongated/amb0.55,363,1,0.055727552622556686,0.055727552622556686,elongated,1728,3,0.0098876953125,0.2282292048136393,0.509639686285426,0.21210848938071616,0.35845777750031366,0.4504128540005597,0.5242601845302756,23.0,0.10316557586012043,0.5775487218935043,0.5,0.4,1.0,0.15,0.5,0.05,0.45,0.15,0.75,0.85,0.0,0.9,0.6,0.5775487218935043,0.6174860604523693
synth/annular/amb0.55,364,1,0.0,0.0,annular,1786,0,0.01080322265625,0.1679865618546804,0.6641015868363336,0.27816001838563803,0.6381573622082093,0.4963554300356324,0.3029159093611391,7.0,0.014997979272593276,0.5614127467715644,0.5,0.4,1.0,0.15,0.5,0.05,0.45,0.15,0.75,0.85,0.0,0.9,0.6,0.5614127467715644,0.541706962837409
synth/annular/amb0.55,365,1,0.6767371892929077,0.6767371892929077,annular,1786,1,0.03448486328125,0.31207186977068585,0.6641015868363336,0.27816001838563803,0.6381573622082093,0.4963554300356324,0.3029159093611391,7.0,0.014997979272593276,0.5614127467715644,0.5,0.4,1.0,0.15,0.5,0.05,0.45,0.15,0.75,0.85,0.0,0.9,0.6,0.5614127467715644,0.541706962837409
synth/annular/amb0.55,366,1,0.33985328674316406,0.33985328674316406,annular,1786,2,0.0948486328125,0.4269346197446187,0.6641015868363336,0.27816001838563803,0.6381573622082093,0.4963554300356324,0.3029159093611391,7.0,0.014997979272593276,0.5614127467715644,0.5,0.4,1.0,0.15,0.5,0.05,0.45,0.15,0.75,0.85,0.0,0.9,0.6,0.5614127467715644,0.541706962837409
synth/annular/amb0.55,367,1,0.6186440587043762,0.6186440587043762,annular,1786,3,0.024169921875,0.2873345861832301,0.6641015868363336,0.27816001838563803,0.6381573622082093,0.4963554300356324,0.3029159093611391,7.0,0.014997979272593276,0.5614127467715644,0.5,0.4,1.0,0.15,0.5,0.05,0.45,0.15,0.75,0.85,0.0,0.9,0.6,0.5614127467715644,0.541706962837409
synth/elongated/amb0.65,368,1,0.46451613306999207,0.46451613306999207,elongated,1791,0,0.00616455078125,0.10396039485931396,0.773601820095883,0.30651458936630777,0.42820255146683717,0.12748151359639937,0.43723781498092135,21.0,0.6913953885699076,0.6127211310571954,0.5,0.4,1.0,0.15,0.5,0.05,0.45,0.15,0.75,0.85,0.0,0.9,0.6,0.6127211310571954,0.6221777556027398
synth/elongated/amb0.65,369,1,0.0,0.0,elongated,1791,1,0.00396728515625,0.0,0.773601820095883,0.30651458936630777,0.42820255146683717,0.12748151359639937,0.43723781498092135,21.0,0.6913953885699076,0.6127211310571954,0.5,0.4,1.0,0.15,0.5,0.05,0.45,0.15,0.75,0.85,0.0,0.9,0.6,0.6127211310571954,0.6221777556027398
synth/elongated/amb0.65,370,1,0.14814814925193787,0.14814814925193787,elongated,1791,2,0.0059814453125,0.15283579379320145,0.773601820095883,0.30651458936630777,0.42820255146683717,0.12748151359639937,0.43723781498092135,21.0,0.6913953885699076,0.6127211310571954,0.5,0.4,1.0,0.15,0.5,0.05,0.45,0.15,0.75,0.85,0.0,0.9,0.6,0.6127211310571954,0.6221777556027398
synth/elongated/amb0.65,371,1,0.01593625545501709,0.01593625545501709,elongated,1791,3,0.01251220703125,0.005952381218473117,0.773601820095883,0.30651458936630777,0.42820255146683717,0.12748151359639937,0.43723781498092135,21.0,0.6913953885699076,0.6127211310571954,0.5,0.4,1.0,0.15,0.5,0.05,0.45,0.15,0.75,0.85,0.0,0.9,0.6,0.6127211310571954,0.6221777556027398
synth/tubular/amb0.55,372,1,0.4089219272136688,0.4089219272136688,tubular,1799,0,0.2303466796875,0.3765888710816701,0.3968752031983053,0.32156905796925317,0.47531573503569546,0.29287270598116605,0.629296327268478,19.0,0.8867385077213054,0.5411332801853794,0.5,0.4,1.0,0.15,0.5,0.05,0.45,0.15,0.75,0.85,0.0,0.9,0.6,0.5411332801853794,1.0
synth/tubular/amb0.55,373,1,0.4107639193534851,0.4107639193534851,tubular,1799,1,0.39556884765625,0.23182471469044685,0.3968752031983053,0.32156905796925317,0.47531573503569546,0.29287270598116605,0.629296327268478,19.0,0.8867385077213054,0.5411332801853794,0.5,0.4,1.0,0.15,0.5,0.05,0.45,0.15,0.75,0.85,0.0,0.9,0.6,0.5411332801853794,1.0
synth/tubular/amb0.55,374,1,0.14830875396728516,0.14830875396728516,tubular,1799,2,0.1658935546875,0.3109530011812846,0.3968752031983053,0.32156905796925317,0.47531573503569546,0.29287270598116605,0.629296327268478,19.0,0.8867385077213054,0.5411332801853794,0.5,0.4,1.0,0.15,0.5,0.05,0.45,0.15,0.75,0.85,0.0,0.9,0.6,0.5411332801853794,1.0
synth/tubular/amb0.55,375,1,0.5692241787910461,0.5692241787910461,tubular,1799,3,0.22174072265625,0.455905149380366,0.3968752031983053,0.32156905796925317,0.47531573503569546,0.29287270598116605,0.629296327268478,19.0,0.8867385077213054,0.5411332801853794,0.5,0.4,1.0,0.15,0.5,0.05,0.45,0.15,0.75,0.85,0.0,0.9,0.6,0.5411332801853794,1.0
synth/scattered/amb0.45,376,1,0.0,0.0,scattered,1803,0,0.01959228515625,0.05685156645874182,0.3793725170464343,0.2133546890619326,0.5326446285834332,0.3126143175751472,0.8768342568221363,21.0,0.8177273700634354,0.4172695280817497,0.5,0.4,1.0,0.15,0.5,0.05,0.45,0.15,0.75,0.85,0.0,0.9,0.6,0.8172695280817497,1.0
synth/scattered/amb0.45,377,1,0.010101010091602802,0.010101010091602802,scattered,1803,1,0.004638671875,0.0,0.3793725170464343,0.2133546890619326,0.5326446285834332,0.3126143175751472,0.8768342568221363,21.0,0.8177273700634354,0.4172695280817497,0.5,0.4,1.0,0.15,0.5,0.05,0.45,0.15,0.75,0.85,0.0,0.9,0.6,0.8172695280817497,1.0
synth/scattered/amb0.45,378,1,0.0,0.0,scattered,1803,2,0.02532958984375,0.20924131075541177,0.3793725170464343,0.2133546890619326,0.5326446285834332,0.3126143175751472,0.8768342568221363,21.0,0.8177273700634354,0.4172695280817497,0.5,0.4,1.0,0.15,0.5,0.05,0.45,0.15,0.75,0.85,0.0,0.9,0.6,0.8172695280817497,1.0
synth/scattered/amb0.45,379,1,0.0,0.0,scattered,1803,3,0.00628662109375,0.00477897251645724,0.3793725170464343,0.2133546890619326,0.5326446285834332,0.3126143175751472,0.8768342568221363,21.0,0.8177273700634354,0.4172695280817497,0.5,0.4,1.0,0.15,0.5,0.05,0.45,0.15,0.75,0.85,0.0,0.9,0.6,0.8172695280817497,1.0
synth/elongated/amb0.45,380,1,0.18734177947044373,0.18734177947044373,elongated,1835,0,0.0648193359375,0.16387923092891774,0.6585385922803031,0.21027600538721444,0.7779675640040729,0.4348693571948478,0.747855359764712,21.0,0.7103877776371409,0.4769100103031089,0.5,0.4,1.0,0.15,0.5,0.05,0.45,0.15,0.75,0.85,0.0,0.9,0.6,0.4769100103031089,0.6873133889687447
synth/elongated/amb0.45,381,1,0.39873915910720825,0.39873915910720825,elongated,1835,1,0.0489501953125,0.2648303334911664,0.6585385922803031,0.21027600538721444,0.7779675640040729,0.4348693571948478,0.747855359764712,21.0,0.7103877776371409,0.4769100103031089,0.5,0.4,1.0,0.15,0.5,0.05,0.45,0.15,0.75,0.85,0.0,0.9,0.6,0.4769100103031089,0.6873133889687447
synth/elongated/amb0.45,382,1,0.39961758255958557,0.39961758255958557,elongated,1835,2,0.04681396484375,0.12901756338154277,0.6585385922803031,0.21027600538721444,0.7779675640040729,0.4348693571948478,0.747855359764712,21.0,0.7103877776371409,0.4769100103031089,0.5,0.4,1.0,0.15,0.5,0.05,0.45,0.15,0.75,0.85,0.0,0.9,0.6,0.4769100103031089,0.6873133889687447
synth/elongated/amb0.45,383,1,0.5625,0.5625,elongated,1835,3,0.009765625,0.16319641222556433,0.6585385922803031,0.21027600538721444,0.7779675640040729,0.4348693571948478,0.747855359764712,21.0,0.7103877776371409,0.4769100103031089,0.5,0.4,1.0,0.15,0.5,0.05,0.45,0.15,0.75,0.85,0.0,0.9,0.6,0.4769100103031089,0.6873133889687447
synth/blob/amb0.75,384,1,0.42718446254730225,0.42718446254730225,blob,1854,0,0.0078125,0.11904762188593547,0.3294056786965186,0.2763896015249948,0.7767573481596302,0.3935064671949097,0.9841443594936703,23.0,0.6144909716102828,0.7926241960404639,0.5,0.4,1.0,0.15,0.5,0.05,0.45,0.15,0.75,0.85,0.0,0.9,0.6,0.7926241960404639,0.7646248763809903
synth/blob/amb0.75,385,1,0.0,0.0,blob,1854,1,0.02276611328125,0.12550546725591025,0.3294056786965186,0.2763896015249948,0.7767573481596302,0.3935064671949097,0.9841443594936703,23.0,0.6144909716102828,0.7926241960404639,0.5,0.4,1.0,0.15,0.5,0.05,0.45,0.15,0.75,0.85,0.0,0.9,0.6,0.7926241960404639,0.7646248763809903
synth/blob/amb0.75,386,1,0.0,0.0,blob,1854,2,0.046875,0.07964904606342316,0.3294056786965186,0.2763896015249948,0.7767573481596302,0.3935064671949097,0.9841443594936703,23.0,0.6144909716102828,0.7926241960404639,0.5,0.4,1.0,0.15,0.5,0.05,0.45,0.15,0.75,0.85,0.0,0.9,0.6,0.7926241960404639,0.7646248763809903
synth/blob/amb0.75,387,1,0.6722689270973206,0.6722689270973206,blob,1854,3,0.010498046875,0.2596358160177867,0.3294056786965186,0.2763896015249948,0.7767573481596302,0.3935064671949097,0.9841443594936703,23.0,0.6144909716102828,0.7926241960404639,0.5,0.4,1.0,0.15,0.5,0.05,0.45,0.15,0.75,0.85,0.0,0.9,0.6,0.7926241960404639,0.7646248763809903
synth/annular/amb0.75,388,1,0.3870967626571655,0.3870967626571655,annular,1858,0,0.002197265625,0.1314449186126391,0.4302350212888283,0.6880303304642588,0.6885065679516436,0.17359876542667463,0.5615280700504256,12.0,0.16945348853903197,0.7968540167305778,0.5,0.4,1.0,0.15,0.5,0.05,0.45,0.15,0.75,0.85,0.0,0.9,0.6,0.7968540167305778,0.6573368142538903
synth/annular/amb0.75,389,1,0.5780730843544006,0.5780730843544006,annular,1858,1,0.0093994140625,0.0877193013827006,0.4302350212888283,0.6880303304642588,0.6885065679516436,0.17359876542667463,0.5615280700504256,12.0,0.16945348853903197,0.7968540167305778,0.5,0.4,1.0,0.15,0.5,0.05,0.45,0.15,0.75,0.85,0.0,0.9,0.6,0.7968540167305778,0.6573368142538903
synth/annular/amb0.75,390,1,0.22101449966430664,0.22101449966430664,annular,1858,2,0.0157470703125,0.1318744719028473,0.4302350212888283,0.6880303304642588,0.6885065679516436,0.17359876542667463,0.5615280700504256,12.0,0.16945348853903197,0.7968540167305778,0.5,0.4,1.0,0.15,0.5,0.05,0.45,0.15,0.75,0.85,0.0,0.9,0.6,0.7968540167305778,0.6573368142538903
synth/annular/amb0.75,391,1,0.0,0.0,annular,1858,3,0.0030517578125,0.0688695361216863,0.4302350212888283,0.6880303304642588,0.6885065679516436,0.17359876542667463,0.5615280700504256,12.0,0.16945348853903197,0.7968540167305778,0.5,0.4,1.0,0.15,0.5,0.05,0.45,0.15,0.75,0.85,0.0,0.9,0.6,0.7968540167305778,0.6573368142538903
synth/tubular/amb0.65,392,1,0.6851744651794434,0.6851744651794434,tubular,1880,0,0.18316650390625,0.5252732137838999,0.5103392887751449,0.748312103780169,0.4281131033858454,0.16368083832697705,0.9256234194064374,19.0,0.8710318613116506,0.6888140507445453,0.5,0.4,1.0,0.15,0.5,0.05,0.45,0.15,0.75,0.85,0.0,0.9,0.6,0.6888140507445453,1.0
synth/tubular/amb0.65,393,1,0.376120924949646,0.376120924949646,tubular,1880,1,0.07977294921875,0.2677830954392751,0.5103392887751449,0.748312103780169,0.4281131033858454,0.16368083832697705,0.9256234194064374,19.0,0.8710318613116506,0.6888140507445453,0.5,0.4,1.0,0.15,0.5,0.05,0.45,0.15,0.75,0.85,0.0,0.9,0.6,0.6888140507445453,1.0
synth/tubular/amb0.65,394,1,0.510473906993866,0.510473906993866,tubular,1880,2,0.25372314453125,0.3465997874736786,0.5103392887751449,0.748312103780169,0.4281131033858454,0.16368083832697705,0.9256234194064374,19.0,0.8710318613116506,0.6888140507445453,0.5,0.4,1.0,0.15,0.5,0.05,0.45,0.15,0.75,0.85,0.0,0.9,0.6,0.6888140507445453,1.0
synth/tubular/amb0.65,395,1,0.4600152373313904,0.4600152373313904,tubular,1880,3,0.11865234375,0.2805290222167969,0.5103392887751449,0.748312103780169,0.4281131033858454,0.16368083832697705,0.9256234194064374,19.0,0.8710318613116506,0.6888140507445453,0.5,0.4,1.0,0.15,0.5,0.05,0.45,0.15,0.75,0.85,0.0,0.9,0.6,0.6888140507445453,1.0
synth/annular/amb0.55,396,1,0.39590445160865784,0.39590445160865784,annular,1886,0,0.0074462890625,0.10629873722791672,0.6792855690498867,0.5774462974407348,0.8763385466803573,0.20990755654286442,0.7227118009276254,23.0,0.3641694015071988,0.5218358752069855,0.5,0.4,1.0,0.15,0.5,0.05,0.45,0.15,0.75,0.85,0.0,0.9,0.6,0.5218358752069855,0.7036677978874413
synth/annular/amb0.55,397,1,0.26720649003982544,0.26720649003982544,annular,1886,1,0.00396728515625,0.08359415829181671,0.6792855690498867,0.5774462974407348,0.8763385466803573,0.20990755654286442,0.7227118009276254,23.0,0.3641694015071988,0.5218358752069855,0.5,0.4,1.0,0.15,0.5,0.05,0.45,0.15,0.75,0.85,0.0,0.9,0.6,0.5218358752069855,0.7036677978874413
synth/annular/amb0.55,398,1,0.0,0.0,annular,1886,2,0.008056640625,0.15044693648815155,0.6792855690498867,0.5774462974407348,0.8763385466803573,0.20990755654286442,0.7227118009276254,23.0,0.3641694015071988,0.5218358752069855,0.5,0.4,1.0,0.15,0.5,0.05,0.45,0.15,0.75,0.85,0.0,0.9,0.6,0.5218358752069855,0.7036677978874413
synth/annular/amb0.55,399,1,0.5948477983474731,0.5948477983474731,annular,1886,3,0.0128173828125,0.3770050307114919,0.6792855690498867,0.5774462974407348,0.8763385466803573,0.20990755654286442,0.7227118009276254,23.0,0.3641694015071988,0.5218358752069855,0.5,0.4,1.0,0.15,0.5,0.05,0.45,0.15,0.75,0.85,0.0,0.9,0.6,0.5218358752069855,0.7036677978874413
synth/scattered/amb0.65,400,1,0.0,0.0,scattered,1896,0,0.03094482421875,0.06849373504519463,0.7372890797904192,0.43837459586729666,0.8064371919567241,0.40419851036458565,0.9650398846073196,9.0,0.11986218961312944,0.6659501651134911,0.5,0.4,1.0,0.15,0.5,0.05,0.45,0.15,0.75,0.85,0.0,0.9,0.6,1.0,1.0
synth/scattered/amb0.65,401,1,0.22857142984867096,0.22857142984867096,scattered,1896,1,0.05609130859375,0.12532808864489198,0.7372890797904192,0.43837459586729666,0.8064371919567241,0.40419851036458565,0.9650398846073196,9.0,0.11986218961312944,0.6659501651134911,0.5,0.4,1.0,0.15,0.5,0.05,0.45,0.15,0.75,0.85,0.0,0.9,0.6,1.0,1.0
synth/scattered/amb0.65,402,1,0.26003822684288025,0.26003822684288025,scattered,1896,2,0.03546142578125,0.05438729872306188,0.7372890797904192,0.43837459586729666,0.8064371919567241,0.40419851036458565,0.9650398846073196,9.0,0.11986218961312944,0.6659501651134911,0.5,0.4,1.0,0.15,0.5,0.05,0.45,0.15,0.75,0.85,0.0,0.9,0.6,1.0,1.0
synth/scattered/amb0.65,403,1,0.0,0.0,scattered,1896,3,0.013427734375,0.03571532666683197,0.7372890797904192,0.43837459586729666,0.8064371919567241,0.40419851036458565,0.9650398846073196,9.0,0.11986218961312944,0.6659501651134911,0.5,0.4,1.0,0.15,0.5,0.05,0.45,0.15,0.75,0.85,0.0,0.9,0.6,1.0,1.0
synth/tubular/amb0.75,404,1,0.053995680063962936,0.053995680063962936,tubular,1906,0,0.0250244140625,0.04758482612669468,0.542905477828522,0.3359320191938554,0.33757483102014896,0.4987707520371643,0.6945800549479774,8.0,0.08901141263342327,0.7680438685711359,0.5,0.4,1.0,0.15,0.5,0.05,0.45,0.15,0.75,0.85,0.0,0.9,0.6,0.7680438685711359,1.0
synth/tubular/amb0.75,405,1,0.029246343299746513,0.029246343299746513,tubular,1906,1,0.04364013671875,0.09299950014489393,0.542905477828522,0.3359320191938554,0.33757483102014896,0.4987707520371643,0.6945800549479774,8.0,0.08901141263342327,0.7680438685711359,0.5,0.4,1.0,0.15,0.5,0.05,0.45,0.15,0.75,0.85,0.0,0.9,0.6,0.7680438685711359,1.0
synth/tubular/amb0.75,406,1,0.0,0.0,tubular,1906,2,0.08544921875,0.12797802438338599,0.542905477828522,0.3359320191938554,0.33757483102014896,0.4987707520371643,0.6945800549479774,8.0,0.08901141263342327,0.7680438685711359,0.5,0.4,1.0,0.15,0.5,0.05,0.45,0.15,0.75,0.85,0.0,0.9,0.6,0.7680438685711359,1.0
synth/tubular/amb0.75,407,1,0.36460864543914795,0.36460864543914795,tubular,1906,3,0.0821533203125,0.23287180562814078,0.542905477828522,0.3359320191938554,0.33757483102014896,0.4987707520371643,0.6945800549479774,8.0,0.08901141263342327,0.7680438685711359,0.5,0.4,1.0,0.15,0.5,0.05,0.45,0.15,0.75,0.85,0.0,0.9,0.6,0.7680438685711359,1.0
synth/annular/amb0.45,408,1,0.2187822461128235,0.2187822461128235,annular,1912,0,0.0408935546875,0.2014958163102468,0.660650926745858,0.6931650086865329,0.3615546984660648,0.2959695583035909,0.780706384284469,17.0,0.7366288729511851,0.4498794358640036,0.5,0.4,1.0,0.15,0.5,0.05,0.45,0.15,0.75,0.85,0.0,0.9,0.6,0.4498794358640036,0.7146726098871826
synth/annular/amb0.45,409,1,0.2840236723423004,0.2840236723423004,annular,1912,1,0.00653076171875,0.1572305957476298,0.660650926745858,0.6931650086865329,0.3615546984660648,0.2959695583035909,0.780706384284469,17.0,0.7366288729511851,0.4498794358640036,0.5,0.4,1.0,0.15,0.5,0.05,0.45,0.15,0.75,0.85,0.0,0.9,0.6,0.4498794358640036,0.7146726098871826
synth/annular/amb0.45,410,1,0.6361502408981323,0.6361502408981323,annular,1912,2,0.02294921875,0.38878026604652405,0.660650926745858,0.6931650086865329,0.3615546984660648,0.2959695583035909,0.780706384284469,17.0,0.7366288729511851,0.4498794358640036,0.5,0.4,1.0,0.15,0.5,0.05,0.45,0.15,0.75,0.85,0.0,0.9,0.6,0.4498794358640036,0.7146726098871826
synth/annular/amb0.45,411,1,0.0,0.0,annular,1912,3,0.01934814453125,0.16005890568097433,0.660650926745858,0.6931650086865329,0.3615546984660648,0.2959695583035909,0.780706384284469,17.0,0.7366288729511851,0.4498794358640036,0.5,0.4,1.0,0.15,0.5,0.05,0.45,0.15,0.75,0.85,0.0,0.9,0.6,0.4498794358640036,0.7146726098871826
synth/tubular/amb0.75,412,1,0.273776113986969,0.273776113986969,tubular,1943,0,0.1175537109375,0.13346420476833978,0.7871325388683503,0.43433689197268277,0.513701705815617,0.38622552820237366,0.398609751192907,23.0,0.5843639278394243,0.7679553707765825,0.5,0.4,1.0,0.15,0.5,0.05,0.45,0.15,0.75,0.85,0.0,0.9,0.6,0.7679553707765825,1.0
synth/tubular/amb0.75,413,1,0.3002927601337433,0.3002927601337433,tubular,1943,1,0.0999755859375,0.20595410962899527,0.7871325388683503,0.43433689197268277,0.513701705815617,0.38622552820237366,0.398609751192907,23.0,0.5843639278394243,0.7679553707765825,0.5,0.4,1.0,0.15,0.5,0.05,0.45,0.15,0.75,0.85,0.0,0.9,0.6,0.7679553707765825,1.0
synth/tubular/amb0.75,414,1,0.26706525683403015,0.26706525683403015,tubular,1943,2,0.09515380859375,0.17910891274611154,0.7871325388683503,0.43433689197268277,0.513701705815617,0.38622552820237366,0.398609751192907,23.0,0.5843639278394243,0.7679553707765825,0.5,0.4,1.0,0.15,0.5,0.05,0.45,0.15,0.75,0.85,0.0,0.9,0.6,0.7679553707765825,1.0
synth/tubular/amb0.75,415,1,0.3199999928474426,0.3199999928474426,tubular,1943,3,0.0797119140625,0.17847455044587454,0.7871325388683503,0.43433689197268277,0.513701705815617,0.38622552820237366,0.398609751192907,23.0,0.5843639278394243,0.7679553707765825,0.5,0.4,1.0,0.15,0.5,0.05,0.45,0.15,0.75,0.85,0.0,0.9,0.6,0.7679553707765825,1.0
synth/tubular/amb0.35,416,1,0.20094937086105347,0.20094937086105347,tubular,1954,0,0.03277587890625,0.08273278611401717,0.8085588838301696,0.5799185086675391,0.7219595283301679,0.24609102365745955,0.3589003047481174,23.0,0.7528971741424393,0.33346659163571807,0.5,0.4,1.0,0.15,0.5,0.05,0.45,0.15,0.75,0.85,0.0,0.9,0.6,0.33346659163571807,1.0
synth/tubular/amb0.35,417,1,0.18046972155570984,0.18046972155570984,tubular,1954,1,0.058837890625,0.05653016618452966,0.8085588838301696,0.5799185086675391,0.7219595283301679,0.24609102365745955,0.3589003047481174,23.0,0.7528971741424393,0.33346659163571807,0.5,0.4,1.0,0.15,0.5,0.05,0.45,0.15,0.75,0.85,0.0,0.9,0.6,0.33346659163571807,1.0
synth/tubular/amb0.35,418,1,0.32499998807907104,0.32499998807907104,tubular,1954,2,0.08673095703125,0.1964209054907163,0.8085588838301696,0.5799185086675391,0.7219595283301679,0.24609102365745955,0.3589003047481174,23.0,0.7528971741424393,0.33346659163571807,0.5,0.4,1.0,0.15,0.5,0.05,0.45,0.15,0.75,0.85,0.0,0.9,0.6,0.33346659163571807,1.0
synth/tubular/amb0.35,419,1,0.13917525112628937,0.13917525112628937,tubular,1954,3,0.05316162109375,0.07861986042310794,0.8085588838301696,0.5799185086675391,0.7219595283301679,0.24609102365745955,0.3589003047481174,23.0,0.7528971741424393,0.33346659163571807,0.5,0.4,1.0,0.15,0.5,0.05,0.45,0.15,0.75,0.85,0.0,0.9,0.6,0.33346659163571807,1.0
synth/elongated/amb0.35,420,1,0.5063291192054749,0.5063291192054749,elongated,1956,0,0.00311279296875,0.09756097197532654,0.6513984962310778,0.2871556152960742,0.4370269147048318,0.12531156717091124,0.3776724331083281,21.0,0.8525803961093789,0.38954525513245813,0.5,0.4,1.0,0.15,0.5,0.05,0.45,0.15,0.75,0.85,0.0,0.9,0.6,0.38954525513245813,0.6043975661725798
synth/elongated/amb0.35,421,1,0.0,0.0,elongated,1956,1,0.00128173828125,0.0,0.6513984962310778,0.2871556152960742,0.4370269147048318,0.12531156717091124,0.3776724331083281,21.0,0.8525803961093789,0.38954525513245813,0.5,0.4,1.0,0.15,0.5,0.05,0.45,0.15,0.75,0.85,0.0,0.9,0.6,0.38954525513245813,0.6043975661725798
synth/elongated/amb0.35,422,1,0.0,0.0,elongated,1956,2,0.00225830078125,0.06000000238418579,0.6513984962310778,0.2871556152960742,0.4370269147048318,0.12531156717091124,0.3776724331083281,21.0,0.8525803961093789,0.38954525513245813,0.5,0.4,1.0,0.15,0.5,0.05,0.45,0.15,0.75,0.85,0.0,0.9,0.6,0.38954525513245813,0.6043975661725798
synth/elongated/amb0.35,423,1,0.29487180709838867,0.29487180709838867,elongated,1956,3,0.0045166015625,0.21101618806521097,0.6513984962310778,0.2871556152960742,0.4370269147048318,0.12531156717091124,0.3776724331083281,21.0,0.8525803961093789,0.38954525513245813,0.5,0.4,1.0,0.15,0.5,0.05,0.45,0.15,0.75,0.85,0.0,0.9,0.6,0.38954525513245813,0.6043975661725798
synth/tubular/amb0.55,424,1,0.44075828790664673,0.44075828790664673,tubular,1967,0,0.02410888671875,0.01278271859822174,0.34269524473948026,0.7811790021716016,0.5714038882538095,0.4360624710990103,0.8829413080641799,14.0,0.8061492650745515,0.5011767666901942,0.5,0.4,1.0,0.15,0.5,0.05,0.45,0.15,0.75,0.85,0.0,0.9,0.6,0.5011767666901942,1.0
synth/tubular/amb0.55,425,1,0.3108384311199188,0.3108384311199188,tubular,1967,1,0.01263427734375,0.06167380015055338,0.34269524473948026,0.7811790021716016,0.5714038882538095,0.4360624710990103,0.8829413080641799,14.0,0.8061492650745515,0.5011767666901942,0.5,0.4,1.0,0.15,0.5,0.05,0.45,0.15,0.75,0.85,0.0,0.9,0.6,0.5011767666901942,1.0
synth/tubular/amb0.55,426,1,0.4854142367839813,0.4854142367839813,tubular,1967,2,0.02532958984375,0.22998600204785666,0.34269524473948026,0.7811790021716016,0.5714038882538095,0.4360624710990103,0.8829413080641799,14.0,0.8061492650745515,0.5011767666901942,0.5,0.4,1.0,0.15,0.5,0.05,0.45,0.15,0.75,0.85,0.0,0.9,0.6,0.5011767666901942,1.0
synth/tubular/amb0.55,427,1,0.3714953362941742,0.3714953362941742,tubular,1967,3,0.0308837890625,0.2720261216163635,0.34269524473948026,0.7811790021716016,0.5714038882538095,0.4360624710990103,0.8829413080641799,14.0,0.8061492650745515,0.5011767666901942,0.5,0.4,1.0,0.15,0.5,0.05,0.45,0.15,0.75,0.85,0.0,0.9,0.6,0.5011767666901942,1.0
synth/annular/amb0.75,428,1,0.5289999842643738,0.5289999842643738,annular,1979,0,0.087158203125,0.2662443369626999,0.43673483691356674,0.875196031722768,0.7219683637730623,0.5950570959469448,0.7712172850518979,13.0,0.9629683403210476,0.7342167957560262,0.5,0.4,1.0,0.15,0.5,0.05,0.45,0.15,0.75,0.85,0.0,0.9,0.6,0.7342167957560262,0.6539039898676302
synth/annular/amb0.75,429,1,0.3417603075504303,0.3417603075504303,annular,1979,1,0.098876953125,0.34102778136730194,0.43673483691356674,0.875196031722768,0.7219683637730623,0.5950570959469448,0.7712172850518979,13.0,0.9629683403210476,0.7342167957560262,0.5,0.4,1.0,0.15,0.5,0.05,0.45,0.15,0.75,0.85,0.0,0.9,0.6,0.7342167957560262,0.6539039898676302
synth/annular/amb0.75,430,1,0.64838707447052,0.64838707447052,annular,1979,2,0.03912353515625,0.17786920815706253,0.43673483691356674,0.875196031722768,0.7219683637730623,0.5950570959469448,0.7712172850518979,13.0,0.9629683403210476,0.7342167957560262,0.5,0.4,1.0,0.15,0.5,0.05,0.45,0.15,0.75,0.85,0.0,0.9,0.6,0.7342167957560262,0.6539039898676302
synth/annular/amb0.75,431,1,0.5330969095230103,0.5330969095230103,annular,1979,3,0.06561279296875,0.17755648447200656,0.43673483691356674,0.875196031722768,0.7219683637730623,0.5950570959469448,0.7712172850518979,13.0,0.9629683403210476,0.7342167957560262,0.5,0.4,1.0,0.15,0.5,0.05,0.45,0.15,0.75,0.85,0.0,0.9,0.6,0.7342167957560262,0.6539039898676302
synth/tubular/amb0.45,432,1,0.20796020328998566,0.20796020328998566,tubular,2019,0,0.0806884765625,0.1523307040333748,0.7433073181833105,0.7645024869715111,0.6012556036017178,0.44095704938204006,0.304005321194167,7.0,0.1289168226880797,0.48670547894317606,0.5,0.4,1.0,0.15,0.5,0.05,0.45,0.15,0.75,0.85,0.0,0.9,0.6,0.48670547894317606,1.0
synth/tubular/amb0.45,433,1,0.09851446747779846,0.09851446747779846,tubular,2019,1,0.05023193359375,0.10496107954531908,0.7433073181833105,0.7645024869715111,0.6012556036017178,0.44095704938204006,0.304005321194167,7.0,0.1289168226880797,0.48670547894317606,0.5,0.4,1.0,0.15,0.5,0.05,0.45,0.15,0.75,0.85,0.0,0.9,0.6,0.48670547894317606,1.0
synth/tubular/amb0.45,434,1,0.12333566695451736,0.12333566695451736,tubular,2019,2,0.06744384765625,0.10081772257884343,0.7433073181833105,0.7645024869715111,0.6012556036017178,0.44095704938204006,0.304005321194167,7.0,0.1289168226880797,0.48670547894317606,0.5,0.4,1.0,0.15,0.5,0.05,0.45,0.15,0.75,0.85,0.0,0.9,0.6,0.48670547894317606,1.0
synth/tubular/amb0.45,435,1,0.18416523933410645,0.18416523933410645,tubular,2019,3,0.05206298828125,0.12146109342575073,0.7433073181833105,0.7645024869715111,0.6012556036017178,0.44095704938204006,0.304005321194167,7.0,0.1289168226880797,0.48670547894317606,0.5,0.4,1.0,0.15,0.5,0.05,0.45,0.15,0.75,0.85,0.0,0.9,0.6,0.48670547894317606,1.0
synth/blob/amb0.55,436,1,0.5256723761558533,0.5256723761558533,blob,2021,0,0.02838134765625,0.7165062030156454,0.5958284079540992,0.5495255054807744,0.6960649857966887,0.5358774196037017,0.3219748172063047,21.0,0.8511948650702655,0.5533271632992636,0.5,0.4,1.0,0.15,0.5,0.05,0.45,0.15,0.75,0.85,0.0,0.9,0.6,0.5533271632992636,0.5376097187395203
synth/blob/amb0.55,437,1,0.1691264510154724,0.1691264510154724,blob,2021,1,0.1265869140625,0.1576761802037557,0.5958284079540992,0.5495255054807744,0.6960649857966887,0.5358774196037017,0.3219748172063047,21.0,0.8511948650702655,0.5533271632992636,0.5,0.4,1.0,0.15,0.5,0.05,0.45,0.15,0.75,0.85,0.0,0.9,0.6,0.5533271632992636,0.5376097187395203
synth/blob/amb0.55,438,1,0.2696365714073181,0.2696365714073181,blob,2021,2,0.03594970703125,0.054480284452438354,0.5958284079540992,0.5495255054807744,0.6960649857966887,0.5358774196037017,0.3219748172063047,21.0,0.8511948650702655,0.5533271632992636,0.5,0.4,1.0,0.15,0.5,0.05,0.45,0.15,0.75,0.85,0.0,0.9,0.6,0.5533271632992636,0.5376097187395203
synth/blob/amb0.55,439,1,0.4971671402454376,0.4971671402454376,blob,2021,3,0.1295166015625,0.3315494954586029,0.5958284079540992,0.5495255054807744,0.6960649857966887,0.5358774196037017,0.3219748172063047,21.0,0.8511948650702655,0.5533271632992636,0.5,0.4,1.0,0.15,0.5,0.05,0.45,0.15,0.75,0.85,0.0,0.9,0.6,0.5533271632992636,0.5376097187395203
synth/tubular/amb0.35,440,1,0.4965643584728241,0.4965643584728241,tubular,2060,0,0.472412109375,0.46412281195322674,0.55398708552883,0.30019851201717374,0.49634686981549614,0.4261141459439236,0.9538885105681467,19.0,0.48850764550289416,0.3835762495180064,0.5,0.4,1.0,0.15,0.5,0.05,0.45,0.15,0.75,0.85,0.0,0.9,0.6,0.3835762495180064,1.0
synth/tubular/amb0.35,441,1,0.5878238677978516,0.5878238677978516,tubular,2060,1,0.19415283203125,0.4488729437192281,0.55398708552883,0.30019851201717374,0.49634686981549614,0.4261141459439236,0.9538885105681467,19.0,0.48850764550289416,0.3835762495180064,0.5,0.4,1.0,0.15,0.5,0.05,0.45,0.15,0.75,0.85,0.0,0.9,0.6,0.3835762495180064,1.0
synth/tubular/amb0.35,442,1,0.541679859161377,0.541679859161377,tubular,2060,2,0.19976806640625,0.5012268324693044,0.55398708552883,0.30019851201717374,0.49634686981549614,0.4261141459439236,0.9538885105681467,19.0,0.48850764550289416,0.3835762495180064,0.5,0.4,1.0,0.15,0.5,0.05,0.45,0.15,0.75,0.85,0.0,0.9,0.6,0.3835762495180064,1.0
synth/tubular/amb0.35,443,1,0.46423032879829407,0.46423032879829407,tubular,2060,3,0.10455322265625,0.4927028914292653,0.55398708552883,0.30019851201717374,0.49634686981549614,0.4261141459439236,0.9538885105681467,19.0,0.48850764550289416,0.3835762495180064,0.5,0.4,1.0,0.15,0.5,0.05,0.45,0.15,0.75,0.85,0.0,0.9,0.6,0.3835762495180064,1.0
synth/annular/amb0.65,444,1,0.0,0.0,annular,2086,0,0.0079345703125,0.05114024722327789,0.580471668476999,0.8864237457136817,0.8999426721058814,0.14523319757876774,0.5622518006606432,17.0,0.40438652775963924,0.6606690454044397,0.5,0.4,1.0,0.15,0.5,0.05,0.45,0.15,0.75,0.85,0.0,0.9,0.6,0.6606690454044397,0.6589158417432325
synth/annular/amb0.65,445,1,0.1592920422554016,0.1592920422554016,annular,2086,1,0.01544189453125,0.02805280437072118,0.580471668476999,0.8864237457136817,0.8999426721058814,0.14523319757876774,0.5622518006606432,17.0,0.40438652775963924,0.6606690454044397,0.5,0.4,1.0,0.15,0.5,0.05,0.45,0.15,0.75,0.85,0.0,0.9,0.6,0.6606690454044397,0.6589158417432325
synth/annular/amb0.65,446,1,0.1925133615732193,0.1925133615732193,annular,2086,2,0.00811767578125,0.013136288772026697,0.580471668476999,0.8864237457136817,0.8999426721058814,0.14523319757876774,0.5622518006606432,17.0,0.40438652775963924,0.6606690454044397,0.5,0.4,1.0,0.15,0.5,0.05,0.45,0.15,0.75,0.85,0.0,0.9,0.6,0.6606690454044397,0.6589158417432325
synth/annular/amb0.65,447,1,0.0,0.0,annular,2086,3,0.00311279296875,0.08661417166392009,0.580471668476999,0.8864237457136817,0.8999426721058814,0.14523319757876774,0.5622518006606432,17.0,0.40438652775963924,0.6606690454044397,0.5,0.4,1.0,0.15,0.5,0.05,0.45,0.15,0.75,0.85,0.0,0.9,0.6,0.6606690454044397,0.6589158417432325
synth/scattered/amb0.45,448,1,0.0,0.0,scattered,2112,0,0.0103759765625,0.01892744501431783,0.5135591012177988,0.7548479236706249,0.6435635708302678,0.15537603861490223,0.9900163301795954,22.0,0.3728809885952915,0.4106895738640981,0.5,0.4,1.0,0.15,0.5,0.05,0.45,0.15,0.75,0.85,0.0,0.9,0.6,0.8106895738640981,1.0
synth/scattered/amb0.45,449,1,0.0,0.0,scattered,2112,1,0.00250244140625,0.0,0.5135591012177988,0.7548479236706249,0.6435635708302678,0.15537603861490223,0.9900163301795954,22.0,0.3728809885952915,0.4106895738640981,0.5,0.4,1.0,0.15,0.5,0.05,0.45,0.15,0.75,0.85,0.0,0.9,0.6,0.8106895738640981,1.0
synth/scattered/amb0.45,450,1,0.17362269759178162,0.17362269759178162,scattered,2112,2,0.0267333984375,0.03624104460080465,0.5135591012177988,0.7548479236706249,0.6435635708302678,0.15537603861490223,0.9900163301795954,22.0,0.3728809885952915,0.4106895738640981,0.5,0.4,1.0,0.15,0.5,0.05,0.45,0.15,0.75,0.85,0.0,0.9,0.6,0.8106895738640981,1.0
synth/scattered/amb0.45,451,1,0.4825737178325653,0.4825737178325653,scattered,2112,3,0.01519775390625,0.002693602815270424,0.5135591012177988,0.7548479236706249,0.6435635708302678,0.15537603861490223,0.9900163301795954,22.0,0.3728809885952915,0.4106895738640981,0.5,0.4,1.0,0.15,0.5,0.05,0.45,0.15,0.75,0.85,0.0,0.9,0.6,0.8106895738640981,1.0
synth/elongated/amb0.65,452,1,0.5074971318244934,0.5074971318244934,elongated,2118,0,0.03765869140625,0.12301195412874222,0.4614229285858813,0.38787293482701246,0.8175006636730273,0.23007040884140934,0.5384416359753212,24.0,0.26043127270226063,0.6998641638528234,0.5,0.4,1.0,0.15,0.5,0.05,0.45,0.15,0.75,0.85,0.0,0.9,0.6,0.6998641638528234,0.647107656859244
synth/elongated/amb0.65,453,1,0.0,0.0,elongated,2118,1,0.018798828125,0.06749495243032773,0.4614229285858813,0.38787293482701246,0.8175006636730273,0.23007040884140934,0.5384416359753212,24.0,0.26043127270226063,0.6998641638528234,0.5,0.4,1.0,0.15,0.5,0.05,0.45,0.15,0.75,0.85,0.0,0.9,0.6,0.6998641638528234,0.647107656859244
synth/elongated/amb0.65,454,1,0.0,0.0,elongated,2118,2,0.004150390625,0.0,0.4614229285858813,0.38787293482701246,0.8175006636730273,0.23007040884140934,0.5384416359753212,24.0,0.26043127270226063,0.6998641638528234,0.5,0.4,1.0,0.15,0.5,0.05,0.45,0.15,0.75,0.85,0.0,0.9,0.6,0.6998641638528234,0.647107656859244
synth/elongated/amb0.65,455,1,0.0,0.0,elongated,2118,3,0.01104736328125,0.15744157632191977,0.4614229285858813,0.38787293482701246,0.8175006636730273,0.23007040884140934,0.5384416359753212,24.0,0.26043127270226063,0.6998641638528234,0.5,0.4,1.0,0.15,0.5,0.05,0.45,0.15,0.75,0.85,0.0,0.9,0.6,0.6998641638528234,0.647107656859244
synth/annular/amb0.35,456,1,0.544910192489624,0.544910192489624,annular,2119,0,0.02459716796875,0.30953054626782733,0.755273453109067,0.6316706857909302,0.48683383845661277,0.5029458435541114,0.32817386394900083,12.0,0.13344396868124675,0.3197458335168916,0.5,0.4,1.0,0.15,0.5,0.05,0.45,0.15,0.75,0.85,0.0,0.9,0.6,0.3197458335168916,0.5477692317785964
synth/annular/amb0.35,457,1,0.3611111044883728,0.3611111044883728,annular,2119,1,0.0130615234375,0.16820001602172852,0.755273453109067,0.6316706857909302,0.48683383845661277,0.5029458435541114,0.32817386394900083,12.0,0.13344396868124675,0.3197458335168916,0.5,0.4,1.0,0.15,0.5,0.05,0.45,0.15,0.75,0.85,0.0,0.9,0.6,0.3197458335168916,0.5477692317785964
synth/annular/amb0.35,458,1,0.1611374467611313,0.1611374467611313,annular,2119,2,0.01678466796875,0.16854140162467957,0.755273453109067,0.6316706857909302,0.48683383845661277,0.5029458435541114,0.32817386394900083,12.0,0.13344396868124675,0.3197458335168916,0.5,0.4,1.0,0.15,0.5,0.05,0.45,0.15,0.75,0.85,0.0,0.9,0.6,0.3197458335168916,0.5477692317785964
synth/annular/amb0.35,459,1,0.09489051252603531,0.09489051252603531,annular,2119,3,0.012939453125,0.08437523245811462,0.755273453109067,0.6316706857909302,0.48683383845661277,0.5029458435541114,0.32817386394900083,12.0,0.13344396868124675,0.3197458335168916,0.5,0.4,1.0,0.15,0.5,0.05,0.45,0.15,0.75,0.85,0.0,0.9,0.6,0.3197458335168916,0.5477692317785964
synth/tubular/amb0.65,460,1,0.20595279335975647,0.20595279335975647,tubular,2167,0,0.1336669921875,0.3881467282772064,0.3393351135096025,0.7436679537969804,0.39081473390178667,0.23438499798058493,0.5014677612822226,21.0,0.20391399710347535,0.647177480605784,0.5,0.4,1.0,0.15,0.5,0.05,0.45,0.15,0.75,0.85,0.0,0.9,0.6,0.647177480605784,1.0
synth/tubular/amb0.65,461,1,0.4467754364013672,0.4467754364013672,tubular,2167,1,0.1026611328125,0.23333150645097098,0.3393351135096025,0.7436679537969804,0.39081473390178667,0.23438499798058493,0.5014677612822226,21.0,0.20391399710347535,0.647177480605784,0.5,0.4,1.0,0.15,0.5,0.05,0.45,0.15,0.75,0.85,0.0,0.9,0.6,0.647177480605784,1.0
synth/tubular/amb0.65,462,1,0.3241271376609802,0.3241271376609802,tubular,2167,2,0.09136962890625,0.338452011346817,0.3393351135096025,0.7436679537969804,0.39081473390178667,0.23438499798058493,0.5014677612822226,21.0,0.20391399710347535,0.647177480605784,0.5,0.4,1.0,0.15,0.5,0.05,0.45,0.15,0.75,0.85,0.0,0.9,0.6,0.647177480605784,1.0
synth/tubular/amb0.65,463,1,0.29441380500793457,0.29441380500793457,tubular,2167,3,0.19207763671875,0.24629266560077667,0.3393351135096025,0.7436679537969804,0.39081473390178667,0.23438499798058493,0.5014677612822226,21.0,0.20391399710347535,0.647177480605784,0.5,0.4,1.0,0.15,0.5,0.05,0.45,0.15,0.75,0.85,0.0,0.9,0.6,0.647177480605784,1.0
synth/annular/amb0.75,464,1,0.2068965584039688,0.2068965584039688,annular,2174,0,0.022705078125,0.15480451782544455,0.8994218547250137,0.36087945821206985,0.5378585333626777,0.37420860717452514,0.609620982643821,24.0,0.08139678187754096,0.7398088462077499,0.5,0.4,1.0,0.15,0.5,0.05,0.45,0.15,0.75,0.85,0.0,0.9,0.6,0.7398088462077499,0.654871514639517
synth/annular/amb0.75,465,1,0.46197181940078735,0.46197181940078735,annular,2174,1,0.01092529296875,0.07365967333316803,0.8994218547250137,0.36087945821206985,0.5378585333626777,0.37420860717452514,0.609620982643821,24.0,0.08139678187754096,0.7398088462077499,0.5,0.4,1.0,0.15,0.5,0.05,0.45,0.15,0.75,0.85,0.0,0.9,0.6,0.7398088462077499,0.654871514639517
synth/annular/amb0.75,466,1,0.10975609719753265,0.10975609719753265,annular,2174,2,0.00555419921875,0.026539563511808712,0.8994218547250137,0.36087945821206985,0.5378585333626777,0.37420860717452514,0.609620982643821,24.0,0.08139678187754096,0.7398088462077499,0.5,0.4,1.0,0.15,0.5,0.05,0.45,0.15,0.75,0.85,0.0,0.9,0.6,0.7398088462077499,0.654871514639517
synth/annular/amb0.75,467,1,0.20481927692890167,0.20481927692890167,annular,2174,3,0.00390625,0.14130192250013351,0.8994218547250137,0.36087945821206985,0.5378585333626777,0.37420860717452514,0.609620982643821,24.0,0.08139678187754096,0.7398088462077499,0.5,0.4,1.0,0.15,0.5,0.05,0.45,0.15,0.75,0.85,0.0,0.9,0.6,0.7398088462077499,0.654871514639517
synth/blob/amb0.55,468,1,0.13141025602817535,0.13141025602817535,blob,2176,0,0.0225830078125,0.19222800433635712,0.8586994889630273,0.768707902760329,0.5360411205786586,0.566032295425692,0.3007242336592223,10.0,0.4700936273535262,0.5155238131288604,0.5,0.4,1.0,0.15,0.5,0.05,0.45,0.15,0.75,0.85,0.0,0.9,0.6,0.5155238131288604,0.52244772114039
synth/blob/amb0.55,469,1,0.8604452013969421,0.8604452013969421,blob,2176,1,0.0640869140625,0.36056235432624817,0.8586994889630273,0.768707902760329,0.5360411205786586,0.566032295425692,0.3007242336592223,10.0,0.4700936273535262,0.5155238131288604,0.5,0.4,1.0,0.15,0.5,0.05,0.45,0.15,0.75,0.85,0.0,0.9,0.6,0.5155238131288604,0.52244772114039
synth/blob/amb0.55,470,1,0.0,0.0,blob,2176,2,0.013916015625,0.08353368689616521,0.8586994889630273,0.768707902760329,0.5360411205786586,0.566032295425692,0.3007242336592223,10.0,0.4700936273535262,0.5155238131288604,0.5,0.4,1.0,0.15,0.5,0.05,0.45,0.15,0.75,0.85,0.0,0.9,0.6,0.5155238131288604,0.52244772114039
synth/blob/amb0.55,471,1,0.14704762399196625,0.14704762399196625,blob,2176,3,0.12127685546875,0.2139837963428969,0.8586994889630273,0.768707902760329,0.5360411205786586,0.566032295425692,0.3007242336592223,10.0,0.4700936273535262,0.5155238131288604,0.5,0.4,1.0,0.15,0.5,0.05,0.45,0.15,0.75,0.85,0.0,0.9,0.6,0.5155238131288604,0.52244772114039
synth/tubular/amb0.75,472,1,0.32866817712783813,0.32866817712783813,tubular,2188,0,0.10894775390625,0.2309837987025579,0.7247554429052371,0.8973565446782006,0.3506311844448,0.1717832782877849,0.47524145320922917,23.0,0.09550768319492531,0.7338312179034656,0.5,0.4,1.0,0.15,0.5,0.05,0.45,0.15,0.75,0.85,0.0,0.9,0.6,0.7338312179034656,1.0
synth/tubular/amb0.75,473,1,0.36545681953430176,0.36545681953430176,tubular,2188,1,0.031494140625,0.22154386838277182,0.7247554429052371,0.8973565446782006,0.3506311844448,0.1717832782877849,0.47524145320922917,23.0,0.09550768319492531,0.7338312179034656,0.5,0.4,1.0,0.15,0.5,0.05,0.45,0.15,0.75,0.85,0.0,0.9,0.6,0.7338312179034656,1.0
synth/tubular/amb0.75,474,1,0.3423728942871094,0.3423728942871094,tubular,2188,2,0.1092529296875,0.23312312612930933,0.7247554429052371,0.8973565446782006,0.3506311844448,0.1717832782877849,0.47524145320922917,23.0,0.09550768319492531,0.7338312179034656,0.5,0.4,1.0,0.15,0.5,0.05,0.45,0.15,0.75,0.85,0.0,0.9,0.6,0.7338312179034656,1.0
synth/tubular/amb0.75,475,1,0.2460155338048935,0.2460155338048935,tubular,2188,3,0.10498046875,0.3152312934398651,0.7247554429052371,0.8973565446782006,0.3506311844448,0.1717832782877849,0.47524145320922917,23.0,0.09550768319492531,0.7338312179034656,0.5,0.4,1.0,0.15,0.5,0.05,0.45,0.15,0.75,0.85,0.0,0.9,0.6,0.7338312179034656,1.0
synth/blob/amb0.45,476,1,0.6782007217407227,0.6782007217407227,blob,2204,0,0.0150146484375,0.3495948016643524,0.5578399036519286,0.6762358260432386,0.6264675933638493,0.5177289378853367,0.5145880278177206,12.0,0.879440588176179,0.4120121025384699,0.5,0.4,1.0,0.15,0.5,0.05,0.45,0.15,0.75,0.85,0.0,0.9,0.6,0.4120121025384699,0.6001228934180924
synth/blob/amb0.45,477,1,0.5839080214500427,0.5839080214500427,blob,2204,1,0.0301513671875,0.13042177259922028,0.5578399036519286,0.6762358260432386,0.6264675933638493,0.5177289378853367,0.5145880278177206,12.0,0.879440588176179,0.4120121025384699,0.5,0.4,1.0,0.15,0.5,0.05,0.45,0.15,0.75,0.85,0.0,0.9,0.6,0.4120121025384699,0.6001228934180924
synth/blob/amb0.45,478,1,0.6821428537368774,0.6821428537368774,blob,2204,2,0.02105712890625,0.2932198916872342,0.5578399036519286,0.6762358260432386,0.6264675933638493,0.5177289378853367,0.5145880278177206,12.0,0.879440588176179,0.4120121025384699,0.5,0.4,1.0,0.15,0.5,0.05,0.45,0.15,0.75,0.85,0.0,0.9,0.6,0.4120121025384699,0.6001228934180924
synth/blob/amb0.45,479,1,0.3716011941432953,0.3716011941432953,blob,2204,3,0.00860595703125,0.02351520024240017,0.5578399036519286,0.6762358260432386,0.6264675933638493,0.5177289378853367,0.5145880278177206,12.0,0.879440588176179,0.4120121025384699,0.5,0.4,1.0,0.15,0.5,0.05,0.45,0.15,0.75,0.85,0.0,0.9,0.6,0.4120121025384699,0.6001228934180924
synth/tubular/amb0.35,480,1,0.15733736753463745,0.15733736753463745,tubular,2249,0,0.07757568359375,0.25346776594718295,0.6021968348447162,0.37200162621383526,0.5026262665208544,0.29883964893881826,0.7815808610164612,15.0,0.34968477435523926,0.3714747159119538,0.5,0.4,1.0,0.15,0.5,0.05,0.45,0.15,0.75,0.85,0.0,0.9,0.6,0.3714747159119538,1.0
synth/tubular/amb0.35,481,1,0.3361433148384094,0.3361433148384094,tubular,2249,1,0.0673828125,0.38397465149561566,0.6021968348447162,0.37200162621383526,0.5026262665208544,0.29883964893881826,0.7815808610164612,15.0,0.34968477435523926,0.3714747159119538,0.5,0.4,1.0,0.15,0.5,0.05,0.45,0.15,0.75,0.85,0.0,0.9,0.6,0.3714747159119538,1.0
synth/tubular/amb0.35,482,1,0.3581886291503906,0.3581886291503906,tubular,2249,2,0.12335205078125,0.2952583283185959,0.6021968348447162,0.37200162621383526,0.5026262665208544,0.29883964893881826,0.7815808610164612,15.0,0.34968477435523926,0.3714747159119538,0.5,0.4,1.0,0.15,0.5,0.05,0.45,0.15,0.75,0.85,0.0,0.9,0.6,0.3714747159119538,1.0
synth/tubular/amb0.35,483,1,0.1608315110206604,0.1608315110206604,tubular,2249,3,0.06341552734375,0.15756080547968546,0.6021968348447162,0.37200162621383526,0.5026262665208544,0.29883964893881826,0.7815808610164612,15.0,0.34968477435523926,0.3714747159119538,0.5,0.4,1.0,0.15,0.5,0.05,0.45,0.15,0.75,0.85,0.0,0.9,0.6,0.3714747159119538,1.0
synth/tubular/amb0.65,484,1,0.2531418204307556,0.2531418204307556,tubular,2254,0,0.0855712890625,0.17931713163852692,0.7652396885619629,0.8879112137893681,0.47183898354508846,0.36369911676377165,0.30503702291292756,23.0,0.6682860210534708,0.645148315350575,0.5,0.4,1.0,0.15,0.5,0.05,0.45,0.15,0.75,0.85,0.0,0.9,0.6,0.645148315350575,1.0
synth/tubular/amb0.65,485,1,0.1895734667778015,0.1895734667778015,tubular,2254,1,0.11016845703125,0.11534486462672551,0.7652396885619629,0.8879112137893681,0.47183898354508846,0.36369911676377165,0.30503702291292756,23.0,0.6682860210534708,0.645148315350575,0.5,0.4,1.0,0.15,0.5,0.05,0.45,0.15,0.75,0.85,0.0,0.9,0.6,0.645148315350575,1.0
synth/tubular/amb0.65,486,1,0.15086646378040314,0.15086646378040314,tubular,2254,2,0.03289794921875,0.10327608635028203,0.7652396885619629,0.8879112137893681,0.47183898354508846,0.36369911676377165,0.30503702291292756,23.0,0.6682860210534708,0.645148315350575,0.5,0.4,1.0,0.15,0.5,0.05,0.45,0.15,0.75,0.85,0.0,0.9,0.6,0.645148315350575,1.0
synth/tubular/amb0.65,487,1,0.10074812918901443,0.10074812918901443,tubular,2254,3,0.0762939453125,0.1612202376127243,0.7652396885619629,0.8879112137893681,0.47183898354508846,0.36369911676377165,0.30503702291292756,23.0,0.6682860210534708,0.645148315350575,0.5,0.4,1.0,0.15,0.5,0.05,0.45,0.15,0.75,0.85,0.0,0.9,0.6,0.645148315350575,1.0
synth/blob/amb0.65,488,1,0.0,0.0,blob,2270,0,0.02685546875,0.1950679967800776,0.8469618848498484,0.3375156702003769,0.3673738060314514,0.4756789456813249,0.5283705083116186,23.0,0.26581646758869304,0.6831452866003094,0.5,0.4,1.0,0.15,0.5,0.05,0.45,0.15,0.75,0.85,0.0,0.9,0.6,0.6831452866003094,0.6138090555865932
synth/blob/amb0.65,489,1,0.4580152630805969,0.4580152630805969,blob,2270,1,0.02825927734375,0.47262165943781537,0.8469618848498484,0.3375156702003769,0.3673738060314514,0.4756789456813249,0.5283705083116186,23.0,0.26581646758869304,0.6831452866003094,0.5,0.4,1.0,0.15,0.5,0.05,0.45,0.15,0.75,0.85,0.0,0.9,0.6,0.6831452866003094,0.6138090555865932
synth/blob/amb0.65,490,1,0.35451504588127136,0.35451504588127136,blob,2270,2,0.029052734375,0.4607245624065399,0.8469618848498484,0.3375156702003769,0.3673738060314514,0.4756789456813249,0.5283705083116186,23.0,0.26581646758869304,0.6831452866003094,0.5,0.4,1.0,0.15,0.5,0.05,0.45,0.15,0.75,0.85,0.0,0.9,0.6,0.6831452866003094,0.6138090555865932
synth/blob/amb0.65,491,1,0.5047081112861633,0.5047081112861633,blob,2270,3,0.02679443359375,0.3816479444503784,0.8469618848498484,0.3375156702003769,0.3673738060314514,0.4756789456813249,0.5283705083116186,23.0,0.26581646758869304,0.6831452866003094,0.5,0.4,1.0,0.15,0.5,0.05,0.45,0.15,0.75,0.85,0.0,0.9,0.6,0.6831452866003094,0.6138090555865932
synth/annular/amb0.75,492,1,0.0,0.0,annular,2279,0,0.00128173828125,0.0,0.800684360774657,0.43453538760187094,0.4616634714515039,0.20757652373785712,0.8935846366994249,21.0,0.5594813226774025,0.7526198615271444,0.5,0.4,1.0,0.15,0.5,0.05,0.45,0.15,0.75,0.85,0.0,0.9,0.6,0.7526198615271444,0.7550700108426036
synth/annular/amb0.75,493,1,0.0,0.0,annular,2279,1,0.003662109375,0.03030303120613098,0.800684360774657,0.43453538760187094,0.4616634714515039,0.20757652373785712,0.8935846366994249,21.0,0.5594813226774025,0.7526198615271444,0.5,0.4,1.0,0.15,0.5,0.05,0.45,0.15,0.75,0.85,0.0,0.9,0.6,0.7526198615271444,0.7550700108426036
synth/annular/amb0.75,494,1,0.0,0.0,annular,2279,2,0.001708984375,0.047745946794748306,0.800684360774657,0.43453538760187094,0.4616634714515039,0.20757652373785712,0.8935846366994249,21.0,0.5594813226774025,0.7526198615271444,0.5,0.4,1.0,0.15,0.5,0.05,0.45,0.15,0.75,0.85,0.0,0.9,0.6,0.7526198615271444,0.7550700108426036
synth/annular/amb0.75,495,1,0.0,0.0,annular,2279,3,0.003662109375,0.0,0.800684360774657,0.43453538760187094,0.4616634714515039,0.20757652373785712,0.8935846366994249,21.0,0.5594813226774025,0.7526198615271444,0.5,0.4,1.0,0.15,0.5,0.05,0.45,0.15,0.75,0.85,0.0,0.9,0.6,0.7526198615271444,0.7550700108426036
synth/tubular/amb0.45,496,1,0.10545129328966141,0.10545129328966141,tubular,2307,0,0.0421142578125,0.1097238411506017,0.7985451909613666,0.7973638063967134,0.3383348362790938,0.5967663380895128,0.3059605110242317,19.0,0.7063101224524496,0.42460612818113735,0.5,0.4,1.0,0.15,0.5,0.05,0.45,0.15,0.75,0.85,0.0,0.9,0.6,0.42460612818113735,1.0
synth/tubular/amb0.45,497,1,0.10182119160890579,0.10182119160890579,tubular,2307,1,0.11322021484375,0.15160040060679117,0.7985451909613666,0.7973638063967134,0.3383348362790938,0.5967663380895128,0.3059605110242317,19.0,0.7063101224524496,0.42460612818113735,0.5,0.4,1.0,0.15,0.5,0.05,0.45,0.15,0.75,0.85,0.0,0.9,0.6,0.42460612818113735,1.0
synth/tubular/amb0.45,498,1,0.19425173103809357,0.19425173103809357,tubular,2307,2,0.09014892578125,0.1212702492872874,0.7985451909613666,0.7973638063967134,0.3383348362790938,0.5967663380895128,0.3059605110242317,19.0,0.7063101224524496,0.42460612818113735,0.5,0.4,1.0,0.15,0.5,0.05,0.45,0.15,0.75,0.85,0.0,0.9,0.6,0.42460612818113735,1.0
synth/tubular/amb0.45,499,1,0.2924486994743347,0.2924486994743347,tubular,2307,3,0.094482421875,0.12291545669237773,0.7985451909613666,0.7973638063967134,0.3383348362790938,0.5967663380895128,0.3059605110242317,19.0,0.7063101224524496,0.42460612818113735,0.5,0.4,1.0,0.15,0.5,0.05,0.45,0.15,0.75,0.85,0.0,0.9,0.6,0.42460612818113735,1.0
synth/scattered/amb0.55,500,1,0.3621533513069153,0.3621533513069153,scattered,2334,0,0.0751953125,0.30621010561784107,0.3089794763664581,0.5985927411759521,0.5141522536288885,0.4044913090956178,0.9705366815710317,17.0,0.3845059717585887,0.5900365930108962,0.5,0.4,1.0,0.15,0.5,0.05,0.45,0.15,0.75,0.85,0.0,0.9,0.6,0.9900365930108962,1.0
synth/scattered/amb0.55,501,1,0.4105839431285858,0.4105839431285858,scattered,2334,1,0.083984375,0.1509175014992555,0.3089794763664581,0.5985927411759521,0.5141522536288885,0.4044913090956178,0.9705366815710317,17.0,0.3845059717585887,0.5900365930108962,0.5,0.4,1.0,0.15,0.5,0.05,0.45,0.15,0.75,0.85,0.0,0.9,0.6,0.9900365930108962,1.0
synth/scattered/amb0.55,502,1,0.2330935299396515,0.2330935299396515,scattered,2334,2,0.12554931640625,0.16044965821007887,0.3089794763664581,0.5985927411759521,0.5141522536288885,0.4044913090956178,0.9705366815710317,17.0,0.3845059717585887,0.5900365930108962,0.5,0.4,1.0,0.15,0.5,0.05,0.45,0.15,0.75,0.85,0.0,0.9,0.6,0.9900365930108962,1.0
synth/scattered/amb0.55,503,1,0.35552504658699036,0.35552504658699036,scattered,2334,3,0.11395263671875,0.259053573012352,0.3089794763664581,0.5985927411759521,0.5141522536288885,0.4044913090956178,0.9705366815710317,17.0,0.3845059717585887,0.5900365930108962,0.5,0.4,1.0,0.15,0.5,0.05,0.45,0.15,0.75,0.85,0.0,0.9,0.6,0.9900365930108962,1.0
synth/elongated/amb0.75,504,1,0.11368420720100403,0.11368420720100403,elongated,2353,0,0.01702880859375,0.15114387373129526,0.8599992326024193,0.6028794245809789,0.4811888543088937,0.35330674963791475,0.8140173253722249,13.0,0.2826341315265256,0.7967234008887216,0.5,0.4,1.0,0.15,0.5,0.05,0.45,0.15,0.75,0.85,0.0,0.9,0.6,0.7967234008887216,0.7187613079478476
synth/elongated/amb0.75,505,1,0.4131147563457489,0.4131147563457489,elongated,2353,1,0.04351806640625,0.15102077399690947,0.8599992326024193,0.6028794245809789,0.4811888543088937,0.35330674963791475,0.8140173253722249,13.0,0.2826341315265256,0.7967234008887216,0.5,0.4,1.0,0.15,0.5,0.05,0.45,0.15,0.75,0.85,0.0,0.9,0.6,0.7967234008887216,0.7187613079478476
synth/elongated/amb0.75,506,1,0.0,0.0,elongated,2353,2,0.03363037109375,0.15336879094441733,0.8599992326024193,0.6028794245809789,0.4811888543088937,0.35330674963791475,0.8140173253722249,13.0,0.2826341315265256,0.7967234008887216,0.5,0.4,1.0,0.15,0.5,0.05,0.45,0.15,0.75,0.85,0.0,0.9,0.6,0.7967234008887216,0.7187613079478476
synth/elongated/amb0.75,507,1,0.4201050400733948,0.4201050400733948,elongated,2353,3,0.05963134765625,0.2504333754380544,0.8599992326024193,0.6028794245809789,0.4811888543088937,0.35330674963791475,0.8140173253722249,13.0,0.2826341315265256,0.7967234008887216,0.5,0.4,1.0,0.15,0.5,0.05,0.45,0.15,0.75,0.85,0.0,0.9,0.6,0.7967234008887216,0.7187613079478476
synth/blob/amb0.45,508,1,0.0,0.0,blob,2356,0,0.0009765625,0.0,0.6922409128313777,0.8231889272738211,0.340563687165585,0.12537358781044666,0.7492655263754917,13.0,0.16961662385473164,0.4897609079345982,0.5,0.4,1.0,0.15,0.5,0.05,0.45,0.15,0.75,0.85,0.0,0.9,0.6,0.4897609079345982,0.7158729506214344
synth/blob/amb0.45,509,1,0.10196078568696976,0.10196078568696976,blob,2356,1,0.00372314453125,0.05422647297382355,0.6922409128313777,0.8231889272738211,0.340563687165585,0.12537358781044666,0.7492655263754917,13.0,0.16961662385473164,0.4897609079345982,0.5,0.4,1.0,0.15,0.5,0.05,0.45,0.15,0.75,0.85,0.0,0.9,0.6,0.4897609079345982,0.7158729506214344
synth/blob/amb0.45,510,1,0.0,0.0,blob,2356,2,0.0045166015625,0.12484394510587056,0.6922409128313777,0.8231889272738211,0.340563687165585,0.12537358781044666,0.7492655263754917,13.0,0.16961662385473164,0.4897609079345982,0.5,0.4,1.0,0.15,0.5,0.05,0.45,0.15,0.75,0.85,0.0,0.9,0.6,0.4897609079345982,0.7158729506214344
synth/blob/amb0.45,511,1,0.0,0.0,blob,2356,3,0.0029296875,0.0,0.6922409128313777,0.8231889272738211,0.340563687165585,0.12537358781044666,0.7492655263754917,13.0,0.16961662385473164,0.4897609079345982,0.5,0.4,1.0,0.15,0.5,0.05,0.45,0.15,0.75,0.85,0.0,0.9,0.6,0.4897609079345982,0.7158729506214344
synth/elongated/amb0.45,512,1,0.0,0.0,elongated,2366,0,0.005126953125,0.0,0.7833104242329372,0.8356230923912173,0.6990966331649884,0.1730203730016629,0.33819694308269704,6.0,0.450459425725797,0.46473100401940487,0.5,0.4,1.0,0.15,0.5,0.05,0.45,0.15,0.75,0.85,0.0,0.9,0.6,0.46473100401940487,0.5903670602084101
synth/elongated/amb0.45,513,1,0.4151515066623688,0.4151515066623688,elongated,2366,1,0.010986328125,0.0,0.7833104242329372,0.8356230923912173,0.6990966331649884,0.1730203730016629,0.33819694308269704,6.0,0.450459425725797,0.46473100401940487,0.5,0.4,1.0,0.15,0.5,0.05,0.45,0.15,0.75,0.85,0.0,0.9,0.6,0.46473100401940487,0.5903670602084101
synth/elongated/amb0.45,514,1,0.006677796132862568,0.006677796132862568,elongated,2366,2,0.0155029296875,0.058879390358924866,0.7833104242329372,0.8356230923912173,0.6990966331649884,0.1730203730016629,0.33819694308269704,6.0,0.450459425725797,0.46473100401940487,0.5,0.4,1.0,0.15,0.5,0.05,0.45,0.15,0.75,0.85,0.0,0.9,0.6,0.46473100401940487,0.5903670602084101
synth/elongated/amb0.45,515,1,0.0,0.0,elongated,2366,3,0.00189208984375,0.025445292393366497,0.7833104242329372,0.8356230923912173,0.6990966331649884,0.1730203730016629,0.33819694308269704,6.0,0.450459425725797,0.46473100401940487,0.5,0.4,1.0,0.15,0.5,0.05,0.45,0.15,0.75,0.85,0.0,0.9,0.6,0.46473100401940487,0.5903670602084101
synth/annular/amb0.55,516,1,0.6753246784210205,0.6753246784210205,annular,2370,0,0.01239013671875,0.04711379483342171,0.8160892508686313,0.7620941824566274,0.7463885249350972,0.2540995928401819,0.9841732032614567,15.0,0.024900931026416995,0.5285152434097283,0.5,0.4,1.0,0.15,0.5,0.05,0.45,0.15,0.75,0.85,0.0,0.9,0.6,0.5285152434097283,0.7791392287410475
synth/annular/amb0.55,517,1,0.6720430254936218,0.6720430254936218,annular,2370,1,0.008544921875,0.0,0.8160892508686313,0.7620941824566274,0.7463885249350972,0.2540995928401819,0.9841732032614567,15.0,0.024900931026416995,0.5285152434097283,0.5,0.4,1.0,0.15,0.5,0.05,0.45,0.15,0.75,0.85,0.0,0.9,0.6,0.5285152434097283,0.7791392287410475
synth/annular/amb0.55,518,1,0.38111889362335205,0.38111889362335205,annular,2370,2,0.0440673828125,0.3666655719280243,0.8160892508686313,0.7620941824566274,0.7463885249350972,0.2540995928401819,0.9841732032614567,15.0,0.024900931026416995,0.5285152434097283,0.5,0.4,1.0,0.15,0.5,0.05,0.45,0.15,0.75,0.85,0.0,0.9,0.6,0.5285152434097283,0.7791392287410475
synth/annular/amb0.55,519,1,0.09963370114564896,0.09963370114564896,annular,2370,3,0.07916259765625,0.24268732964992523,0.8160892508686313,0.7620941824566274,0.7463885249350972,0.2540995928401819,0.9841732032614567,15.0,0.024900931026416995,0.5285152434097283,0.5,0.4,1.0,0.15,0.5,0.05,0.45,0.15,0.75,0.85,0.0,0.9,0.6,0.5285152434097283,0.7791392287410475
synth/tubular/amb0.35,520,1,0.20779220759868622,0.20779220759868622,tubular,2380,0,0.0611572265625,0.07362267250816028,0.6239801884442573,0.21473301080157317,0.46829929341340143,0.24911744087985754,0.3154632262030488,19.0,0.11955273140948153,0.38629930928277373,0.5,0.4,1.0,0.15,0.5,0.05,0.45,0.15,0.75,0.85,0.0,0.9,0.6,0.38629930928277373,1.0
synth/tubular/amb0.35,521,1,0.2889733910560608,0.2889733910560608,tubular,2380,1,0.049072265625,0.0555029787744085,0.6239801884442573,0.21473301080157317,0.46829929341340143,0.24911744087985754,0.3154632262030488,19.0,0.11955273140948153,0.38629930928277373,0.5,0.4,1.0,0.15,0.5,0.05,0.45,0.15,0.75,0.85,0.0,0.9,0.6,0.38629930928277373,1.0
synth/tubular/amb0.35,522,1,0.37305179238319397,0.37305179238319397,tubular,2380,2,0.07025146484375,0.033821056596934795,0.6239801884442573,0.21473301080157317,0.46829929341340143,0.24911744087985754,0.3154632262030488,19.0,0.11955273140948153,0.38629930928277373,0.5,0.4,1.0,0.15,0.5,0.05,0.45,0.15,0.75,0.85,0.0,0.9,0.6,0.38629930928277373,1.0
synth/tubular/amb0.35,523,1,0.10351692140102386,0.10351692140102386,tubular,2380,3,0.03204345703125,0.05511169135570526,0.6239801884442573,0.21473301080157317,0.46829929341340143,0.24911744087985754,0.3154632262030488,19.0,0.11955273140948153,0.38629930928277373,0.5,0.4,1.0,0.15,0.5,0.05,0.45,0.15,0.75,0.85,0.0,0.9,0.6,0.38629930928277373,1.0
synth/scattered/amb0.35,524,1,0.020304568111896515,0.020304568111896515,scattered,2402,0,0.01812744140625,0.10560103009144466,0.5779828561677065,0.6735362105508607,0.8968625314778731,0.3414615241278521,0.5754987930199713,11.0,0.7619164167660049,0.37484277062053706,0.5,0.4,1.0,0.15,0.5,0.05,0.45,0.15,0.75,0.85,0.0,0.9,0.6,0.7748427706205371,0.9485565174133372
synth/scattered/amb0.35,525,1,0.0,0.0,scattered,2402,1,0.0311279296875,0.05800396421303352,0.5779828561677065,0.6735362105508607,0.8968625314778731,0.3414615241278521,0.5754987930199713,11.0,0.7619164167660049,0.37484277062053706,0.5,0.4,1.0,0.15,0.5,0.05,0.45,0.15,0.75,0.85,0.0,0.9,0.6,0.7748427706205371,0.9485565174133372
synth/scattered/amb0.35,526,1,0.5017421841621399,0.5017421841621399,scattered,2402,2,0.010986328125,0.10913746058940887,0.5779828561677065,0.6735362105508607,0.8968625314778731,0.3414615241278521,0.5754987930199713,11.0,0.7619164167660049,0.37484277062053706,0.5,0.4,1.0,0.15,0.5,0.05,0.45,0.15,0.75,0.85,0.0,0.9,0.6,0.7748427706205371,0.9485565174133372
synth/scattered/amb0.35,527,1,0.0,0.0,scattered,2402,3,0.02691650390625,0.0,0.5779828561677065,0.6735362105508607,0.8968625314778731,0.3414615241278521,0.5754987930199713,11.0,0.7619164167660049,0.37484277062053706,0.5,0.4,1.0,0.15,0.5,0.05,0.45,0.15,0.75,0.85,0.0,0.9,0.6,0.7748427706205371,0.9485565174133372
synth/blob/amb0.55,528,1,0.19200000166893005,0.19200000166893005,blob,2406,0,0.00189208984375,0.06476190686225891,0.4032830542477991,0.39459965083905135,0.4548709378666447,0.14166626964608264,0.38133121444793966,10.0,0.8421992761371032,0.5235066851267681,0.5,0.4,1.0,0.15,0.5,0.05,0.45,0.15,0.75,0.85,0.0,0.9,0.6,0.5235066851267681,0.604798672194604
synth/blob/amb0.55,529,1,0.0,0.0,blob,2406,1,0.0078125,0.054644808173179626,0.4032830542477991,0.39459965083905135,0.4548709378666447,0.14166626964608264,0.38133121444793966,10.0,0.8421992761371032,0.5235066851267681,0.5,0.4,1.0,0.15,0.5,0.05,0.45,0.15,0.75,0.85,0.0,0.9,0.6,0.5235066851267681,0.604798672194604
synth/blob/amb0.55,530,1,0.5555555820465088,0.5555555820465088,blob,2406,2,0.005615234375,0.0,0.4032830542477991,0.39459965083905135,0.4548709378666447,0.14166626964608264,0.38133121444793966,10.0,0.8421992761371032,0.5235066851267681,0.5,0.4,1.0,0.15,0.5,0.05,0.45,0.15,0.75,0.85,0.0,0.9,0.6,0.5235066851267681,0.604798672194604
synth/blob/amb0.55,531,1,0.008849557489156723,0.008849557489156723,blob,2406,3,0.00848388671875,0.20442654689153036,0.4032830542477991,0.39459965083905135,0.4548709378666447,0.14166626964608264,0.38133121444793966,10.0,0.8421992761371032,0.5235066851267681,0.5,0.4,1.0,0.15,0.5,0.05,0.45,0.15,0.75,0.85,0.0,0.9,0.6,0.5235066851267681,0.604798672194604
synth/blob/amb0.45,532,1,0.3887147307395935,0.3887147307395935,blob,2417,0,0.0079345703125,0.15138819317022958,0.6511925612931259,0.826313236292775,0.6770421708737715,0.2503032263903445,0.8760984746864748,17.0,0.5313771625651448,0.49271191404270337,0.5,0.4,1.0,0.15,0.5,0.05,0.45,0.15,0.75,0.85,0.0,0.9,0.6,0.49271191404270337,0.7469960595151277
synth/blob/amb0.45,533,1,0.6703910827636719,0.6703910827636719,blob,2417,1,0.0093994140625,0.1982214351495107,0.6511925612931259,0.826313236292775,0.6770421708737715,0.2503032263903445,0.8760984746864748,17.0,0.5313771625651448,0.49271191404270337,0.5,0.4,1.0,0.15,0.5,0.05,0.45,0.15,0.75,0.85,0.0,0.9,0.6,0.49271191404270337,0.7469960595151277
synth/blob/amb0.45,534,1,0.12654320895671844,0.12654320895671844,blob,2417,2,0.031982421875,0.04710144797960917,0.6511925612931259,0.826313236292775,0.6770421708737715,0.2503032263903445,0.8760984746864748,17.0,0.5313771625651448,0.49271191404270337,0.5,0.4,1.0,0.15,0.5,0.05,0.45,0.15,0.75,0.85,0.0,0.9,0.6,0.49271191404270337,0.7469960595151277
synth/blob/amb0.45,535,1,0.20542635023593903,0.20542635023593903,blob,2417,3,0.0072021484375,0.10248992405831814,0.6511925612931259,0.826313236292775,0.6770421708737715,0.2503032263903445,0.8760984746864748,17.0,0.5313771625651448,0.49271191404270337,0.5,0.4,1.0,0.15,0.5,0.05,0.45,0.15,0.75,0.85,0.0,0.9,0.6,0.49271191404270337,0.7469960595151277
synth/elongated/amb0.45,536,1,0.27387386560440063,0.27387386560440063,elongated,2437,0,0.06976318359375,0.33583609263102215,0.48556432242189623,0.4794304654343977,0.7414364615998664,0.4791937113876625,0.9460947108938804,17.0,0.5881754661705105,0.4392333199863928,0.5,0.4,1.0,0.15,0.5,0.05,0.45,0.15,0.75,0.85,0.0,0.9,0.6,0.4392333199863928,0.7383968765425203
synth/elongated/amb0.45,537,1,0.6085578203201294,0.6085578203201294,elongated,2437,1,0.0179443359375,0.08852131168047588,0.48556432242189623,0.4794304654343977,0.7414364615998664,0.4791937113876625,0.9460947108938804,17.0,0.5881754661705105,0.4392333199863928,0.5,0.4,1.0,0.15,0.5,0.05,0.45,0.15,0.75,0.85,0.0,0.9,0.6,0.4392333199863928,0.7383968765425203
synth/elongated/amb0.45,538,1,0.7328023314476013,0.7328023314476013,elongated,2437,2,0.0472412109375,0.3706352512041728,0.48556432242189623,0.4794304654343977,0.7414364615998664,0.4791937113876625,0.9460947108938804,17.0,0.5881754661705105,0.4392333199863928,0.5,0.4,1.0,0.15,0.5,0.05,0.45,0.15,0.75,0.85,0.0,0.9,0.6,0.4392333199863928,0.7383968765425203
synth/elongated/amb0.45,539,1,0.0,0.0,elongated,2437,3,0.01470947265625,0.13294892509778342,0.48556432242189623,0.4794304654343977,0.7414364615998664,0.4791937113876625,0.9460947108938804,17.0,0.5881754661705105,0.4392333199863928,0.5,0.4,1.0,0.15,0.5,0.05,0.45,0.15,0.75,0.85,0.0,0.9,0.6,0.4392333199863928,0.7383968765425203
synth/tubular/amb0.65,540,1,0.4910179674625397,0.4910179674625397,tubular,2449,0,0.3419189453125,0.3125256796677907,0.5860836151466922,0.4199292217567695,0.43822310597842495,0.16735052440710174,0.5923222980515974,12.0,0.024500457312285118,0.6040479414342297,0.5,0.4,1.0,0.15,0.5,0.05,0.45,0.15,0.75,0.85,0.0,0.9,0.6,0.6040479414342297,1.0
synth/tubular/amb0.65,541,1,0.34477517008781433,0.34477517008781433,tubular,2449,1,0.294189453125,0.23412510752677917,0.5860836151466922,0.4199292217567695,0.43822310597842495,0.16735052440710174,0.5923222980515974,12.0,0.024500457312285118,0.6040479414342297,0.5,0.4,1.0,0.15,0.5,0.05,0.45,0.15,0.75,0.85,0.0,0.9,0.6,0.6040479414342297,1.0
synth/tubular/amb0.65,542,1,0.6240065097808838,0.6240065097808838,tubular,2449,2,0.15008544921875,0.26293715337912243,0.5860836151466922,0.4199292217567695,0.43822310597842495,0.16735052440710174,0.5923222980515974,12.0,0.024500457312285118,0.6040479414342297,0.5,0.4,1.0,0.15,0.5,0.05,0.45,0.15,0.75,0.85,0.0,0.9,0.6,0.6040479414342297,1.0
synth/tubular/amb0.65,543,1,0.5954893231391907,0.5954893231391907,tubular,2449,3,0.17999267578125,0.3064735333124797,0.5860836151466922,0.4199292217567695,0.43822310597842495,0.16735052440710174,0.5923222980515974,12.0,0.024500457312285118,0.6040479414342297,0.5,0.4,1.0,0.15,0.5,0.05,0.45,0.15,0.75,0.85,0.0,0.9,0.6,0.6040479414342297,1.0
synth/tubular/amb0.45,544,1,0.07073258608579636,0.07073258608579636,tubular,2507,0,0.10980224609375,0.3218065748612086,0.6931236444097155,0.6684031724447468,0.3121076113545176,0.605233806676726,0.6593814263963076,12.0,0.7007332613928609,0.4804974621681216,0.5,0.4,1.0,0.15,0.5,0.05,0.45,0.15,0.75,0.85,0.0,0.9,0.6,0.4804974621681216,1.0
synth/tubular/amb0.45,545,1,0.2550237476825714,0.2550237476825714,tubular,2507,1,0.10736083984375,0.1849997341632843,0.6931236444097155,0.6684031724447468,0.3121076113545176,0.605233806676726,0.6593814263963076,12.0,0.7007332613928609,0.4804974621681216,0.5,0.4,1.0,0.15,0.5,0.05,0.45,0.15,0.75,0.85,0.0,0.9,0.6,0.4804974621681216,1.0
synth/tubular/amb0.45,546,1,0.27834352850914,0.27834352850914,tubular,2507,2,0.11529541015625,0.27136030544837314,0.6931236444097155,0.6684031724447468,0.3121076113545176,0.605233806676726,0.6593814263963076,12.0,0.7007332613928609,0.4804974621681216,0.5,0.4,1.0,0.15,0.5,0.05,0.45,0.15,0.75,0.85,0.0,0.9,0.6,0.4804974621681216,1.0
synth/tubular/amb0.45,547,1,0.2652393579483032,0.2652393579483032,tubular,2507,3,0.1484375,0.0916300614674886,0.6931236444097155,0.6684031724447468,0.3121076113545176,0.605233806676726,0.6593814263963076,12.0,0.7007332613928609,0.4804974621681216,0.5,0.4,1.0,0.15,0.5,0.05,0.45,0.15,0.75,0.85,0.0,0.9,0.6,0.4804974621681216,1.0
synth/tubular/amb0.45,548,1,0.07991360872983932,0.07991360872983932,tubular,2528,0,0.04296875,0.0971249168117841,0.8849747110210913,0.41695833722056,0.3251540345011769,0.3179603199978205,0.36677257700920923,10.0,0.07234355457853892,0.42422885952068146,0.5,0.4,1.0,0.15,0.5,0.05,0.45,0.15,0.75,0.85,0.0,0.9,0.6,0.42422885952068146,1.0
synth/tubular/amb0.45,549,1,0.0,0.0,tubular,2528,1,0.01129150390625,0.0335644893348217,0.8849747110210913,0.41695833722056,0.3251540345011769,0.3179603199978205,0.36677257700920923,10.0,0.07234355457853892,0.42422885952068146,0.5,0.4,1.0,0.15,0.5,0.05,0.45,0.15,0.75,0.85,0.0,0.9,0.6,0.42422885952068146,1.0
synth/tubular/amb0.45,550,1,0.15727949142456055,0.15727949142456055,tubular,2528,2,0.0406494140625,0.06604743003845215,0.8849747110210913,0.41695833722056,0.3251540345011769,0.3179603199978205,0.36677257700920923,10.0,0.07234355457853892,0.42422885952068146,0.5,0.4,1.0,0.15,0.5,0.05,0.45,0.15,0.75,0.85,0.0,0.9,0.6,0.42422885952068146,1.0
synth/tubular/amb0.45,551,1,0.10767160356044769,0.10767160356044769,tubular,2528,3,0.0341796875,0.04211049526929855,0.8849747110210913,0.41695833722056,0.3251540345011769,0.3179603199978205,0.36677257700920923,10.0,0.07234355457853892,0.42422885952068146,0.5,0.4,1.0,0.15,0.5,0.05,0.45,0.15,0.75,0.85,0.0,0.9,0.6,0.42422885952068146,1.0
synth/tubular/amb0.75,552,1,0.5410299897193909,0.5410299897193909,tubular,2574,0,0.059326171875,0.27128069195896387,0.7674324749387373,0.47022456200671825,0.7069764602654758,0.526331017169874,0.8570934560556318,18.0,0.28786056983699904,0.7052194538387613,0.5,0.4,1.0,0.15,0.5,0.05,0.45,0.15,0.75,0.85,0.0,0.9,0.6,0.7052194538387613,1.0
synth/tubular/amb0.75,553,1,0.3944636583328247,0.3944636583328247,tubular,2574,1,0.03289794921875,0.11755790809790294,0.7674324749387373,0.47022456200671825,0.7069764602654758,0.526331017169874,0.8570934560556318,18.0,0.28786056983699904,0.7052194538387613,0.5,0.4,1.0,0.15,0.5,0.05,0.45,0.15,0.75,0.85,0.0,0.9,0.6,0.7052194538387613,1.0
synth/tubular/amb0.75,554,1,0.4732142984867096,0.4732142984867096,tubular,2574,2,0.05181884765625,0.14311720058321953,0.7674324749387373,0.47022456200671825,0.7069764602654758,0.526331017169874,0.8570934560556318,18.0,0.28786056983699904,0.7052194538387613,0.5,0.4,1.0,0.15,0.5,0.05,0.45,0.15,0.75,0.85,0.0,0.9,0.6,0.7052194538387613,1.0
synth/tubular/amb0.75,555,1,0.5530434846878052,0.5530434846878052,tubular,2574,3,0.09356689453125,0.4049133112033208,0.7674324749387373,0.47022456200671825,0.7069764602654758,0.526331017169874,0.8570934560556318,18.0,0.28786056983699904,0.7052194538387613,0.5,0.4,1.0,0.15,0.5,0.05,0.45,0.15,0.75,0.85,0.0,0.9,0.6,0.7052194538387613,1.0
synth/blob/amb0.75,556,1,0.0,0.0,blob,2618,0,0.00177001953125,0.05434782803058624,0.8615799229062411,0.43222568774292625,0.7019664812790581,0.2725208006186349,0.9015654891042142,17.0,0.3925878109728219,0.7981361329431065,0.5,0.4,1.0,0.15,0.5,0.05,0.45,0.15,0.75,0.85,0.0,0.9,0.6,0.7981361329431065,0.7529303730202539
synth/blob/amb0.75,557,1,0.0,0.0,blob,2618,1,0.00555419921875,0.1274509827295939,0.8615799229062411,0.43222568774292625,0.7019664812790581,0.2725208006186349,0.9015654891042142,17.0,0.3925878109728219,0.7981361329431065,0.5,0.4,1.0,0.15,0.5,0.05,0.45,0.15,0.75,0.85,0.0,0.9,0.6,0.7981361329431065,0.7529303730202539
synth/blob/amb0.75,558,1,0.0,0.0,blob,2618,2,0.0028076171875,0.08899996429681778,0.8615799229062411,0.43222568774292625,0.7019664812790581,0.2725208006186349,0.9015654891042142,17.0,0.3925878109728219,0.7981361329431065,0.5,0.4,1.0,0.15,0.5,0.05,0.45,0.15,0.75,0.85,0.0,0.9,0.6,0.7981361329431065,0.7529303730202539
synth/blob/amb0.75,559,1,0.0,0.0,blob,2618,3,0.00213623046875,0.014035088320573172,0.8615799229062411,0.43222568774292625,0.7019664812790581,0.2725208006186349,0.9015654891042142,17.0,0.3925878109728219,0.7981361329431065,0.5,0.4,1.0,0.15,0.5,0.05,0.45,0.15,0.75,0.85,0.0,0.9,0.6,0.7981361329431065,0.7529303730202539
synth/blob/amb0.35,560,1,0.1766965389251709,0.1766965389251709,blob,2627,0,0.031982421875,0.2706229090690613,0.3097317721454371,0.6809985468093364,0.648613055657826,0.38274997561587276,0.7113571114435,22.0,0.04498225374740661,0.3737754574623058,0.5,0.4,1.0,0.15,0.5,0.05,0.45,0.15,0.75,0.85,0.0,0.9,0.6,0.3737754574623058,0.6842684479653037
synth/blob/amb0.35,561,1,0.5186501145362854,0.5186501145362854,blob,2627,1,0.02056884765625,0.16034093499183655,0.3097317721454371,0.6809985468093364,0.648613055657826,0.38274997561587276,0.7113571114435,22.0,0.04498225374740661,0.3737754574623058,0.5,0.4,1.0,0.15,0.5,0.05,0.45,0.15,0.75,0.85,0.0,0.9,0.6,0.3737754574623058,0.6842684479653037
synth/blob/amb0.35,562,1,0.5461538434028625,0.5461538434028625,blob,2627,2,0.0047607421875,0.317287599047025,0.3097317721454371,0.6809985468093364,0.648613055657826,0.38274997561587276,0.7113571114435,22.0,0.04498225374740661,0.3737754574623058,0.5,0.4,1.0,0.15,0.5,0.05,0.45,0.15,0.75,0.85,0.0,0.9,0.6,0.3737754574623058,0.6842684479653037
synth/blob/amb0.35,563,1,0.7956318259239197,0.7956318259239197,blob,2627,3,0.02191162109375,0.04749638307839632,0.3097317721454371,0.6809985468093364,0.648613055657826,0.38274997561587276,0.7113571114435,22.0,0.04498225374740661,0.3737754574623058,0.5,0.4,1.0,0.15,0.5,0.05,0.45,0.15,0.75,0.85,0.0,0.9,0.6,0.3737754574623058,0.6842684479653037
synth/annular/amb0.55,564,1,0.23416507244110107,0.23416507244110107,annular,2645,0,0.016357421875,0.06259224315484364,0.41465106690378994,0.34614189684728897,0.4295662466964111,0.3641702047007037,0.7006038675104225,10.0,0.8355154095227653,0.5100068978485115,0.5,0.4,1.0,0.15,0.5,0.05,0.45,0.15,0.75,0.85,0.0,0.9,0.6,0.5100068978485115,0.6834319839156134
synth/annular/amb0.55,565,1,0.2018691599369049,0.2018691599369049,annular,2645,1,0.014892578125,0.14262327559602758,0.41465106690378994,0.34614189684728897,0.4295662466964111,0.3641702047007037,0.7006038675104225,10.0,0.8355154095227653,0.5100068978485115,0.5,0.4,1.0,0.15,0.5,0.05,0.45,0.15,0.75,0.85,0.0,0.9,0.6,0.5100068978485115,0.6834319839156134
synth/annular/amb0.55,566,1,0.8970223069190979,0.8970223069190979,annular,2645,2,0.0513916015625,0.27119409044583637,0.41465106690378994,0.34614189684728897,0.4295662466964111,0.3641702047007037,0.7006038675104225,10.0,0.8355154095227653,0.5100068978485115,0.5,0.4,1.0,0.15,0.5,0.05,0.45,0.15,0.75,0.85,0.0,0.9,0.6,0.5100068978485115,0.6834319839156134
synth/annular/amb0.55,567,1,0.8412017226219177,0.8412017226219177,annular,2645,3,0.01495361328125,0.07725278412302335,0.41465106690378994,0.34614189684728897,0.4295662466964111,0.3641702047007037,0.7006038675104225,10.0,0.8355154095227653,0.5100068978485115,0.5,0.4,1.0,0.15,0.5,0.05,0.45,0.15,0.75,0.85,0.0,0.9,0.6,0.5100068978485115,0.6834319839156134
synth/scattered/amb0.65,568,1,0.1387874335050583,0.1387874335050583,scattered,2699,0,0.0640869140625,0.008349482590953508,0.4298481428787556,0.6968732723573496,0.5292715298362317,0.3647838902967739,0.6746952095693612,7.0,0.5072570532546276,0.6612332050920615,0.5,0.4,1.0,0.15,0.5,0.05,0.45,0.15,0.75,0.85,0.0,0.9,0.6,1.0,0.9755836830508098
synth/scattered/amb0.65,569,1,0.251655638217926,0.251655638217926,scattered,2699,1,0.0234375,0.04576544711987177,0.4298481428787556,0.6968732723573496,0.5292715298362317,0.3647838902967739,0.6746952095693612,7.0,0.5072570532546276,0.6612332050920615,0.5,0.4,1.0,0.15,0.5,0.05,0.45,0.15,0.75,0.85,0.0,0.9,0.6,1.0,0.9755836830508098
synth/scattered/amb0.65,570,1,0.14910025894641876,0.14910025894641876,scattered,2699,2,0.0146484375,0.036777583261330925,0.4298481428787556,0.6968732723573496,0.5292715298362317,0.3647838902967739,0.6746952095693612,7.0,0.5072570532546276,0.6612332050920615,0.5,0.4,1.0,0.15,0.5,0.05,0.45,0.15,0.75,0.85,0.0,0.9,0.6,1.0,0.9755836830508098
synth/scattered/amb0.65,571,1,0.09602648764848709,0.09602648764848709,scattered,2699,3,0.025634765625,0.012919896592696508,0.4298481428787556,0.6968732723573496,0.5292715298362317,0.3647838902967739,0.6746952095693612,7.0,0.5072570532546276,0.6612332050920615,0.5,0.4,1.0,0.15,0.5,0.05,0.45,0.15,0.75,0.85,0.0,0.9,0.6,1.0,0.9755836830508098
synth/scattered/amb0.35,572,1,0.13661202788352966,0.13661202788352966,scattered,2701,0,0.019775390625,0.07998524606227875,0.5559036259209644,0.7438881669803208,0.7492487192866455,0.5143705707074395,0.5062571240552978,13.0,0.5973751919100955,0.31754849800499224,0.5,0.4,1.0,0.15,0.5,0.05,0.45,0.15,0.75,0.85,0.0,0.9,0.6,0.7175484980049922,0.8984562439453161
synth/scattered/amb0.35,573,1,0.0,0.0,scattered,2701,1,0.00689697265625,0.04918032884597778,0.5559036259209644,0.7438881669803208,0.7492487192866455,0.5143705707074395,0.5062571240552978,13.0,0.5973751919100955,0.31754849800499224,0.5,0.4,1.0,0.15,0.5,0.05,0.45,0.15,0.75,0.85,0.0,0.9,0.6,0.7175484980049922,0.8984562439453161
synth/scattered/amb0.35,574,1,0.2142857164144516,0.2142857164144516,scattered,2701,2,0.00848388671875,0.04896707832813263,0.5559036259209644,0.7438881669803208,0.7492487192866455,0.5143705707074395,0.5062571240552978,13.0,0.5973751919100955,0.31754849800499224,0.5,0.4,1.0,0.15,0.5,0.05,0.45,0.15,0.75,0.85,0.0,0.9,0.6,0.7175484980049922,0.8984562439453161
synth/scattered/amb0.35,575,1,0.02985074557363987,0.02985074557363987,scattered,2701,3,0.0074462890625,0.05516355702032646,0.5559036259209644,0.7438881669803208,0.7492487192866455,0.5143705707074395,0.5062571240552978,13.0,0.5973751919100955,0.31754849800499224,0.5,0.4,1.0,0.15,0.5,0.05,0.45,0.15,0.75,0.85,0.0,0.9,0.6,0.7175484980049922,0.8984562439453161
synth/tubular/amb0.55,576,1,0.4181102216243744,0.4181102216243744,tubular,2721,0,0.0926513671875,0.2554377978667617,0.5296118538011624,0.6805501790817449,0.8372440065841185,0.6129804897305231,0.4346670244675232,19.0,0.2840108774753599,0.5342006240507706,0.5,0.4,1.0,0.15,0.5,0.05,0.45,0.15,0.75,0.85,0.0,0.9,0.6,0.5342006240507706,1.0
synth/tubular/amb0.55,577,1,0.23708805441856384,0.23708805441856384,tubular,2721,1,0.07196044921875,0.08407141764958699,0.5296118538011624,0.6805501790817449,0.8372440065841185,0.6129804897305231,0.4346670244675232,19.0,0.2840108774753599,0.5342006240507706,0.5,0.4,1.0,0.15,0.5,0.05,0.45,0.15,0.75,0.85,0.0,0.9,0.6,0.5342006240507706,1.0
synth/tubular/amb0.55,578,1,0.25310343503952026,0.25310343503952026,tubular,2721,2,0.13604736328125,0.3218986429274082,0.5296118538011624,0.6805501790817449,0.8372440065841185,0.6129804897305231,0.4346670244675232,19.0,0.2840108774753599,0.5342006240507706,0.5,0.4,1.0,0.15,0.5,0.05,0.45,0.15,0.75,0.85,0.0,0.9,0.6,0.5342006240507706,1.0
synth/tubular/amb0.55,579,1,0.539799690246582,0.539799690246582,tubular,2721,3,0.15191650390625,0.318118284145991,0.5296118538011624,0.6805501790817449,0.8372440065841185,0.6129804897305231,0.4346670244675232,19.0,0.2840108774753599,0.5342006240507706,0.5,0.4,1.0,0.15,0.5,0.05,0.45,0.15,0.75,0.85,0.0,0.9,0.6,0.5342006240507706,1.0
synth/annular/amb0.65,580,1,0.0,0.0,annular,2725,0,0.00164794921875,0.0,0.7204866175349082,0.8463560773807102,0.8112146506960978,0.1372751805498924,0.36849509742212344,7.0,0.7858657726047519,0.6280189608489287,0.5,0.4,1.0,0.15,0.5,0.05,0.45,0.15,0.75,0.85,0.0,0.9,0.6,0.6280189608489287,0.6011400297424483
synth/annular/amb0.65,581,1,0.4528301954269409,0.4528301954269409,annular,2725,1,0.00274658203125,0.0,0.7204866175349082,0.8463560773807102,0.8112146506960978,0.1372751805498924,0.36849509742212344,7.0,0.7858657726047519,0.6280189608489287,0.5,0.4,1.0,0.15,0.5,0.05,0.45,0.15,0.75,0.85,0.0,0.9,0.6,0.6280189608489287,0.6011400297424483
synth/annular/amb0.65,582,1,0.5241379141807556,0.5241379141807556,annular,2725,2,0.00555419921875,0.05254301677147547,0.7204866175349082,0.8463560773807102,0.8112146506960978,0.1372751805498924,0.36849509742212344,7.0,0.7858657726047519,0.6280189608489287,0.5,0.4,1.0,0.15,0.5,0.05,0.45,0.15,0.75,0.85,0.0,0.9,0.6,0.6280189608489287,0.6011400297424483
synth/annular/amb0.65,583,1,0.2199999988079071,0.2199999988079071,annular,2725,3,0.00390625,0.012461058795452118,0.7204866175349082,0.8463560773807102,0.8112146506960978,0.1372751805498924,0.36849509742212344,7.0,0.7858657726047519,0.6280189608489287,0.5,0.4,1.0,0.15,0.5,0.05,0.45,0.15,0.75,0.85,0.0,0.9,0.6,0.6280189608489287,0.6011400297424483
synth/tubular/amb0.75,584,1,0.35852426290512085,0.35852426290512085,tubular,2750,0,0.2672119140625,0.2927832432712118,0.3601037084045169,0.66461641177953,0.4376560667040128,0.5940791555755152,0.5018910209232612,18.0,0.18392750603320007,0.7427825954745606,0.5,0.4,1.0,0.15,0.5,0.05,0.45,0.15,0.75,0.85,0.0,0.9,0.6,0.7427825954745606,0.9814852916188701
synth/tubular/amb0.75,585,1,0.5745833516120911,0.5745833516120911,tubular,2750,1,0.13427734375,0.14113914283613363,0.3601037084045169,0.66461641177953,0.4376560667040128,0.5940791555755152,0.5018910209232612,18.0,0.18392750603320007,0.7427825954745606,0.5,0.4,1.0,0.15,0.5,0.05,0.45,0.15,0.75,0.85,0.0,0.9,0.6,0.7427825954745606,0.9814852916188701
synth/tubular/amb0.75,586,1,0.6159221529960632,0.6159221529960632,tubular,2750,2,0.25543212890625,0.46335339546203613,0.3601037084045169,0.66461641177953,0.4376560667040128,0.5940791555755152,0.5018910209232612,18.0,0.18392750603320007,0.7427825954745606,0.5,0.4,1.0,0.15,0.5,0.05,0.45,0.15,0.75,0.85,0.0,0.9,0.6,0.7427825954745606,0.9814852916188701
synth/tubular/amb0.75,587,1,0.48019468784332275,0.48019468784332275,tubular,2750,3,0.30517578125,0.28669870893160504,0.3601037084045169,0.66461641177953,0.4376560667040128,0.5940791555755152,0.5018910209232612,18.0,0.18392750603320007,0.7427825954745606,0.5,0.4,1.0,0.15,0.5,0.05,0.45,0.15,0.75,0.85,0.0,0.9,0.6,0.7427825954745606,0.9814852916188701
synth/annular/amb0.45,588,1,0.1530342996120453,0.1530342996120453,annular,2757,0,0.005859375,0.061189763247966766,0.5607347018940266,0.2862394494012743,0.7512411376270467,0.27489017751372935,0.49788491366315984,6.0,0.2456545375410889,0.4406867744378981,0.5,0.4,1.0,0.15,0.5,0.05,0.45,0.15,0.75,0.85,0.0,0.9,0.6,0.4406867744378981,0.6316337747343294
synth/annular/amb0.45,589,1,0.2906976640224457,0.2906976640224457,annular,2757,1,0.00701904296875,0.07339449723561604,0.5607347018940266,0.2862394494012743,0.7512411376270467,0.27489017751372935,0.49788491366315984,6.0,0.2456545375410889,0.4406867744378981,0.5,0.4,1.0,0.15,0.5,0.05,0.45,0.15,0.75,0.85,0.0,0.9,0.6,0.4406867744378981,0.6316337747343294
synth/annular/amb0.45,590,1,0.13840830326080322,0.13840830326080322,annular,2757,2,0.01446533203125,0.05567451814810435,0.5607347018940266,0.2862394494012743,0.7512411376270467,0.27489017751372935,0.49788491366315984,6.0,0.2456545375410889,0.4406867744378981,0.5,0.4,1.0,0.15,0.5,0.05,0.45,0.15,0.75,0.85,0.0,0.9,0.6,0.4406867744378981,0.6316337747343294
synth/annular/amb0.45,591,1,0.009029345586895943,0.009029345586895943,annular,2757,3,0.01129150390625,0.08682837088902791,0.5607347018940266,0.2862394494012743,0.7512411376270467,0.27489017751372935,0.49788491366315984,6.0,0.2456545375410889,0.4406867744378981,0.5,0.4,1.0,0.15,0.5,0.05,0.45,0.15,0.75,0.85,0.0,0.9,0.6,0.4406867744378981,0.6316337747343294
synth/blob/amb0.55,592,1,0.0,0.0,blob,2773,0,0.0035400390625,0.0,0.3962857658730389,0.7918294735612101,0.8095512613451044,0.21484820151529205,0.7665742362876904,12.0,0.7852780404564674,0.5639997877325528,0.5,0.4,1.0,0.15,0.5,0.05,0.45,0.15,0.75,0.85,0.0,0.9,0.6,0.5639997877325528,0.7165240012719256
synth/blob/amb0.55,593,1,0.0,0.0,blob,2773,1,0.00457763671875,0.047619049747784935,0.3962857658730389,0.7918294735612101,0.8095512613451044,0.21484820151529205,0.7665742362876904,12.0,0.7852780404564674,0.5639997877325528,0.5,0.4,1.0,0.15,0.5,0.05,0.45,0.15,0.75,0.85,0.0,0.9,0.6,0.5639997877325528,0.7165240012719256
synth/blob/amb0.55,594,1,0.5939849615097046,0.5939849615097046,blob,2773,2,0.00537109375,0.0,0.3962857658730389,0.7918294735612101,0.8095512613451044,0.21484820151529205,0.7665742362876904,12.0,0.7852780404564674,0.5639997877325528,0.5,0.4,1.0,0.15,0.5,0.05,0.45,0.15,0.75,0.85,0.0,0.9,0.6,0.5639997877325528,0.7165240012719256
synth/blob/amb0.55,595,1,0.593406617641449,0.593406617641449,blob,2773,3,0.0074462890625,0.0,0.3962857658730389,0.7918294735612101,0.8095512613451044,0.21484820151529205,0.7665742362876904,12.0,0.7852780404564674,0.5639997877325528,0.5,0.4,1.0,0.15,0.5,0.05,0.45,0.15,0.75,0.85,0.0,0.9,0.6,0.5639997877325528,0.7165240012719256
synth/scattered/amb0.35,596,1,0.0672566369175911,0.0672566369175911,scattered,2788,0,0.0223388671875,0.020467836409807205,0.7950195577319638,0.2892047443071471,0.4857076810554637,0.5185424748746402,0.31474651004899323,16.0,0.6844676926152956,0.38563140521310924,0.5,0.4,1.0,0.15,0.5,0.05,0.45,0.15,0.75,0.85,0.0,0.9,0.6,0.7856314052131093,0.839966797350838
synth/scattered/amb0.35,597,1,0.20769231021404266,0.20769231021404266,scattered,2788,1,0.0474853515625,0.06567971272549282,0.7950195577319638,0.2892047443071471,0.4857076810554637,0.5185424748746402,0.31474651004899323,16.0,0.6844676926152956,0.38563140521310924,0.5,0.4,1.0,0.15,0.5,0.05,0.45,0.15,0.75,0.85,0.0,0.9,0.6,0.7856314052131093,0.839966797350838
synth/scattered/amb0.35,598,1,0.2224137932062149,0.2224137932062149,scattered,2788,2,0.04376220703125,0.1389864832162857,0.7950195577319638,0.2892047443071471,0.4857076810554637,0.5185424748746402,0.31474651004899323,16.0,0.6844676926152956,0.38563140521310924,0.5,0.4,1.0,0.15,0.5,0.05,0.45,0.15,0.75,0.85,0.0,0.9,0.6,0.7856314052131093,0.839966797350838
synth/scattered/amb0.35,599,1,0.2022756040096283,0.2022756040096283,scattered,2788,3,0.02825927734375,0.06128451476494471,0.7950195577319638,0.2892047443071471,0.4857076810554637,0.5185424748746402,0.31474651004899323,16.0,0.6844676926152956,0.38563140521310924,0.5,0.4,1.0,0.15,0.5,0.05,0.45,0.15,0.75,0.85,0.0,0.9,0.6,0.7856314052131093,0.839966797350838
synth/annular/amb0.55,600,1,0.06111111119389534,0.06111111119389534,annular,2806,0,0.0286865234375,0.14137632151444754,0.3217659570977145,0.7138267923951231,0.50003388269738,0.5293879930104806,0.4668210207376439,9.0,0.8904812105697818,0.5845608378297449,0.5,0.4,1.0,0.15,0.5,0.05,0.45,0.15,0.75,0.85,0.0,0.9,0.6,0.5845608378297449,0.582800194953951
synth/annular/amb0.55,601,1,0.20571428537368774,0.20571428537368774,annular,2806,1,0.01348876953125,0.028725785513718922,0.3217659570977145,0.7138267923951231,0.50003388269738,0.5293879930104806,0.4668210207376439,9.0,0.8904812105697818,0.5845608378297449,0.5,0.4,1.0,0.15,0.5,0.05,0.45,0.15,0.75,0.85,0.0,0.9,0.6,0.5845608378297449,0.582800194953951
synth/annular/amb0.55,602,1,0.028397565707564354,0.028397565707564354,annular,2806,2,0.05859375,0.2072978454331557,0.3217659570977145,0.7138267923951231,0.50003388269738,0.5293879930104806,0.4668210207376439,9.0,0.8904812105697818,0.5845608378297449,0.5,0.4,1.0,0.15,0.5,0.05,0.45,0.15,0.75,0.85,0.0,0.9,0.6,0.5845608378297449,0.582800194953951
synth/annular/amb0.55,603,1,0.0348692387342453,0.0348692387342453,annular,2806,3,0.03753662109375,0.03290821767101685,0.3217659570977145,0.7138267923951231,0.50003388269738,0.5293879930104806,0.4668210207376439,9.0,0.8904812105697818,0.5845608378297449,0.5,0.4,1.0,0.15,0.5,0.05,0.45,0.15,0.75,0.85,0.0,0.9,0.6,0.5845608378297449,0.582800194953951
synth/blob/amb0.65,604,1,0.5114504098892212,0.5114504098892212,blob,2814,0,0.014892578125,0.2580207089583079,0.6971939038831819,0.20323341288533925,0.8624750657701226,0.5885114733341799,0.8674872322585427,14.0,0.11053637715159037,0.6368187072368606,0.5,0.4,1.0,0.15,0.5,0.05,0.45,0.15,0.75,0.85,0.0,0.9,0.6,0.6368187072368606,0.6850851002183648
synth/blob/amb0.65,605,1,0.8437955975532532,0.8437955975532532,blob,2814,1,0.05828857421875,0.48335519433021545,0.6971939038831819,0.20323341288533925,0.8624750657701226,0.5885114733341799,0.8674872322585427,14.0,0.11053637715159037,0.6368187072368606,0.5,0.4,1.0,0.15,0.5,0.05,0.45,0.15,0.75,0.85,0.0,0.9,0.6,0.6368187072368606,0.6850851002183648
synth/blob/amb0.65,606,1,0.5925480723381042,0.5925480723381042,blob,2814,2,0.06976318359375,0.5394307374954224,0.6971939038831819,0.20323341288533925,0.8624750657701226,0.5885114733341799,0.8674872322585427,14.0,0.11053637715159037,0.6368187072368606,0.5,0.4,1.0,0.15,0.5,0.05,0.45,0.15,0.75,0.85,0.0,0.9,0.6,0.6368187072368606,0.6850851002183648
synth/blob/amb0.65,607,1,0.5152978897094727,0.5152978897094727,blob,2814,3,0.04248046875,0.4015348255634308,0.6971939038831819,0.20323341288533925,0.8624750657701226,0.5885114733341799,0.8674872322585427,14.0,0.11053637715159037,0.6368187072368606,0.5,0.4,1.0,0.15,0.5,0.05,0.45,0.15,0.75,0.85,0.0,0.9,0.6,0.6368187072368606,0.6850851002183648
synth/scattered/amb0.55,608,1,0.0,0.0,scattered,2838,0,0.00823974609375,0.024096384644508362,0.8218338558459293,0.7103734515533517,0.39981076581664776,0.12862909682730678,0.8982426904929128,23.0,0.09859107135777623,0.5504193155233776,0.5,0.4,1.0,0.15,0.5,0.05,0.45,0.15,0.75,0.85,0.0,0.9,0.6,0.9504193155233777,1.0
synth/scattered/amb0.55,609,1,0.0,0.0,scattered,2838,1,0.006591796875,0.0,0.8218338558459293,0.7103734515533517,0.39981076581664776,0.12862909682730678,0.8982426904929128,23.0,0.09859107135777623,0.5504193155233776,0.5,0.4,1.0,0.15,0.5,0.05,0.45,0.15,0.75,0.85,0.0,0.9,0.6,0.9504193155233777,1.0
synth/scattered/amb0.55,610,1,0.0,0.0,scattered,2838,2,0.01336669921875,0.012248468895753225,0.8218338558459293,0.7103734515533517,0.39981076581664776,0.12862909682730678,0.8982426904929128,23.0,0.09859107135777623,0.5504193155233776,0.5,0.4,1.0,0.15,0.5,0.05,0.45,0.15,0.75,0.85,0.0,0.9,0.6,0.9504193155233777,1.0
synth/scattered/amb0.55,611,1,0.0,0.0,scattered,2838,3,0.00433349609375,0.021333334346612293,0.8218338558459293,0.7103734515533517,0.39981076581664776,0.12862909682730678,0.8982426904929128,23.0,0.09859107135777623,0.5504193155233776,0.5,0.4,1.0,0.15,0.5,0.05,0.45,0.15,0.75,0.85,0.0,0.9,0.6,0.9504193155233777,1.0
synth/scattered/amb0.55,612,1,0.0,0.0,scattered,2844,0,0.0238037109375,0.017453705271085102,0.32742273907785896,0.4090430780197811,0.4788597695014871,0.2799993654632676,0.4596325850424038,13.0,0.7599590556709309,0.5103151621788318,0.5,0.4,1.0,0.15,0.5,0.05,0.45,0.15,0.75,0.85,0.0,0.9,0.6,0.9103151621788318,0.919735925822559
synth/scattered/amb0.55,613,1,0.11353711783885956,0.11353711783885956,scattered,2844,1,0.0242919921875,0.011620094999670982,0.32742273907785896,0.4090430780197811,0.4788597695014871,0.2799993654632676,0.4596325850424038,13.0,0.7599590556709309,0.5103151621788318,0.5,0.4,1.0,0.15,0.5,0.05,0.45,0.15,0.75,0.85,0.0,0.9,0.6,0.9103151621788318,0.919735925822559
synth/scattered/amb0.55,614,1,0.08114558458328247,0.08114558458328247,scattered,2844,2,0.0408935546875,0.057853015760580696,0.32742273907785896,0.4090430780197811,0.4788597695014871,0.2799993654632676,0.4596325850424038,13.0,0.7599590556709309,0.5103151621788318,0.5,0.4,1.0,0.15,0.5,0.05,0.45,0.15,0.75,0.85,0.0,0.9,0.6,0.9103151621788318,0.919735925822559
synth/scattered/amb0.55,615,1,0.0,0.0,scattered,2844,3,0.01593017578125,0.10033566504716873,0.32742273907785896,0.4090430780197811,0.4788597695014871,0.2799993654632676,0.4596325850424038,13.0,0.7599590556709309,0.5103151621788318,0.5,0.4,1.0,0.15,0.5,0.05,0.45,0.15,0.75,0.85,0.0,0.9,0.6,0.9103151621788318,0.919735925822559
synth/scattered/amb0.35,616,1,0.10606060922145844,0.10606060922145844,scattered,2862,0,0.01080322265625,0.0409836620092392,0.66249022970297,0.4960097510222167,0.4674846274898406,0.38772694736059193,0.44299935179557115,11.0,0.7640081585608303,0.341852171416894,0.5,0.4,1.0,0.15,0.5,0.05,0.45,0.15,0.75,0.85,0.0,0.9,0.6,0.741852171416894,0.9030855548354171
synth/scattered/amb0.35,617,1,0.005044136196374893,0.005044136196374893,scattered,2862,1,0.0394287109375,0.09245005995035172,0.66249022970297,0.4960097510222167,0.4674846274898406,0.38772694736059193,0.44299935179557115,11.0,0.7640081585608303,0.341852171416894,0.5,0.4,1.0,0.15,0.5,0.05,0.45,0.15,0.75,0.85,0.0,0.9,0.6,0.741852171416894,0.9030855548354171
synth/scattered/amb0.35,618,1,0.02631578966975212,0.02631578966975212,scattered,2862,2,0.007080078125,0.0225490207473437,0.66249022970297,0.4960097510222167,0.4674846274898406,0.38772694736059193,0.44299935179557115,11.0,0.7640081585608303,0.341852171416894,0.5,0.4,1.0,0.15,0.5,0.05,0.45,0.15,0.75,0.85,0.0,0.9,0.6,0.741852171416894,0.9030855548354171
synth/scattered/amb0.35,619,1,0.04716981202363968,0.04716981202363968,scattered,2862,3,0.0284423828125,0.007342143605152766,0.66249022970297,0.4960097510222167,0.4674846274898406,0.38772694736059193,0.44299935179557115,11.0,0.7640081585608303,0.341852171416894,0.5,0.4,1.0,0.15,0.5,0.05,0.45,0.15,0.75,0.85,0.0,0.9,0.6,0.741852171416894,0.9030855548354171
synth/blob/amb0.75,620,1,0.8416945338249207,0.8416945338249207,blob,2867,0,0.04962158203125,0.5190822581450144,0.8925060760671921,0.43189540385302805,0.4487446137144226,0.5378643142350734,0.3439257804260933,7.0,0.48464497039709875,0.7804111826218356,0.5,0.4,1.0,0.15,0.5,0.05,0.45,0.15,0.75,0.85,0.0,0.9,0.6,0.7804111826218356,0.5436528398391659
synth/blob/amb0.75,621,1,0.0,0.0,blob,2867,1,0.052001953125,0.27399249871571857,0.8925060760671921,0.43189540385302805,0.4487446137144226,0.5378643142350734,0.3439257804260933,7.0,0.48464497039709875,0.7804111826218356,0.5,0.4,1.0,0.15,0.5,0.05,0.45,0.15,0.75,0.85,0.0,0.9,0.6,0.7804111826218356,0.5436528398391659
synth/blob/amb0.75,622,1,0.28599411249160767,0.28599411249160767,blob,2867,2,0.04937744140625,0.5798257191975912,0.8925060760671921,0.43189540385302805,0.4487446137144226,0.5378643142350734,0.3439257804260933,7.0,0.48464497039709875,0.7804111826218356,0.5,0.4,1.0,0.15,0.5,0.05,0.45,0.15,0.75,0.85,0.0,0.9,0.6,0.7804111826218356,0.5436528398391659
synth/blob/amb0.75,623,1,0.23047375679016113,0.23047375679016113,blob,2867,3,0.02484130859375,0.2780230641365051,0.8925060760671921,0.43189540385302805,0.4487446137144226,0.5378643142350734,0.3439257804260933,7.0,0.48464497039709875,0.7804111826218356,0.5,0.4,1.0,0.15,0.5,0.05,0.45,0.15,0.75,0.85,0.0,0.9,0.6,0.7804111826218356,0.5436528398391659
synth/elongated/amb0.45,624,1,0.0,0.0,elongated,2940,0,0.0072021484375,0.1947862779100736,0.6945098698230547,0.21143625072129368,0.6799510477190448,0.35589817826072134,0.6646201888654724,19.0,0.49071281272382195,0.44779153573363967,0.5,0.4,1.0,0.15,0.5,0.05,0.45,0.15,0.75,0.85,0.0,0.9,0.6,0.44779153573363967,0.6736367013002962
synth/elongated/amb0.45,625,1,0.12639404833316803,0.12639404833316803,elongated,2940,1,0.01068115234375,0.2246376872062683,0.6945098698230547,0.21143625072129368,0.6799510477190448,0.35589817826072134,0.6646201888654724,19.0,0.49071281272382195,0.44779153573363967,0.5,0.4,1.0,0.15,0.5,0.05,0.45,0.15,0.75,0.85,0.0,0.9,0.6,0.44779153573363967,0.6736367013002962
synth/elongated/amb0.45,626,1,0.0,0.0,elongated,2940,2,0.00885009765625,0.0,0.6945098698230547,0.21143625072129368,0.6799510477190448,0.35589817826072134,0.6646201888654724,19.0,0.49071281272382195,0.44779153573363967,0.5,0.4,1.0,0.15,0.5,0.05,0.45,0.15,0.75,0.85,0.0,0.9,0.6,0.44779153573363967,0.6736367013002962
synth/elongated/amb0.45,627,1,0.0,0.0,elongated,2940,3,0.00592041015625,0.1810059423247973,0.6945098698230547,0.21143625072129368,0.6799510477190448,0.35589817826072134,0.6646201888654724,19.0,0.49071281272382195,0.44779153573363967,0.5,0.4,1.0,0.15,0.5,0.05,0.45,0.15,0.75,0.85,0.0,0.9,0.6,0.44779153573363967,0.6736367013002962
synth/annular/amb0.45,628,1,0.30075186491012573,0.30075186491012573,annular,2960,0,0.034423828125,0.1545331155260404,0.8157772130500032,0.5336920842823336,0.4752659123171987,0.4589921770996113,0.3129079674745272,19.0,0.37266480447586725,0.4641101331451984,0.5,0.4,1.0,0.15,0.5,0.05,0.45,0.15,0.75,0.85,0.0,0.9,0.6,0.4641101331451984,0.5524767733933063
synth/annular/amb0.45,629,1,0.23227383196353912,0.23227383196353912,annular,2960,1,0.0347900390625,0.21663143734137216,0.8157772130500032,0.5336920842823336,0.4752659123171987,0.4589921770996113,0.3129079674745272,19.0,0.37266480447586725,0.4641101331451984,0.5,0.4,1.0,0.15,0.5,0.05,0.45,0.15,0.75,0.85,0.0,0.9,0.6,0.4641101331451984,0.5524767733933063
synth/annular/amb0.45,630,1,0.580520749092102,0.580520749092102,annular,2960,2,0.04229736328125,0.20407205820083618,0.8157772130500032,0.5336920842823336,0.4752659123171987,0.4589921770996113,0.3129079674745272,19.0,0.37266480447586725,0.4641101331451984,0.5,0.4,1.0,0.15,0.5,0.05,0.45,0.15,0.75,0.85,0.0,0.9,0.6,0.4641101331451984,0.5524767733933063
synth/annular/amb0.45,631,1,0.3396880328655243,0.3396880328655243,annular,2960,3,0.01446533203125,0.31379828850428265,0.8157772130500032,0.5336920842823336,0.4752659123171987,0.4589921770996113,0.3129079674745272,19.0,0.37266480447586725,0.4641101331451984,0.5,0.4,1.0,0.15,0.5,0.05,0.45,0.15,0.75,0.85,0.0,0.9,0.6,0.4641101331451984,0.5524767733933063
synth/scattered/amb0.45,632,1,0.45980706810951233,0.45980706810951233,scattered,2963,0,0.01922607421875,0.050318071618676186,0.5558490410331104,0.7533158893093419,0.6543385338261005,0.4611592450008124,0.5694940492042255,23.0,0.47086755070292186,0.47055067474172335,0.5,0.4,1.0,0.15,0.5,0.05,0.45,0.15,0.75,0.85,0.0,0.9,0.6,0.8705506747417233,0.9290374131247605
synth/scattered/amb0.45,633,1,0.09677419066429138,0.09677419066429138,scattered,2963,1,0.016357421875,0.1330972487727801,0.5558490410331104,0.7533158893093419,0.6543385338261005,0.4611592450008124,0.5694940492042255,23.0,0.47086755070292186,0.47055067474172335,0.5,0.4,1.0,0.15,0.5,0.05,0.45,0.15,0.75,0.85,0.0,0.9,0.6,0.8705506747417233,0.9290374131247605
synth/scattered/amb0.45,634,1,0.4269377291202545,0.4269377291202545,scattered,2963,2,0.0352783203125,0.04883462687333425,0.5558490410331104,0.7533158893093419,0.6543385338261005,0.4611592450008124,0.5694940492042255,23.0,0.47086755070292186,0.47055067474172335,0.5,0.4,1.0,0.15,0.5,0.05,0.45,0.15,0.75,0.85,0.0,0.9,0.6,0.8705506747417233,0.9290374131247605
synth/scattered/amb0.45,635,1,0.07429420202970505,0.07429420202970505,scattered,2963,3,0.0262451171875,0.15178018808364868,0.5558490410331104,0.7533158893093419,0.6543385338261005,0.4611592450008124,0.5694940492042255,23.0,0.47086755070292186,0.47055067474172335,0.5,0.4,1.0,0.15,0.5,0.05,0.45,0.15,0.75,0.85,0.0,0.9,0.6,0.8705506747417233,0.9290374131247605
synth/annular/amb0.45,636,1,0.0,0.0,annular,2965,0,0.111328125,0.044667365650335945,0.6356516276843107,0.5287392139883107,0.5247807097518358,0.5664157350477811,0.48565028197972765,11.0,0.9960615053156294,0.4734887107955069,0.5,0.4,1.0,0.15,0.5,0.05,0.45,0.15,0.75,0.85,0.0,0.9,0.6,0.4734887107955069,0.5778057621302175
synth/annular/amb0.45,637,1,0.3056321442127228,0.3056321442127228,annular,2965,1,0.10028076171875,0.13521679366628328,0.6356516276843107,0.5287392139883107,0.5247807097518358,0.5664157350477811,0.48565028197972765,11.0,0.9960615053156294,0.4734887107955069,0.5,0.4,1.0,0.15,0.5,0.05,0.45,0.15,0.75,0.85,0.0,0.9,0.6,0.4734887107955069,0.5778057621302175
synth/annular/amb0.45,638,1,0.2947845757007599,0.2947845757007599,annular,2965,2,0.06695556640625,0.15069990853468576,0.6356516276843107,0.5287392139883107,0.5247807097518358,0.5664157350477811,0.48565028197972765,11.0,0.9960615053156294,0.4734887107955069,0.5,0.4,1.0,0.15,0.5,0.05,0.45,0.15,0.75,0.85,0.0,0.9,0.6,0.4734887107955069,0.5778057621302175
synth/annular/amb0.45,639,1,0.4947145879268646,0.4947145879268646,annular,2965,3,0.0252685546875,0.1488663156827291,0.6356516276843107,0.5287392139883107,0.5247807097518358,0.5664157350477811,0.48565028197972765,11.0,0.9960615053156294,0.4734887107955069,0.5,0.4,1.0,0.15,0.5,0.05,0.45,0.15,0.75,0.85,0.0,0.9,0.6,0.4734887107955069,0.5778057621302175
synth/blob/amb0.35,640,1,0.569640040397644,0.569640040397644,blob,2983,0,0.01763916015625,0.530870238939921,0.8422815674728747,0.8908998652884474,0.8658734127191601,0.4196113639751921,0.6450860072983529,23.0,0.9777869466824578,0.3311895784447303,0.5,0.4,1.0,0.15,0.5,0.05,0.45,0.15,0.75,0.85,0.0,0.9,0.6,0.3311895784447303,0.6589961079819454
synth/blob/amb0.35,641,1,0.0,0.0,blob,2983,1,0.007568359375,0.02952603002389272,0.8422815674728747,0.8908998652884474,0.8658734127191601,0.4196113639751921,0.6450860072983529,23.0,0.9777869466824578,0.3311895784447303,0.5,0.4,1.0,0.15,0.5,0.05,0.45,0.15,0.75,0.85,0.0,0.9,0.6,0.3311895784447303,0.6589961079819454
synth/blob/amb0.35,642,1,0.3466666638851166,0.3466666638851166,blob,2983,2,0.0069580078125,0.3118121822675069,0.8422815674728747,0.8908998652884474,0.8658734127191601,0.4196113639751921,0.6450860072983529,23.0,0.9777869466824578,0.3311895784447303,0.5,0.4,1.0,0.15,0.5,0.05,0.45,0.15,0.75,0.85,0.0,0.9,0.6,0.3311895784447303,0.6589961079819454
synth/blob/amb0.35,643,1,0.47863247990608215,0.47863247990608215,blob,2983,3,0.00384521484375,0.0752032498518626,0.8422815674728747,0.8908998652884474,0.8658734127191601,0.4196113639751921,0.6450860072983529,23.0,0.9777869466824578,0.3311895784447303,0.5,0.4,1.0,0.15,0.5,0.05,0.45,0.15,0.75,0.85,0.0,0.9,0.6,0.3311895784447303,0.6589961079819454
synth/annular/amb0.35,644,1,0.3206751048564911,0.3206751048564911,annular,3007,0,0.00823974609375,0.15383364260196686,0.6906481599020607,0.666644876875234,0.5289419547962393,0.18505510936375458,0.5285487557825991,13.0,0.30883934610512886,0.3799669335872115,0.5,0.4,1.0,0.15,0.5,0.05,0.45,0.15,0.75,0.85,0.0,0.9,0.6,0.3799669335872115,0.646840507594978
synth/annular/amb0.35,645,1,0.0357142873108387,0.0357142873108387,annular,3007,1,0.001708984375,0.0,0.6906481599020607,0.666644876875234,0.5289419547962393,0.18505510936375458,0.5285487557825991,13.0,0.30883934610512886,0.3799669335872115,0.5,0.4,1.0,0.15,0.5,0.05,0.45,0.15,0.75,0.85,0.0,0.9,0.6,0.3799669335872115,0.646840507594978
synth/annular/amb0.35,646,1,0.3246753215789795,0.3246753215789795,annular,3007,2,0.00537109375,0.15031825502713522,0.6906481599020607,0.666644876875234,0.5289419547962393,0.18505510936375458,0.5285487557825991,13.0,0.30883934610512886,0.3799669335872115,0.5,0.4,1.0,0.15,0.5,0.05,0.45,0.15,0.75,0.85,0.0,0.9,0.6,0.3799669335872115,0.646840507594978
synth/annular/amb0.35,647,1,0.21666666865348816,0.21666666865348816,annular,3007,3,0.00482177734375,0.11854575605442126,0.6906481599020607,0.666644876875234,0.5289419547962393,0.18505510936375458,0.5285487557825991,13.0,0.30883934610512886,0.3799669335872115,0.5,0.4,1.0,0.15,0.5,0.05,0.45,0.15,0.75,0.85,0.0,0.9,0.6,0.3799669335872115,0.646840507594978
synth/tubular/amb0.65,648,1,0.1330472081899643,0.1330472081899643,tubular,3027,0,0.024169921875,0.18800775334239006,0.3052737988131476,0.5341936300507419,0.8054906792477643,0.456607754436009,0.9129317536993065,22.0,0.9539913604628323,0.6131755549818234,0.5,0.4,1.0,0.15,0.5,0.05,0.45,0.15,0.75,0.85,0.0,0.9,0.6,0.6131755549818234,1.0
synth/tubular/amb0.65,649,1,0.05000000074505806,0.05000000074505806,tubular,3027,1,0.00518798828125,0.0,0.3052737988131476,0.5341936300507419,0.8054906792477643,0.456607754436009,0.9129317536993065,22.0,0.9539913604628323,0.6131755549818234,0.5,0.4,1.0,0.15,0.5,0.05,0.45,0.15,0.75,0.85,0.0,0.9,0.6,0.6131755549818234,1.0
synth/tubular/amb0.65,650,1,0.25876009464263916,0.25876009464263916,tubular,3027,2,0.0194091796875,0.017318496480584145,0.3052737988131476,0.5341936300507419,0.8054906792477643,0.456607754436009,0.9129317536993065,22.0,0.9539913604628323,0.6131755549818234,0.5,0.4,1.0,0.15,0.5,0.05,0.45,0.15,0.75,0.85,0.0,0.9,0.6,0.6131755549818234,1.0
synth/tubular/amb0.65,651,1,0.01916932873427868,0.01916932873427868,tubular,3027,3,0.00885009765625,0.0,0.3052737988131476,0.5341936300507419,0.8054906792477643,0.456607754436009,0.9129317536993065,22.0,0.9539913604628323,0.6131755549818234,0.5,0.4,1.0,0.15,0.5,0.05,0.45,0.15,0.75,0.85,0.0,0.9,0.6,0.6131755549818234,1.0
synth/annular/amb0.55,652,1,0.08275862038135529,0.08275862038135529,annular,3029,0,0.00335693359375,0.05570086091756821,0.6908479259366023,0.20123065503177898,0.4579923836568207,0.22578057718217082,0.4677765490333655,21.0,0.42649909831877597,0.5436313128125609,0.5,0.4,1.0,0.15,0.5,0.05,0.45,0.15,0.75,0.85,0.0,0.9,0.6,0.5436313128125609,0.626190302822524
synth/annular/amb0.55,653,1,0.2738095223903656,0.2738095223903656,annular,3029,1,0.0045166015625,0.015172981346646944,0.6908479259366023,0.20123065503177898,0.4579923836568207,0.22578057718217082,0.4677765490333655,21.0,0.42649909831877597,0.5436313128125609,0.5,0.4,1.0,0.15,0.5,0.05,0.45,0.15,0.75,0.85,0.0,0.9,0.6,0.5436313128125609,0.626190302822524
synth/annular/amb0.55,654,1,0.01876172609627247,0.01876172609627247,annular,3029,2,0.02996826171875,0.053244590759277344,0.6908479259366023,0.20123065503177898,0.4579923836568207,0.22578057718217082,0.4677765490333655,21.0,0.42649909831877597,0.5436313128125609,0.5,0.4,1.0,0.15,0.5,0.05,0.45,0.15,0.75,0.85,0.0,0.9,0.6,0.5436313128125609,0.626190302822524
synth/annular/amb0.55,655,1,0.27079933881759644,0.27079933881759644,annular,3029,3,0.02960205078125,0.015672091394662857,0.6908479259366023,0.20123065503177898,0.4579923836568207,0.22578057718217082,0.4677765490333655,21.0,0.42649909831877597,0.5436313128125609,0.5,0.4,1.0,0.15,0.5,0.05,0.45,0.15,0.75,0.85,0.0,0.9,0.6,0.5436313128125609,0.626190302822524
synth/scattered/amb0.35,656,1,0.0,0.0,scattered,3074,0,0.03759765625,0.006902278711398442,0.45070191984421987,0.5973644983678557,0.7853952255596284,0.5036477517167623,0.5022927215441075,7.0,0.12087953979401145,0.3660786894074476,0.5,0.4,1.0,0.15,0.5,0.05,0.45,0.15,0.75,0.85,0.0,0.9,0.6,0.7660786894074476,0.8998407961663242
synth/scattered/amb0.35,657,1,0.0,0.0,scattered,3074,1,0.0421142578125,0.09171880067636569,0.45070191984421987,0.5973644983678557,0.7853952255596284,0.5036477517167623,0.5022927215441075,7.0,0.12087953979401145,0.3660786894074476,0.5,0.4,1.0,0.15,0.5,0.05,0.45,0.15,0.75,0.85,0.0,0.9,0.6,0.7660786894074476,0.8998407961663242
synth/scattered/amb0.35,658,1,0.3320158123970032,0.3320158123970032,scattered,3074,2,0.021484375,0.0526341845591863,0.45070191984421987,0.5973644983678557,0.7853952255596284,0.5036477517167623,0.5022927215441075,7.0,0.12087953979401145,0.3660786894074476,0.5,0.4,1.0,0.15,0.5,0.05,0.45,0.15,0.75,0.85,0.0,0.9,0.6,0.7660786894074476,0.8998407961663242
synth/scattered/amb0.35,659,1,0.0,0.0,scattered,3074,3,0.02337646484375,0.020554230238000553,0.45070191984421987,0.5973644983678557,0.7853952255596284,0.5036477517167623,0.5022927215441075,7.0,0.12087953979401145,0.3660786894074476,0.5,0.4,1.0,0.15,0.5,0.05,0.45,0.15,0.75,0.85,0.0,0.9,0.6,0.7660786894074476,0.8998407961663242
synth/annular/amb0.45,660,1,0.36347198486328125,0.36347198486328125,annular,3077,0,0.0531005859375,0.269101120531559,0.33284285394787033,0.41971348261398855,0.3248128700088329,0.4174960037660478,0.8564830884856711,8.0,0.2598252346520228,0.49168513922839224,0.5,0.4,1.0,0.15,0.5,0.05,0.45,0.15,0.75,0.85,0.0,0.9,0.6,0.49168513922839224,0.7227499734886809
synth/annular/amb0.45,661,1,0.6713665723800659,0.6713665723800659,annular,3077,1,0.0687255859375,0.382674644390742,0.33284285394787033,0.41971348261398855,0.3248128700088329,0.4174960037660478,0.8564830884856711,8.0,0.2598252346520228,0.49168513922839224,0.5,0.4,1.0,0.15,0.5,0.05,0.45,0.15,0.75,0.85,0.0,0.9,0.6,0.49168513922839224,0.7227499734886809
synth/annular/amb0.45,662,1,0.8507831692695618,0.8507831692695618,annular,3077,2,0.0382080078125,0.18012170741955438,0.33284285394787033,0.41971348261398855,0.3248128700088329,0.4174960037660478,0.8564830884856711,8.0,0.2598252346520228,0.49168513922839224,0.5,0.4,1.0,0.15,0.5,0.05,0.45,0.15,0.75,0.85,0.0,0.9,0.6,0.49168513922839224,0.7227499734886809
synth/annular/amb0.45,663,1,0.17224881052970886,0.17224881052970886,annular,3077,3,0.017822265625,0.12096834182739258,0.33284285394787033,0.41971348261398855,0.3248128700088329,0.4174960037660478,0.8564830884856711,8.0,0.2598252346520228,0.49168513922839224,0.5,0.4,1.0,0.15,0.5,0.05,0.45,0.15,0.75,0.85,0.0,0.9,0.6,0.49168513922839224,0.7227499734886809
synth/tubular/amb0.35,664,1,0.4878135621547699,0.4878135621547699,tubular,3080,0,0.15966796875,0.34289567669232685,0.4783212332823706,0.849822520515179,0.8463115941797577,0.40921368556531723,0.5957354644309667,9.0,0.2911521587873971,0.38619667927959284,0.5,0.4,1.0,0.15,0.5,0.05,0.45,0.15,0.75,0.85,0.0,0.9,0.6,0.38619667927959284,1.0
synth/tubular/amb0.35,665,1,0.46282264590263367,0.46282264590263367,tubular,3080,1,0.2886962890625,0.3349909583727519,0.4783212332823706,0.849822520515179,0.8463115941797577,0.40921368556531723,0.5957354644309667,9.0,0.2911521587873971,0.38619667927959284,0.5,0.4,1.0,0.15,0.5,0.05,0.45,0.15,0.75,0.85,0.0,0.9,0.6,0.38619667927959284,1.0
synth/tubular/amb0.35,666,1,0.5799999833106995,0.5799999833106995,tubular,3080,2,0.2149658203125,0.3599243412415187,0.4783212332823706,0.849822520515179,0.8463115941797577,0.40921368556531723,0.5957354644309667,9.0,0.2911521587873971,0.38619667927959284,0.5,0.4,1.0,0.15,0.5,0.05,0.45,0.15,0.75,0.85,0.0,0.9,0.6,0.38619667927959284,1.0
synth/tubular/amb0.35,667,1,0.41515278816223145,0.41515278816223145,tubular,3080,3,0.20672607421875,0.3899053434530894,0.4783212332823706,0.849822520515179,0.8463115941797577,0.40921368556531723,0.5957354644309667,9.0,0.2911521587873971,0.38619667927959284,0.5,0.4,1.0,0.15,0.5,0.05,0.45,0.15,0.75,0.85,0.0,0.9,0.6,0.38619667927959284,1.0
synth/blob/amb0.75,668,1,0.0,0.0,blob,3096,0,0.00146484375,0.0,0.351012251751408,0.38282293598622597,0.5727867037302228,0.23107999355451114,0.7343151384538592,18.0,0.9908441487854229,0.7631177130549749,0.5,0.4,1.0,0.15,0.5,0.05,0.45,0.15,0.75,0.85,0.0,0.9,0.6,0.7631177130549749,0.7058024859404376
synth/blob/amb0.75,669,1,0.095238097012043,0.095238097012043,blob,3096,1,0.009765625,0.0029112081974744797,0.351012251751408,0.38282293598622597,0.5727867037302228,0.23107999355451114,0.7343151384538592,18.0,0.9908441487854229,0.7631177130549749,0.5,0.4,1.0,0.15,0.5,0.05,0.45,0.15,0.75,0.85,0.0,0.9,0.6,0.7631177130549749,0.7058024859404376
synth/blob/amb0.75,670,1,0.010256410576403141,0.010256410576403141,blob,3096,2,0.009521484375,0.0668337494134903,0.351012251751408,0.38282293598622597,0.5727867037302228,0.23107999355451114,0.7343151384538592,18.0,0.9908441487854229,0.7631177130549749,0.5,0.4,1.0,0.15,0.5,0.05,0.45,0.15,0.75,0.85,0.0,0.9,0.6,0.7631177130549749,0.7058024859404376
synth/blob/amb0.75,671,1,0.0,0.0,blob,3096,3,0.010009765625,0.0,0.351012251751408,0.38282293598622597,0.5727867037302228,0.23107999355451114,0.7343151384538592,18.0,0.9908441487854229,0.7631177130549749,0.5,0.4,1.0,0.15,0.5,0.05,0.45,0.15,0.75,0.85,0.0,0.9,0.6,0.7631177130549749,0.7058024859404376
synth/annular/amb0.75,672,1,0.5811966061592102,0.5811966061592102,annular,3104,0,0.00469970703125,0.005698005979259809,0.6103246517811651,0.2663612533209591,0.5929810121298844,0.2340619658750543,0.6815528597468572,22.0,0.8180332485557967,0.7204975210081668,0.5,0.4,1.0,0.15,0.5,0.05,0.45,0.15,0.75,0.85,0.0,0.9,0.6,0.7204975210081668,0.6897734175776753
synth/annular/amb0.75,673,1,0.0,0.0,annular,3104,1,0.00067138671875,0.0,0.6103246517811651,0.2663612533209591,0.5929810121298844,0.2340619658750543,0.6815528597468572,22.0,0.8180332485557967,0.7204975210081668,0.5,0.4,1.0,0.15,0.5,0.05,0.45,0.15,0.75,0.85,0.0,0.9,0.6,0.7204975210081668,0.6897734175776753
synth/annular/amb0.75,674,1,0.27272728085517883,0.27272728085517883,annular,3104,2,0.0032958984375,0.05333333214124044,0.6103246517811651,0.2663612533209591,0.5929810121298844,0.2340619658750543,0.6815528597468572,22.0,0.8180332485557967,0.7204975210081668,0.5,0.4,1.0,0.15,0.5,0.05,0.45,0.15,0.75,0.85,0.0,0.9,0.6,0.7204975210081668,0.6897734175776753
synth/annular/amb0.75,675,1,0.0,0.0,annular,3104,3,0.001708984375,0.0,0.6103246517811651,0.2663612533209591,0.5929810121298844,0.2340619658750543,0.6815528597468572,22.0,0.8180332485557967,0.7204975210081668,0.5,0.4,1.0,0.15,0.5,0.05,0.45,0.15,0.75,0.85,0.0,0.9,0.6,0.7204975210081668,0.6897734175776753
synth/annular/amb0.65,676,1,0.380952388048172,0.380952388048172,annular,3120,0,0.0308837890625,0.20460598667462668,0.7241681659641931,0.6518581742920015,0.7721798411196439,0.5112378668997597,0.861582513603214,8.0,0.8947162011250891,0.6537666987471711,0.5,0.4,1.0,0.15,0.5,0.05,0.45,0.15,0.75,0.85,0.0,0.9,0.6,0.6537666987471711,0.7058190119458196
synth/annular/amb0.65,677,1,0.41351887583732605,0.41351887583732605,annular,3120,1,0.03302001953125,0.3218262940645218,0.7241681659641931,0.6518581742920015,0.7721798411196439,0.5112378668997597,0.861582513603214,8.0,0.8947162011250891,0.6537666987471711,0.5,0.4,1.0,0.15,0.5,0.05,0.45,0.15,0.75,0.85,0.0,0.9,0.6,0.6537666987471711,0.7058190119458196
synth/annular/amb0.65,678,1,0.4444444477558136,0.4444444477558136,annular,3120,2,0.01861572265625,0.2348265846570333,0.7241681659641931,0.6518581742920015,0.7721798411196439,0.5112378668997597,0.861582513603214,8.0,0.8947162011250891,0.6537666987471711,0.5,0.4,1.0,0.15,0.5,0.05,0.45,0.15,0.75,0.85,0.0,0.9,0.6,0.6537666987471711,0.7058190119458196
synth/annular/amb0.65,679,1,0.46338796615600586,0.46338796615600586,annular,3120,3,0.02386474609375,0.22757847607135773,0.7241681659641931,0.6518581742920015,0.7721798411196439,0.5112378668997597,0.861582513603214,8.0,0.8947162011250891,0.6537666987471711,0.5,0.4,1.0,0.15,0.5,0.05,0.45,0.15,0.75,0.85,0.0,0.9,0.6,0.6537666987471711,0.7058190119458196
synth/elongated/amb0.75,680,1,0.3606102764606476,0.3606102764606476,elongated,3219,0,0.0205078125,0.13201223810513815,0.6359249148634931,0.708977391443552,0.6930938028924517,0.5727290567187355,0.8804352299903486,11.0,0.7958782713813604,0.7911174155736143,0.5,0.4,1.0,0.15,0.5,0.05,0.45,0.15,0.75,0.85,0.0,0.9,0.6,0.7911174155736143,0.6942384644660262
synth/elongated/amb0.75,681,1,0.5666316747665405,0.5666316747665405,elongated,3219,1,0.03533935546875,0.30897009869416553,0.6359249148634931,0.708977391443552,0.6930938028924517,0.5727290567187355,0.8804352299903486,11.0,0.7958782713813604,0.7911174155736143,0.5,0.4,1.0,0.15,0.5,0.05,0.45,0.15,0.75,0.85,0.0,0.9,0.6,0.7911174155736143,0.6942384644660262
synth/elongated/amb0.75,682,1,0.2619354724884033,0.2619354724884033,elongated,3219,2,0.0753173828125,0.41412170728047687,0.6359249148634931,0.708977391443552,0.6930938028924517,0.5727290567187355,0.8804352299903486,11.0,0.7958782713813604,0.7911174155736143,0.5,0.4,1.0,0.15,0.5,0.05,0.45,0.15,0.75,0.85,0.0,0.9,0.6,0.7911174155736143,0.6942384644660262
synth/elongated/amb0.75,683,1,0.11573237180709839,0.11573237180709839,elongated,3219,3,0.01470947265625,0.12859846154848734,0.6359249148634931,0.708977391443552,0.6930938028924517,0.5727290567187355,0.8804352299903486,11.0,0.7958782713813604,0.7911174155736143,0.5,0.4,1.0,0.15,0.5,0.05,0.45,0.15,0.75,0.85,0.0,0.9,0.6,0.7911174155736143,0.6942384644660262
synth/scattered/amb0.35,684,1,0.0,0.0,scattered,3233,0,0.0079345703125,0.0,0.46573707524185054,0.7290776847436093,0.6840449526326278,0.13133285939832107,0.3714939316087851,20.0,0.5812883311616027,0.3558400306846708,0.5,0.4,1.0,0.15,0.5,0.05,0.45,0.15,0.75,0.85,0.0,0.9,0.6,0.7558400306846709,0.9022936564196262
synth/scattered/amb0.35,685,1,0.15094339847564697,0.15094339847564697,scattered,3233,1,0.0057373046875,0.0,0.46573707524185054,0.7290776847436093,0.6840449526326278,0.13133285939832107,0.3714939316087851,20.0,0.5812883311616027,0.3558400306846708,0.5,0.4,1.0,0.15,0.5,0.05,0.45,0.15,0.75,0.85,0.0,0.9,0.6,0.7558400306846709,0.9022936564196262
synth/scattered/amb0.35,686,1,0.0,0.0,scattered,3233,2,0.0107421875,0.06760055323441823,0.46573707524185054,0.7290776847436093,0.6840449526326278,0.13133285939832107,0.3714939316087851,20.0,0.5812883311616027,0.3558400306846708,0.5,0.4,1.0,0.15,0.5,0.05,0.45,0.15,0.75,0.85,0.0,0.9,0.6,0.7558400306846709,0.9022936564196262
synth/scattered/amb0.35,687,1,0.042328041046857834,0.042328041046857834,scattered,3233,3,0.00982666015625,0.005167958637078603,0.46573707524185054,0.7290776847436093,0.6840449526326278,0.13133285939832107,0.3714939316087851,20.0,0.5812883311616027,0.3558400306846708,0.5,0.4,1.0,0.15,0.5,0.05,0.45,0.15,0.75,0.85,0.0,0.9,0.6,0.7558400306846709,0.9022936564196262
synth/scattered/amb0.75,688,1,0.1765463948249817,0.1765463948249817,scattered,3235,0,0.07073974609375,0.09880027857919534,0.4742835196910693,0.625741085898313,0.7607246273991288,0.496435397813943,0.34794548233085404,10.0,0.13591860150415602,0.721214202340303,0.5,0.4,1.0,0.15,0.5,0.05,0.45,0.15,0.75,0.85,0.0,0.9,0.6,1.0,0.855197724599088
synth/scattered/amb0.75,689,1,0.15965166687965393,0.15965166687965393,scattered,3235,1,0.02630615234375,0.13044735044240952,0.4742835196910693,0.625741085898313,0.7607246273991288,0.496435397813943,0.34794548233085404,10.0,0.13591860150415602,0.721214202340303,0.5,0.4,1.0,0.15,0.5,0.05,0.45,0.15,0.75,0.85,0.0,0.9,0.6,1.0,0.855197724599088
synth/scattered/amb0.75,690,1,0.1236802414059639,0.1236802414059639,scattered,3235,2,0.0179443359375,0.07845262655367453,0.4742835196910693,0.625741085898313,0.7607246273991288,0.496435397813943,0.34794548233085404,10.0,0.13591860150415602,0.721214202340303,0.5,0.4,1.0,0.15,0.5,0.05,0.45,0.15,0.75,0.85,0.0,0.9,0.6,1.0,0.855197724599088
synth/scattered/amb0.75,691,1,0.12205754220485687,0.12205754220485687,scattered,3235,3,0.04266357421875,0.11844711067775886,0.4742835196910693,0.625741085898313,0.7607246273991288,0.496435397813943,0.34794548233085404,10.0,0.13591860150415602,0.721214202340303,0.5,0.4,1.0,0.15,0.5,0.05,0.45,0.15,0.75,0.85,0.0,0.9,0.6,1.0,0.855197724599088
synth/tubular/amb0.55,692,1,0.3990241289138794,0.3990241289138794,tubular,3238,0,0.12567138671875,0.28514074472089607,0.47819527622093894,0.37469167353514315,0.532145522550336,0.23663962242811926,0.858188195698109,18.0,0.5996045704860575,0.5099518093306603,0.5,0.4,1.0,0.15,0.5,0.05,0.45,0.15,0.75,0.85,0.0,0.9,0.6,0.5099518093306603,1.0
synth/tubular/amb0.55,693,1,0.45241808891296387,0.45241808891296387,tubular,3238,1,0.12957763671875,0.33461831013361615,0.47819527622093894,0.37469167353514315,0.532145522550336,0.23663962242811926,0.858188195698109,18.0,0.5996045704860575,0.5099518093306603,0.5,0.4,1.0,0.15,0.5,0.05,0.45,0.15,0.75,0.85,0.0,0.9,0.6,0.5099518093306603,1.0
synth/tubular/amb0.55,694,1,0.4718894064426422,0.4718894064426422,tubular,3238,2,0.1236572265625,0.32917254169782,0.47819527622093894,0.37469167353514315,0.532145522550336,0.23663962242811926,0.858188195698109,18.0,0.5996045704860575,0.5099518093306603,0.5,0.4,1.0,0.15,0.5,0.05,0.45,0.15,0.75,0.85,0.0,0.9,0.6,0.5099518093306603,1.0
synth/tubular/amb0.55,695,1,0.37960124015808105,0.37960124015808105,tubular,3238,3,0.10394287109375,0.2633012806375821,0.47819527622093894,0.37469167353514315,0.532145522550336,0.23663962242811926,0.858188195698109,18.0,0.5996045704860575,0.5099518093306603,0.5,0.4,1.0,0.15,0.5,0.05,0.45,0.15,0.75,0.85,0.0,0.9,0.6,0.5099518093306603,1.0
synth/scattered/amb0.65,696,1,0.013333333656191826,0.013333333656191826,scattered,3245,0,0.00384521484375,0.03470319757858912,0.4739535509423052,0.37645618957168947,0.520754545135654,0.318675458461525,0.3397448754789562,10.0,0.5569793522880696,0.642300305172382,0.5,0.4,1.0,0.15,0.5,0.05,0.45,0.15,0.75,0.85,0.0,0.9,0.6,1.0,0.880230397458591
synth/scattered/amb0.65,697,1,0.007407407276332378,0.007407407276332378,scattered,3245,1,0.009033203125,0.0,0.4739535509423052,0.37645618957168947,0.520754545135654,0.318675458461525,0.3397448754789562,10.0,0.5569793522880696,0.642300305172382,0.5,0.4,1.0,0.15,0.5,0.05,0.45,0.15,0.75,0.85,0.0,0.9,0.6,1.0,0.880230397458591
synth/scattered/amb0.65,698,1,0.4264264404773712,0.4264264404773712,scattered,3245,2,0.0096435546875,0.13969937960306802,0.4739535509423052,0.37645618957168947,0.520754545135654,0.318675458461525,0.3397448754789562,10.0,0.5569793522880696,0.642300305172382,0.5,0.4,1.0,0.15,0.5,0.05,0.45,0.15,0.75,0.85,0.0,0.9,0.6,1.0,0.880230397458591
synth/scattered/amb0.65,699,1,0.21082621812820435,0.21082621812820435,scattered,3245,3,0.01788330078125,0.023832527299722035,0.4739535509423052,0.37645618957168947,0.520754545135654,0.318675458461525,0.3397448754789562,10.0,0.5569793522880696,0.642300305172382,0.5,0.4,1.0,0.15,0.5,0.05,0.45,0.15,0.75,0.85,0.0,0.9,0.6,1.0,0.880230397458591
synth/tubular/amb0.45,700,1,0.14046822488307953,0.14046822488307953,tubular,3253,0,0.0465087890625,0.04947990559351941,0.5223399385182059,0.3420748899382564,0.5714118919328,0.4991546347576447,0.5286690073762463,8.0,0.6549911755280268,0.48587047204206313,0.5,0.4,1.0,0.15,0.5,0.05,0.45,0.15,0.75,0.85,0.0,0.9,0.6,0.48587047204206313,1.0
synth/tubular/amb0.45,701,1,0.04272634908556938,0.04272634908556938,tubular,3253,1,0.036865234375,0.04649381060153246,0.5223399385182059,0.3420748899382564,0.5714118919328,0.4991546347576447,0.5286690073762463,8.0,0.6549911755280268,0.48587047204206313,0.5,0.4,1.0,0.15,0.5,0.05,0.45,0.15,0.75,0.85,0.0,0.9,0.6,0.48587047204206313,1.0
synth/tubular/amb0.45,702,1,0.010152284055948257,0.010152284055948257,tubular,3253,2,0.02642822265625,0.03875468034918109,0.5223399385182059,0.3420748899382564,0.5714118919328,0.4991546347576447,0.5286690073762463,8.0,0.6549911755280268,0.48587047204206313,0.5,0.4,1.0,0.15,0.5,0.05,0.45,0.15,0.75,0.85,0.0,0.9,0.6,0.48587047204206313,1.0
synth/tubular/amb0.45,703,1,0.04909409582614899,0.04909409582614899,tubular,3253,3,0.08758544921875,0.04112423459688822,0.5223399385182059,0.3420748899382564,0.5714118919328,0.4991546347576447,0.5286690073762463,8.0,0.6549911755280268,0.48587047204206313,0.5,0.4,1.0,0.15,0.5,0.05,0.45,0.15,0.75,0.85,0.0,0.9,0.6,0.48587047204206313,1.0
synth/scattered/amb0.45,704,1,0.10772833973169327,0.10772833973169327,scattered,3258,0,0.02685546875,0.0832728495200475,0.3517681932270718,0.4255622701413404,0.4075826966382956,0.3318399389695733,0.9787191492639582,11.0,0.050433455330991306,0.4068500105963092,0.5,0.4,1.0,0.15,0.5,0.05,0.45,0.15,0.75,0.85,0.0,0.9,0.6,0.8068500105963092,1.0
synth/scattered/amb0.45,705,1,0.28471001982688904,0.28471001982688904,scattered,3258,1,0.0213623046875,0.11367300463219483,0.3517681932270718,0.4255622701413404,0.4075826966382956,0.3318399389695733,0.9787191492639582,11.0,0.050433455330991306,0.4068500105963092,0.5,0.4,1.0,0.15,0.5,0.05,0.45,0.15,0.75,0.85,0.0,0.9,0.6,0.8068500105963092,1.0
synth/scattered/amb0.45,706,1,0.35336539149284363,0.35336539149284363,scattered,3258,2,0.03662109375,0.12170207252105077,0.3517681932270718,0.4255622701413404,0.4075826966382956,0.3318399389695733,0.9787191492639582,11.0,0.050433455330991306,0.4068500105963092,0.5,0.4,1.0,0.15,0.5,0.05,0.45,0.15,0.75,0.85,0.0,0.9,0.6,0.8068500105963092,1.0
synth/scattered/amb0.45,707,1,0.027888447046279907,0.027888447046279907,scattered,3258,3,0.0184326171875,0.06143106520175934,0.3517681932270718,0.4255622701413404,0.4075826966382956,0.3318399389695733,0.9787191492639582,11.0,0.050433455330991306,0.4068500105963092,0.5,0.4,1.0,0.15,0.5,0.05,0.45,0.15,0.75,0.85,0.0,0.9,0.6,0.8068500105963092,1.0
synth/tubular/amb0.75,708,1,0.4530973434448242,0.4530973434448242,tubular,3265,0,0.01434326171875,0.031320606668790184,0.8016141843434634,0.3074255468328526,0.42011118179596446,0.49277657292480204,0.8029762087826264,8.0,0.8327677024150762,0.798593173986824,0.5,0.4,1.0,0.15,0.5,0.05,0.45,0.15,0.75,0.85,0.0,0.9,0.6,0.798593173986824,1.0
synth/tubular/amb0.75,709,1,0.2668759822845459,0.2668759822845459,tubular,3265,1,0.02056884765625,0.24826018263896307,0.8016141843434634,0.3074255468328526,0.42011118179596446,0.49277657292480204,0.8029762087826264,8.0,0.8327677024150762,0.798593173986824,0.5,0.4,1.0,0.15,0.5,0.05,0.45,0.15,0.75,0.85,0.0,0.9,0.6,0.798593173986824,1.0
synth/tubular/amb0.75,710,1,0.2197125256061554,0.2197125256061554,tubular,3265,2,0.04486083984375,0.2907887150843938,0.8016141843434634,0.3074255468328526,0.42011118179596446,0.49277657292480204,0.8029762087826264,8.0,0.8327677024150762,0.798593173986824,0.5,0.4,1.0,0.15,0.5,0.05,0.45,0.15,0.75,0.85,0.0,0.9,0.6,0.798593173986824,1.0
synth/tubular/amb0.75,711,1,0.48675915598869324,0.48675915598869324,tubular,3265,3,0.02606201171875,0.15025259802738825,0.8016141843434634,0.3074255468328526,0.42011118179596446,0.49277657292480204,0.8029762087826264,8.0,0.8327677024150762,0.798593173986824,0.5,0.4,1.0,0.15,0.5,0.05,0.45,0.15,0.75,0.85,0.0,0.9,0.6,0.798593173986824,1.0
synth/blob/amb0.55,712,1,0.6096256971359253,0.6096256971359253,blob,3314,0,0.01324462890625,0.0485737263225019,0.40332744856208946,0.35751192638535,0.5939265112733272,0.3033104384159595,0.3995782287263038,9.0,0.008575891913582878,0.5235576853080465,0.5,0.4,1.0,0.15,0.5,0.05,0.45,0.15,0.75,0.85,0.0,0.9,0.6,0.5235576853080465,0.5996623253238261
synth/blob/amb0.55,713,1,0.5596708059310913,0.5596708059310913,blob,3314,1,0.02081298828125,0.16676932324965796,0.40332744856208946,0.35751192638535,0.5939265112733272,0.3033104384159595,0.3995782287263038,9.0,0.008575891913582878,0.5235576853080465,0.5,0.4,1.0,0.15,0.5,0.05,0.45,0.15,0.75,0.85,0.0,0.9,0.6,0.5235576853080465,0.5996623253238261
synth/blob/amb0.55,714,1,0.42786070704460144,0.42786070704460144,blob,3314,2,0.0068359375,0.016299644485116005,0.40332744856208946,0.35751192638535,0.5939265112733272,0.3033104384159595,0.3995782287263038,9.0,0.008575891913582878,0.5235576853080465,0.5,0.4,1.0,0.15,0.5,0.05,0.45,0.15,0.75,0.85,0.0,0.9,0.6,0.5235576853080465,0.5996623253238261
synth/blob/amb0.55,715,1,0.0,0.0,blob,3314,3,0.01324462890625,0.0,0.40332744856208946,0.35751192638535,0.5939265112733272,0.3033104384159595,0.3995782287263038,9.0,0.008575891913582878,0.5235576853080465,0.5,0.4,1.0,0.15,0.5,0.05,0.45,0.15,0.75,0.85,0.0,0.9,0.6,0.5235576853080465,0.5996623253238261
synth/elongated/amb0.75,716,1,0.0,0.0,elongated,3320,0,0.01611328125,0.07944732407728831,0.8676715539904021,0.4165428936408477,0.3047241420989984,0.2743783445987056,0.7411334640079097,21.0,0.10085620281242902,0.7662181923084076,0.5,0.4,1.0,0.15,0.5,0.05,0.45,0.15,0.75,0.85,0.0,0.9,0.6,0.7662181923084076,0.7046500856122193
synth/elongated/amb0.75,717,1,0.017341040074825287,0.017341040074825287,elongated,3320,1,0.01263427734375,0.04651163021723429,0.8676715539904021,0.4165428936408477,0.3047241420989984,0.2743783445987056,0.7411334640079097,21.0,0.10085620281242902,0.7662181923084076,0.5,0.4,1.0,0.15,0.5,0.05,0.45,0.15,0.75,0.85,0.0,0.9,0.6,0.7662181923084076,0.7046500856122193
synth/elongated/amb0.75,718,1,0.0,0.0,elongated,3320,2,0.0054931640625,0.0,0.8676715539904021,0.4165428936408477,0.3047241420989984,0.2743783445987056,0.7411334640079097,21.0,0.10085620281242902,0.7662181923084076,0.5,0.4,1.0,0.15,0.5,0.05,0.45,0.15,0.75,0.85,0.0,0.9,0.6,0.7662181923084076,0.7046500856122193
synth/elongated/amb0.75,719,1,0.006211180239915848,0.006211180239915848,elongated,3320,3,0.01190185546875,0.2793891665836175,0.8676715539904021,0.4165428936408477,0.3047241420989984,0.2743783445987056,0.7411334640079097,21.0,0.10085620281242902,0.7662181923084076,0.5,0.4,1.0,0.15,0.5,0.05,0.45,0.15,0.75,0.85,0.0,0.9,0.6,0.7662181923084076,0.7046500856122193
synth/elongated/amb0.75,720,1,0.04220779240131378,0.04220779240131378,elongated,3340,0,0.016845703125,0.3234062281747659,0.3206976769399397,0.45206205061802224,0.5707596884444612,0.2989268495308831,0.9169186382057528,16.0,0.7073647391025966,0.7507566588066152,0.5,0.4,1.0,0.15,0.5,0.05,0.45,0.15,0.75,0.85,0.0,0.9,0.6,0.7507566588066152,0.7552683633410155
synth/elongated/amb0.75,721,1,0.1550000011920929,0.1550000011920929,elongated,3340,1,0.0123291015625,0.23571807146072388,0.3206976769399397,0.45206205061802224,0.5707596884444612,0.2989268495308831,0.9169186382057528,16.0,0.7073647391025966,0.7507566588066152,0.5,0.4,1.0,0.15,0.5,0.05,0.45,0.15,0.75,0.85,0.0,0.9,0.6,0.7507566588066152,0.7552683633410155
synth/elongated/amb0.75,722,1,0.0,0.0,elongated,3340,2,0.05059814453125,0.12914751966794333,0.3206976769399397,0.45206205061802224,0.5707596884444612,0.2989268495308831,0.9169186382057528,16.0,0.7073647391025966,0.7507566588066152,0.5,0.4,1.0,0.15,0.5,0.05,0.45,0.15,0.75,0.85,0.0,0.9,0.6,0.7507566588066152,0.7552683633410155
synth/elongated/amb0.75,723,1,0.0,0.0,elongated,3340,3,0.021484375,0.16701896488666534,0.3206976769399397,0.45206205061802224,0.5707596884444612,0.2989268495308831,0.9169186382057528,16.0,0.7073647391025966,0.7507566588066152,0.5,0.4,1.0,0.15,0.5,0.05,0.45,0.15,0.75,0.85,0.0,0.9,0.6,0.7507566588066152,0.7552683633410155
synth/tubular/amb0.65,724,1,0.5100622177124023,0.5100622177124023,tubular,3392,0,0.1640625,0.43871448437372845,0.3504503248329019,0.384501487124067,0.6529578274725487,0.15432070884116172,0.68441335382239,16.0,0.17160839434743014,0.6060014638265173,0.5,0.4,1.0,0.15,0.5,0.05,0.45,0.15,0.75,0.85,0.0,0.9,0.6,0.6060014638265173,1.0
synth/tubular/amb0.65,725,1,0.48729854822158813,0.48729854822158813,tubular,3392,1,0.26678466796875,0.49045904477437335,0.3504503248329019,0.384501487124067,0.6529578274725487,0.15432070884116172,0.68441335382239,16.0,0.17160839434743014,0.6060014638265173,0.5,0.4,1.0,0.15,0.5,0.05,0.45,0.15,0.75,0.85,0.0,0.9,0.6,0.6060014638265173,1.0
synth/tubular/amb0.65,726,1,0.643831193447113,0.643831193447113,tubular,3392,2,0.1990966796875,0.5372757514317831,0.3504503248329019,0.384501487124067,0.6529578274725487,0.15432070884116172,0.68441335382239,16.0,0.17160839434743014,0.6060014638265173,0.5,0.4,1.0,0.15,0.5,0.05,0.45,0.15,0.75,0.85,0.0,0.9,0.6,0.6060014638265173,1.0
synth/tubular/amb0.65,727,1,0.5111047625541687,0.5111047625541687,tubular,3392,3,0.22760009765625,0.42814424137274426,0.3504503248329019,0.384501487124067,0.6529578274725487,0.15432070884116172,0.68441335382239,16.0,0.17160839434743014,0.6060014638265173,0.5,0.4,1.0,0.15,0.5,0.05,0.45,0.15,0.75,0.85,0.0,0.9,0.6,0.6060014638265173,1.0
synth/elongated/amb0.65,728,1,0.11304347962141037,0.11304347962141037,elongated,3401,0,0.00982666015625,0.15312151610851288,0.77003401240113,0.6271106305749281,0.8496763039712387,0.28074700804325625,0.46298783668612553,18.0,0.6464201836134571,0.6476086353613333,0.5,0.4,1.0,0.15,0.5,0.05,0.45,0.15,0.75,0.85,0.0,0.9,0.6,0.6476086353613333,0.6206798894991102
synth/elongated/amb0.65,729,1,0.0,0.0,elongated,3401,1,0.02691650390625,0.06103161256760359,0.77003401240113,0.6271106305749281,0.8496763039712387,0.28074700804325625,0.46298783668612553,18.0,0.6464201836134571,0.6476086353613333,0.5,0.4,1.0,0.15,0.5,0.05,0.45,0.15,0.75,0.85,0.0,0.9,0.6,0.6476086353613333,0.6206798894991102
synth/elongated/amb0.65,730,1,0.24799999594688416,0.24799999594688416,elongated,3401,2,0.00628662109375,0.028937730006873608,0.77003401240113,0.6271106305749281,0.8496763039712387,0.28074700804325625,0.46298783668612553,18.0,0.6464201836134571,0.6476086353613333,0.5,0.4,1.0,0.15,0.5,0.05,0.45,0.15,0.75,0.85,0.0,0.9,0.6,0.6476086353613333,0.6206798894991102
synth/elongated/amb0.65,731,1,0.34772181510925293,0.34772181510925293,elongated,3401,3,0.03472900390625,0.3707331915696462,0.77003401240113,0.6271106305749281,0.8496763039712387,0.28074700804325625,0.46298783668612553,18.0,0.6464201836134571,0.6476086353613333,0.5,0.4,1.0,0.15,0.5,0.05,0.45,0.15,0.75,0.85,0.0,0.9,0.6,0.6476086353613333,0.6206798894991102
synth/scattered/amb0.55,732,1,0.26050421595573425,0.26050421595573425,scattered,3406,0,0.01123046875,0.02369904580215613,0.49185751972158176,0.578096783986904,0.755703968273383,0.4809649221188609,0.6553500271506781,24.0,0.43030445371331527,0.5821369765372892,0.5,0.4,1.0,0.15,0.5,0.05,0.45,0.15,0.75,0.85,0.0,0.9,0.6,0.9821369765372893,0.9508013833365581
synth/scattered/amb0.55,733,1,0.20036101341247559,0.20036101341247559,scattered,3406,1,0.0404052734375,0.1165019025405248,0.49185751972158176,0.578096783986904,0.755703968273383,0.4809649221188609,0.6553500271506781,24.0,0.43030445371331527,0.5821369765372892,0.5,0.4,1.0,0.15,0.5,0.05,0.45,0.15,0.75,0.85,0.0,0.9,0.6,0.9821369765372893,0.9508013833365581
synth/scattered/amb0.55,734,1,0.40942561626434326,0.40942561626434326,scattered,3406,2,0.0634765625,0.042969439178705215,0.49185751972158176,0.578096783986904,0.755703968273383,0.4809649221188609,0.6553500271506781,24.0,0.43030445371331527,0.5821369765372892,0.5,0.4,1.0,0.15,0.5,0.05,0.45,0.15,0.75,0.85,0.0,0.9,0.6,0.9821369765372893,0.9508013833365581
synth/scattered/amb0.55,735,1,0.3433874845504761,0.3433874845504761,scattered,3406,3,0.01593017578125,0.06902046004931132,0.49185751972158176,0.578096783986904,0.755703968273383,0.4809649221188609,0.6553500271506781,24.0,0.43030445371331527,0.5821369765372892,0.5,0.4,1.0,0.15,0.5,0.05,0.45,0.15,0.75,0.85,0.0,0.9,0.6,0.9821369765372893,0.9508013833365581
synth/elongated/amb0.65,736,1,0.5427135825157166,0.5427135825157166,elongated,3409,0,0.00787353515625,0.11221345514059067,0.804542885491371,0.7157535350133255,0.668972364964854,0.20065934472231906,0.5353454901013783,7.0,0.650014338982808,0.6419062887676904,0.5,0.4,1.0,0.15,0.5,0.05,0.45,0.15,0.75,0.85,0.0,0.9,0.6,0.6419062887676904,0.6480060215244657
synth/elongated/amb0.65,737,1,0.3511904776096344,0.3511904776096344,elongated,3409,1,0.01141357421875,0.0277243599606057,0.804542885491371,0.7157535350133255,0.668972364964854,0.20065934472231906,0.5353454901013783,7.0,0.650014338982808,0.6419062887676904,0.5,0.4,1.0,0.15,0.5,0.05,0.45,0.15,0.75,0.85,0.0,0.9,0.6,0.6419062887676904,0.6480060215244657
synth/elongated/amb0.65,738,1,0.0,0.0,elongated,3409,2,0.010009765625,0.10512820879618327,0.804542885491371,0.7157535350133255,0.668972364964854,0.20065934472231906,0.5353454901013783,7.0,0.650014338982808,0.6419062887676904,0.5,0.4,1.0,0.15,0.5,0.05,0.45,0.15,0.75,0.85,0.0,0.9,0.6,0.6419062887676904,0.6480060215244657
synth/elongated/amb0.65,739,1,0.38051751255989075,0.38051751255989075,elongated,3409,3,0.03125,0.2108624428510666,0.804542885491371,0.7157535350133255,0.668972364964854,0.20065934472231906,0.5353454901013783,7.0,0.650014338982808,0.6419062887676904,0.5,0.4,1.0,0.15,0.5,0.05,0.45,0.15,0.75,0.85,0.0,0.9,0.6,0.6419062887676904,0.6480060215244657
synth/scattered/amb0.45,740,1,0.5423728823661804,0.5423728823661804,scattered,3417,0,0.00848388671875,0.0,0.4874451963155919,0.6911856425593292,0.5689889844232194,0.24649686313951308,0.6630190505437001,12.0,0.33708916977245185,0.4612106042610996,0.5,0.4,1.0,0.15,0.5,0.05,0.45,0.15,0.75,0.85,0.0,0.9,0.6,0.8612106042610996,0.9833473582317485
synth/scattered/amb0.45,741,1,0.043478261679410934,0.043478261679410934,scattered,3417,1,0.00677490234375,0.10933129489421844,0.4874451963155919,0.6911856425593292,0.5689889844232194,0.24649686313951308,0.6630190505437001,12.0,0.33708916977245185,0.4612106042610996,0.5,0.4,1.0,0.15,0.5,0.05,0.45,0.15,0.75,0.85,0.0,0.9,0.6,0.8612106042610996,0.9833473582317485
synth/scattered/amb0.45,742,1,0.0308880303055048,0.0308880303055048,scattered,3417,2,0.01141357421875,0.02130325883626938,0.4874451963155919,0.6911856425593292,0.5689889844232194,0.24649686313951308,0.6630190505437001,12.0,0.33708916977245185,0.4612106042610996,0.5,0.4,1.0,0.15,0.5,0.05,0.45,0.15,0.75,0.85,0.0,0.9,0.6,0.8612106042610996,0.9833473582317485
synth/scattered/amb0.45,743,1,0.07792207598686218,0.07792207598686218,scattered,3417,3,0.00860595703125,0.07238095005353291,0.4874451963155919,0.6911856425593292,0.5689889844232194,0.24649686313951308,0.6630190505437001,12.0,0.33708916977245185,0.4612106042610996,0.5,0.4,1.0,0.15,0.5,0.05,0.45,0.15,0.75,0.85,0.0,0.9,0.6,0.8612106042610996,0.9833473582317485
synth/tubular/amb0.75,744,1,0.30802813172340393,0.30802813172340393,tubular,3472,0,0.17425537109375,0.2229111691315969,0.45803124882788804,0.2877107382632546,0.6277313033666008,0.1292174550982188,0.45464526227369495,6.0,0.6714343582320617,0.7441221105668487,0.5,0.4,1.0,0.15,0.5,0.05,0.45,0.15,0.75,0.85,0.0,0.9,0.6,0.7441221105668487,1.0
synth/tubular/amb0.75,745,1,0.4691455662250519,0.4691455662250519,tubular,3472,1,0.0972900390625,0.24847304821014404,0.45803124882788804,0.2877107382632546,0.6277313033666008,0.1292174550982188,0.45464526227369495,6.0,0.6714343582320617,0.7441221105668487,0.5,0.4,1.0,0.15,0.5,0.05,0.45,0.15,0.75,0.85,0.0,0.9,0.6,0.7441221105668487,1.0
synth/tubular/amb0.75,746,1,0.26306915283203125,0.26306915283203125,tubular,3472,2,0.17645263671875,0.19245694080988565,0.45803124882788804,0.2877107382632546,0.6277313033666008,0.1292174550982188,0.45464526227369495,6.0,0.6714343582320617,0.7441221105668487,0.5,0.4,1.0,0.15,0.5,0.05,0.45,0.15,0.75,0.85,0.0,0.9,0.6,0.7441221105668487,1.0
synth/tubular/amb0.75,747,1,0.06193353608250618,0.06193353608250618,tubular,3472,3,0.03643798828125,0.10760312527418137,0.45803124882788804,0.2877107382632546,0.6277313033666008,0.1292174550982188,0.45464526227369495,6.0,0.6714343582320617,0.7441221105668487,0.5,0.4,1.0,0.15,0.5,0.05,0.45,0.15,0.75,0.85,0.0,0.9,0.6,0.7441221105668487,1.0
synth/tubular/amb0.65,748,1,0.43008100986480713,0.43008100986480713,tubular,3476,0,0.262451171875,0.5152660508950552,0.4469434616739343,0.6016707393133605,0.8586982605931746,0.5857171563951371,0.7147288230271058,14.0,0.20452899280225334,0.6753881736236437,0.5,0.4,1.0,0.15,0.5,0.05,0.45,0.15,0.75,0.85,0.0,0.9,0.6,0.6753881736236437,1.0
synth/tubular/amb0.65,749,1,0.5194228887557983,0.5194228887557983,tubular,3476,1,0.18121337890625,0.4464041007061799,0.4469434616739343,0.6016707393133605,0.8586982605931746,0.5857171563951371,0.7147288230271058,14.0,0.20452899280225334,0.6753881736236437,0.5,0.4,1.0,0.15,0.5,0.05,0.45,0.15,0.75,0.85,0.0,0.9,0.6,0.6753881736236437,1.0
synth/tubular/amb0.65,750,1,0.7481609582901001,0.7481609582901001,tubular,3476,2,0.15264892578125,0.5380494296550751,0.4469434616739343,0.6016707393133605,0.8586982605931746,0.5857171563951371,0.7147288230271058,14.0,0.20452899280225334,0.6753881736236437,0.5,0.4,1.0,0.15,0.5,0.05,0.45,0.15,0.75,0.85,0.0,0.9,0.6,0.6753881736236437,1.0
synth/tubular/amb0.65,751,1,0.4600987136363983,0.4600987136363983,tubular,3476,3,0.45440673828125,0.32209295717378456,0.4469434616739343,0.6016707393133605,0.8586982605931746,0.5857171563951371,0.7147288230271058,14.0,0.20452899280225334,0.6753881736236437,0.5,0.4,1.0,0.15,0.5,0.05,0.45,0.15,0.75,0.85,0.0,0.9,0.6,0.6753881736236437,1.0
synth/elongated/amb0.55,752,1,0.4947735071182251,0.4947735071182251,elongated,3480,0,0.0374755859375,0.32278206944465637,0.8870173234900258,0.6029351946894905,0.7460336738040705,0.3912072750648976,0.34582418759122546,11.0,0.3974823357088815,0.5169304294667316,0.5,0.4,1.0,0.15,0.5,0.05,0.45,0.15,0.75,0.85,0.0,0.9,0.6,0.5169304294667316,0.573451307734925
synth/elongated/amb0.55,753,1,0.0,0.0,elongated,3480,1,0.03912353515625,0.1929700244218111,0.8870173234900258,0.6029351946894905,0.7460336738040705,0.3912072750648976,0.34582418759122546,11.0,0.3974823357088815,0.5169304294667316,0.5,0.4,1.0,0.15,0.5,0.05,0.45,0.15,0.75,0.85,0.0,0.9,0.6,0.5169304294667316,0.573451307734925
synth/elongated/amb0.55,754,1,0.0,0.0,elongated,3480,2,0.0084228515625,0.20256957908471426,0.8870173234900258,0.6029351946894905,0.7460336738040705,0.3912072750648976,0.34582418759122546,11.0,0.3974823357088815,0.5169304294667316,0.5,0.4,1.0,0.15,0.5,0.05,0.45,0.15,0.75,0.85,0.0,0.9,0.6,0.5169304294667316,0.573451307734925
synth/elongated/amb0.55,755,1,0.10948905348777771,0.10948905348777771,elongated,3480,3,0.01708984375,0.0695981743435065,0.8870173234900258,0.6029351946894905,0.7460336738040705,0.3912072750648976,0.34582418759122546,11.0,0.3974823357088815,0.5169304294667316,0.5,0.4,1.0,0.15,0.5,0.05,0.45,0.15,0.75,0.85,0.0,0.9,0.6,0.5169304294667316,0.573451307734925
synth/scattered/amb0.55,756,1,0.19750718772411346,0.19750718772411346,scattered,3487,0,0.0347900390625,0.16509007414182028,0.8602239535999467,0.3919651576849783,0.486380047743525,0.4919304094780798,0.7789714558423668,9.0,0.8237373000868434,0.5869424865050146,0.5,0.4,1.0,0.15,0.5,0.05,0.45,0.15,0.75,0.85,0.0,0.9,0.6,0.9869424865050146,0.9855154273100162
synth/scattered/amb0.55,757,1,0.12903225421905518,0.12903225421905518,scattered,3487,1,0.01702880859375,0.19293387234210968,0.8602239535999467,0.3919651576849783,0.486380047743525,0.4919304094780798,0.7789714558423668,9.0,0.8237373000868434,0.5869424865050146,0.5,0.4,1.0,0.15,0.5,0.05,0.45,0.15,0.75,0.85,0.0,0.9,0.6,0.9869424865050146,0.9855154273100162
synth/scattered/amb0.55,758,1,0.298953652381897,0.298953652381897,scattered,3487,2,0.04864501953125,0.2227366715669632,0.8602239535999467,0.3919651576849783,0.486380047743525,0.4919304094780798,0.7789714558423668,9.0,0.8237373000868434,0.5869424865050146,0.5,0.4,1.0,0.15,0.5,0.05,0.45,0.15,0.75,0.85,0.0,0.9,0.6,0.9869424865050146,0.9855154273100162
synth/scattered/amb0.55,759,1,0.0026041667442768812,0.0026041667442768812,scattered,3487,3,0.0797119140625,0.2605268359184265,0.8602239535999467,0.3919651576849783,0.486380047743525,0.4919304094780798,0.7789714558423668,9.0,0.8237373000868434,0.5869424865050146,0.5,0.4,1.0,0.15,0.5,0.05,0.45,0.15,0.75,0.85,0.0,0.9,0.6,0.9869424865050146,0.9855154273100162
synth/scattered/amb0.45,760,1,0.0,0.0,scattered,3659,0,0.007080078125,0.040348172187805176,0.5978219515397758,0.2998414350712464,0.3596534582096341,0.36065662137456667,0.8785727379358339,9.0,0.6515905683765362,0.4470729757215655,0.5,0.4,1.0,0.15,0.5,0.05,0.45,0.15,0.75,0.85,0.0,0.9,0.6,0.8470729757215656,1.0
synth/scattered/amb0.45,761,1,0.0,0.0,scattered,3659,1,0.0093994140625,0.019665683309237163,0.5978219515397758,0.2998414350712464,0.3596534582096341,0.36065662137456667,0.8785727379358339,9.0,0.6515905683765362,0.4470729757215655,0.5,0.4,1.0,0.15,0.5,0.05,0.45,0.15,0.75,0.85,0.0,0.9,0.6,0.8470729757215656,1.0
synth/scattered/amb0.45,762,1,0.0,0.0,scattered,3659,2,0.0,0.0,0.5978219515397758,0.2998414350712464,0.3596534582096341,0.36065662137456667,0.8785727379358339,9.0,0.6515905683765362,0.4470729757215655,0.5,0.4,1.0,0.15,0.5,0.05,0.45,0.15,0.75,0.85,0.0,0.9,0.6,0.8470729757215656,1.0
synth/scattered/amb0.45,763,1,0.0,0.0,scattered,3659,3,0.00634765625,0.05574912826220194,0.5978219515397758,0.2998414350712464,0.3596534582096341,0.36065662137456667,0.8785727379358339,9.0,0.6515905683765362,0.4470729757215655,0.5,0.4,1.0,0.15,0.5,0.05,0.45,0.15,0.75,0.85,0.0,0.9,0.6,0.8470729757215656,1.0
synth/blob/amb0.75,764,1,0.4977099299430847,0.4977099299430847,blob,3666,0,0.01275634765625,0.2329733967781067,0.7591289584659779,0.8903253083429861,0.5692481931399147,0.5448451732048246,0.6116900952002919,15.0,0.629937965514822,0.731299282005358,0.5,0.4,1.0,0.15,0.5,0.05,0.45,0.15,0.75,0.85,0.0,0.9,0.6,0.731299282005358,0.6220374336990667
synth/blob/amb0.75,765,1,0.3876543343067169,0.3876543343067169,blob,3666,1,0.03460693359375,0.18176273504892984,0.7591289584659779,0.8903253083429861,0.5692481931399147,0.5448451732048246,0.6116900952002919,15.0,0.629937965514822,0.731299282005358,0.5,0.4,1.0,0.15,0.5,0.05,0.45,0.15,0.75,0.85,0.0,0.9,0.6,0.731299282005358,0.6220374336990667
synth/blob/amb0.75,766,1,0.11513157933950424,0.11513157933950424,blob,3666,2,0.02166748046875,0.11867833882570267,0.7591289584659779,0.8903253083429861,0.5692481931399147,0.5448451732048246,0.6116900952002919,15.0,0.629937965514822,0.731299282005358,0.5,0.4,1.0,0.15,0.5,0.05,0.45,0.15,0.75,0.85,0.0,0.9,0.6,0.731299282005358,0.6220374336990667
synth/blob/amb0.75,767,1,0.729899525642395,0.729899525642395,blob,3666,3,0.057861328125,0.15020746241013208,0.7591289584659779,0.8903253083429861,0.5692481931399147,0.5448451732048246,0.6116900952002919,15.0,0.629937965514822,0.731299282005358,0.5,0.4,1.0,0.15,0.5,0.05,0.45,0.15,0.75,0.85,0.0,0.9,0.6,0.731299282005358,0.6220374336990667
synth/blob/amb0.75,768,1,0.0,0.0,blob,3677,0,0.025146484375,0.032554847498734794,0.5331027798728272,0.27490532612029683,0.6151247043337398,0.23595710695180655,0.6285344123901833,18.0,0.4041432622142981,0.7572342804915742,0.5,0.4,1.0,0.15,0.5,0.05,0.45,0.15,0.75,0.85,0.0,0.9,0.6,0.7572342804915742,0.673739094692808
synth/blob/amb0.75,769,1,0.25954198837280273,0.25954198837280273,blob,3677,1,0.0108642578125,0.09947090471784274,0.5331027798728272,0.27490532612029683,0.6151247043337398,0.23595710695180655,0.6285344123901833,18.0,0.4041432622142981,0.7572342804915742,0.5,0.4,1.0,0.15,0.5,0.05,0.45,0.15,0.75,0.85,0.0,0.9,0.6,0.7572342804915742,0.673739094692808
synth/blob/amb0.75,770,1,0.39759036898612976,0.39759036898612976,blob,3677,2,0.00286865234375,0.05084991703430811,0.5331027798728272,0.27490532612029683,0.6151247043337398,0.23595710695180655,0.6285344123901833,18.0,0.4041432622142981,0.7572342804915742,0.5,0.4,1.0,0.15,0.5,0.05,0.45,0.15,0.75,0.85,0.0,0.9,0.6,0.7572342804915742,0.673739094692808
synth/blob/amb0.75,771,1,0.027100270614027977,0.027100270614027977,blob,3677,3,0.0052490234375,0.06849860648314159,0.5331027798728272,0.27490532612029683,0.6151247043337398,0.23595710695180655,0.6285344123901833,18.0,0.4041432622142981,0.7572342804915742,0.5,0.4,1.0,0.15,0.5,0.05,0.45,0.15,0.75,0.85,0.0,0.9,0.6,0.7572342804915742,0.673739094692808
synth/tubular/amb0.75,772,1,0.1819515824317932,0.1819515824317932,tubular,3678,0,0.1156005859375,0.18406702081362405,0.3601239456551498,0.5624808603402882,0.510193348477764,0.16675066486894186,0.8759167390232987,22.0,0.07155136697102271,0.7107621215007387,0.5,0.4,1.0,0.15,0.5,0.05,0.45,0.15,0.75,0.85,0.0,0.9,0.6,0.7107621215007387,1.0
synth/tubular/amb0.75,773,1,0.39496612548828125,0.39496612548828125,tubular,3678,1,0.11566162109375,0.2499164491891861,0.3601239456551498,0.5624808603402882,0.510193348477764,0.16675066486894186,0.8759167390232987,22.0,0.07155136697102271,0.7107621215007387,0.5,0.4,1.0,0.15,0.5,0.05,0.45,0.15,0.75,0.85,0.0,0.9,0.6,0.7107621215007387,1.0
synth/tubular/amb0.75,774,1,0.200169637799263,0.200169637799263,tubular,3678,2,0.10589599609375,0.22560277581214905,0.3601239456551498,0.5624808603402882,0.510193348477764,0.16675066486894186,0.8759167390232987,22.0,0.07155136697102271,0.7107621215007387,0.5,0.4,1.0,0.15,0.5,0.05,0.45,0.15,0.75,0.85,0.0,0.9,0.6,0.7107621215007387,1.0
synth/tubular/amb0.75,775,1,0.09149277955293655,0.09149277955293655,tubular,3678,3,0.0821533203125,0.15416120489438376,0.3601239456551498,0.5624808603402882,0.510193348477764,0.16675066486894186,0.8759167390232987,22.0,0.07155136697102271,0.7107621215007387,0.5,0.4,1.0,0.15,0.5,0.05,0.45,0.15,0.75,0.85,0.0,0.9,0.6,0.7107621215007387,1.0
synth/blob/amb0.35,776,1,0.49670329689979553,0.49670329689979553,blob,3693,0,0.01190185546875,0.10730958481629689,0.5875248072898048,0.39906936804174176,0.3746782270056058,0.3903064160708284,0.35154077510841847,21.0,0.6360379906066387,0.3733866878320273,0.5,0.4,1.0,0.15,0.5,0.05,0.45,0.15,0.75,0.85,0.0,0.9,0.6,0.3733866878320273,0.575291709683332
synth/blob/amb0.35,777,1,0.004819277208298445,0.004819277208298445,blob,3693,1,0.01190185546875,0.025458376854658127,0.5875248072898048,0.39906936804174176,0.3746782270056058,0.3903064160708284,0.35154077510841847,21.0,0.6360379906066387,0.3733866878320273,0.5,0.4,1.0,0.15,0.5,0.05,0.45,0.15,0.75,0.85,0.0,0.9,0.6,0.3733866878320273,0.575291709683332
synth/blob/amb0.35,778,1,0.0,0.0,blob,3693,2,0.0294189453125,0.0018912528951962788,0.5875248072898048,0.39906936804174176,0.3746782270056058,0.3903064160708284,0.35154077510841847,21.0,0.6360379906066387,0.3733866878320273,0.5,0.4,1.0,0.15,0.5,0.05,0.45,0.15,0.75,0.85,0.0,0.9,0.6,0.3733866878320273,0.575291709683332
synth/blob/amb0.35,779,1,0.0,0.0,blob,3693,3,0.01177978515625,0.10231345767776172,0.5875248072898048,0.39906936804174176,0.3746782270056058,0.3903064160708284,0.35154077510841847,21.0,0.6360379906066387,0.3733866878320273,0.5,0.4,1.0,0.15,0.5,0.05,0.45,0.15,0.75,0.85,0.0,0.9,0.6,0.3733866878320273,0.575291709683332
synth/tubular/amb0.35,780,1,0.5649100542068481,0.5649100542068481,tubular,3713,0,0.430419921875,0.6027739842732748,0.44175308508786815,0.6957302671482423,0.4495184031420001,0.4889382799513967,0.8760605748680115,10.0,0.07866282347483822,0.31263838511191827,0.5,0.4,1.0,0.15,0.5,0.05,0.45,0.15,0.75,0.85,0.0,0.9,0.6,0.31263838511191827,1.0
synth/tubular/amb0.35,781,1,0.5942872166633606,0.5942872166633606,tubular,3713,1,0.2694091796875,0.25042289309203625,0.44175308508786815,0.6957302671482423,0.4495184031420001,0.4889382799513967,0.8760605748680115,10.0,0.07866282347483822,0.31263838511191827,0.5,0.4,1.0,0.15,0.5,0.05,0.45,0.15,0.75,0.85,0.0,0.9,0.6,0.31263838511191827,1.0
synth/tubular/amb0.35,782,1,0.4248540997505188,0.4248540997505188,tubular,3713,2,0.28204345703125,0.4885399838288625,0.44175308508786815,0.6957302671482423,0.4495184031420001,0.4889382799513967,0.8760605748680115,10.0,0.07866282347483822,0.31263838511191827,0.5,0.4,1.0,0.15,0.5,0.05,0.45,0.15,0.75,0.85,0.0,0.9,0.6,0.31263838511191827,1.0
synth/tubular/amb0.35,783,1,0.704500138759613,0.704500138759613,tubular,3713,3,0.3331298828125,0.6975661714871725,0.44175308508786815,0.6957302671482423,0.4495184031420001,0.4889382799513967,0.8760605748680115,10.0,0.07866282347483822,0.31263838511191827,0.5,0.4,1.0,0.15,0.5,0.05,0.45,0.15,0.75,0.85,0.0,0.9,0.6,0.31263838511191827,1.0
synth/elongated/amb0.55,784,1,0.5822510719299316,0.5822510719299316,elongated,3762,0,0.02459716796875,0.025259360671043396,0.4749842023576072,0.5215962735884451,0.3367931637668516,0.5285554578168229,0.9389242487435419,7.0,0.12792352334564316,0.5047051882319611,0.5,0.4,1.0,0.15,0.5,0.05,0.45,0.15,0.75,0.85,0.0,0.9,0.6,0.5047051882319611,0.7246502228127951
synth/elongated/amb0.55,785,1,0.2731820046901703,0.2731820046901703,elongated,3762,1,0.085205078125,0.565203994512558,0.4749842023576072,0.5215962735884451,0.3367931637668516,0.5285554578168229,0.9389242487435419,7.0,0.12792352334564316,0.5047051882319611,0.5,0.4,1.0,0.15,0.5,0.05,0.45,0.15,0.75,0.85,0.0,0.9,0.6,0.5047051882319611,0.7246502228127951
synth/elongated/amb0.55,786,1,0.5307692289352417,0.5307692289352417,elongated,3762,2,0.013427734375,0.18669012188911438,0.4749842023576072,0.5215962735884451,0.3367931637668516,0.5285554578168229,0.9389242487435419,7.0,0.12792352334564316,0.5047051882319611,0.5,0.4,1.0,0.15,0.5,0.05,0.45,0.15,0.75,0.85,0.0,0.9,0.6,0.5047051882319611,0.7246502228127951
synth/elongated/amb0.55,787,1,0.23624160885810852,0.23624160885810852,elongated,3762,3,0.02606201171875,0.34889850517114,0.4749842023576072,0.5215962735884451,0.3367931637668516,0.5285554578168229,0.9389242487435419,7.0,0.12792352334564316,0.5047051882319611,0.5,0.4,1.0,0.15,0.5,0.05,0.45,0.15,0.75,0.85,0.0,0.9,0.6,0.5047051882319611,0.7246502228127951
synth/scattered/amb0.75,788,1,0.2379182130098343,0.2379182130098343,scattered,3766,0,0.02520751953125,0.10287913431723912,0.3372134380179542,0.5133422255394294,0.36729453541646645,0.18782168569952962,0.33874882291700653,7.0,0.41369155338412666,0.7028213811359401,0.5,0.4,1.0,0.15,0.5,0.05,0.45,0.15,0.75,0.85,0.0,0.9,0.6,1.0,0.8897502003585784
synth/scattered/amb0.75,789,1,0.0,0.0,scattered,3766,1,0.0054931640625,0.019967594494422276,0.3372134380179542,0.5133422255394294,0.36729453541646645,0.18782168569952962,0.33874882291700653,7.0,0.41369155338412666,0.7028213811359401,0.5,0.4,1.0,0.15,0.5,0.05,0.45,0.15,0.75,0.85,0.0,0.9,0.6,1.0,0.8897502003585784
synth/scattered/amb0.75,790,1,0.0,0.0,scattered,3766,2,0.01214599609375,0.017851628984014194,0.3372134380179542,0.5133422255394294,0.36729453541646645,0.18782168569952962,0.33874882291700653,7.0,0.41369155338412666,0.7028213811359401,0.5,0.4,1.0,0.15,0.5,0.05,0.45,0.15,0.75,0.85,0.0,0.9,0.6,1.0,0.8897502003585784
synth/scattered/amb0.75,791,1,0.039603959769010544,0.039603959769010544,scattered,3766,3,0.0120849609375,0.04747449109951655,0.3372134380179542,0.5133422255394294,0.36729453541646645,0.18782168569952962,0.33874882291700653,7.0,0.41369155338412666,0.7028213811359401,0.5,0.4,1.0,0.15,0.5,0.05,0.45,0.15,0.75,0.85,0.0,0.9,0.6,1.0,0.8897502003585784
synth/tubular/amb0.75,792,1,0.17610062658786774,0.17610062658786774,tubular,3828,0,0.05255126953125,0.09103883430361748,0.8895738374516735,0.3743691237450474,0.7007474947748789,0.45340616231616193,0.32529735933042714,21.0,0.7558696030460289,0.7392217929376572,0.5,0.4,1.0,0.15,0.5,0.05,0.45,0.15,0.75,0.85,0.0,0.9,0.6,0.7392217929376572,1.0
synth/tubular/amb0.75,793,1,0.0533880889415741,0.0533880889415741,tubular,3828,1,0.0382080078125,0.06168414279818535,0.8895738374516735,0.3743691237450474,0.7007474947748789,0.45340616231616193,0.32529735933042714,21.0,0.7558696030460289,0.7392217929376572,0.5,0.4,1.0,0.15,0.5,0.05,0.45,0.15,0.75,0.85,0.0,0.9,0.6,0.7392217929376572,1.0
synth/tubular/amb0.75,794,1,0.03560209274291992,0.03560209274291992,tubular,3828,2,0.02410888671875,0.07349803919593494,0.8895738374516735,0.3743691237450474,0.7007474947748789,0.45340616231616193,0.32529735933042714,21.0,0.7558696030460289,0.7392217929376572,0.5,0.4,1.0,0.15,0.5,0.05,0.45,0.15,0.75,0.85,0.0,0.9,0.6,0.7392217929376572,1.0
synth/tubular/amb0.75,795,1,0.03996194154024124,0.03996194154024124,tubular,3828,3,0.028076171875,0.03377756538490454,0.8895738374516735,0.3743691237450474,0.7007474947748789,0.45340616231616193,0.32529735933042714,21.0,0.7558696030460289,0.7392217929376572,0.5,0.4,1.0,0.15,0.5,0.05,0.45,0.15,0.75,0.85,0.0,0.9,0.6,0.7392217929376572,1.0
synth/blob/amb0.75,796,1,0.0,0.0,blob,3857,0,0.00360107421875,0.0,0.8300852615165848,0.7360960647247812,0.447163700268285,0.15131112029733917,0.9304071853801379,23.0,0.7581212047884665,0.740701698729164,0.5,0.4,1.0,0.15,0.5,0.05,0.45,0.15,0.75,0.85,0.0,0.9,0.6,0.740701698729164,0.7690854255293886
synth/blob/amb0.75,797,1,0.0,0.0,blob,3857,1,0.0140380859375,0.014109347015619278,0.8300852615165848,0.7360960647247812,0.447163700268285,0.15131112029733917,0.9304071853801379,23.0,0.7581212047884665,0.740701698729164,0.5,0.4,1.0,0.15,0.5,0.05,0.45,0.15,0.75,0.85,0.0,0.9,0.6,0.740701698729164,0.7690854255293886
synth/blob/amb0.75,798,1,0.605042040348053,0.605042040348053,blob,3857,2,0.00311279296875,0.028368793427944183,0.8300852615165848,0.7360960647247812,0.447163700268285,0.15131112029733917,0.9304071853801379,23.0,0.7581212047884665,0.740701698729164,0.5,0.4,1.0,0.15,0.5,0.05,0.45,0.15,0.75,0.85,0.0,0.9,0.6,0.740701698729164,0.7690854255293886
synth/blob/amb0.75,799,1,0.00477326987311244,0.00477326987311244,blob,3857,3,0.02227783203125,0.22858002533515295,0.8300852615165848,0.7360960647247812,0.447163700268285,0.15131112029733917,0.9304071853801379,23.0,0.7581212047884665,0.740701698729164,0.5,0.4,1.0,0.15,0.5,0.05,0.45,0.15,0.75,0.85,0.0,0.9,0.6,0.740701698729164,0.7690854255293886
synth/elongated/amb0.55,800,1,0.2062615156173706,0.2062615156173706,elongated,3878,0,0.02679443359375,0.0,0.39789933834073177,0.6780476477816189,0.8615964718137374,0.47480696815209655,0.44223117748619645,9.0,0.9062149217457608,0.5428311520857512,0.5,0.4,1.0,0.15,0.5,0.05,0.45,0.15,0.75,0.85,0.0,0.9,0.6,0.5428311520857512,0.5881464023686925
synth/elongated/amb0.55,801,1,0.3760683834552765,0.3760683834552765,elongated,3878,1,0.00518798828125,0.3159908056259155,0.39789933834073177,0.6780476477816189,0.8615964718137374,0.47480696815209655,0.44223117748619645,9.0,0.9062149217457608,0.5428311520857512,0.5,0.4,1.0,0.15,0.5,0.05,0.45,0.15,0.75,0.85,0.0,0.9,0.6,0.5428311520857512,0.5881464023686925
synth/elongated/amb0.55,802,1,0.0,0.0,elongated,3878,2,0.0345458984375,0.029474418610334396,0.39789933834073177,0.6780476477816189,0.8615964718137374,0.47480696815209655,0.44223117748619645,9.0,0.9062149217457608,0.5428311520857512,0.5,0.4,1.0,0.15,0.5,0.05,0.45,0.15,0.75,0.85,0.0,0.9,0.6,0.5428311520857512,0.5881464023686925
synth/elongated/amb0.55,803,1,0.34874504804611206,0.34874504804611206,elongated,3878,3,0.03515625,0.09652356927593549,0.39789933834073177,0.6780476477816189,0.8615964718137374,0.47480696815209655,0.44223117748619645,9.0,0.9062149217457608,0.5428311520857512,0.5,0.4,1.0,0.15,0.5,0.05,0.45,0.15,0.75,0.85,0.0,0.9,0.6,0.5428311520857512,0.5881464023686925
synth/elongated/amb0.65,804,1,0.0,0.0,elongated,3955,0,0.01171875,0.12466338401039441,0.35766963352248166,0.654567408003871,0.7854736054845898,0.4949234463983606,0.6902266926785127,20.0,0.173947582759314,0.6157459909894205,0.5,0.4,1.0,0.15,0.5,0.05,0.45,0.15,0.75,0.85,0.0,0.9,0.6,0.6157459909894205,0.6582233695956928
synth/elongated/amb0.65,805,1,0.37385621666908264,0.37385621666908264,elongated,3955,1,0.020751953125,0.45608967542648315,0.35766963352248166,0.654567408003871,0.7854736054845898,0.4949234463983606,0.6902266926785127,20.0,0.173947582759314,0.6157459909894205,0.5,0.4,1.0,0.15,0.5,0.05,0.45,0.15,0.75,0.85,0.0,0.9,0.6,0.6157459909894205,0.6582233695956928
synth/elongated/amb0.65,806,1,0.0,0.0,elongated,3955,2,0.02032470703125,0.0,0.35766963352248166,0.654567408003871,0.7854736054845898,0.4949234463983606,0.6902266926785127,20.0,0.173947582759314,0.6157459909894205,0.5,0.4,1.0,0.15,0.5,0.05,0.45,0.15,0.75,0.85,0.0,0.9,0.6,0.6157459909894205,0.6582233695956928
synth/elongated/amb0.65,807,1,0.38009050488471985,0.38009050488471985,elongated,3955,3,0.02032470703125,0.3132237394650777,0.35766963352248166,0.654567408003871,0.7854736054845898,0.4949234463983606,0.6902266926785127,20.0,0.173947582759314,0.6157459909894205,0.5,0.4,1.0,0.15,0.5,0.05,0.45,0.15,0.75,0.85,0.0,0.9,0.6,0.6157459909894205,0.6582233695956928
synth/annular/amb0.45,808,1,0.7227488160133362,0.7227488160133362,annular,3958,0,0.02593994140625,0.43955667813618976,0.3295197459042326,0.5981387599017893,0.6042133638090779,0.31094435866327447,0.8243578025408203,18.0,0.1793402139484349,0.4325320444196981,0.5,0.4,1.0,0.15,0.5,0.05,0.45,0.15,0.75,0.85,0.0,0.9,0.6,0.4325320444196981,0.7263730273565945
synth/annular/amb0.45,809,1,0.36141303181648254,0.36141303181648254,annular,3958,1,0.01995849609375,0.2297753542661667,0.3295197459042326,0.5981387599017893,0.6042133638090779,0.31094435866327447,0.8243578025408203,18.0,0.1793402139484349,0.4325320444196981,0.5,0.4,1.0,0.15,0.5,0.05,0.45,0.15,0.75,0.85,0.0,0.9,0.6,0.4325320444196981,0.7263730273565945
synth/annular/amb0.45,810,1,0.2699386477470398,0.2699386477470398,annular,3958,2,0.024169921875,0.35352154572804767,0.3295197459042326,0.5981387599017893,0.6042133638090779,0.31094435866327447,0.8243578025408203,18.0,0.1793402139484349,0.4325320444196981,0.5,0.4,1.0,0.15,0.5,0.05,0.45,0.15,0.75,0.85,0.0,0.9,0.6,0.4325320444196981,0.7263730273565945
synth/annular/amb0.45,811,1,0.32147449254989624,0.32147449254989624,annular,3958,3,0.11895751953125,0.18772342056035995,0.3295197459042326,0.5981387599017893,0.6042133638090779,0.31094435866327447,0.8243578025408203,18.0,0.1793402139484349,0.4325320444196981,0.5,0.4,1.0,0.15,0.5,0.05,0.45,0.15,0.75,0.85,0.0,0.9,0.6,0.4325320444196981,0.7263730273565945
synth/annular/amb0.55,812,1,0.19396157562732697,0.19396157562732697,annular,3977,0,0.04852294921875,0.19265390932559967,0.7125585370972485,0.2606996162576164,0.610729044164974,0.5228608407296135,0.8559498212979422,12.0,0.5920319030097182,0.5553559200457273,0.5,0.4,1.0,0.15,0.5,0.05,0.45,0.15,0.75,0.85,0.0,0.9,0.6,0.5553559200457273,0.70123397139516
synth/annular/amb0.55,813,1,0.20281416177749634,0.20281416177749634,annular,3977,1,0.09820556640625,0.30267493923505145,0.7125585370972485,0.2606996162576164,0.610729044164974,0.5228608407296135,0.8559498212979422,12.0,0.5920319030097182,0.5553559200457273,0.5,0.4,1.0,0.15,0.5,0.05,0.45,0.15,0.75,0.85,0.0,0.9,0.6,0.5553559200457273,0.70123397139516
synth/annular/amb0.55,814,1,0.1257706582546234,0.1257706582546234,annular,3977,2,0.03143310546875,0.06232166041930517,0.7125585370972485,0.2606996162576164,0.610729044164974,0.5228608407296135,0.8559498212979422,12.0,0.5920319030097182,0.5553559200457273,0.5,0.4,1.0,0.15,0.5,0.05,0.45,0.15,0.75,0.85,0.0,0.9,0.6,0.5553559200457273,0.70123397139516
synth/annular/amb0.55,815,1,0.4717407822608948,0.4717407822608948,annular,3977,3,0.05426025390625,0.17379546774706492,0.7125585370972485,0.2606996162576164,0.610729044164974,0.5228608407296135,0.8559498212979422,12.0,0.5920319030097182,0.5553559200457273,0.5,0.4,1.0,0.15,0.5,0.05,0.45,0.15,0.75,0.85,0.0,0.9,0.6,0.5553559200457273,0.70123397139516
synth/tubular/amb0.55,816,1,0.07815275341272354,0.07815275341272354,tubular,3984,0,0.097900390625,0.17305262883504233,0.754072850924338,0.45994263852873446,0.6767521685686742,0.4888064601008477,0.818270274576792,22.0,0.22118905077701922,0.5137422765223185,0.5,0.4,1.0,0.15,0.5,0.05,0.45,0.15,0.75,0.85,0.0,0.9,0.6,0.5137422765223185,1.0
synth/tubular/amb0.55,817,1,0.21655437350273132,0.21655437350273132,tubular,3984,1,0.0869140625,0.24905250469843546,0.754072850924338,0.45994263852873446,0.6767521685686742,0.4888064601008477,0.818270274576792,22.0,0.22118905077701922,0.5137422765223185,0.5,0.4,1.0,0.15,0.5,0.05,0.45,0.15,0.75,0.85,0.0,0.9,0.6,0.5137422765223185,1.0
synth/tubular/amb0.55,818,1,0.2724563777446747,0.2724563777446747,tubular,3984,2,0.107421875,0.19538108011086783,0.754072850924338,0.45994263852873446,0.6767521685686742,0.4888064601008477,0.818270274576792,22.0,0.22118905077701922,0.5137422765223185,0.5,0.4,1.0,0.15,0.5,0.05,0.45,0.15,0.75,0.85,0.0,0.9,0.6,0.5137422765223185,1.0
synth/tubular/amb0.55,819,1,0.4828157424926758,0.4828157424926758,tubular,3984,3,0.09466552734375,0.3116806000471115,0.754072850924338,0.45994263852873446,0.6767521685686742,0.4888064601008477,0.818270274576792,22.0,0.22118905077701922,0.5137422765223185,0.5,0.4,1.0,0.15,0.5,0.05,0.45,0.15,0.75,0.85,0.0,0.9,0.6,0.5137422765223185,1.0
synth/tubular/amb0.55,820,1,0.284714937210083,0.284714937210083,tubular,3997,0,0.0653076171875,0.2040121741592884,0.3583272283507683,0.32977266249771886,0.5327199598114525,0.38054535084747637,0.47712632524714804,18.0,0.9744734190142944,0.5292729689974393,0.5,0.4,1.0,0.15,0.5,0.05,0.45,0.15,0.75,0.85,0.0,0.9,0.6,0.5292729689974393,1.0
synth/tubular/amb0.55,821,1,0.1651221513748169,0.1651221513748169,tubular,3997,1,0.08441162109375,0.14549549669027328,0.3583272283507683,0.32977266249771886,0.5327199598114525,0.38054535084747637,0.47712632524714804,18.0,0.9744734190142944,0.5292729689974393,0.5,0.4,1.0,0.15,0.5,0.05,0.45,0.15,0.75,0.85,0.0,0.9,0.6,0.5292729689974393,1.0
synth/tubular/amb0.55,822,1,0.40339425206184387,0.40339425206184387,tubular,3997,2,0.10968017578125,0.1837278256813685,0.3583272283507683,0.32977266249771886,0.5327199598114525,0.38054535084747637,0.47712632524714804,18.0,0.9744734190142944,0.5292729689974393,0.5,0.4,1.0,0.15,0.5,0.05,0.45,0.15,0.75,0.85,0.0,0.9,0.6,0.5292729689974393,1.0
synth/tubular/amb0.55,823,1,0.3501529097557068,0.3501529097557068,tubular,3997,3,0.0982666015625,0.24699888626734415,0.3583272283507683,0.32977266249771886,0.5327199598114525,0.38054535084747637,0.47712632524714804,18.0,0.9744734190142944,0.5292729689974393,0.5,0.4,1.0,0.15,0.5,0.05,0.45,0.15,0.75,0.85,0.0,0.9,0.6,0.5292729689974393,1.0
synth/scattered/amb0.45,824,1,0.0,0.0,scattered,4031,0,0.0054931640625,0.0,0.6078968975947241,0.7210482484760612,0.5509180913012323,0.336374576572955,0.7664986047364134,12.0,0.6507566637994107,0.44646198267555326,0.5,0.4,1.0,0.15,0.5,0.05,0.45,0.15,0.75,0.85,0.0,0.9,0.6,0.8464619826755533,1.0
synth/scattered/amb0.45,825,1,0.09956075996160507,0.09956075996160507,scattered,4031,1,0.0250244140625,0.054145737240711846,0.6078968975947241,0.7210482484760612,0.5509180913012323,0.336374576572955,0.7664986047364134,12.0,0.6507566637994107,0.44646198267555326,0.5,0.4,1.0,0.15,0.5,0.05,0.45,0.15,0.75,0.85,0.0,0.9,0.6,0.8464619826755533,1.0
synth/scattered/amb0.45,826,1,0.0,0.0,scattered,4031,2,0.04864501953125,0.007633587966362636,0.6078968975947241,0.7210482484760612,0.5509180913012323,0.336374576572955,0.7664986047364134,12.0,0.6507566637994107,0.44646198267555326,0.5,0.4,1.0,0.15,0.5,0.05,0.45,0.15,0.75,0.85,0.0,0.9,0.6,0.8464619826755533,1.0
synth/scattered/amb0.45,827,1,0.0,0.0,scattered,4031,3,0.031982421875,0.0,0.6078968975947241,0.7210482484760612,0.5509180913012323,0.336374576572955,0.7664986047364134,12.0,0.6507566637994107,0.44646198267555326,0.5,0.4,1.0,0.15,0.5,0.05,0.45,0.15,0.75,0.85,0.0,0.9,0.6,0.8464619826755533,1.0
synth/elongated/amb0.35,828,1,0.33497536182403564,0.33497536182403564,elongated,4044,0,0.0087890625,0.10727969805399577,0.6680166655872464,0.5468973757649003,0.7124820070585243,0.21218214004677227,0.9727514957919561,23.0,0.1280150976266421,0.3213795637820941,0.5,0.4,1.0,0.15,0.5,0.05,0.45,0.15,0.75,0.85,0.0,0.9,0.6,0.3213795637820941,0.7785412830284549
synth/elongated/amb0.35,829,1,0.45682451128959656,0.45682451128959656,elongated,4044,1,0.0164794921875,0.21711931626001993,0.6680166655872464,0.5468973757649003,0.7124820070585243,0.21218214004677227,0.9727514957919561,23.0,0.1280150976266421,0.3213795637820941,0.5,0.4,1.0,0.15,0.5,0.05,0.45,0.15,0.75,0.85,0.0,0.9,0.6,0.3213795637820941,0.7785412830284549
synth/elongated/amb0.35,830,1,0.0,0.0,elongated,4044,2,0.00701904296875,0.0,0.6680166655872464,0.5468973757649003,0.7124820070585243,0.21218214004677227,0.9727514957919561,23.0,0.1280150976266421,0.3213795637820941,0.5,0.4,1.0,0.15,0.5,0.05,0.45,0.15,0.75,0.85,0.0,0.9,0.6,0.3213795637820941,0.7785412830284549
synth/elongated/amb0.35,831,1,0.5862069129943848,0.5862069129943848,elongated,4044,3,0.00927734375,0.15962441762288412,0.6680166655872464,0.5468973757649003,0.7124820070585243,0.21218214004677227,0.9727514957919561,23.0,0.1280150976266421,0.3213795637820941,0.5,0.4,1.0,0.15,0.5,0.05,0.45,0.15,0.75,0.85,0.0,0.9,0.6,0.3213795637820941,0.7785412830284549
synth/blob/amb0.35,832,1,0.06896551698446274,0.06896551698446274,blob,4051,0,0.01092529296875,0.312280277411143,0.5442488033695453,0.6066303423994739,0.3762470370221775,0.14273858147022372,0.475403662614203,10.0,0.6092260604648242,0.36373128602593785,0.5,0.4,1.0,0.15,0.5,0.05,0.45,0.15,0.75,0.85,0.0,0.9,0.6,0.36373128602593785,0.6329728794612499
synth/blob/amb0.35,833,1,0.0,0.0,blob,4051,1,0.0081787109375,0.03379416217406591,0.5442488033695453,0.6066303423994739,0.3762470370221775,0.14273858147022372,0.475403662614203,10.0,0.6092260604648242,0.36373128602593785,0.5,0.4,1.0,0.15,0.5,0.05,0.45,0.15,0.75,0.85,0.0,0.9,0.6,0.36373128602593785,0.6329728794612499
synth/blob/amb0.35,834,1,0.0,0.0,blob,4051,2,0.01312255859375,0.0,0.5442488033695453,0.6066303423994739,0.3762470370221775,0.14273858147022372,0.475403662614203,10.0,0.6092260604648242,0.36373128602593785,0.5,0.4,1.0,0.15,0.5,0.05,0.45,0.15,0.75,0.85,0.0,0.9,0.6,0.36373128602593785,0.6329728794612499
synth/blob/amb0.35,835,1,0.0,0.0,blob,4051,3,0.0079345703125,0.0,0.5442488033695453,0.6066303423994739,0.3762470370221775,0.14273858147022372,0.475403662614203,10.0,0.6092260604648242,0.36373128602593785,0.5,0.4,1.0,0.15,0.5,0.05,0.45,0.15,0.75,0.85,0.0,0.9,0.6,0.36373128602593785,0.6329728794612499
synth/elongated/amb0.75,836,1,0.24560339748859406,0.24560339748859406,elongated,4075,0,0.17657470703125,0.29935910801092785,0.6304642324710175,0.6514648264032122,0.8228470692414944,0.60694229340904,0.8659062767744139,23.0,0.41416022960503895,0.7374732444842834,0.5,0.4,1.0,0.15,0.5,0.05,0.45,0.15,0.75,0.85,0.0,0.9,0.6,0.7374732444842834,0.6779528031621559
synth/elongated/amb0.75,837,1,0.7849202752113342,0.7849202752113342,elongated,4075,1,0.06842041015625,0.6367581685384115,0.6304642324710175,0.6514648264032122,0.8228470692414944,0.60694229340904,0.8659062767744139,23.0,0.41416022960503895,0.7374732444842834,0.5,0.4,1.0,0.15,0.5,0.05,0.45,0.15,0.75,0.85,0.0,0.9,0.6,0.7374732444842834,0.6779528031621559
synth/elongated/amb0.75,838,1,0.45048439502716064,0.45048439502716064,elongated,4075,2,0.1749267578125,0.43603173394997913,0.6304642324710175,0.6514648264032122,0.8228470692414944,0.60694229340904,0.8659062767744139,23.0,0.41416022960503895,0.7374732444842834,0.5,0.4,1.0,0.15,0.5,0.05,0.45,0.15,0.75,0.85,0.0,0.9,0.6,0.7374732444842834,0.6779528031621559
synth/elongated/amb0.75,839,1,0.6969899535179138,0.6969899535179138,elongated,4075,3,0.04559326171875,0.31189409891764325,0.6304642324710175,0.6514648264032122,0.8228470692414944,0.60694229340904,0.8659062767744139,23.0,0.41416022960503895,0.7374732444842834,0.5,0.4,1.0,0.15,0.5,0.05,0.45,0.15,0.75,0.85,0.0,0.9,0.6,0.7374732444842834,0.6779528031621559
synth/tubular/amb0.45,840,1,0.2839879095554352,0.2839879095554352,tubular,4098,0,0.13677978515625,0.2222017447153727,0.3503639388661694,0.6828237280020826,0.3265316742552479,0.46352340353359384,0.42403245628821223,22.0,0.8775313531111353,0.47129562940544645,0.5,0.4,1.0,0.15,0.5,0.05,0.45,0.15,0.75,0.85,0.0,0.9,0.6,0.47129562940544645,0.9900504209511349
synth/tubular/amb0.45,841,1,0.2514226734638214,0.2514226734638214,tubular,4098,1,0.15740966796875,0.4176024595896403,0.3503639388661694,0.6828237280020826,0.3265316742552479,0.46352340353359384,0.42403245628821223,22.0,0.8775313531111353,0.47129562940544645,0.5,0.4,1.0,0.15,0.5,0.05,0.45,0.15,0.75,0.85,0.0,0.9,0.6,0.47129562940544645,0.9900504209511349
synth/tubular/amb0.45,842,1,0.2650015354156494,0.2650015354156494,tubular,4098,2,0.142822265625,0.1536936288078626,0.3503639388661694,0.6828237280020826,0.3265316742552479,0.46352340353359384,0.42403245628821223,22.0,0.8775313531111353,0.47129562940544645,0.5,0.4,1.0,0.15,0.5,0.05,0.45,0.15,0.75,0.85,0.0,0.9,0.6,0.47129562940544645,0.9900504209511349
synth/tubular/amb0.45,843,1,0.40251949429512024,0.40251949429512024,tubular,4098,3,0.14215087890625,0.2945435841878255,0.3503639388661694,0.6828237280020826,0.3265316742552479,0.46352340353359384,0.42403245628821223,22.0,0.8775313531111353,0.47129562940544645,0.5,0.4,1.0,0.15,0.5,0.05,0.45,0.15,0.75,0.85,0.0,0.9,0.6,0.47129562940544645,0.9900504209511349
synth/annular/amb0.65,844,1,0.0,0.0,annular,4122,0,0.0032958984375,0.0,0.6658307958077909,0.4407513302498318,0.5580294371076179,0.29139223903360684,0.32759063349337414,20.0,0.19545074014774422,0.6541038878693702,0.5,0.4,1.0,0.15,0.5,0.05,0.45,0.15,0.75,0.85,0.0,0.9,0.6,0.6541038878693702,0.5791454495098083
synth/annular/amb0.65,845,1,0.10923276841640472,0.10923276841640472,annular,4122,1,0.04058837890625,0.1240281214316686,0.6658307958077909,0.4407513302498318,0.5580294371076179,0.29139223903360684,0.32759063349337414,20.0,0.19545074014774422,0.6541038878693702,0.5,0.4,1.0,0.15,0.5,0.05,0.45,0.15,0.75,0.85,0.0,0.9,0.6,0.6541038878693702,0.5791454495098083
synth/annular/amb0.65,846,1,0.0,0.0,annular,4122,2,0.00732421875,0.27247776587804157,0.6658307958077909,0.4407513302498318,0.5580294371076179,0.29139223903360684,0.32759063349337414,20.0,0.19545074014774422,0.6541038878693702,0.5,0.4,1.0,0.15,0.5,0.05,0.45,0.15,0.75,0.85,0.0,0.9,0.6,0.6541038878693702,0.5791454495098083
synth/annular/amb0.65,847,1,0.8021978139877319,0.8021978139877319,annular,4122,3,0.01031494140625,0.12487855056921641,0.6658307958077909,0.4407513302498318,0.5580294371076179,0.29139223903360684,0.32759063349337414,20.0,0.19545074014774422,0.6541038878693702,0.5,0.4,1.0,0.15,0.5,0.05,0.45,0.15,0.75,0.85,0.0,0.9,0.6,0.6541038878693702,0.5791454495098083
synth/tubular/amb0.35,848,1,0.5194557905197144,0.5194557905197144,tubular,4136,0,0.2686767578125,0.39473875363667804,0.6290992096595314,0.7419556671848331,0.7187881843490096,0.27216991808671526,0.5716712966132049,14.0,0.91493070700162,0.39785152823063263,0.5,0.4,1.0,0.15,0.5,0.05,0.45,0.15,0.75,0.85,0.0,0.9,0.6,0.39785152823063263,1.0
synth/tubular/amb0.35,849,1,0.5088716149330139,0.5088716149330139,tubular,4136,1,0.34820556640625,0.3777658762410283,0.6290992096595314,0.7419556671848331,0.7187881843490096,0.27216991808671526,0.5716712966132049,14.0,0.91493070700162,0.39785152823063263,0.5,0.4,1.0,0.15,0.5,0.05,0.45,0.15,0.75,0.85,0.0,0.9,0.6,0.39785152823063263,1.0
synth/tubular/amb0.35,850,1,0.41460832953453064,0.41460832953453064,tubular,4136,2,0.18231201171875,0.26502611736456555,0.6290992096595314,0.7419556671848331,0.7187881843490096,0.27216991808671526,0.5716712966132049,14.0,0.91493070700162,0.39785152823063263,0.5,0.4,1.0,0.15,0.5,0.05,0.45,0.15,0.75,0.85,0.0,0.9,0.6,0.39785152823063263,1.0
synth/tubular/amb0.35,851,1,0.42286279797554016,0.42286279797554016,tubular,4136,3,0.27166748046875,0.3697846829891205,0.6290992096595314,0.7419556671848331,0.7187881843490096,0.27216991808671526,0.5716712966132049,14.0,0.91493070700162,0.39785152823063263,0.5,0.4,1.0,0.15,0.5,0.05,0.45,0.15,0.75,0.85,0.0,0.9,0.6,0.39785152823063263,1.0
synth/scattered/amb0.35,852,1,0.09310344606637955,0.09310344606637955,scattered,4152,0,0.027587890625,0.0417994304249684,0.47379812239308927,0.5251985835262241,0.5677343338938183,0.5653874290907202,0.5939832232018438,13.0,0.040326428040862616,0.320036723535963,0.5,0.4,1.0,0.15,0.5,0.05,0.45,0.15,0.75,0.85,0.0,0.9,0.6,0.720036723535963,0.9106263759931357
synth/scattered/amb0.35,853,1,0.010389610193669796,0.010389610193669796,scattered,4152,1,0.01715087890625,0.0786708692709605,0.47379812239308927,0.5251985835262241,0.5677343338938183,0.5653874290907202,0.5939832232018438,13.0,0.040326428040862616,0.320036723535963,0.5,0.4,1.0,0.15,0.5,0.05,0.45,0.15,0.75,0.85,0.0,0.9,0.6,0.720036723535963,0.9106263759931357
synth/scattered/amb0.35,854,1,0.03519999980926514,0.03519999980926514,scattered,4152,2,0.02886962890625,0.05422285944223404,0.47379812239308927,0.5251985835262241,0.5677343338938183,0.5653874290907202,0.5939832232018438,13.0,0.040326428040862616,0.320036723535963,0.5,0.4,1.0,0.15,0.5,0.05,0.45,0.15,0.75,0.85,0.0,0.9,0.6,0.720036723535963,0.9106263759931357
synth/scattered/amb0.35,855,1,0.23429541289806366,0.23429541289806366,scattered,4152,3,0.02734375,0.055252802868684135,0.47379812239308927,0.5251985835262241,0.5677343338938183,0.5653874290907202,0.5939832232018438,13.0,0.040326428040862616,0.320036723535963,0.5,0.4,1.0,0.15,0.5,0.05,0.45,0.15,0.75,0.85,0.0,0.9,0.6,0.720036723535963,0.9106263759931357
synth/elongated/amb0.55,856,1,0.0,0.0,elongated,4156,0,0.005859375,0.0,0.4284888819718041,0.35733203811329384,0.3784782550238062,0.2534138720573454,0.7520254300724925,15.0,0.7290980532959392,0.564734914567038,0.5,0.4,1.0,0.15,0.5,0.05,0.45,0.15,0.75,0.85,0.0,0.9,0.6,0.564734914567038,0.7095456982972915
synth/elongated/amb0.55,857,1,0.0,0.0,elongated,4156,1,0.0101318359375,0.2591955264409383,0.4284888819718041,0.35733203811329384,0.3784782550238062,0.2534138720573454,0.7520254300724925,15.0,0.7290980532959392,0.564734914567038,0.5,0.4,1.0,0.15,0.5,0.05,0.45,0.15,0.75,0.85,0.0,0.9,0.6,0.564734914567038,0.7095456982972915
synth/elongated/amb0.55,858,1,0.0,0.0,elongated,4156,2,0.0078125,0.0,0.4284888819718041,0.35733203811329384,0.3784782550238062,0.2534138720573454,0.7520254300724925,15.0,0.7290980532959392,0.564734914567038,0.5,0.4,1.0,0.15,0.5,0.05,0.45,0.15,0.75,0.85,0.0,0.9,0.6,0.564734914567038,0.7095456982972915
synth/elongated/amb0.55,859,1,0.07303370535373688,0.07303370535373688,elongated,4156,3,0.0064697265625,0.019427114631980658,0.4284888819718041,0.35733203811329384,0.3784782550238062,0.2534138720573454,0.7520254300724925,15.0,0.7290980532959392,0.564734914567038,0.5,0.4,1.0,0.15,0.5,0.05,0.45,0.15,0.75,0.85,0.0,0.9,0.6,0.564734914567038,0.7095456982972915
synth/tubular/amb0.65,860,1,0.3775427043437958,0.3775427043437958,tubular,4158,0,0.04498291015625,0.14879965037107468,0.7514248190139663,0.6156502855101225,0.41673354779508676,0.48748816035758274,0.4460716583157138,21.0,0.8264616979424383,0.6750552759943094,0.5,0.4,1.0,0.15,0.5,0.05,0.45,0.15,0.75,0.85,0.0,0.9,0.6,0.6750552759943094,1.0
synth/tubular/amb0.65,861,1,0.41260746121406555,0.41260746121406555,tubular,4158,1,0.04400634765625,0.16535896435379982,0.7514248190139663,0.6156502855101225,0.41673354779508676,0.48748816035758274,0.4460716583157138,21.0,0.8264616979424383,0.6750552759943094,0.5,0.4,1.0,0.15,0.5,0.05,0.45,0.15,0.75,0.85,0.0,0.9,0.6,0.6750552759943094,1.0
synth/tubular/amb0.65,862,1,0.32178598642349243,0.32178598642349243,tubular,4158,2,0.04644775390625,0.20101862028241158,0.7514248190139663,0.6156502855101225,0.41673354779508676,0.48748816035758274,0.4460716583157138,21.0,0.8264616979424383,0.6750552759943094,0.5,0.4,1.0,0.15,0.5,0.05,0.45,0.15,0.75,0.85,0.0,0.9,0.6,0.6750552759943094,1.0
synth/tubular/amb0.65,863,1,0.13793103396892548,0.13793103396892548,tubular,4158,3,0.0343017578125,0.17788254314412674,0.7514248190139663,0.6156502855101225,0.41673354779508676,0.48748816035758274,0.4460716583157138,21.0,0.8264616979424383,0.6750552759943094,0.5,0.4,1.0,0.15,0.5,0.05,0.45,0.15,0.75,0.85,0.0,0.9,0.6,0.6750552759943094,1.0
synth/tubular/amb0.35,864,1,0.30999213457107544,0.30999213457107544,tubular,4159,0,0.04315185546875,0.1327246700723966,0.6081816316318776,0.8823301604182965,0.35465311564407864,0.4969526451002029,0.3757125710252358,7.0,0.8908220686216736,0.320662550293743,0.5,0.4,1.0,0.15,0.5,0.05,0.45,0.15,0.75,0.85,0.0,0.9,0.6,0.320662550293743,1.0
synth/tubular/amb0.35,865,1,0.35103926062583923,0.35103926062583923,tubular,4159,1,0.20745849609375,0.3042277942101161,0.6081816316318776,0.8823301604182965,0.35465311564407864,0.4969526451002029,0.3757125710252358,7.0,0.8908220686216736,0.320662550293743,0.5,0.4,1.0,0.15,0.5,0.05,0.45,0.15,0.75,0.85,0.0,0.9,0.6,0.320662550293743,1.0
synth/tubular/amb0.35,866,1,0.22761596739292145,0.22761596739292145,tubular,4159,2,0.0465087890625,0.1952534317970276,0.6081816316318776,0.8823301604182965,0.35465311564407864,0.4969526451002029,0.3757125710252358,7.0,0.8908220686216736,0.320662550293743,0.5,0.4,1.0,0.15,0.5,0.05,0.45,0.15,0.75,0.85,0.0,0.9,0.6,0.320662550293743,1.0
synth/tubular/amb0.35,867,1,0.4608010947704315,0.4608010947704315,tubular,4159,3,0.0921630859375,0.2198181003332138,0.6081816316318776,0.8823301604182965,0.35465311564407864,0.4969526451002029,0.3757125710252358,7.0,0.8908220686216736,0.320662550293743,0.5,0.4,1.0,0.15,0.5,0.05,0.45,0.15,0.75,0.85,0.0,0.9,0.6,0.320662550293743,1.0
synth/tubular/amb0.55,868,1,0.29781022667884827,0.29781022667884827,tubular,4165,0,0.02081298828125,0.18415732433398566,0.7551295239146559,0.6758896452392431,0.625730163690897,0.20243452832893155,0.5344173090702062,8.0,0.22210135972969902,0.5145203771705735,0.5,0.4,1.0,0.15,0.5,0.05,0.45,0.15,0.75,0.85,0.0,0.9,0.6,0.5145203771705735,1.0
synth/tubular/amb0.55,869,1,0.2630966305732727,0.2630966305732727,tubular,4165,1,0.0360107421875,0.15726264317830405,0.7551295239146559,0.6758896452392431,0.625730163690897,0.20243452832893155,0.5344173090702062,8.0,0.22210135972969902,0.5145203771705735,0.5,0.4,1.0,0.15,0.5,0.05,0.45,0.15,0.75,0.85,0.0,0.9,0.6,0.5145203771705735,1.0
synth/tubular/amb0.55,870,1,0.07180850952863693,0.07180850952863693,tubular,4165,2,0.07501220703125,0.18672513713439307,0.7551295239146559,0.6758896452392431,0.625730163690897,0.20243452832893155,0.5344173090702062,8.0,0.22210135972969902,0.5145203771705735,0.5,0.4,1.0,0.15,0.5,0.05,0.45,0.15,0.75,0.85,0.0,0.9,0.6,0.5145203771705735,1.0
synth/tubular/amb0.55,871,1,0.2587684988975525,0.2587684988975525,tubular,4165,3,0.050048828125,0.036873151237765946,0.7551295239146559,0.6758896452392431,0.625730163690897,0.20243452832893155,0.5344173090702062,8.0,0.22210135972969902,0.5145203771705735,0.5,0.4,1.0,0.15,0.5,0.05,0.45,0.15,0.75,0.85,0.0,0.9,0.6,0.5145203771705735,1.0
synth/elongated/amb0.75,872,1,0.0,0.0,elongated,4194,0,0.00982666015625,0.07792022886375587,0.7320188402542094,0.6340952110311658,0.3751819699968408,0.4951816324570833,0.8265704457906449,15.0,0.02818595429834947,0.783920178066821,0.5,0.4,1.0,0.15,0.5,0.05,0.45,0.15,0.75,0.85,0.0,0.9,0.6,0.783920178066821,0.6990683851673062
synth/elongated/amb0.75,873,1,0.010362694039940834,0.010362694039940834,elongated,4194,1,0.0052490234375,0.0,0.7320188402542094,0.6340952110311658,0.3751819699968408,0.4951816324570833,0.8265704457906449,15.0,0.02818595429834947,0.783920178066821,0.5,0.4,1.0,0.15,0.5,0.05,0.45,0.15,0.75,0.85,0.0,0.9,0.6,0.783920178066821,0.6990683851673062
synth/elongated/amb0.75,874,1,0.0,0.0,elongated,4194,2,0.0028076171875,0.0,0.7320188402542094,0.6340952110311658,0.3751819699968408,0.4951816324570833,0.8265704457906449,15.0,0.02818595429834947,0.783920178066821,0.5,0.4,1.0,0.15,0.5,0.05,0.45,0.15,0.75,0.85,0.0,0.9,0.6,0.783920178066821,0.6990683851673062
synth/elongated/amb0.75,875,1,0.1875,0.1875,elongated,4194,3,0.00244140625,0.0,0.7320188402542094,0.6340952110311658,0.3751819699968408,0.4951816324570833,0.8265704457906449,15.0,0.02818595429834947,0.783920178066821,0.5,0.4,1.0,0.15,0.5,0.05,0.45,0.15,0.75,0.85,0.0,0.9,0.6,0.783920178066821,0.6990683851673062
synth/annular/amb0.35,876,1,0.0,0.0,annular,4236,0,0.0079345703125,0.0,0.6071711823997052,0.801008951916317,0.6833068142007905,0.2706927338154173,0.6871119529473593,15.0,0.676721498197933,0.30505965604743096,0.5,0.4,1.0,0.15,0.5,0.05,0.45,0.15,0.75,0.85,0.0,0.9,0.6,0.30505965604743096,0.6887413477967834
synth/annular/amb0.35,877,1,0.44495412707328796,0.44495412707328796,annular,4236,1,0.0194091796875,0.16812632977962494,0.6071711823997052,0.801008951916317,0.6833068142007905,0.2706927338154173,0.6871119529473593,15.0,0.676721498197933,0.30505965604743096,0.5,0.4,1.0,0.15,0.5,0.05,0.45,0.15,0.75,0.85,0.0,0.9,0.6,0.30505965604743096,0.6887413477967834
synth/annular/amb0.35,878,1,0.6233766078948975,0.6233766078948975,annular,4236,2,0.0106201171875,0.12336776157220204,0.6071711823997052,0.801008951916317,0.6833068142007905,0.2706927338154173,0.6871119529473593,15.0,0.676721498197933,0.30505965604743096,0.5,0.4,1.0,0.15,0.5,0.05,0.45,0.15,0.75,0.85,0.0,0.9,0.6,0.30505965604743096,0.6887413477967834
synth/annular/amb0.35,879,1,0.3438914120197296,0.3438914120197296,annular,4236,3,0.00360107421875,0.1323444296916326,0.6071711823997052,0.801008951916317,0.6833068142007905,0.2706927338154173,0.6871119529473593,15.0,0.676721498197933,0.30505965604743096,0.5,0.4,1.0,0.15,0.5,0.05,0.45,0.15,0.75,0.85,0.0,0.9,0.6,0.30505965604743096,0.6887413477967834
synth/annular/amb0.45,880,1,0.31171169877052307,0.31171169877052307,annular,4251,0,0.0213623046875,0.2377378692229589,0.4303512263797248,0.29155091703960867,0.8050347910040241,0.44642613814363297,0.8963395967653625,18.0,0.7591444825602022,0.4720297093045819,0.5,0.4,1.0,0.15,0.5,0.05,0.45,0.15,0.75,0.85,0.0,0.9,0.6,0.4720297093045819,0.7298337799345274
synth/annular/amb0.45,881,1,0.6653620600700378,0.6653620600700378,annular,4251,1,0.013671875,0.19809111207723618,0.4303512263797248,0.29155091703960867,0.8050347910040241,0.44642613814363297,0.8963395967653625,18.0,0.7591444825602022,0.4720297093045819,0.5,0.4,1.0,0.15,0.5,0.05,0.45,0.15,0.75,0.85,0.0,0.9,0.6,0.4720297093045819,0.7298337799345274
synth/annular/amb0.45,882,1,0.034682080149650574,0.034682080149650574,annular,4251,2,0.0755615234375,0.07312612359722455,0.4303512263797248,0.29155091703960867,0.8050347910040241,0.44642613814363297,0.8963395967653625,18.0,0.7591444825602022,0.4720297093045819,0.5,0.4,1.0,0.15,0.5,0.05,0.45,0.15,0.75,0.85,0.0,0.9,0.6,0.4720297093045819,0.7298337799345274
synth/annular/amb0.45,883,1,0.03476482629776001,0.03476482629776001,annular,4251,3,0.05108642578125,0.0979129821062088,0.4303512263797248,0.29155091703960867,0.8050347910040241,0.44642613814363297,0.8963395967653625,18.0,0.7591444825602022,0.4720297093045819,0.5,0.4,1.0,0.15,0.5,0.05,0.45,0.15,0.75,0.85,0.0,0.9,0.6,0.4720297093045819,0.7298337799345274
synth/annular/amb0.75,884,1,0.2943722903728485,0.2943722903728485,annular,4292,0,0.00994873046875,0.1298368995388349,0.6840184008738526,0.7361966705983403,0.5399673302458987,0.3951430415839265,0.46187904191043605,11.0,0.5792210169270275,0.7959099909340589,0.5,0.4,1.0,0.15,0.5,0.05,0.45,0.15,0.75,0.85,0.0,0.9,0.6,0.7959099909340589,0.6077136472825643
synth/annular/amb0.75,885,1,0.4127659499645233,0.4127659499645233,annular,4292,1,0.01153564453125,0.1694961885611216,0.6840184008738526,0.7361966705983403,0.5399673302458987,0.3951430415839265,0.46187904191043605,11.0,0.5792210169270275,0.7959099909340589,0.5,0.4,1.0,0.15,0.5,0.05,0.45,0.15,0.75,0.85,0.0,0.9,0.6,0.7959099909340589,0.6077136472825643
synth/annular/amb0.75,886,1,0.0,0.0,annular,4292,2,0.0169677734375,0.06048623099923134,0.6840184008738526,0.7361966705983403,0.5399673302458987,0.3951430415839265,0.46187904191043605,11.0,0.5792210169270275,0.7959099909340589,0.5,0.4,1.0,0.15,0.5,0.05,0.45,0.15,0.75,0.85,0.0,0.9,0.6,0.7959099909340589,0.6077136472825643
synth/annular/amb0.75,887,1,0.0,0.0,annular,4292,3,0.0045166015625,0.02850315844019254,0.6840184008738526,0.7361966705983403,0.5399673302458987,0.3951430415839265,0.46187904191043605,11.0,0.5792210169270275,0.7959099909340589,0.5,0.4,1.0,0.15,0.5,0.05,0.45,0.15,0.75,0.85,0.0,0.9,0.6,0.7959099909340589,0.6077136472825643
synth/scattered/amb0.45,888,1,0.0,0.0,scattered,4338,0,0.0032958984375,0.0,0.30466482331763955,0.5327403865878959,0.30626011563404126,0.14634041722940788,0.9480470444722993,23.0,0.11649850023150432,0.44993705230254083,0.5,0.4,1.0,0.15,0.5,0.05,0.45,0.15,0.75,0.85,0.0,0.9,0.6,0.8499370523025409,1.0
synth/scattered/amb0.45,889,1,0.0,0.0,scattered,4338,1,0.00994873046875,0.007724867823223273,0.30466482331763955,0.5327403865878959,0.30626011563404126,0.14634041722940788,0.9480470444722993,23.0,0.11649850023150432,0.44993705230254083,0.5,0.4,1.0,0.15,0.5,0.05,0.45,0.15,0.75,0.85,0.0,0.9,0.6,0.8499370523025409,1.0
synth/scattered/amb0.45,890,1,0.0,0.0,scattered,4338,2,0.0107421875,0.047619049747784935,0.30466482331763955,0.5327403865878959,0.30626011563404126,0.14634041722940788,0.9480470444722993,23.0,0.11649850023150432,0.44993705230254083,0.5,0.4,1.0,0.15,0.5,0.05,0.45,0.15,0.75,0.85,0.0,0.9,0.6,0.8499370523025409,1.0
synth/scattered/amb0.45,891,1,0.0,0.0,scattered,4338,3,0.0054931640625,0.005025125729540984,0.30466482331763955,0.5327403865878959,0.30626011563404126,0.14634041722940788,0.9480470444722993,23.0,0.11649850023150432,0.44993705230254083,0.5,0.4,1.0,0.15,0.5,0.05,0.45,0.15,0.75,0.85,0.0,0.9,0.6,0.8499370523025409,1.0
synth/tubular/amb0.35,892,1,0.5201793909072876,0.5201793909072876,tubular,4375,0,0.05621337890625,0.15977745006481806,0.5703304844089138,0.22393114146047244,0.6370081469728992,0.5285304605791629,0.7890220943757302,19.0,0.8122681714310956,0.347543187003511,0.5,0.4,1.0,0.15,0.5,0.05,0.45,0.15,0.75,0.85,0.0,0.9,0.6,0.347543187003511,1.0
synth/tubular/amb0.35,893,1,0.05498281866312027,0.05498281866312027,tubular,4375,1,0.05059814453125,0.1902375320593516,0.5703304844089138,0.22393114146047244,0.6370081469728992,0.5285304605791629,0.7890220943757302,19.0,0.8122681714310956,0.347543187003511,0.5,0.4,1.0,0.15,0.5,0.05,0.45,0.15,0.75,0.85,0.0,0.9,0.6,0.347543187003511,1.0
synth/tubular/amb0.35,894,1,0.2028985470533371,0.2028985470533371,tubular,4375,2,0.05987548828125,0.15355701247851053,0.5703304844089138,0.22393114146047244,0.6370081469728992,0.5285304605791629,0.7890220943757302,19.0,0.8122681714310956,0.347543187003511,0.5,0.4,1.0,0.15,0.5,0.05,0.45,0.15,0.75,0.85,0.0,0.9,0.6,0.347543187003511,1.0
synth/tubular/amb0.35,895,1,0.11223021894693375,0.11223021894693375,tubular,4375,3,0.02508544921875,0.1215189943710963,0.5703304844089138,0.22393114146047244,0.6370081469728992,0.5285304605791629,0.7890220943757302,19.0,0.8122681714310956,0.347543187003511,0.5,0.4,1.0,0.15,0.5,0.05,0.45,0.15,0.75,0.85,0.0,0.9,0.6,0.347543187003511,1.0
synth/tubular/amb0.65,896,1,0.6824101805686951,0.6824101805686951,tubular,4398,0,0.21710205078125,0.337604100505511,0.42779468287408473,0.5733766932518162,0.8643678909086951,0.4409068883045908,0.940626546052024,18.0,0.6168685166456531,0.6206499559926306,0.5,0.4,1.0,0.15,0.5,0.05,0.45,0.15,0.75,0.85,0.0,0.9,0.6,0.6206499559926306,1.0
synth/tubular/amb0.65,897,1,0.6018134355545044,0.6018134355545044,tubular,4398,1,0.221435546875,0.42332818110783893,0.42779468287408473,0.5733766932518162,0.8643678909086951,0.4409068883045908,0.940626546052024,18.0,0.6168685166456531,0.6206499559926306,0.5,0.4,1.0,0.15,0.5,0.05,0.45,0.15,0.75,0.85,0.0,0.9,0.6,0.6206499559926306,1.0
synth/tubular/amb0.65,898,1,0.4719589948654175,0.4719589948654175,tubular,4398,2,0.2418212890625,0.52766552567482,0.42779468287408473,0.5733766932518162,0.8643678909086951,0.4409068883045908,0.940626546052024,18.0,0.6168685166456531,0.6206499559926306,0.5,0.4,1.0,0.15,0.5,0.05,0.45,0.15,0.75,0.85,0.0,0.9,0.6,0.6206499559926306,1.0
synth/tubular/amb0.65,899,1,0.642672061920166,0.642672061920166,tubular,4398,3,0.21856689453125,0.5304345786571503,0.42779468287408473,0.5733766932518162,0.8643678909086951,0.4409068883045908,0.940626546052024,18.0,0.6168685166456531,0.6206499559926306,0.5,0.4,1.0,0.15,0.5,0.05,0.45,0.15,0.75,0.85,0.0,0.9,0.6,0.6206499559926306,1.0
synth/blob/amb0.35,900,1,0.22313371300697327,0.22313371300697327,blob,4424,0,0.0655517578125,0.3336344361305237,0.741402805302088,0.5342300404367588,0.70411122395735,0.4113654048308443,0.7754171392715739,8.0,0.3180037719543478,0.36818912935068887,0.5,0.4,1.0,0.15,0.5,0.05,0.45,0.15,0.75,0.85,0.0,0.9,0.6,0.36818912935068887,0.6993820955176313
synth/blob/amb0.35,901,1,0.012360939756035805,0.012360939756035805,blob,4424,1,0.0419921875,0.22726664443810782,0.741402805302088,0.5342300404367588,0.70411122395735,0.4113654048308443,0.7754171392715739,8.0,0.3180037719543478,0.36818912935068887,0.5,0.4,1.0,0.15,0.5,0.05,0.45,0.15,0.75,0.85,0.0,0.9,0.6,0.36818912935068887,0.6993820955176313
synth/blob/amb0.35,902,1,0.46693655848503113,0.46693655848503113,blob,4424,2,0.02899169921875,0.08801498015721639,0.741402805302088,0.5342300404367588,0.70411122395735,0.4113654048308443,0.7754171392715739,8.0,0.3180037719543478,0.36818912935068887,0.5,0.4,1.0,0.15,0.5,0.05,0.45,0.15,0.75,0.85,0.0,0.9,0.6,0.36818912935068887,0.6993820955176313
synth/blob/amb0.35,903,1,0.5042839646339417,0.5042839646339417,blob,4424,3,0.02899169921875,0.3476637403170268,0.741402805302088,0.5342300404367588,0.70411122395735,0.4113654048308443,0.7754171392715739,8.0,0.3180037719543478,0.36818912935068887,0.5,0.4,1.0,0.15,0.5,0.05,0.45,0.15,0.75,0.85,0.0,0.9,0.6,0.36818912935068887,0.6993820955176313
synth/annular/amb0.55,904,1,0.1743869185447693,0.1743869185447693,annular,4444,0,0.0089111328125,0.2507450853784879,0.7331683115949377,0.2874970712787106,0.7842850325977341,0.20818452380216473,0.4389928798143073,7.0,0.7439999035744904,0.5524897214373126,0.5,0.4,1.0,0.15,0.5,0.05,0.45,0.15,0.75,0.85,0.0,0.9,0.6,0.5524897214373126,0.6186560184172473
synth/annular/amb0.55,905,1,0.17475728690624237,0.17475728690624237,annular,4444,1,0.00579833984375,0.07597169528404872,0.7331683115949377,0.2874970712787106,0.7842850325977341,0.20818452380216473,0.4389928798143073,7.0,0.7439999035744904,0.5524897214373126,0.5,0.4,1.0,0.15,0.5,0.05,0.45,0.15,0.75,0.85,0.0,0.9,0.6,0.5524897214373126,0.6186560184172473
synth/annular/amb0.55,906,1,0.44503310322761536,0.44503310322761536,annular,4444,2,0.03204345703125,0.2567866047223409,0.7331683115949377,0.2874970712787106,0.7842850325977341,0.20818452380216473,0.4389928798143073,7.0,0.7439999035744904,0.5524897214373126,0.5,0.4,1.0,0.15,0.5,0.05,0.45,0.15,0.75,0.85,0.0,0.9,0.6,0.5524897214373126,0.6186560184172473
synth/annular/amb0.55,907,1,0.7302904725074768,0.7302904725074768,annular,4444,3,0.00799560546875,0.1623118668794632,0.7331683115949377,0.2874970712787106,0.7842850325977341,0.20818452380216473,0.4389928798143073,7.0,0.7439999035744904,0.5524897214373126,0.5,0.4,1.0,0.15,0.5,0.05,0.45,0.15,0.75,0.85,0.0,0.9,0.6,0.5524897214373126,0.6186560184172473
synth/tubular/amb0.75,908,1,0.292802631855011,0.292802631855011,tubular,4462,0,0.16119384765625,0.2965608884890874,0.5834346980715794,0.8891096048602081,0.7799380489740795,0.38820127578765035,0.6153595322693435,23.0,0.021685998747416946,0.7465222963348636,0.5,0.4,1.0,0.15,0.5,0.05,0.45,0.15,0.75,0.85,0.0,0.9,0.6,0.7465222963348636,1.0
synth/tubular/amb0.75,909,1,0.5108303427696228,0.5108303427696228,tubular,4462,1,0.116455078125,0.31734300156434375,0.5834346980715794,0.8891096048602081,0.7799380489740795,0.38820127578765035,0.6153595322693435,23.0,0.021685998747416946,0.7465222963348636,0.5,0.4,1.0,0.15,0.5,0.05,0.45,0.15,0.75,0.85,0.0,0.9,0.6,0.7465222963348636,1.0
synth/tubular/amb0.75,910,1,0.3148217499256134,0.3148217499256134,tubular,4462,2,0.23370361328125,0.3434961487849553,0.5834346980715794,0.8891096048602081,0.7799380489740795,0.38820127578765035,0.6153595322693435,23.0,0.021685998747416946,0.7465222963348636,0.5,0.4,1.0,0.15,0.5,0.05,0.45,0.15,0.75,0.85,0.0,0.9,0.6,0.7465222963348636,1.0
synth/tubular/amb0.75,911,1,0.5672504901885986,0.5672504901885986,tubular,4462,3,0.2044677734375,0.2826732446750005,0.5834346980715794,0.8891096048602081,0.7799380489740795,0.38820127578765035,0.6153595322693435,23.0,0.021685998747416946,0.7465222963348636,0.5,0.4,1.0,0.15,0.5,0.05,0.45,0.15,0.75,0.85,0.0,0.9,0.6,0.7465222963348636,1.0
synth/annular/amb0.45,912,1,0.0,0.0,annular,4494,0,0.00634765625,0.14103517681360245,0.6396748911379679,0.6419745161458037,0.6850207410484982,0.2635813639598017,0.5108147390184297,12.0,0.5206244324664266,0.48798572016638847,0.5,0.4,1.0,0.15,0.5,0.05,0.45,0.15,0.75,0.85,0.0,0.9,0.6,0.48798572016638847,0.6364125375973456
synth/annular/amb0.45,913,1,0.017543859779834747,0.017543859779834747,annular,4494,1,0.00506591796875,0.15167098492383957,0.6396748911379679,0.6419745161458037,0.6850207410484982,0.2635813639598017,0.5108147390184297,12.0,0.5206244324664266,0.48798572016638847,0.5,0.4,1.0,0.15,0.5,0.05,0.45,0.15,0.75,0.85,0.0,0.9,0.6,0.48798572016638847,0.6364125375973456
synth/annular/amb0.45,914,1,0.11864406615495682,0.11864406615495682,annular,4494,2,0.00347900390625,0.2333838144938151,0.6396748911379679,0.6419745161458037,0.6850207410484982,0.2635813639598017,0.5108147390184297,12.0,0.5206244324664266,0.48798572016638847,0.5,0.4,1.0,0.15,0.5,0.05,0.45,0.15,0.75,0.85,0.0,0.9,0.6,0.48798572016638847,0.6364125375973456
synth/annular/amb0.45,915,1,0.0,0.0,annular,4494,3,0.00201416015625,0.050125310818354286,0.6396748911379679,0.6419745161458037,0.6850207410484982,0.2635813639598017,0.5108147390184297,12.0,0.5206244324664266,0.48798572016638847,0.5,0.4,1.0,0.15,0.5,0.05,0.45,0.15,0.75,0.85,0.0,0.9,0.6,0.48798572016638847,0.6364125375973456
synth/annular/amb0.75,916,1,0.0,0.0,annular,4512,0,0.01910400390625,0.02617080012957255,0.843995640038302,0.5818981415549912,0.5987759713602698,0.3897069720896299,0.8078424405256268,14.0,0.8844722198571207,0.7228063100414779,0.5,0.4,1.0,0.15,0.5,0.05,0.45,0.15,0.75,0.85,0.0,0.9,0.6,0.7228063100414779,0.7122653814375391
synth/annular/amb0.75,917,1,0.47706422209739685,0.47706422209739685,annular,4512,1,0.02392578125,0.4511638929446538,0.843995640038302,0.5818981415549912,0.5987759713602698,0.3897069720896299,0.8078424405256268,14.0,0.8844722198571207,0.7228063100414779,0.5,0.4,1.0,0.15,0.5,0.05,0.45,0.15,0.75,0.85,0.0,0.9,0.6,0.7228063100414779,0.7122653814375391
synth/annular/amb0.75,918,1,0.2982456088066101,0.2982456088066101,annular,4512,2,0.019775390625,0.47834641734759015,0.843995640038302,0.5818981415549912,0.5987759713602698,0.3897069720896299,0.8078424405256268,14.0,0.8844722198571207,0.7228063100414779,0.5,0.4,1.0,0.15,0.5,0.05,0.45,0.15,0.75,0.85,0.0,0.9,0.6,0.7228063100414779,0.7122653814375391
synth/annular/amb0.75,919,1,0.0,0.0,annular,4512,3,0.01702880859375,0.0,0.843995640038302,0.5818981415549912,0.5987759713602698,0.3897069720896299,0.8078424405256268,14.0,0.8844722198571207,0.7228063100414779,0.5,0.4,1.0,0.15,0.5,0.05,0.45,0.15,0.75,0.85,0.0,0.9,0.6,0.7228063100414779,0.7122653814375391
synth/elongated/amb0.55,920,1,0.6734317541122437,0.6734317541122437,elongated,4513,0,0.04388427734375,0.11334094405174255,0.6642982920503128,0.49147721736417854,0.6409724890807446,0.32988811149431124,0.5263675284411337,6.0,0.732487484986443,0.5692063366471733,0.5,0.4,1.0,0.15,0.5,0.05,0.45,0.15,0.75,0.85,0.0,0.9,0.6,0.5692063366471733,0.6350676221094649
synth/elongated/amb0.55,921,1,0.5116938352584839,0.5116938352584839,elongated,4513,1,0.06298828125,0.22254658242066702,0.6642982920503128,0.49147721736417854,0.6409724890807446,0.32988811149431124,0.5263675284411337,6.0,0.732487484986443,0.5692063366471733,0.5,0.4,1.0,0.15,0.5,0.05,0.45,0.15,0.75,0.85,0.0,0.9,0.6,0.5692063366471733,0.6350676221094649
synth/elongated/amb0.55,922,1,0.9115646481513977,0.9115646481513977,elongated,4513,2,0.02142333984375,0.3788508673508962,0.6642982920503128,0.49147721736417854,0.6409724890807446,0.32988811149431124,0.5263675284411337,6.0,0.732487484986443,0.5692063366471733,0.5,0.4,1.0,0.15,0.5,0.05,0.45,0.15,0.75,0.85,0.0,0.9,0.6,0.5692063366471733,0.6350676221094649
synth/elongated/amb0.55,923,1,0.6134969592094421,0.6134969592094421,elongated,4513,3,0.06121826171875,0.4089636603991191,0.6642982920503128,0.49147721736417854,0.6409724890807446,0.32988811149431124,0.5263675284411337,6.0,0.732487484986443,0.5692063366471733,0.5,0.4,1.0,0.15,0.5,0.05,0.45,0.15,0.75,0.85,0.0,0.9,0.6,0.5692063366471733,0.6350676221094649
synth/elongated/amb0.45,924,1,0.0,0.0,elongated,4514,0,0.023193359375,0.1752613683541616,0.8733511020215656,0.36847504610612714,0.5068210991562904,0.24985461851669738,0.6522606447429481,6.0,0.018883923818934223,0.49159186936045096,0.5,0.4,1.0,0.15,0.5,0.05,0.45,0.15,0.75,0.85,0.0,0.9,0.6,0.49159186936045096,0.6798773874060001
synth/elongated/amb0.45,925,1,0.22093023359775543,0.22093023359775543,elongated,4514,1,0.00909423828125,0.22860199213027954,0.8733511020215656,0.36847504610612714,0.5068210991562904,0.24985461851669738,0.6522606447429481,6.0,0.018883923818934223,0.49159186936045096,0.5,0.4,1.0,0.15,0.5,0.05,0.45,0.15,0.75,0.85,0.0,0.9,0.6,0.49159186936045096,0.6798773874060001
synth/elongated/amb0.45,926,1,0.0,0.0,elongated,4514,2,0.0057373046875,0.18905288726091385,0.8733511020215656,0.36847504610612714,0.5068210991562904,0.24985461851669738,0.6522606447429481,6.0,0.018883923818934223,0.49159186936045096,0.5,0.4,1.0,0.15,0.5,0.05,0.45,0.15,0.75,0.85,0.0,0.9,0.6,0.49159186936045096,0.6798773874060001
synth/elongated/amb0.45,927,1,0.0,0.0,elongated,4514,3,0.00347900390625,0.0,0.8733511020215656,0.36847504610612714,0.5068210991562904,0.24985461851669738,0.6522606447429481,6.0,0.018883923818934223,0.49159186936045096,0.5,0.4,1.0,0.15,0.5,0.05,0.45,0.15,0.75,0.85,0.0,0.9,0.6,0.49159186936045096,0.6798773874060001
synth/blob/amb0.55,928,1,0.46641790866851807,0.46641790866851807,blob,4520,0,0.01220703125,0.16322581144049764,0.8808767285187824,0.7420068952095265,0.39895048756771184,0.5689901534109504,0.6833977022150208,15.0,0.1235439492340179,0.5549398036294434,0.5,0.4,1.0,0.15,0.5,0.05,0.45,0.15,0.75,0.85,0.0,0.9,0.6,0.5549398036294434,0.6363203271549165
synth/blob/amb0.55,929,1,0.7319793105125427,0.7319793105125427,blob,4520,1,0.06982421875,0.5861420432726542,0.8808767285187824,0.7420068952095265,0.39895048756771184,0.5689901534109504,0.6833977022150208,15.0,0.1235439492340179,0.5549398036294434,0.5,0.4,1.0,0.15,0.5,0.05,0.45,0.15,0.75,0.85,0.0,0.9,0.6,0.5549398036294434,0.6363203271549165
synth/blob/amb0.55,930,1,0.34135666489601135,0.34135666489601135,blob,4520,2,0.049072265625,0.47013354301452637,0.8808767285187824,0.7420068952095265,0.39895048756771184,0.5689901534109504,0.6833977022150208,15.0,0.1235439492340179,0.5549398036294434,0.5,0.4,1.0,0.15,0.5,0.05,0.45,0.15,0.75,0.85,0.0,0.9,0.6,0.5549398036294434,0.6363203271549165
synth/blob/amb0.55,931,1,0.6264880895614624,0.6264880895614624,blob,4520,3,0.04888916015625,0.4437905053297679,0.8808767285187824,0.7420068952095265,0.39895048756771184,0.5689901534109504,0.6833977022150208,15.0,0.1235439492340179,0.5549398036294434,0.5,0.4,1.0,0.15,0.5,0.05,0.45,0.15,0.75,0.85,0.0,0.9,0.6,0.5549398036294434,0.6363203271549165
synth/annular/amb0.55,932,1,0.3751351237297058,0.3751351237297058,annular,4535,0,0.07537841796875,0.3613295927643776,0.3390656064914472,0.32423434121524863,0.3176626145848024,0.33702157684169803,0.9206787457988084,6.0,0.9513329500602593,0.5090916467756471,0.5,0.4,1.0,0.15,0.5,0.05,0.45,0.15,0.75,0.85,0.0,0.9,0.6,0.5090916467756471,0.7525981262320695
synth/annular/amb0.55,933,1,0.13249211013317108,0.13249211013317108,annular,4535,1,0.034912109375,0.4371273120244344,0.3390656064914472,0.32423434121524863,0.3176626145848024,0.33702157684169803,0.9206787457988084,6.0,0.9513329500602593,0.5090916467756471,0.5,0.4,1.0,0.15,0.5,0.05,0.45,0.15,0.75,0.85,0.0,0.9,0.6,0.5090916467756471,0.7525981262320695
synth/annular/amb0.55,934,1,0.5370121002197266,0.5370121002197266,annular,4535,2,0.06585693359375,0.18771286060412726,0.3390656064914472,0.32423434121524863,0.3176626145848024,0.33702157684169803,0.9206787457988084,6.0,0.9513329500602593,0.5090916467756471,0.5,0.4,1.0,0.15,0.5,0.05,0.45,0.15,0.75,0.85,0.0,0.9,0.6,0.5090916467756471,0.7525981262320695
synth/annular/amb0.55,935,1,0.5123339891433716,0.5123339891433716,annular,4535,3,0.0108642578125,0.0023391813350220523,0.3390656064914472,0.32423434121524863,0.3176626145848024,0.33702157684169803,0.9206787457988084,6.0,0.9513329500602593,0.5090916467756471,0.5,0.4,1.0,0.15,0.5,0.05,0.45,0.15,0.75,0.85,0.0,0.9,0.6,0.5090916467756471,0.7525981262320695
synth/elongated/amb0.65,936,1,0.0,0.0,elongated,4536,0,0.00714111328125,0.0,0.8569754095001005,0.5379817190700331,0.6897839138719625,0.13917744781619212,0.7121475598160886,24.0,0.4919305654187972,0.6672689142149291,0.5,0.4,1.0,0.15,0.5,0.05,0.45,0.15,0.75,0.85,0.0,0.9,0.6,0.6672689142149291,0.7041529854454607
synth/elongated/amb0.65,937,1,0.8421052694320679,0.8421052694320679,elongated,4536,1,0.0029296875,0.1554169033964475,0.8569754095001005,0.5379817190700331,0.6897839138719625,0.13917744781619212,0.7121475598160886,24.0,0.4919305654187972,0.6672689142149291,0.5,0.4,1.0,0.15,0.5,0.05,0.45,0.15,0.75,0.85,0.0,0.9,0.6,0.6672689142149291,0.7041529854454607
synth/elongated/amb0.65,938,1,0.0,0.0,elongated,4536,2,0.009765625,0.21895335366328558,0.8569754095001005,0.5379817190700331,0.6897839138719625,0.13917744781619212,0.7121475598160886,24.0,0.4919305654187972,0.6672689142149291,0.5,0.4,1.0,0.15,0.5,0.05,0.45,0.15,0.75,0.85,0.0,0.9,0.6,0.6672689142149291,0.7041529854454607
synth/elongated/amb0.65,939,1,0.7322404384613037,0.7322404384613037,elongated,4536,3,0.00592041015625,0.0,0.8569754095001005,0.5379817190700331,0.6897839138719625,0.13917744781619212,0.7121475598160886,24.0,0.4919305654187972,0.6672689142149291,0.5,0.4,1.0,0.15,0.5,0.05,0.45,0.15,0.75,0.85,0.0,0.9,0.6,0.6672689142149291,0.7041529854454607
synth/annular/amb0.55,940,1,0.09900990128517151,0.09900990128517151,annular,4564,0,0.02838134765625,0.071744700272878,0.5617354395206415,0.2099311681208243,0.46490486370728346,0.45933322922794795,0.7258758750463064,19.0,0.3871672177315486,0.5452311562720473,0.5,0.4,1.0,0.15,0.5,0.05,0.45,0.15,0.75,0.85,0.0,0.9,0.6,0.5452311562720473,0.6763020784969966
synth/annular/amb0.55,941,1,0.27913668751716614,0.27913668751716614,annular,4564,1,0.0263671875,0.4769801398118337,0.5617354395206415,0.2099311681208243,0.46490486370728346,0.45933322922794795,0.7258758750463064,19.0,0.3871672177315486,0.5452311562720473,0.5,0.4,1.0,0.15,0.5,0.05,0.45,0.15,0.75,0.85,0.0,0.9,0.6,0.5452311562720473,0.6763020784969966
synth/annular/amb0.55,942,1,0.41450777649879456,0.41450777649879456,annular,4564,2,0.02398681640625,0.2548398474852244,0.5617354395206415,0.2099311681208243,0.46490486370728346,0.45933322922794795,0.7258758750463064,19.0,0.3871672177315486,0.5452311562720473,0.5,0.4,1.0,0.15,0.5,0.05,0.45,0.15,0.75,0.85,0.0,0.9,0.6,0.5452311562720473,0.6763020784969966
synth/annular/amb0.55,943,1,0.3396911919116974,0.3396911919116974,annular,4564,3,0.04254150390625,0.4875792860984802,0.5617354395206415,0.2099311681208243,0.46490486370728346,0.45933322922794795,0.7258758750463064,19.0,0.3871672177315486,0.5452311562720473,0.5,0.4,1.0,0.15,0.5,0.05,0.45,0.15,0.75,0.85,0.0,0.9,0.6,0.5452311562720473,0.6763020784969966
synth/scattered/amb0.75,944,1,0.4348623752593994,0.4348623752593994,scattered,4581,0,0.04913330078125,0.14304456114768982,0.8644186812194645,0.7992272929097113,0.3565583373053767,0.48567417666311047,0.47761963460382906,13.0,0.7396064219542895,0.778420508820594,0.5,0.4,1.0,0.15,0.5,0.05,0.45,0.15,0.75,0.85,0.0,0.9,0.6,1.0,0.8964780765632758
synth/scattered/amb0.75,945,1,0.05489259958267212,0.05489259958267212,scattered,4581,1,0.03961181640625,0.13520323733488718,0.8644186812194645,0.7992272929097113,0.3565583373053767,0.48567417666311047,0.47761963460382906,13.0,0.7396064219542895,0.778420508820594,0.5,0.4,1.0,0.15,0.5,0.05,0.45,0.15,0.75,0.85,0.0,0.9,0.6,1.0,0.8964780765632758
synth/scattered/amb0.75,946,1,0.22944550216197968,0.22944550216197968,scattered,4581,2,0.05072021484375,0.15631999789426723,0.8644186812194645,0.7992272929097113,0.3565583373053767,0.48567417666311047,0.47761963460382906,13.0,0.7396064219542895,0.778420508820594,0.5,0.4,1.0,0.15,0.5,0.05,0.45,0.15,0.75,0.85,0.0,0.9,0.6,1.0,0.8964780765632758
synth/scattered/amb0.75,947,1,0.24253731966018677,0.24253731966018677,scattered,4581,3,0.0228271484375,0.11999854942162831,0.8644186812194645,0.7992272929097113,0.3565583373053767,0.48567417666311047,0.47761963460382906,13.0,0.7396064219542895,0.778420508820594,0.5,0.4,1.0,0.15,0.5,0.05,0.45,0.15,0.75,0.85,0.0,0.9,0.6,1.0,0.8964780765632758
synth/tubular/amb0.35,948,1,0.6014712452888489,0.6014712452888489,tubular,4600,0,0.23175048828125,0.3063630821804206,0.48734084736090877,0.4100703500140798,0.7445260602313372,0.45939148922710216,0.5772766304255138,20.0,0.07723133160858509,0.3148510847439695,0.5,0.4,1.0,0.15,0.5,0.05,0.45,0.15,0.75,0.85,0.0,0.9,0.6,0.3148510847439695,1.0
synth/tubular/amb0.35,949,1,0.5505673289299011,0.5505673289299011,tubular,4600,1,0.22027587890625,0.39797024925549823,0.48734084736090877,0.4100703500140798,0.7445260602313372,0.45939148922710216,0.5772766304255138,20.0,0.07723133160858509,0.3148510847439695,0.5,0.4,1.0,0.15,0.5,0.05,0.45,0.15,0.75,0.85,0.0,0.9,0.6,0.3148510847439695,1.0
synth/tubular/amb0.35,950,1,0.32695913314819336,0.32695913314819336,tubular,4600,2,0.17498779296875,0.21633420387903848,0.48734084736090877,0.4100703500140798,0.7445260602313372,0.45939148922710216,0.5772766304255138,20.0,0.07723133160858509,0.3148510847439695,0.5,0.4,1.0,0.15,0.5,0.05,0.45,0.15,0.75,0.85,0.0,0.9,0.6,0.3148510847439695,1.0
synth/tubular/amb0.35,951,1,0.42708101868629456,0.42708101868629456,tubular,4600,3,0.16314697265625,0.3568978359301885,0.48734084736090877,0.4100703500140798,0.7445260602313372,0.45939148922710216,0.5772766304255138,20.0,0.07723133160858509,0.3148510847439695,0.5,0.4,1.0,0.15,0.5,0.05,0.45,0.15,0.75,0.85,0.0,0.9,0.6,0.3148510847439695,1.0
synth/blob/amb0.55,952,1,0.795945942401886,0.795945942401886,blob,4630,0,0.04779052734375,0.4046818142135938,0.759995528863286,0.6392486108293165,0.49350189130107414,0.5406694355060593,0.7250030220686938,8.0,0.9190020011123323,0.578561144658019,0.5,0.4,1.0,0.15,0.5,0.05,0.45,0.15,0.75,0.85,0.0,0.9,0.6,0.578561144658019,0.657202078023051
synth/blob/amb0.55,953,1,0.5885111093521118,0.5885111093521118,blob,4630,1,0.05560302734375,0.4748068153858185,0.759995528863286,0.6392486108293165,0.49350189130107414,0.5406694355060593,0.7250030220686938,8.0,0.9190020011123323,0.578561144658019,0.5,0.4,1.0,0.15,0.5,0.05,0.45,0.15,0.75,0.85,0.0,0.9,0.6,0.578561144658019,0.657202078023051
synth/blob/amb0.55,954,1,0.5115529298782349,0.5115529298782349,blob,4630,2,0.08441162109375,0.3354663948218028,0.759995528863286,0.6392486108293165,0.49350189130107414,0.5406694355060593,0.7250030220686938,8.0,0.9190020011123323,0.578561144658019,0.5,0.4,1.0,0.15,0.5,0.05,0.45,0.15,0.75,0.85,0.0,0.9,0.6,0.578561144658019,0.657202078023051
synth/blob/amb0.55,955,1,0.8545454740524292,0.8545454740524292,blob,4630,3,0.03424072265625,0.2738243291775386,0.759995528863286,0.6392486108293165,0.49350189130107414,0.5406694355060593,0.7250030220686938,8.0,0.9190020011123323,0.578561144658019,0.5,0.4,1.0,0.15,0.5,0.05,0.45,0.15,0.75,0.85,0.0,0.9,0.6,0.578561144658019,0.657202078023051
synth/blob/amb0.65,956,1,0.2830769121646881,0.2830769121646881,blob,4697,0,0.01043701171875,0.47249271472295123,0.4544382515008295,0.6789313438554856,0.49383562298196226,0.49153857502835097,0.602429035432902,18.0,0.5674929240785581,0.6904711031416105,0.5,0.4,1.0,0.15,0.5,0.05,0.45,0.15,0.75,0.85,0.0,0.9,0.6,0.6904711031416105,0.6326395546919799
synth/blob/amb0.65,957,1,0.04934210702776909,0.04934210702776909,blob,4697,1,0.0277099609375,0.04347286311288675,0.4544382515008295,0.6789313438554856,0.49383562298196226,0.49153857502835097,0.602429035432902,18.0,0.5674929240785581,0.6904711031416105,0.5,0.4,1.0,0.15,0.5,0.05,0.45,0.15,0.75,0.85,0.0,0.9,0.6,0.6904711031416105,0.6326395546919799
synth/blob/amb0.65,958,1,0.24132408201694489,0.24132408201694489,blob,4697,2,0.10009765625,0.14234648769100508,0.4544382515008295,0.6789313438554856,0.49383562298196226,0.49153857502835097,0.602429035432902,18.0,0.5674929240785581,0.6904711031416105,0.5,0.4,1.0,0.15,0.5,0.05,0.45,0.15,0.75,0.85,0.0,0.9,0.6,0.6904711031416105,0.6326395546919799
synth/blob/amb0.65,959,1,0.46038365364074707,0.46038365364074707,blob,4697,3,0.04742431640625,0.34999696413675946,0.4544382515008295,0.6789313438554856,0.49383562298196226,0.49153857502835097,0.602429035432902,18.0,0.5674929240785581,0.6904711031416105,0.5,0.4,1.0,0.15,0.5,0.05,0.45,0.15,0.75,0.85,0.0,0.9,0.6,0.6904711031416105,0.6326395546919799
synth/tubular/amb0.75,960,1,0.27542033791542053,0.27542033791542053,tubular,4750,0,0.09075927734375,0.23654904961585999,0.5259980143088683,0.5950268860278494,0.7795183688751375,0.4799085056748113,0.945793791678293,19.0,0.2862776902580477,0.7140955916634422,0.5,0.4,1.0,0.15,0.5,0.05,0.45,0.15,0.75,0.85,0.0,0.9,0.6,0.7140955916634422,1.0
synth/tubular/amb0.75,961,1,0.20653358101844788,0.20653358101844788,tubular,4750,1,0.21466064453125,0.31239619851112366,0.5259980143088683,0.5950268860278494,0.7795183688751375,0.4799085056748113,0.945793791678293,19.0,0.2862776902580477,0.7140955916634422,0.5,0.4,1.0,0.15,0.5,0.05,0.45,0.15,0.75,0.85,0.0,0.9,0.6,0.7140955916634422,1.0
synth/tubular/amb0.75,962,1,0.3856041133403778,0.3856041133403778,tubular,4750,2,0.1839599609375,0.25681009888648987,0.5259980143088683,0.5950268860278494,0.7795183688751375,0.4799085056748113,0.945793791678293,19.0,0.2862776902580477,0.7140955916634422,0.5,0.4,1.0,0.15,0.5,0.05,0.45,0.15,0.75,0.85,0.0,0.9,0.6,0.7140955916634422,1.0
synth/tubular/amb0.75,963,1,0.3400648236274719,0.3400648236274719,tubular,4750,3,0.1915283203125,0.21122773581494889,0.5259980143088683,0.5950268860278494,0.7795183688751375,0.4799085056748113,0.945793791678293,19.0,0.2862776902580477,0.7140955916634422,0.5,0.4,1.0,0.15,0.5,0.05,0.45,0.15,0.75,0.85,0.0,0.9,0.6,0.7140955916634422,1.0
synth/annular/amb0.65,964,1,0.14358974993228912,0.14358974993228912,annular,4760,0,0.00750732421875,0.067273519312342,0.42189686620007055,0.3863190178423588,0.5445260555722788,0.5749061449629727,0.8659526676241633,6.0,0.4907889118501253,0.6541451752423149,0.5,0.4,1.0,0.15,0.5,0.05,0.45,0.15,0.75,0.85,0.0,0.9,0.6,0.6541451752423149,0.6891894426972286
synth/annular/amb0.65,965,1,0.27573060989379883,0.27573060989379883,annular,4760,1,0.07037353515625,0.14760137993531922,0.42189686620007055,0.3863190178423588,0.5445260555722788,0.5749061449629727,0.8659526676241633,6.0,0.4907889118501253,0.6541451752423149,0.5,0.4,1.0,0.15,0.5,0.05,0.45,0.15,0.75,0.85,0.0,0.9,0.6,0.6541451752423149,0.6891894426972286
synth/annular/amb0.65,966,1,0.4863945543766022,0.4863945543766022,annular,4760,2,0.02032470703125,0.1260068081319332,0.42189686620007055,0.3863190178423588,0.5445260555722788,0.5749061449629727,0.8659526676241633,6.0,0.4907889118501253,0.6541451752423149,0.5,0.4,1.0,0.15,0.5,0.05,0.45,0.15,0.75,0.85,0.0,0.9,0.6,0.6541451752423149,0.6891894426972286
synth/annular/amb0.65,967,1,0.14661654829978943,0.14661654829978943,annular,4760,3,0.0289306640625,0.08790786812702815,0.42189686620007055,0.3863190178423588,0.5445260555722788,0.5749061449629727,0.8659526676241633,6.0,0.4907889118501253,0.6541451752423149,0.5,0.4,1.0,0.15,0.5,0.05,0.45,0.15,0.75,0.85,0.0,0.9,0.6,0.6541451752423149,0.6891894426972286
synth/annular/amb0.55,968,1,0.5077922344207764,0.5077922344207764,annular,4772,0,0.061767578125,0.21709074825048447,0.7108954794210804,0.45082942424922007,0.7798686042006895,0.43654854966498646,0.34556036170042026,15.0,0.6256414299808827,0.5783675593466644,0.5,0.4,1.0,0.15,0.5,0.05,0.45,0.15,0.75,0.85,0.0,0.9,0.6,0.5783675593466644,0.5663373251258408
synth/annular/amb0.55,969,1,0.2758007049560547,0.2758007049560547,annular,4772,1,0.01904296875,0.16623676319917044,0.7108954794210804,0.45082942424922007,0.7798686042006895,0.43654854966498646,0.34556036170042026,15.0,0.6256414299808827,0.5783675593466644,0.5,0.4,1.0,0.15,0.5,0.05,0.45,0.15,0.75,0.85,0.0,0.9,0.6,0.5783675593466644,0.5663373251258408
synth/annular/amb0.55,970,1,0.2757527828216553,0.2757527828216553,annular,4772,2,0.02337646484375,0.18121669193108877,0.7108954794210804,0.45082942424922007,0.7798686042006895,0.43654854966498646,0.34556036170042026,15.0,0.6256414299808827,0.5783675593466644,0.5,0.4,1.0,0.15,0.5,0.05,0.45,0.15,0.75,0.85,0.0,0.9,0.6,0.5783675593466644,0.5663373251258408
synth/annular/amb0.55,971,1,0.16460305452346802,0.16460305452346802,annular,4772,3,0.04736328125,0.11342026789983113,0.7108954794210804,0.45082942424922007,0.7798686042006895,0.43654854966498646,0.34556036170042026,15.0,0.6256414299808827,0.5783675593466644,0.5,0.4,1.0,0.15,0.5,0.05,0.45,0.15,0.75,0.85,0.0,0.9,0.6,0.5783675593466644,0.5663373251258408
synth/annular/amb0.35,972,1,0.0,0.0,annular,4794,0,0.0126953125,0.0,0.8066690251433739,0.6165286845899137,0.36175238703196483,0.12272625021095435,0.47571881660604154,19.0,0.4907406301763201,0.35775580389207573,0.5,0.4,1.0,0.15,0.5,0.05,0.45,0.15,0.75,0.85,0.0,0.9,0.6,0.35775580389207573,0.6339168640541211
synth/annular/amb0.35,973,1,0.0,0.0,annular,4794,1,0.0028076171875,0.029333333174387615,0.8066690251433739,0.6165286845899137,0.36175238703196483,0.12272625021095435,0.47571881660604154,19.0,0.4907406301763201,0.35775580389207573,0.5,0.4,1.0,0.15,0.5,0.05,0.45,0.15,0.75,0.85,0.0,0.9,0.6,0.35775580389207573,0.6339168640541211
synth/annular/amb0.35,974,1,0.1818181872367859,0.1818181872367859,annular,4794,2,0.00384521484375,0.019841269900401432,0.8066690251433739,0.6165286845899137,0.36175238703196483,0.12272625021095435,0.47571881660604154,19.0,0.4907406301763201,0.35775580389207573,0.5,0.4,1.0,0.15,0.5,0.05,0.45,0.15,0.75,0.85,0.0,0.9,0.6,0.35775580389207573,0.6339168640541211
synth/annular/amb0.35,975,1,0.0,0.0,annular,4794,3,0.00286865234375,0.0,0.8066690251433739,0.6165286845899137,0.36175238703196483,0.12272625021095435,0.47571881660604154,19.0,0.4907406301763201,0.35775580389207573,0.5,0.4,1.0,0.15,0.5,0.05,0.45,0.15,0.75,0.85,0.0,0.9,0.6,0.35775580389207573,0.6339168640541211
synth/annular/amb0.35,976,1,0.3715110719203949,0.3715110719203949,annular,4834,0,0.06549072265625,0.24313903351624808,0.49547427115854165,0.6151609169611223,0.7386638376149023,0.5890955803954909,0.3070456318214003,23.0,0.8037473461237962,0.3804907188115446,0.5,0.4,1.0,0.15,0.5,0.05,0.45,0.15,0.75,0.85,0.0,0.9,0.6,0.3804907188115446,0.5167501712298916
synth/annular/amb0.35,977,1,0.167324960231781,0.167324960231781,annular,4834,1,0.135498046875,0.22057283918062845,0.49547427115854165,0.6151609169611223,0.7386638376149023,0.5890955803954909,0.3070456318214003,23.0,0.8037473461237962,0.3804907188115446,0.5,0.4,1.0,0.15,0.5,0.05,0.45,0.15,0.75,0.85,0.0,0.9,0.6,0.3804907188115446,0.5167501712298916
synth/annular/amb0.35,978,1,0.6388777494430542,0.6388777494430542,annular,4834,2,0.0986328125,0.26966361701488495,0.49547427115854165,0.6151609169611223,0.7386638376149023,0.5890955803954909,0.3070456318214003,23.0,0.8037473461237962,0.3804907188115446,0.5,0.4,1.0,0.15,0.5,0.05,0.45,0.15,0.75,0.85,0.0,0.9,0.6,0.3804907188115446,0.5167501712298916
synth/annular/amb0.35,979,1,0.4383247196674347,0.4383247196674347,annular,4834,3,0.06622314453125,0.2614023784796397,0.49547427115854165,0.6151609169611223,0.7386638376149023,0.5890955803954909,0.3070456318214003,23.0,0.8037473461237962,0.3804907188115446,0.5,0.4,1.0,0.15,0.5,0.05,0.45,0.15,0.75,0.85,0.0,0.9,0.6,0.3804907188115446,0.5167501712298916
synth/annular/amb0.55,980,1,0.09574468433856964,0.09574468433856964,annular,4866,0,0.0181884765625,0.04768753113845984,0.7184819770916615,0.35339842398847865,0.3218655193060309,0.3137420667066069,0.6096152553634817,8.0,0.42960965921728234,0.547814757680724,0.5,0.4,1.0,0.15,0.5,0.05,0.45,0.15,0.75,0.85,0.0,0.9,0.6,0.547814757680724,0.6616788021629607
synth/annular/amb0.55,981,1,0.08542713522911072,0.08542713522911072,annular,4866,1,0.01080322265625,0.08657294760147731,0.7184819770916615,0.35339842398847865,0.3218655193060309,0.3137420667066069,0.6096152553634817,8.0,0.42960965921728234,0.547814757680724,0.5,0.4,1.0,0.15,0.5,0.05,0.45,0.15,0.75,0.85,0.0,0.9,0.6,0.547814757680724,0.6616788021629607
synth/annular/amb0.55,982,1,0.49484536051750183,0.49484536051750183,annular,4866,2,0.01171875,0.09830763936042786,0.7184819770916615,0.35339842398847865,0.3218655193060309,0.3137420667066069,0.6096152553634817,8.0,0.42960965921728234,0.547814757680724,0.5,0.4,1.0,0.15,0.5,0.05,0.45,0.15,0.75,0.85,0.0,0.9,0.6,0.547814757680724,0.6616788021629607
synth/annular/amb0.55,983,1,0.6098191142082214,0.6098191142082214,annular,4866,3,0.01025390625,0.09755800229807694,0.7184819770916615,0.35339842398847865,0.3218655193060309,0.3137420667066069,0.6096152553634817,8.0,0.42960965921728234,0.547814757680724,0.5,0.4,1.0,0.15,0.5,0.05,0.45,0.15,0.75,0.85,0.0,0.9,0.6,0.547814757680724,0.6616788021629607
synth/annular/amb0.75,984,1,0.0,0.0,annular,4868,0,0.0069580078125,0.0,0.8563862856843396,0.27691868475381776,0.3479224914713856,0.2429038228571362,0.9058624430569668,16.0,0.4702678372590138,0.737064340063051,0.5,0.4,1.0,0.15,0.5,0.05,0.45,0.15,0.75,0.85,0.0,0.9,0.6,0.737064340063051,0.7564556951506256
synth/annular/amb0.75,985,1,0.03947368264198303,0.03947368264198303,annular,4868,1,0.00628662109375,0.05120414526512226,0.8563862856843396,0.27691868475381776,0.3479224914713856,0.2429038228571362,0.9058624430569668,16.0,0.4702678372590138,0.737064340063051,0.5,0.4,1.0,0.15,0.5,0.05,0.45,0.15,0.75,0.85,0.0,0.9,0.6,0.737064340063051,0.7564556951506256
synth/annular/amb0.75,986,1,0.0,0.0,annular,4868,2,0.00396728515625,0.01149425283074379,0.8563862856843396,0.27691868475381776,0.3479224914713856,0.2429038228571362,0.9058624430569668,16.0,0.4702678372590138,0.737064340063051,0.5,0.4,1.0,0.15,0.5,0.05,0.45,0.15,0.75,0.85,0.0,0.9,0.6,0.737064340063051,0.7564556951506256
synth/annular/amb0.75,987,1,0.0,0.0,annular,4868,3,0.00750732421875,0.0,0.8563862856843396,0.27691868475381776,0.3479224914713856,0.2429038228571362,0.9058624430569668,16.0,0.4702678372590138,0.737064340063051,0.5,0.4,1.0,0.15,0.5,0.05,0.45,0.15,0.75,0.85,0.0,0.9,0.6,0.737064340063051,0.7564556951506256
synth/annular/amb0.75,988,1,0.0,0.0,annular,4873,0,0.0068359375,0.029567072944094736,0.6179638974504333,0.2965888541164123,0.7068388134224727,0.38121593271962495,0.8423845401155847,23.0,0.02642361957941597,0.7799475869964458,0.5,0.4,1.0,0.15,0.5,0.05,0.45,0.15,0.75,0.85,0.0,0.9,0.6,0.7799475869964458,0.7237818022328915
synth/annular/amb0.75,989,1,0.0,0.0,annular,4873,1,0.00701904296875,0.0,0.6179638974504333,0.2965888541164123,0.7068388134224727,0.38121593271962495,0.8423845401155847,23.0,0.02642361957941597,0.7799475869964458,0.5,0.4,1.0,0.15,0.5,0.05,0.45,0.15,0.75,0.85,0.0,0.9,0.6,0.7799475869964458,0.7237818022328915
synth/annular/amb0.75,990,1,0.0,0.0,annular,4873,2,0.00390625,0.10833332935969035,0.6179638974504333,0.2965888541164123,0.7068388134224727,0.38121593271962495,0.8423845401155847,23.0,0.02642361957941597,0.7799475869964458,0.5,0.4,1.0,0.15,0.5,0.05,0.45,0.15,0.75,0.85,0.0,0.9,0.6,0.7799475869964458,0.7237818022328915
synth/annular/amb0.75,991,1,0.6048237681388855,0.6048237681388855,annular,4873,3,0.01580810546875,0.29364147782325745,0.6179638974504333,0.2965888541164123,0.7068388134224727,0.38121593271962495,0.8423845401155847,23.0,0.02642361957941597,0.7799475869964458,0.5,0.4,1.0,0.15,0.5,0.05,0.45,0.15,0.75,0.85,0.0,0.9,0.6,0.7799475869964458,0.7237818022328915
synth/tubular/amb0.45,992,1,0.5314888954162598,0.5314888954162598,tubular,4955,0,0.06463623046875,0.1566005970040957,0.7760616831462552,0.6544628940282067,0.3674465900240272,0.26669375160413133,0.9874596199292696,9.0,0.5014692633299936,0.4980457731895038,0.5,0.4,1.0,0.15,0.5,0.05,0.45,0.15,0.75,0.85,0.0,0.9,0.6,0.4980457731895038,1.0
synth/tubular/amb0.45,993,1,0.316912978887558,0.316912978887558,tubular,4955,1,0.0819091796875,0.2527380359048645,0.7760616831462552,0.6544628940282067,0.3674465900240272,0.26669375160413133,0.9874596199292696,9.0,0.5014692633299936,0.4980457731895038,0.5,0.4,1.0,0.15,0.5,0.05,0.45,0.15,0.75,0.85,0.0,0.9,0.6,0.4980457731895038,1.0
synth/tubular/amb0.45,994,1,0.2165413498878479,0.2165413498878479,tubular,4955,2,0.14044189453125,0.22655295704801878,0.7760616831462552,0.6544628940282067,0.3674465900240272,0.26669375160413133,0.9874596199292696,9.0,0.5014692633299936,0.4980457731895038,0.5,0.4,1.0,0.15,0.5,0.05,0.45,0.15,0.75,0.85,0.0,0.9,0.6,0.4980457731895038,1.0
synth/tubular/amb0.45,995,1,0.2667555809020996,0.2667555809020996,tubular,4955,3,0.12493896484375,0.14444220003982386,0.7760616831462552,0.6544628940282067,0.3674465900240272,0.26669375160413133,0.9874596199292696,9.0,0.5014692633299936,0.4980457731895038,0.5,0.4,1.0,0.15,0.5,0.05,0.45,0.15,0.75,0.85,0.0,0.9,0.6,0.4980457731895038,1.0
synth/annular/amb0.55,996,1,0.5031847357749939,0.5031847357749939,annular,4967,0,0.0260009765625,0.08534744133551915,0.8803227340584583,0.7340946395990686,0.32717343694429646,0.38272319765720886,0.9628477023538871,7.0,0.38231655339864545,0.5518435805170749,0.5,0.4,1.0,0.15,0.5,0.05,0.45,0.15,0.75,0.85,0.0,0.9,0.6,0.5518435805170749,0.7597192183138048
synth/annular/amb0.55,997,1,0.6138032078742981,0.6138032078742981,annular,4967,1,0.0257568359375,0.12536880622307459,0.8803227340584583,0.7340946395990686,0.32717343694429646,0.38272319765720886,0.9628477023538871,7.0,0.38231655339864545,0.5518435805170749,0.5,0.4,1.0,0.15,0.5,0.05,0.45,0.15,0.75,0.85,0.0,0.9,0.6,0.5518435805170749,0.7597192183138048
synth/annular/amb0.55,998,1,0.17130620777606964,0.17130620777606964,annular,4967,2,0.021484375,0.21107442925373712,0.8803227340584583,0.7340946395990686,0.32717343694429646,0.38272319765720886,0.9628477023538871,7.0,0.38231655339864545,0.5518435805170749,0.5,0.4,1.0,0.15,0.5,0.05,0.45,0.15,0.75,0.85,0.0,0.9,0.6,0.5518435805170749,0.7597192183138048
synth/annular/amb0.55,999,1,0.24213075637817383,0.24213075637817383,annular,4967,3,0.05364990234375,0.12543554107348123,0.8803227340584583,0.7340946395990686,0.32717343694429646,0.38272319765720886,0.9628477023538871,7.0,0.38231655339864545,0.5518435805170749,0.5,0.4,1.0,0.15,0.5,0.05,0.45,0.15,0.75,0.85,0.0,0.9,0.6,0.5518435805170749,0.7597192183138048
