dataset,sample_idx,label_value,dice_native,dice_ds,morphology,task_id,subject_index,fg_frac,ctx_dice,thinness,tortuosity,branching_density,region_size,boundary_complexity,scattered_count,scattered_clustering,task_ambiguity,boundary_amp_scale,boundary_sigma_frac,boundary_keep_largest,position_jitter,support_query_shift,support_query_translate,support_query_scale,foreground_contrast,texture_heterogeneity,noise_level,context_copy_fraction,context_consistency,task_ambiguity_intensity,axis_identification,axis_segmentation
synth/blob/amb0.90,0,1,0.0,0.0,blob,5,0,0.02178955078125,0.0,0.5333194176679458,0.7034539690957238,0.4026564797060761,0.6093052567025883,0.3399029114737168,19.0,0.20301952299532244,0.8909406750169354,0.5,0.4,1.0,0.15,0.9,0.2,0.9,0.15,0.75,0.85,0.0,0.55,0.95,0.8909406750169354,0.5192565888652336
synth/blob/amb0.90,1,1,0.0,0.0,blob,5,1,0.02545166015625,0.005618766571084659,0.5333194176679458,0.7034539690957238,0.4026564797060761,0.6093052567025883,0.3399029114737168,19.0,0.20301952299532244,0.8909406750169354,0.5,0.4,1.0,0.15,0.9,0.2,0.9,0.15,0.75,0.85,0.0,0.55,0.95,0.8909406750169354,0.5192565888652336
synth/blob/amb0.90,2,1,0.0,0.0,blob,5,2,0.01177978515625,0.0,0.5333194176679458,0.7034539690957238,0.4026564797060761,0.6093052567025883,0.3399029114737168,19.0,0.20301952299532244,0.8909406750169354,0.5,0.4,1.0,0.15,0.9,0.2,0.9,0.15,0.75,0.85,0.0,0.55,0.95,0.8909406750169354,0.5192565888652336
synth/blob/amb0.90,3,1,0.04681647941470146,0.04681647941470146,blob,5,3,0.05426025390625,0.027269810438156128,0.5333194176679458,0.7034539690957238,0.4026564797060761,0.6093052567025883,0.3399029114737168,19.0,0.20301952299532244,0.8909406750169354,0.5,0.4,1.0,0.15,0.9,0.2,0.9,0.15,0.75,0.85,0.0,0.55,0.95,0.8909406750169354,0.5192565888652336
synth/annular/amb0.98,4,1,0.0,0.0,annular,7,0,0.00543212890625,0.0,0.467596174462639,0.32114696432063367,0.8376833951105187,0.22434641890843798,0.6572726774922104,22.0,0.07137693325911498,0.9978994507010255,0.5,0.4,1.0,0.15,0.9,0.2,0.9,0.15,0.75,0.85,0.0,0.55,0.95,0.9978994507010255,0.6831322394042504
synth/annular/amb0.98,5,1,0.0,0.0,annular,7,1,0.01239013671875,0.02937853087981542,0.467596174462639,0.32114696432063367,0.8376833951105187,0.22434641890843798,0.6572726774922104,22.0,0.07137693325911498,0.9978994507010255,0.5,0.4,1.0,0.15,0.9,0.2,0.9,0.15,0.75,0.85,0.0,0.55,0.95,0.9978994507010255,0.6831322394042504
synth/annular/amb0.98,6,1,0.0,0.0,annular,7,2,0.0018310546875,0.0,0.467596174462639,0.32114696432063367,0.8376833951105187,0.22434641890843798,0.6572726774922104,22.0,0.07137693325911498,0.9978994507010255,0.5,0.4,1.0,0.15,0.9,0.2,0.9,0.15,0.75,0.85,0.0,0.55,0.95,0.9978994507010255,0.6831322394042504
synth/annular/amb0.98,7,1,0.0,0.0,annular,7,3,0.0008544921875,0.012903225918610891,0.467596174462639,0.32114696432063367,0.8376833951105187,0.22434641890843798,0.6572726774922104,22.0,0.07137693325911498,0.9978994507010255,0.5,0.4,1.0,0.15,0.9,0.2,0.9,0.15,0.75,0.85,0.0,0.55,0.95,0.9978994507010255,0.6831322394042504
synth/annular/amb0.95,8,1,0.08679245412349701,0.08679245412349701,annular,89,0,0.02410888671875,0.0,0.3451144752674456,0.3403919794107262,0.5717625086448197,0.4038251489608462,0.6915773200192371,18.0,0.020387101206473468,0.9506939225813916,0.5,0.4,1.0,0.15,0.9,0.2,0.9,0.15,0.75,0.85,0.0,0.55,0.95,0.9506939225813916,0.6753646749364972
synth/annular/amb0.95,9,1,0.0,0.0,annular,89,1,0.038818359375,0.0,0.3451144752674456,0.3403919794107262,0.5717625086448197,0.4038251489608462,0.6915773200192371,18.0,0.020387101206473468,0.9506939225813916,0.5,0.4,1.0,0.15,0.9,0.2,0.9,0.15,0.75,0.85,0.0,0.55,0.95,0.9506939225813916,0.6753646749364972
synth/annular/amb0.95,10,1,0.0,0.0,annular,89,2,0.00592041015625,0.0,0.3451144752674456,0.3403919794107262,0.5717625086448197,0.4038251489608462,0.6915773200192371,18.0,0.020387101206473468,0.9506939225813916,0.5,0.4,1.0,0.15,0.9,0.2,0.9,0.15,0.75,0.85,0.0,0.55,0.95,0.9506939225813916,0.6753646749364972
synth/annular/amb0.95,11,1,0.0,0.0,annular,89,3,0.004638671875,0.034871794283390045,0.3451144752674456,0.3403919794107262,0.5717625086448197,0.4038251489608462,0.6915773200192371,18.0,0.020387101206473468,0.9506939225813916,0.5,0.4,1.0,0.15,0.9,0.2,0.9,0.15,0.75,0.85,0.0,0.55,0.95,0.9506939225813916,0.6753646749364972
synth/scattered/amb0.93,12,1,0.0,0.0,scattered,90,0,0.0078125,0.009389671186606089,0.365925743065498,0.33181081613551205,0.7477052405560448,0.13446760261432417,0.31026036819826747,14.0,0.05905523170968052,0.9128272188255798,0.5,0.4,1.0,0.15,0.9,0.2,0.9,0.15,0.75,0.85,0.0,0.55,0.95,1.0,0.8837904739607305
synth/scattered/amb0.93,13,1,0.0,0.0,scattered,90,1,0.00921630859375,0.010309278344114622,0.365925743065498,0.33181081613551205,0.7477052405560448,0.13446760261432417,0.31026036819826747,14.0,0.05905523170968052,0.9128272188255798,0.5,0.4,1.0,0.15,0.9,0.2,0.9,0.15,0.75,0.85,0.0,0.55,0.95,1.0,0.8837904739607305
synth/scattered/amb0.93,14,1,0.0,0.0,scattered,90,2,0.0087890625,0.0,0.365925743065498,0.33181081613551205,0.7477052405560448,0.13446760261432417,0.31026036819826747,14.0,0.05905523170968052,0.9128272188255798,0.5,0.4,1.0,0.15,0.9,0.2,0.9,0.15,0.75,0.85,0.0,0.55,0.95,1.0,0.8837904739607305
synth/scattered/amb0.93,15,1,0.03200000151991844,0.03200000151991844,scattered,90,3,0.02020263671875,0.0,0.365925743065498,0.33181081613551205,0.7477052405560448,0.13446760261432417,0.31026036819826747,14.0,0.05905523170968052,0.9128272188255798,0.5,0.4,1.0,0.15,0.9,0.2,0.9,0.15,0.75,0.85,0.0,0.55,0.95,1.0,0.8837904739607305
synth/tubular/amb0.86,16,1,0.0,0.0,tubular,120,0,0.01995849609375,0.0,0.4614648359004646,0.2995405067345254,0.4520178115728789,0.19860599259776662,0.36655716135506716,8.0,0.02516678315644838,0.8776671208756427,0.5,0.4,1.0,0.15,0.9,0.2,0.9,0.15,0.75,0.85,0.0,0.55,0.95,0.8776671208756427,1.0
synth/tubular/amb0.86,17,1,0.03208556026220322,0.03208556026220322,tubular,120,1,0.03729248046875,0.026106624243160088,0.4614648359004646,0.2995405067345254,0.4520178115728789,0.19860599259776662,0.36655716135506716,8.0,0.02516678315644838,0.8776671208756427,0.5,0.4,1.0,0.15,0.9,0.2,0.9,0.15,0.75,0.85,0.0,0.55,0.95,0.8776671208756427,1.0
synth/tubular/amb0.86,18,1,0.22157622873783112,0.22157622873783112,tubular,120,2,0.12042236328125,0.12988223135471344,0.4614648359004646,0.2995405067345254,0.4520178115728789,0.19860599259776662,0.36655716135506716,8.0,0.02516678315644838,0.8776671208756427,0.5,0.4,1.0,0.15,0.9,0.2,0.9,0.15,0.75,0.85,0.0,0.55,0.95,0.8776671208756427,1.0
synth/tubular/amb0.86,19,1,0.1568627506494522,0.1568627506494522,tubular,120,3,0.10015869140625,0.11676843836903572,0.4614648359004646,0.2995405067345254,0.4520178115728789,0.19860599259776662,0.36655716135506716,8.0,0.02516678315644838,0.8776671208756427,0.5,0.4,1.0,0.15,0.9,0.2,0.9,0.15,0.75,0.85,0.0,0.55,0.95,0.8776671208756427,1.0
synth/tubular/amb0.98,20,1,0.24628399312496185,0.24628399312496185,tubular,145,0,0.3662109375,0.23438767809420824,0.5442428078484257,0.2890712977902265,0.40715160404665507,0.4426979488318823,0.6809340472378458,13.0,0.5120114769540582,0.9966235186527207,0.5,0.4,1.0,0.15,0.9,0.2,0.9,0.15,0.75,0.85,0.0,0.55,0.95,0.9966235186527207,1.0
synth/tubular/amb0.98,21,1,0.2993084490299225,0.2993084490299225,tubular,145,1,0.10107421875,0.15933049904803434,0.5442428078484257,0.2890712977902265,0.40715160404665507,0.4426979488318823,0.6809340472378458,13.0,0.5120114769540582,0.9966235186527207,0.5,0.4,1.0,0.15,0.9,0.2,0.9,0.15,0.75,0.85,0.0,0.55,0.95,0.9966235186527207,1.0
synth/tubular/amb0.98,22,1,0.14385373890399933,0.14385373890399933,tubular,145,2,0.04058837890625,0.020380759611725807,0.5442428078484257,0.2890712977902265,0.40715160404665507,0.4426979488318823,0.6809340472378458,13.0,0.5120114769540582,0.9966235186527207,0.5,0.4,1.0,0.15,0.9,0.2,0.9,0.15,0.75,0.85,0.0,0.55,0.95,0.9966235186527207,1.0
synth/tubular/amb0.98,23,1,0.0,0.0,tubular,145,3,0.1033935546875,0.03148078297575315,0.5442428078484257,0.2890712977902265,0.40715160404665507,0.4426979488318823,0.6809340472378458,13.0,0.5120114769540582,0.9966235186527207,0.5,0.4,1.0,0.15,0.9,0.2,0.9,0.15,0.75,0.85,0.0,0.55,0.95,0.9966235186527207,1.0
synth/elongated/amb0.90,24,1,0.1489361673593521,0.1489361673593521,elongated,165,0,0.001953125,0.035992191483577095,0.773166427541164,0.6895320700475831,0.3962092040221848,0.3413424656485984,0.5221677529879073,19.0,0.28002155182534794,0.8935682570828438,0.5,0.4,1.0,0.15,0.9,0.2,0.9,0.15,0.75,0.85,0.0,0.55,0.95,0.8935682570828438,0.632570411668937
synth/elongated/amb0.90,25,1,0.09638553857803345,0.09638553857803345,elongated,165,1,0.0054931640625,0.0,0.773166427541164,0.6895320700475831,0.3962092040221848,0.3413424656485984,0.5221677529879073,19.0,0.28002155182534794,0.8935682570828438,0.5,0.4,1.0,0.15,0.9,0.2,0.9,0.15,0.75,0.85,0.0,0.55,0.95,0.8935682570828438,0.632570411668937
synth/elongated/amb0.90,26,1,0.0,0.0,elongated,165,2,0.00390625,0.0,0.773166427541164,0.6895320700475831,0.3962092040221848,0.3413424656485984,0.5221677529879073,19.0,0.28002155182534794,0.8935682570828438,0.5,0.4,1.0,0.15,0.9,0.2,0.9,0.15,0.75,0.85,0.0,0.55,0.95,0.8935682570828438,0.632570411668937
synth/elongated/amb0.90,27,1,0.2545454502105713,0.2545454502105713,elongated,165,3,0.0167236328125,0.018798769762118656,0.773166427541164,0.6895320700475831,0.3962092040221848,0.3413424656485984,0.5221677529879073,19.0,0.28002155182534794,0.8935682570828438,0.5,0.4,1.0,0.15,0.9,0.2,0.9,0.15,0.75,0.85,0.0,0.55,0.95,0.8935682570828438,0.632570411668937
synth/elongated/amb0.90,28,1,0.0,0.0,elongated,176,0,0.01025390625,0.0,0.6459915748465306,0.8059375024261373,0.6080673257973067,0.59343856101682,0.9299622187625634,17.0,0.7606219663302256,0.8821919659591696,0.5,0.4,1.0,0.15,0.9,0.2,0.9,0.15,0.75,0.85,0.0,0.55,0.95,0.8821919659591696,0.7021026905764902
synth/elongated/amb0.90,29,1,0.0,0.0,elongated,176,1,0.04638671875,0.004020065690080325,0.6459915748465306,0.8059375024261373,0.6080673257973067,0.59343856101682,0.9299622187625634,17.0,0.7606219663302256,0.8821919659591696,0.5,0.4,1.0,0.15,0.9,0.2,0.9,0.15,0.75,0.85,0.0,0.55,0.95,0.8821919659591696,0.7021026905764902
synth/elongated/amb0.90,30,1,0.0,0.0,elongated,176,2,0.03546142578125,0.0,0.6459915748465306,0.8059375024261373,0.6080673257973067,0.59343856101682,0.9299622187625634,17.0,0.7606219663302256,0.8821919659591696,0.5,0.4,1.0,0.15,0.9,0.2,0.9,0.15,0.75,0.85,0.0,0.55,0.95,0.8821919659591696,0.7021026905764902
synth/elongated/amb0.90,31,1,0.0,0.0,elongated,176,3,0.09832763671875,0.09667994206150372,0.6459915748465306,0.8059375024261373,0.6080673257973067,0.59343856101682,0.9299622187625634,17.0,0.7606219663302256,0.8821919659591696,0.5,0.4,1.0,0.15,0.9,0.2,0.9,0.15,0.75,0.85,0.0,0.55,0.95,0.8821919659591696,0.7021026905764902
synth/blob/amb0.90,32,1,0.0,0.0,blob,183,0,0.0906982421875,0.009371671825647354,0.6238132723757659,0.8774756300343796,0.3459683973419218,0.4202809252270103,0.8700902351772675,7.0,0.9689864051392519,0.903027152402924,0.5,0.4,1.0,0.15,0.9,0.2,0.9,0.15,0.75,0.85,0.0,0.55,0.95,0.903027152402924,0.726390741667439
synth/blob/amb0.90,33,1,0.0,0.0,blob,183,1,0.0076904296875,0.0,0.6238132723757659,0.8774756300343796,0.3459683973419218,0.4202809252270103,0.8700902351772675,7.0,0.9689864051392519,0.903027152402924,0.5,0.4,1.0,0.15,0.9,0.2,0.9,0.15,0.75,0.85,0.0,0.55,0.95,0.903027152402924,0.726390741667439
synth/blob/amb0.90,34,1,0.0,0.0,blob,183,2,0.0137939453125,0.0,0.6238132723757659,0.8774756300343796,0.3459683973419218,0.4202809252270103,0.8700902351772675,7.0,0.9689864051392519,0.903027152402924,0.5,0.4,1.0,0.15,0.9,0.2,0.9,0.15,0.75,0.85,0.0,0.55,0.95,0.903027152402924,0.726390741667439
synth/blob/amb0.90,35,1,0.0,0.0,blob,183,3,0.01177978515625,0.047571852803230286,0.6238132723757659,0.8774756300343796,0.3459683973419218,0.4202809252270103,0.8700902351772675,7.0,0.9689864051392519,0.903027152402924,0.5,0.4,1.0,0.15,0.9,0.2,0.9,0.15,0.75,0.85,0.0,0.55,0.95,0.903027152402924,0.726390741667439
synth/blob/amb0.95,36,1,0.0,0.0,blob,201,0,0.00115966796875,0.0,0.34416871108199615,0.5819682942176899,0.7092637399287469,0.2538287965367521,0.47595708531835174,15.0,0.21857614541652992,0.9532971580177362,0.5,0.4,1.0,0.15,0.9,0.2,0.9,0.15,0.75,0.85,0.0,0.55,0.95,0.9532971580177362,0.6266944744275512
synth/blob/amb0.95,37,1,0.0,0.0,blob,201,1,0.032958984375,0.0,0.34416871108199615,0.5819682942176899,0.7092637399287469,0.2538287965367521,0.47595708531835174,15.0,0.21857614541652992,0.9532971580177362,0.5,0.4,1.0,0.15,0.9,0.2,0.9,0.15,0.75,0.85,0.0,0.55,0.95,0.9532971580177362,0.6266944744275512
synth/blob/amb0.95,38,1,0.0,0.0,blob,201,2,0.01190185546875,0.0,0.34416871108199615,0.5819682942176899,0.7092637399287469,0.2538287965367521,0.47595708531835174,15.0,0.21857614541652992,0.9532971580177362,0.5,0.4,1.0,0.15,0.9,0.2,0.9,0.15,0.75,0.85,0.0,0.55,0.95,0.9532971580177362,0.6266944744275512
synth/blob/amb0.95,39,1,0.0,0.0,blob,201,3,0.001953125,0.0,0.34416871108199615,0.5819682942176899,0.7092637399287469,0.2538287965367521,0.47595708531835174,15.0,0.21857614541652992,0.9532971580177362,0.5,0.4,1.0,0.15,0.9,0.2,0.9,0.15,0.75,0.85,0.0,0.55,0.95,0.9532971580177362,0.6266944744275512
synth/blob/amb0.90,40,1,0.0,0.0,blob,218,0,0.00189208984375,0.0,0.7257380087958328,0.4947663391263103,0.5513961513961698,0.13765029611642082,0.907186377924486,12.0,0.024273378108880417,0.8959691878853435,0.5,0.4,1.0,0.15,0.9,0.2,0.9,0.15,0.75,0.85,0.0,0.55,0.95,0.8959691878853435,0.7627311469366229
synth/blob/amb0.90,41,1,0.0,0.0,blob,218,1,0.0008544921875,0.0,0.7257380087958328,0.4947663391263103,0.5513961513961698,0.13765029611642082,0.907186377924486,12.0,0.024273378108880417,0.8959691878853435,0.5,0.4,1.0,0.15,0.9,0.2,0.9,0.15,0.75,0.85,0.0,0.55,0.95,0.8959691878853435,0.7627311469366229
synth/blob/amb0.90,42,1,0.0,0.0,blob,218,2,0.0008544921875,0.0,0.7257380087958328,0.4947663391263103,0.5513961513961698,0.13765029611642082,0.907186377924486,12.0,0.024273378108880417,0.8959691878853435,0.5,0.4,1.0,0.15,0.9,0.2,0.9,0.15,0.75,0.85,0.0,0.55,0.95,0.8959691878853435,0.7627311469366229
synth/blob/amb0.90,43,1,0.06363636255264282,0.06363636255264282,blob,218,3,0.0101318359375,0.010884353270133337,0.7257380087958328,0.4947663391263103,0.5513961513961698,0.13765029611642082,0.907186377924486,12.0,0.024273378108880417,0.8959691878853435,0.5,0.4,1.0,0.15,0.9,0.2,0.9,0.15,0.75,0.85,0.0,0.55,0.95,0.8959691878853435,0.7627311469366229
synth/blob/amb0.86,44,1,0.0,0.0,blob,245,0,0.01531982421875,0.03080307940642039,0.7358726794482306,0.31133294172889403,0.5199236585354532,0.3465550780251139,0.7180260672817906,20.0,0.5270480979999049,0.8573211089758864,0.5,0.4,1.0,0.15,0.9,0.2,0.9,0.15,0.75,0.85,0.0,0.55,0.95,0.8573211089758864,0.6907428746726085
synth/blob/amb0.86,45,1,0.0,0.0,blob,245,1,0.0169677734375,0.0,0.7358726794482306,0.31133294172889403,0.5199236585354532,0.3465550780251139,0.7180260672817906,20.0,0.5270480979999049,0.8573211089758864,0.5,0.4,1.0,0.15,0.9,0.2,0.9,0.15,0.75,0.85,0.0,0.55,0.95,0.8573211089758864,0.6907428746726085
synth/blob/amb0.86,46,1,0.0,0.0,blob,245,2,0.01837158203125,0.0,0.7358726794482306,0.31133294172889403,0.5199236585354532,0.3465550780251139,0.7180260672817906,20.0,0.5270480979999049,0.8573211089758864,0.5,0.4,1.0,0.15,0.9,0.2,0.9,0.15,0.75,0.85,0.0,0.55,0.95,0.8573211089758864,0.6907428746726085
synth/blob/amb0.86,47,1,0.0,0.0,blob,245,3,0.00994873046875,0.0,0.7358726794482306,0.31133294172889403,0.5199236585354532,0.3465550780251139,0.7180260672817906,20.0,0.5270480979999049,0.8573211089758864,0.5,0.4,1.0,0.15,0.9,0.2,0.9,0.15,0.75,0.85,0.0,0.55,0.95,0.8573211089758864,0.6907428746726085
synth/annular/amb0.98,48,1,0.0,0.0,annular,278,0,0.00201416015625,0.0,0.42594848217450065,0.8700741159231702,0.7744897840408107,0.22737700076380069,0.7895238354703209,22.0,0.5268677438470994,0.987358654225118,0.5,0.4,1.0,0.15,0.9,0.2,0.9,0.15,0.75,0.85,0.0,0.55,0.95,0.987358654225118,0.7226101315629849
synth/annular/amb0.98,49,1,0.0,0.0,annular,278,1,0.00421142578125,0.07092198729515076,0.42594848217450065,0.8700741159231702,0.7744897840408107,0.22737700076380069,0.7895238354703209,22.0,0.5268677438470994,0.987358654225118,0.5,0.4,1.0,0.15,0.9,0.2,0.9,0.15,0.75,0.85,0.0,0.55,0.95,0.987358654225118,0.7226101315629849
synth/annular/amb0.98,50,1,0.0,0.0,annular,278,2,0.00421142578125,0.0,0.42594848217450065,0.8700741159231702,0.7744897840408107,0.22737700076380069,0.7895238354703209,22.0,0.5268677438470994,0.987358654225118,0.5,0.4,1.0,0.15,0.9,0.2,0.9,0.15,0.75,0.85,0.0,0.55,0.95,0.987358654225118,0.7226101315629849
synth/annular/amb0.98,51,1,0.0,0.0,annular,278,3,0.0028076171875,0.0,0.42594848217450065,0.8700741159231702,0.7744897840408107,0.22737700076380069,0.7895238354703209,22.0,0.5268677438470994,0.987358654225118,0.5,0.4,1.0,0.15,0.9,0.2,0.9,0.15,0.75,0.85,0.0,0.55,0.95,0.987358654225118,0.7226101315629849
synth/tubular/amb0.86,52,1,0.0,0.0,tubular,285,0,0.05438232421875,0.021648589444036286,0.8818755136243241,0.8262242860921811,0.8368280646495332,0.3192423067400738,0.9647347092405834,15.0,0.968194776701742,0.8697775066686791,0.5,0.4,1.0,0.15,0.9,0.2,0.9,0.15,0.75,0.85,0.0,0.55,0.95,0.8697775066686791,1.0
synth/tubular/amb0.86,53,1,0.28580814599990845,0.28580814599990845,tubular,285,1,0.22052001953125,0.11358177180712421,0.8818755136243241,0.8262242860921811,0.8368280646495332,0.3192423067400738,0.9647347092405834,15.0,0.968194776701742,0.8697775066686791,0.5,0.4,1.0,0.15,0.9,0.2,0.9,0.15,0.75,0.85,0.0,0.55,0.95,0.8697775066686791,1.0
synth/tubular/amb0.86,54,1,0.4378395676612854,0.4378395676612854,tubular,285,2,0.081298828125,0.16872370118896166,0.8818755136243241,0.8262242860921811,0.8368280646495332,0.3192423067400738,0.9647347092405834,15.0,0.968194776701742,0.8697775066686791,0.5,0.4,1.0,0.15,0.9,0.2,0.9,0.15,0.75,0.85,0.0,0.55,0.95,0.8697775066686791,1.0
synth/tubular/amb0.86,55,1,0.3304530084133148,0.3304530084133148,tubular,285,3,0.1505126953125,0.16874761879444122,0.8818755136243241,0.8262242860921811,0.8368280646495332,0.3192423067400738,0.9647347092405834,15.0,0.968194776701742,0.8697775066686791,0.5,0.4,1.0,0.15,0.9,0.2,0.9,0.15,0.75,0.85,0.0,0.55,0.95,0.8697775066686791,1.0
synth/blob/amb0.95,56,1,0.0,0.0,blob,321,0,0.00262451171875,0.0,0.42733012448014007,0.4282956365140718,0.8382889714934034,0.4225133922391321,0.8319555478821521,11.0,0.012074526464715407,0.9463075693956561,0.5,0.4,1.0,0.15,0.9,0.2,0.9,0.15,0.75,0.85,0.0,0.55,0.95,0.9463075693956561,0.7145924064113023
synth/blob/amb0.95,57,1,0.0,0.0,blob,321,1,0.01715087890625,0.0,0.42733012448014007,0.4282956365140718,0.8382889714934034,0.4225133922391321,0.8319555478821521,11.0,0.012074526464715407,0.9463075693956561,0.5,0.4,1.0,0.15,0.9,0.2,0.9,0.15,0.75,0.85,0.0,0.55,0.95,0.9463075693956561,0.7145924064113023
synth/blob/amb0.95,58,1,0.16151203215122223,0.16151203215122223,blob,321,2,0.05767822265625,0.03814281771580378,0.42733012448014007,0.4282956365140718,0.8382889714934034,0.4225133922391321,0.8319555478821521,11.0,0.012074526464715407,0.9463075693956561,0.5,0.4,1.0,0.15,0.9,0.2,0.9,0.15,0.75,0.85,0.0,0.55,0.95,0.9463075693956561,0.7145924064113023
synth/blob/amb0.95,59,1,0.4977375566959381,0.4977375566959381,blob,321,3,0.00506591796875,0.0,0.42733012448014007,0.4282956365140718,0.8382889714934034,0.4225133922391321,0.8319555478821521,11.0,0.012074526464715407,0.9463075693956561,0.5,0.4,1.0,0.15,0.9,0.2,0.9,0.15,0.75,0.85,0.0,0.55,0.95,0.9463075693956561,0.7145924064113023
synth/annular/amb0.90,60,1,0.0,0.0,annular,329,0,0.00439453125,0.0,0.37780579638974987,0.6050706707323259,0.3394536570789996,0.131934077711496,0.5845226745668699,8.0,0.35482877873451,0.8904081415593275,0.5,0.4,1.0,0.15,0.9,0.2,0.9,0.15,0.75,0.85,0.0,0.55,0.95,0.8904081415593275,0.6661768979425937
synth/annular/amb0.90,61,1,0.0,0.0,annular,329,1,0.0162353515625,0.011904762436946234,0.37780579638974987,0.6050706707323259,0.3394536570789996,0.131934077711496,0.5845226745668699,8.0,0.35482877873451,0.8904081415593275,0.5,0.4,1.0,0.15,0.9,0.2,0.9,0.15,0.75,0.85,0.0,0.55,0.95,0.8904081415593275,0.6661768979425937
synth/annular/amb0.90,62,1,0.0,0.0,annular,329,2,0.00860595703125,0.0,0.37780579638974987,0.6050706707323259,0.3394536570789996,0.131934077711496,0.5845226745668699,8.0,0.35482877873451,0.8904081415593275,0.5,0.4,1.0,0.15,0.9,0.2,0.9,0.15,0.75,0.85,0.0,0.55,0.95,0.8904081415593275,0.6661768979425937
synth/annular/amb0.90,63,1,0.0,0.0,annular,329,3,0.00250244140625,0.0,0.37780579638974987,0.6050706707323259,0.3394536570789996,0.131934077711496,0.5845226745668699,8.0,0.35482877873451,0.8904081415593275,0.5,0.4,1.0,0.15,0.9,0.2,0.9,0.15,0.75,0.85,0.0,0.55,0.95,0.8904081415593275,0.6661768979425937
synth/elongated/amb0.90,64,1,0.0,0.0,elongated,342,0,0.00323486328125,0.0,0.7832122581661014,0.6066935582123527,0.784749709107575,0.34774497572902713,0.9640165581928086,17.0,0.21854100121616815,0.9076228368849466,0.5,0.4,1.0,0.15,0.9,0.2,0.9,0.15,0.75,0.85,0.0,0.55,0.95,0.9076228368849466,0.7644044949186635
synth/elongated/amb0.90,65,1,0.0,0.0,elongated,342,1,0.00299072265625,0.016528925547997158,0.7832122581661014,0.6066935582123527,0.784749709107575,0.34774497572902713,0.9640165581928086,17.0,0.21854100121616815,0.9076228368849466,0.5,0.4,1.0,0.15,0.9,0.2,0.9,0.15,0.75,0.85,0.0,0.55,0.95,0.9076228368849466,0.7644044949186635
synth/elongated/amb0.90,66,1,0.0,0.0,elongated,342,2,0.00433349609375,0.0,0.7832122581661014,0.6066935582123527,0.784749709107575,0.34774497572902713,0.9640165581928086,17.0,0.21854100121616815,0.9076228368849466,0.5,0.4,1.0,0.15,0.9,0.2,0.9,0.15,0.75,0.85,0.0,0.55,0.95,0.9076228368849466,0.7644044949186635
synth/elongated/amb0.90,67,1,0.0,0.0,elongated,342,3,0.06268310546875,0.0,0.7832122581661014,0.6066935582123527,0.784749709107575,0.34774497572902713,0.9640165581928086,17.0,0.21854100121616815,0.9076228368849466,0.5,0.4,1.0,0.15,0.9,0.2,0.9,0.15,0.75,0.85,0.0,0.55,0.95,0.9076228368849466,0.7644044949186635
synth/tubular/amb0.86,68,1,0.2218165248632431,0.2218165248632431,tubular,343,0,0.0927734375,0.08344475893924634,0.4397819470408619,0.6326912701663514,0.7095948236428687,0.3976242582343615,0.3938329153582237,17.0,0.22121117468037133,0.8593629279709496,0.5,0.4,1.0,0.15,0.9,0.2,0.9,0.15,0.75,0.85,0.0,0.55,0.95,0.8593629279709496,1.0
synth/tubular/amb0.86,69,1,0.0,0.0,tubular,343,1,0.13775634765625,0.005197647338112195,0.4397819470408619,0.6326912701663514,0.7095948236428687,0.3976242582343615,0.3938329153582237,17.0,0.22121117468037133,0.8593629279709496,0.5,0.4,1.0,0.15,0.9,0.2,0.9,0.15,0.75,0.85,0.0,0.55,0.95,0.8593629279709496,1.0
synth/tubular/amb0.86,70,1,0.07970570027828217,0.07970570027828217,tubular,343,2,0.07879638671875,0.0778514991203944,0.4397819470408619,0.6326912701663514,0.7095948236428687,0.3976242582343615,0.3938329153582237,17.0,0.22121117468037133,0.8593629279709496,0.5,0.4,1.0,0.15,0.9,0.2,0.9,0.15,0.75,0.85,0.0,0.55,0.95,0.8593629279709496,1.0
synth/tubular/amb0.86,71,1,0.15424934029579163,0.15424934029579163,tubular,343,3,0.12811279296875,0.03193921906252702,0.4397819470408619,0.6326912701663514,0.7095948236428687,0.3976242582343615,0.3938329153582237,17.0,0.22121117468037133,0.8593629279709496,0.5,0.4,1.0,0.15,0.9,0.2,0.9,0.15,0.75,0.85,0.0,0.55,0.95,0.8593629279709496,1.0
synth/scattered/amb0.95,72,1,0.0,0.0,scattered,386,0,0.0274658203125,0.003749531383315722,0.8073817143595223,0.5117987519512199,0.38447273482635974,0.32047070029448,0.34241494364263064,9.0,0.09013412553509859,0.9581699161469771,0.5,0.4,1.0,0.15,0.9,0.2,0.9,0.15,0.75,0.85,0.0,0.55,0.95,1.0,0.880851329381479
synth/scattered/amb0.95,73,1,0.0,0.0,scattered,386,1,0.00469970703125,0.0013440859814484913,0.8073817143595223,0.5117987519512199,0.38447273482635974,0.32047070029448,0.34241494364263064,9.0,0.09013412553509859,0.9581699161469771,0.5,0.4,1.0,0.15,0.9,0.2,0.9,0.15,0.75,0.85,0.0,0.55,0.95,1.0,0.880851329381479
synth/scattered/amb0.95,74,1,0.0,0.0,scattered,386,2,0.005859375,0.02459016442298889,0.8073817143595223,0.5117987519512199,0.38447273482635974,0.32047070029448,0.34241494364263064,9.0,0.09013412553509859,0.9581699161469771,0.5,0.4,1.0,0.15,0.9,0.2,0.9,0.15,0.75,0.85,0.0,0.55,0.95,1.0,0.880851329381479
synth/scattered/amb0.95,75,1,0.07606972754001617,0.07606972754001617,scattered,386,3,0.02691650390625,0.016061463082830112,0.8073817143595223,0.5117987519512199,0.38447273482635974,0.32047070029448,0.34241494364263064,9.0,0.09013412553509859,0.9581699161469771,0.5,0.4,1.0,0.15,0.9,0.2,0.9,0.15,0.75,0.85,0.0,0.55,0.95,1.0,0.880851329381479
synth/scattered/amb0.90,76,1,0.0,0.0,scattered,417,0,0.01708984375,0.011249693731466929,0.6894187181075357,0.5895781187030285,0.8217214784062838,0.6061768860827756,0.48026284688611987,7.0,0.23391191759717322,0.8967379395188639,0.5,0.4,1.0,0.15,0.9,0.2,0.9,0.15,0.75,0.85,0.0,0.55,0.95,1.0,0.8625476649435184
synth/scattered/amb0.90,77,1,0.05889777094125748,0.05889777094125748,scattered,417,1,0.10955810546875,0.07152042537927628,0.6894187181075357,0.5895781187030285,0.8217214784062838,0.6061768860827756,0.48026284688611987,7.0,0.23391191759717322,0.8967379395188639,0.5,0.4,1.0,0.15,0.9,0.2,0.9,0.15,0.75,0.85,0.0,0.55,0.95,1.0,0.8625476649435184
synth/scattered/amb0.90,78,1,0.1456102728843689,0.1456102728843689,scattered,417,2,0.0341796875,0.07816931419074535,0.6894187181075357,0.5895781187030285,0.8217214784062838,0.6061768860827756,0.48026284688611987,7.0,0.23391191759717322,0.8967379395188639,0.5,0.4,1.0,0.15,0.9,0.2,0.9,0.15,0.75,0.85,0.0,0.55,0.95,1.0,0.8625476649435184
synth/scattered/amb0.90,79,1,0.01986248977482319,0.01986248977482319,scattered,417,3,0.0689697265625,0.03103849043448766,0.6894187181075357,0.5895781187030285,0.8217214784062838,0.6061768860827756,0.48026284688611987,7.0,0.23391191759717322,0.8967379395188639,0.5,0.4,1.0,0.15,0.9,0.2,0.9,0.15,0.75,0.85,0.0,0.55,0.95,1.0,0.8625476649435184
synth/annular/amb0.86,80,1,0.0,0.0,annular,425,0,0.01422119140625,0.033333333830038704,0.8218054256488034,0.3253435426027548,0.3141149859044367,0.4314831146618415,0.6836313661420287,21.0,0.148334191560762,0.8500225976265753,0.5,0.4,1.0,0.15,0.9,0.2,0.9,0.15,0.75,0.85,0.0,0.55,0.95,0.8500225976265753,0.6686193703451576
synth/annular/amb0.86,81,1,0.0,0.0,annular,425,1,0.0145263671875,0.0005354752453664938,0.8218054256488034,0.3253435426027548,0.3141149859044367,0.4314831146618415,0.6836313661420287,21.0,0.148334191560762,0.8500225976265753,0.5,0.4,1.0,0.15,0.9,0.2,0.9,0.15,0.75,0.85,0.0,0.55,0.95,0.8500225976265753,0.6686193703451576
synth/annular/amb0.86,82,1,0.0,0.0,annular,425,2,0.02056884765625,0.02108602101604144,0.8218054256488034,0.3253435426027548,0.3141149859044367,0.4314831146618415,0.6836313661420287,21.0,0.148334191560762,0.8500225976265753,0.5,0.4,1.0,0.15,0.9,0.2,0.9,0.15,0.75,0.85,0.0,0.55,0.95,0.8500225976265753,0.6686193703451576
synth/annular/amb0.86,83,1,0.305005818605423,0.305005818605423,annular,425,3,0.021728515625,0.026875699559847515,0.8218054256488034,0.3253435426027548,0.3141149859044367,0.4314831146618415,0.6836313661420287,21.0,0.148334191560762,0.8500225976265753,0.5,0.4,1.0,0.15,0.9,0.2,0.9,0.15,0.75,0.85,0.0,0.55,0.95,0.8500225976265753,0.6686193703451576
synth/scattered/amb0.86,84,1,0.016260161995887756,0.016260161995887756,scattered,432,0,0.0142822265625,0.014354067544142405,0.7227822858382946,0.64329833738208,0.507666852521157,0.4507245428816738,0.3457186593026889,21.0,0.48254416611032935,0.8510200232222269,0.5,0.4,1.0,0.15,0.9,0.2,0.9,0.15,0.75,0.85,0.0,0.55,0.95,1.0,0.8638664452251346
synth/scattered/amb0.86,85,1,0.0,0.0,scattered,432,1,0.0093994140625,0.02240626234561205,0.7227822858382946,0.64329833738208,0.507666852521157,0.4507245428816738,0.3457186593026889,21.0,0.48254416611032935,0.8510200232222269,0.5,0.4,1.0,0.15,0.9,0.2,0.9,0.15,0.75,0.85,0.0,0.55,0.95,1.0,0.8638664452251346
synth/scattered/amb0.86,86,1,0.004282655194401741,0.004282655194401741,scattered,432,2,0.023681640625,0.014229733496904373,0.7227822858382946,0.64329833738208,0.507666852521157,0.4507245428816738,0.3457186593026889,21.0,0.48254416611032935,0.8510200232222269,0.5,0.4,1.0,0.15,0.9,0.2,0.9,0.15,0.75,0.85,0.0,0.55,0.95,1.0,0.8638664452251346
synth/scattered/amb0.86,87,1,0.0,0.0,scattered,432,3,0.02435302734375,0.004988653507704536,0.7227822858382946,0.64329833738208,0.507666852521157,0.4507245428816738,0.3457186593026889,21.0,0.48254416611032935,0.8510200232222269,0.5,0.4,1.0,0.15,0.9,0.2,0.9,0.15,0.75,0.85,0.0,0.55,0.95,1.0,0.8638664452251346
synth/scattered/amb0.98,88,1,0.06631015986204147,0.06631015986204147,scattered,439,0,0.03204345703125,0.021191929855073493,0.5823137775951928,0.6759355501747069,0.3037331805448935,0.460976593977106,0.7698000057253722,10.0,0.7818778663260445,0.9805967339590087,0.5,0.4,1.0,0.15,0.9,0.2,0.9,0.15,0.75,0.85,0.0,0.55,0.95,1.0,0.9891643539922867
synth/scattered/amb0.98,89,1,0.0,0.0,scattered,439,1,0.07843017578125,0.019072702154517174,0.5823137775951928,0.6759355501747069,0.3037331805448935,0.460976593977106,0.7698000057253722,10.0,0.7818778663260445,0.9805967339590087,0.5,0.4,1.0,0.15,0.9,0.2,0.9,0.15,0.75,0.85,0.0,0.55,0.95,1.0,0.9891643539922867
synth/scattered/amb0.98,90,1,0.0,0.0,scattered,439,2,0.02081298828125,0.039735990266005196,0.5823137775951928,0.6759355501747069,0.3037331805448935,0.460976593977106,0.7698000057253722,10.0,0.7818778663260445,0.9805967339590087,0.5,0.4,1.0,0.15,0.9,0.2,0.9,0.15,0.75,0.85,0.0,0.55,0.95,1.0,0.9891643539922867
synth/scattered/amb0.98,91,1,0.0,0.0,scattered,439,3,0.0274658203125,0.03453135987122854,0.5823137775951928,0.6759355501747069,0.3037331805448935,0.460976593977106,0.7698000057253722,10.0,0.7818778663260445,0.9805967339590087,0.5,0.4,1.0,0.15,0.9,0.2,0.9,0.15,0.75,0.85,0.0,0.55,0.95,1.0,0.9891643539922867
synth/elongated/amb0.95,92,1,0.0,0.0,elongated,514,0,0.00482177734375,0.044642855723698936,0.8438067227955881,0.2846539583437538,0.6806724699174351,0.3607542410867845,0.9185763763842423,20.0,0.19543337588350207,0.9689217739056414,0.5,0.4,1.0,0.15,0.9,0.2,0.9,0.15,0.75,0.85,0.0,0.55,0.95,0.9689217739056414,0.7492412378935928
synth/elongated/amb0.95,93,1,0.0,0.0,elongated,514,1,0.00506591796875,0.0,0.8438067227955881,0.2846539583437538,0.6806724699174351,0.3607542410867845,0.9185763763842423,20.0,0.19543337588350207,0.9689217739056414,0.5,0.4,1.0,0.15,0.9,0.2,0.9,0.15,0.75,0.85,0.0,0.55,0.95,0.9689217739056414,0.7492412378935928
synth/elongated/amb0.95,94,1,0.0,0.0,elongated,514,2,0.00823974609375,0.19016393025716147,0.8438067227955881,0.2846539583437538,0.6806724699174351,0.3607542410867845,0.9185763763842423,20.0,0.19543337588350207,0.9689217739056414,0.5,0.4,1.0,0.15,0.9,0.2,0.9,0.15,0.75,0.85,0.0,0.55,0.95,0.9689217739056414,0.7492412378935928
synth/elongated/amb0.95,95,1,0.0,0.0,elongated,514,3,0.02105712890625,0.0,0.8438067227955881,0.2846539583437538,0.6806724699174351,0.3607542410867845,0.9185763763842423,20.0,0.19543337588350207,0.9689217739056414,0.5,0.4,1.0,0.15,0.9,0.2,0.9,0.15,0.75,0.85,0.0,0.55,0.95,0.9689217739056414,0.7492412378935928
synth/elongated/amb0.90,96,1,0.0031250000465661287,0.0031250000465661287,elongated,529,0,0.020751953125,0.09574554612239201,0.5124578912632181,0.21527570711997934,0.832878196249228,0.49636864703687333,0.4947545240133716,23.0,0.7615775165631925,0.8948475138074469,0.5,0.4,1.0,0.15,0.9,0.2,0.9,0.15,0.75,0.85,0.0,0.55,0.95,0.8948475138074469,0.5992555544675247
synth/elongated/amb0.90,97,1,0.08411215245723724,0.08411215245723724,elongated,529,1,0.0113525390625,0.09771473209063213,0.5124578912632181,0.21527570711997934,0.832878196249228,0.49636864703687333,0.4947545240133716,23.0,0.7615775165631925,0.8948475138074469,0.5,0.4,1.0,0.15,0.9,0.2,0.9,0.15,0.75,0.85,0.0,0.55,0.95,0.8948475138074469,0.5992555544675247
synth/elongated/amb0.90,98,1,0.0,0.0,elongated,529,2,0.02691650390625,0.0,0.5124578912632181,0.21527570711997934,0.832878196249228,0.49636864703687333,0.4947545240133716,23.0,0.7615775165631925,0.8948475138074469,0.5,0.4,1.0,0.15,0.9,0.2,0.9,0.15,0.75,0.85,0.0,0.55,0.95,0.8948475138074469,0.5992555544675247
synth/elongated/amb0.90,99,1,0.004683840554207563,0.004683840554207563,elongated,529,3,0.02410888671875,0.09282700220743816,0.5124578912632181,0.21527570711997934,0.832878196249228,0.49636864703687333,0.4947545240133716,23.0,0.7615775165631925,0.8948475138074469,0.5,0.4,1.0,0.15,0.9,0.2,0.9,0.15,0.75,0.85,0.0,0.55,0.95,0.8948475138074469,0.5992555544675247
synth/tubular/amb0.95,100,1,0.5708103775978088,0.5708103775978088,tubular,570,0,0.15435791015625,0.33126995091636974,0.38627375952353904,0.8648840584416322,0.7225456856230064,0.6076948077468087,0.46810146801924646,8.0,0.019401847609262335,0.9669438350708482,0.5,0.4,1.0,0.15,0.9,0.2,0.9,0.15,0.75,0.85,0.0,0.55,0.95,0.9669438350708482,0.9742094560563008
synth/tubular/amb0.95,101,1,0.4164942502975464,0.4164942502975464,tubular,570,1,0.1956787109375,0.29131552080313367,0.38627375952353904,0.8648840584416322,0.7225456856230064,0.6076948077468087,0.46810146801924646,8.0,0.019401847609262335,0.9669438350708482,0.5,0.4,1.0,0.15,0.9,0.2,0.9,0.15,0.75,0.85,0.0,0.55,0.95,0.9669438350708482,0.9742094560563008
synth/tubular/amb0.95,102,1,0.25843432545661926,0.25843432545661926,tubular,570,2,0.2587890625,0.18145565936962763,0.38627375952353904,0.8648840584416322,0.7225456856230064,0.6076948077468087,0.46810146801924646,8.0,0.019401847609262335,0.9669438350708482,0.5,0.4,1.0,0.15,0.9,0.2,0.9,0.15,0.75,0.85,0.0,0.55,0.95,0.9669438350708482,0.9742094560563008
synth/tubular/amb0.95,103,1,0.3412456810474396,0.3412456810474396,tubular,570,3,0.19940185546875,0.19559955472747484,0.38627375952353904,0.8648840584416322,0.7225456856230064,0.6076948077468087,0.46810146801924646,8.0,0.019401847609262335,0.9669438350708482,0.5,0.4,1.0,0.15,0.9,0.2,0.9,0.15,0.75,0.85,0.0,0.55,0.95,0.9669438350708482,0.9742094560563008
synth/annular/amb0.86,104,1,0.0479704812169075,0.0479704812169075,annular,581,0,0.05584716796875,0.07260240614414215,0.7382678694229613,0.5845470110251434,0.898518400037557,0.5960084044136743,0.6556096357715495,7.0,0.025525065789420265,0.8627378245440512,0.5,0.4,1.0,0.15,0.9,0.2,0.9,0.15,0.75,0.85,0.0,0.55,0.95,0.8627378245440512,0.6188815980072885
synth/annular/amb0.86,105,1,0.0,0.0,annular,581,1,0.0277099609375,0.07912388940652211,0.7382678694229613,0.5845470110251434,0.898518400037557,0.5960084044136743,0.6556096357715495,7.0,0.025525065789420265,0.8627378245440512,0.5,0.4,1.0,0.15,0.9,0.2,0.9,0.15,0.75,0.85,0.0,0.55,0.95,0.8627378245440512,0.6188815980072885
synth/annular/amb0.86,106,1,0.0,0.0,annular,581,2,0.01422119140625,0.0,0.7382678694229613,0.5845470110251434,0.898518400037557,0.5960084044136743,0.6556096357715495,7.0,0.025525065789420265,0.8627378245440512,0.5,0.4,1.0,0.15,0.9,0.2,0.9,0.15,0.75,0.85,0.0,0.55,0.95,0.8627378245440512,0.6188815980072885
synth/annular/amb0.86,107,1,0.34383726119995117,0.34383726119995117,annular,581,3,0.35028076171875,0.20834711442391077,0.7382678694229613,0.5845470110251434,0.898518400037557,0.5960084044136743,0.6556096357715495,7.0,0.025525065789420265,0.8627378245440512,0.5,0.4,1.0,0.15,0.9,0.2,0.9,0.15,0.75,0.85,0.0,0.55,0.95,0.8627378245440512,0.6188815980072885
synth/blob/amb0.93,108,1,0.0,0.0,blob,603,0,0.0013427734375,0.0,0.3953009670414834,0.28461880095186903,0.8983161021173969,0.1970478980314737,0.9756196414459297,19.0,0.8403205997052603,0.921465347076637,0.5,0.4,1.0,0.15,0.9,0.2,0.9,0.15,0.75,0.85,0.0,0.55,0.95,0.921465347076637,0.7802960495129652
synth/blob/amb0.93,109,1,0.07857143133878708,0.07857143133878708,blob,603,1,0.01995849609375,0.07517748326063156,0.3953009670414834,0.28461880095186903,0.8983161021173969,0.1970478980314737,0.9756196414459297,19.0,0.8403205997052603,0.921465347076637,0.5,0.4,1.0,0.15,0.9,0.2,0.9,0.15,0.75,0.85,0.0,0.55,0.95,0.921465347076637,0.7802960495129652
synth/blob/amb0.93,110,1,0.07500000298023224,0.07500000298023224,blob,603,2,0.0032958984375,0.0,0.3953009670414834,0.28461880095186903,0.8983161021173969,0.1970478980314737,0.9756196414459297,19.0,0.8403205997052603,0.921465347076637,0.5,0.4,1.0,0.15,0.9,0.2,0.9,0.15,0.75,0.85,0.0,0.55,0.95,0.921465347076637,0.7802960495129652
synth/blob/amb0.93,111,1,0.0,0.0,blob,603,3,0.00128173828125,0.0,0.3953009670414834,0.28461880095186903,0.8983161021173969,0.1970478980314737,0.9756196414459297,19.0,0.8403205997052603,0.921465347076637,0.5,0.4,1.0,0.15,0.9,0.2,0.9,0.15,0.75,0.85,0.0,0.55,0.95,0.921465347076637,0.7802960495129652
synth/elongated/amb0.93,112,1,0.0,0.0,elongated,621,0,0.005126953125,0.0,0.83122039193154,0.45318181282050624,0.8113681406682272,0.16798044255314581,0.7806450090772261,19.0,0.8656190044135168,0.9386773655608757,0.5,0.4,1.0,0.15,0.9,0.2,0.9,0.15,0.75,0.85,0.0,0.55,0.95,0.9386773655608757,0.7233559583304848
synth/elongated/amb0.93,113,1,0.0,0.0,elongated,621,1,0.0263671875,0.0,0.83122039193154,0.45318181282050624,0.8113681406682272,0.16798044255314581,0.7806450090772261,19.0,0.8656190044135168,0.9386773655608757,0.5,0.4,1.0,0.15,0.9,0.2,0.9,0.15,0.75,0.85,0.0,0.55,0.95,0.9386773655608757,0.7233559583304848
synth/elongated/amb0.93,114,1,0.0,0.0,elongated,621,2,0.01953125,0.0,0.83122039193154,0.45318181282050624,0.8113681406682272,0.16798044255314581,0.7806450090772261,19.0,0.8656190044135168,0.9386773655608757,0.5,0.4,1.0,0.15,0.9,0.2,0.9,0.15,0.75,0.85,0.0,0.55,0.95,0.9386773655608757,0.7233559583304848
synth/elongated/amb0.93,115,1,0.0,0.0,elongated,621,3,0.0093994140625,0.0,0.83122039193154,0.45318181282050624,0.8113681406682272,0.16798044255314581,0.7806450090772261,19.0,0.8656190044135168,0.9386773655608757,0.5,0.4,1.0,0.15,0.9,0.2,0.9,0.15,0.75,0.85,0.0,0.55,0.95,0.9386773655608757,0.7233559583304848
synth/elongated/amb0.95,116,1,0.0,0.0,elongated,680,0,0.0201416015625,0.07999999821186066,0.4855907881801581,0.8374991425028011,0.7602827798056453,0.5552123562065205,0.6590186699082353,21.0,0.6198129549780664,0.9479690594447265,0.5,0.4,1.0,0.15,0.9,0.2,0.9,0.15,0.75,0.85,0.0,0.55,0.95,0.9479690594447265,0.6332301012659983
synth/elongated/amb0.95,117,1,0.0,0.0,elongated,680,1,0.01922607421875,0.0,0.4855907881801581,0.8374991425028011,0.7602827798056453,0.5552123562065205,0.6590186699082353,21.0,0.6198129549780664,0.9479690594447265,0.5,0.4,1.0,0.15,0.9,0.2,0.9,0.15,0.75,0.85,0.0,0.55,0.95,0.9479690594447265,0.6332301012659983
synth/elongated/amb0.95,118,1,0.24336282908916473,0.24336282908916473,elongated,680,2,0.06317138671875,0.0,0.4855907881801581,0.8374991425028011,0.7602827798056453,0.5552123562065205,0.6590186699082353,21.0,0.6198129549780664,0.9479690594447265,0.5,0.4,1.0,0.15,0.9,0.2,0.9,0.15,0.75,0.85,0.0,0.55,0.95,0.9479690594447265,0.6332301012659983
synth/elongated/amb0.95,119,1,0.18319454789161682,0.18319454789161682,elongated,680,3,0.1409912109375,0.13929524024327597,0.4855907881801581,0.8374991425028011,0.7602827798056453,0.5552123562065205,0.6590186699082353,21.0,0.6198129549780664,0.9479690594447265,0.5,0.4,1.0,0.15,0.9,0.2,0.9,0.15,0.75,0.85,0.0,0.55,0.95,0.9479690594447265,0.6332301012659983
synth/tubular/amb0.95,120,1,0.18705882132053375,0.18705882132053375,tubular,686,0,0.1785888671875,0.10712164174765348,0.7716101769923046,0.8361422430382723,0.5862257740808059,0.3440461818096738,0.9323827284673496,16.0,0.9659042105287002,0.9493194663769537,0.5,0.4,1.0,0.15,0.9,0.2,0.9,0.15,0.75,0.85,0.0,0.55,0.95,0.9493194663769537,1.0
synth/tubular/amb0.95,121,1,0.0,0.0,tubular,686,1,0.02960205078125,0.01517613853017489,0.7716101769923046,0.8361422430382723,0.5862257740808059,0.3440461818096738,0.9323827284673496,16.0,0.9659042105287002,0.9493194663769537,0.5,0.4,1.0,0.15,0.9,0.2,0.9,0.15,0.75,0.85,0.0,0.55,0.95,0.9493194663769537,1.0
synth/tubular/amb0.95,122,1,0.0,0.0,tubular,686,2,0.01300048828125,0.0,0.7716101769923046,0.8361422430382723,0.5862257740808059,0.3440461818096738,0.9323827284673496,16.0,0.9659042105287002,0.9493194663769537,0.5,0.4,1.0,0.15,0.9,0.2,0.9,0.15,0.75,0.85,0.0,0.55,0.95,0.9493194663769537,1.0
synth/tubular/amb0.95,123,1,0.2888513505458832,0.2888513505458832,tubular,686,3,0.07232666015625,0.2086558317144712,0.7716101769923046,0.8361422430382723,0.5862257740808059,0.3440461818096738,0.9323827284673496,16.0,0.9659042105287002,0.9493194663769537,0.5,0.4,1.0,0.15,0.9,0.2,0.9,0.15,0.75,0.85,0.0,0.55,0.95,0.9493194663769537,1.0
synth/scattered/amb0.93,124,1,0.0,0.0,scattered,689,0,0.001220703125,0.0,0.43377794485034726,0.8481727467869384,0.3342343883511798,0.3546400120695476,0.933632609349567,24.0,0.12885024288387203,0.9107626874253042,0.5,0.4,1.0,0.15,0.9,0.2,0.9,0.15,0.75,0.85,0.0,0.55,0.95,1.0,1.0
synth/scattered/amb0.93,125,1,0.0,0.0,scattered,689,1,0.00164794921875,0.0,0.43377794485034726,0.8481727467869384,0.3342343883511798,0.3546400120695476,0.933632609349567,24.0,0.12885024288387203,0.9107626874253042,0.5,0.4,1.0,0.15,0.9,0.2,0.9,0.15,0.75,0.85,0.0,0.55,0.95,1.0,1.0
synth/scattered/amb0.93,126,1,0.0,0.0,scattered,689,2,0.0140380859375,0.0,0.43377794485034726,0.8481727467869384,0.3342343883511798,0.3546400120695476,0.933632609349567,24.0,0.12885024288387203,0.9107626874253042,0.5,0.4,1.0,0.15,0.9,0.2,0.9,0.15,0.75,0.85,0.0,0.55,0.95,1.0,1.0
synth/scattered/amb0.93,127,1,0.28691983222961426,0.28691983222961426,scattered,689,3,0.00830078125,0.0,0.43377794485034726,0.8481727467869384,0.3342343883511798,0.3546400120695476,0.933632609349567,24.0,0.12885024288387203,0.9107626874253042,0.5,0.4,1.0,0.15,0.9,0.2,0.9,0.15,0.75,0.85,0.0,0.55,0.95,1.0,1.0
synth/elongated/amb0.86,128,1,0.0,0.0,elongated,709,0,0.0030517578125,0.0,0.4581360617777541,0.464826971634511,0.4652845657666386,0.2653878736663067,0.3947973815346021,12.0,0.5075584980748682,0.8757043906939499,0.5,0.4,1.0,0.15,0.9,0.2,0.9,0.15,0.75,0.85,0.0,0.55,0.95,0.8757043906939499,0.6014667170271097
synth/elongated/amb0.86,129,1,0.03614457696676254,0.03614457696676254,elongated,709,1,0.00799560546875,0.05233644942442576,0.4581360617777541,0.464826971634511,0.4652845657666386,0.2653878736663067,0.3947973815346021,12.0,0.5075584980748682,0.8757043906939499,0.5,0.4,1.0,0.15,0.9,0.2,0.9,0.15,0.75,0.85,0.0,0.55,0.95,0.8757043906939499,0.6014667170271097
synth/elongated/amb0.86,130,1,0.0,0.0,elongated,709,2,0.00396728515625,0.0,0.4581360617777541,0.464826971634511,0.4652845657666386,0.2653878736663067,0.3947973815346021,12.0,0.5075584980748682,0.8757043906939499,0.5,0.4,1.0,0.15,0.9,0.2,0.9,0.15,0.75,0.85,0.0,0.55,0.95,0.8757043906939499,0.6014667170271097
synth/elongated/amb0.86,131,1,0.7344632744789124,0.7344632744789124,elongated,709,3,0.0052490234375,0.0,0.4581360617777541,0.464826971634511,0.4652845657666386,0.2653878736663067,0.3947973815346021,12.0,0.5075584980748682,0.8757043906939499,0.5,0.4,1.0,0.15,0.9,0.2,0.9,0.15,0.75,0.85,0.0,0.55,0.95,0.8757043906939499,0.6014667170271097
synth/elongated/amb0.95,132,1,0.0,0.0,elongated,714,0,0.0045166015625,0.0,0.7397441631159535,0.6212658633984661,0.8645295517207756,0.18771914440702753,0.5720992534170546,23.0,0.22810393433783083,0.9562447366808665,0.5,0.4,1.0,0.15,0.9,0.2,0.9,0.15,0.75,0.85,0.0,0.55,0.95,0.9562447366808665,0.6597609355372069
synth/elongated/amb0.95,133,1,0.0,0.0,elongated,714,1,0.0079345703125,0.0,0.7397441631159535,0.6212658633984661,0.8645295517207756,0.18771914440702753,0.5720992534170546,23.0,0.22810393433783083,0.9562447366808665,0.5,0.4,1.0,0.15,0.9,0.2,0.9,0.15,0.75,0.85,0.0,0.55,0.95,0.9562447366808665,0.6597609355372069
synth/elongated/amb0.95,134,1,0.0,0.0,elongated,714,2,0.00396728515625,0.0,0.7397441631159535,0.6212658633984661,0.8645295517207756,0.18771914440702753,0.5720992534170546,23.0,0.22810393433783083,0.9562447366808665,0.5,0.4,1.0,0.15,0.9,0.2,0.9,0.15,0.75,0.85,0.0,0.55,0.95,0.9562447366808665,0.6597609355372069
synth/elongated/amb0.95,135,1,0.0,0.0,elongated,714,3,0.02398681640625,0.0,0.7397441631159535,0.6212658633984661,0.8645295517207756,0.18771914440702753,0.5720992534170546,23.0,0.22810393433783083,0.9562447366808665,0.5,0.4,1.0,0.15,0.9,0.2,0.9,0.15,0.75,0.85,0.0,0.55,0.95,0.9562447366808665,0.6597609355372069
synth/blob/amb0.93,136,1,0.0,0.0,blob,719,0,0.00604248046875,0.0,0.5098604584126876,0.3984159377798756,0.618493120750286,0.19296198646862944,0.44120918304451257,13.0,0.6715605108053929,0.9397390483685031,0.5,0.4,1.0,0.15,0.9,0.2,0.9,0.15,0.75,0.85,0.0,0.55,0.95,0.9397390483685031,0.6202038635750038
synth/blob/amb0.93,137,1,0.0,0.0,blob,719,1,0.00103759765625,0.0,0.5098604584126876,0.3984159377798756,0.618493120750286,0.19296198646862944,0.44120918304451257,13.0,0.6715605108053929,0.9397390483685031,0.5,0.4,1.0,0.15,0.9,0.2,0.9,0.15,0.75,0.85,0.0,0.55,0.95,0.9397390483685031,0.6202038635750038
synth/blob/amb0.93,138,1,0.0,0.0,blob,719,2,0.016845703125,0.0,0.5098604584126876,0.3984159377798756,0.618493120750286,0.19296198646862944,0.44120918304451257,13.0,0.6715605108053929,0.9397390483685031,0.5,0.4,1.0,0.15,0.9,0.2,0.9,0.15,0.75,0.85,0.0,0.55,0.95,0.9397390483685031,0.6202038635750038
synth/blob/amb0.93,139,1,0.0,0.0,blob,719,3,0.01702880859375,0.0,0.5098604584126876,0.3984159377798756,0.618493120750286,0.19296198646862944,0.44120918304451257,13.0,0.6715605108053929,0.9397390483685031,0.5,0.4,1.0,0.15,0.9,0.2,0.9,0.15,0.75,0.85,0.0,0.55,0.95,0.9397390483685031,0.6202038635750038
synth/elongated/amb0.90,140,1,0.0,0.0,elongated,768,0,0.0103759765625,0.0,0.7671196604138109,0.6242170613478779,0.7016647576833476,0.17199818557129387,0.5151597499152962,14.0,0.0357052026426139,0.8945323950511788,0.5,0.4,1.0,0.15,0.9,0.2,0.9,0.15,0.75,0.85,0.0,0.55,0.95,0.8945323950511788,0.6435079935568196
synth/elongated/amb0.90,141,1,0.0,0.0,elongated,768,1,0.0206298828125,0.0,0.7671196604138109,0.6242170613478779,0.7016647576833476,0.17199818557129387,0.5151597499152962,14.0,0.0357052026426139,0.8945323950511788,0.5,0.4,1.0,0.15,0.9,0.2,0.9,0.15,0.75,0.85,0.0,0.55,0.95,0.8945323950511788,0.6435079935568196
synth/elongated/amb0.90,142,1,0.0,0.0,elongated,768,2,0.00421142578125,0.0,0.7671196604138109,0.6242170613478779,0.7016647576833476,0.17199818557129387,0.5151597499152962,14.0,0.0357052026426139,0.8945323950511788,0.5,0.4,1.0,0.15,0.9,0.2,0.9,0.15,0.75,0.85,0.0,0.55,0.95,0.8945323950511788,0.6435079935568196
synth/elongated/amb0.90,143,1,0.0,0.0,elongated,768,3,0.00341796875,0.0,0.7671196604138109,0.6242170613478779,0.7016647576833476,0.17199818557129387,0.5151597499152962,14.0,0.0357052026426139,0.8945323950511788,0.5,0.4,1.0,0.15,0.9,0.2,0.9,0.15,0.75,0.85,0.0,0.55,0.95,0.8945323950511788,0.6435079935568196
synth/blob/amb0.86,144,1,0.0,0.0,blob,775,0,0.15191650390625,0.017689900783201058,0.3263835558823872,0.20161211388954128,0.755953971189045,0.5590631661929721,0.5031726214187884,18.0,0.15215583569748758,0.866384421062496,0.5,0.4,1.0,0.15,0.9,0.2,0.9,0.15,0.75,0.85,0.0,0.55,0.95,0.866384421062496,0.5853227033369819
synth/blob/amb0.86,145,1,0.0,0.0,blob,775,1,0.1234130859375,0.08215360591808955,0.3263835558823872,0.20161211388954128,0.755953971189045,0.5590631661929721,0.5031726214187884,18.0,0.15215583569748758,0.866384421062496,0.5,0.4,1.0,0.15,0.9,0.2,0.9,0.15,0.75,0.85,0.0,0.55,0.95,0.866384421062496,0.5853227033369819
synth/blob/amb0.86,146,1,0.0,0.0,blob,775,2,0.055419921875,0.029901462296644848,0.3263835558823872,0.20161211388954128,0.755953971189045,0.5590631661929721,0.5031726214187884,18.0,0.15215583569748758,0.866384421062496,0.5,0.4,1.0,0.15,0.9,0.2,0.9,0.15,0.75,0.85,0.0,0.55,0.95,0.866384421062496,0.5853227033369819
synth/blob/amb0.86,147,1,0.0,0.0,blob,775,3,0.0341796875,0.0,0.3263835558823872,0.20161211388954128,0.755953971189045,0.5590631661929721,0.5031726214187884,18.0,0.15215583569748758,0.866384421062496,0.5,0.4,1.0,0.15,0.9,0.2,0.9,0.15,0.75,0.85,0.0,0.55,0.95,0.866384421062496,0.5853227033369819
synth/scattered/amb0.93,148,1,0.0,0.0,scattered,777,0,0.00689697265625,0.0,0.31369535311686325,0.6848414077696616,0.3241266389374786,0.27686874262288746,0.7126705860888961,11.0,0.33608396906422355,0.9148232934072167,0.5,0.4,1.0,0.15,0.9,0.2,0.9,0.15,0.75,0.85,0.0,0.55,0.95,1.0,0.9959071734956597
synth/scattered/amb0.93,149,1,0.0,0.0,scattered,777,1,0.003662109375,0.0,0.31369535311686325,0.6848414077696616,0.3241266389374786,0.27686874262288746,0.7126705860888961,11.0,0.33608396906422355,0.9148232934072167,0.5,0.4,1.0,0.15,0.9,0.2,0.9,0.15,0.75,0.85,0.0,0.55,0.95,1.0,0.9959071734956597
synth/scattered/amb0.93,150,1,0.0,0.0,scattered,777,2,0.0062255859375,0.010638297845919928,0.31369535311686325,0.6848414077696616,0.3241266389374786,0.27686874262288746,0.7126705860888961,11.0,0.33608396906422355,0.9148232934072167,0.5,0.4,1.0,0.15,0.9,0.2,0.9,0.15,0.75,0.85,0.0,0.55,0.95,1.0,0.9959071734956597
synth/scattered/amb0.93,151,1,0.0,0.0,scattered,777,3,0.0076904296875,0.0,0.31369535311686325,0.6848414077696616,0.3241266389374786,0.27686874262288746,0.7126705860888961,11.0,0.33608396906422355,0.9148232934072167,0.5,0.4,1.0,0.15,0.9,0.2,0.9,0.15,0.75,0.85,0.0,0.55,0.95,1.0,0.9959071734956597
synth/elongated/amb0.86,152,1,0.006289307959377766,0.006289307959377766,elongated,810,0,0.01336669921875,0.2127632051706314,0.6111068477443037,0.3674179122875136,0.7182535554730242,0.18931727487314648,0.7345170620622239,19.0,0.5677154374756845,0.8560347581766852,0.5,0.4,1.0,0.15,0.9,0.2,0.9,0.15,0.75,0.85,0.0,0.55,0.95,0.8560347581766852,0.7083986052415066
synth/elongated/amb0.86,153,1,0.0,0.0,elongated,810,1,0.00103759765625,0.0,0.6111068477443037,0.3674179122875136,0.7182535554730242,0.18931727487314648,0.7345170620622239,19.0,0.5677154374756845,0.8560347581766852,0.5,0.4,1.0,0.15,0.9,0.2,0.9,0.15,0.75,0.85,0.0,0.55,0.95,0.8560347581766852,0.7083986052415066
synth/elongated/amb0.86,154,1,0.15568862855434418,0.15568862855434418,elongated,810,2,0.0106201171875,0.0024600246300299964,0.6111068477443037,0.3674179122875136,0.7182535554730242,0.18931727487314648,0.7345170620622239,19.0,0.5677154374756845,0.8560347581766852,0.5,0.4,1.0,0.15,0.9,0.2,0.9,0.15,0.75,0.85,0.0,0.55,0.95,0.8560347581766852,0.7083986052415066
synth/elongated/amb0.86,155,1,0.0,0.0,elongated,810,3,0.0120849609375,0.0662878801425298,0.6111068477443037,0.3674179122875136,0.7182535554730242,0.18931727487314648,0.7345170620622239,19.0,0.5677154374756845,0.8560347581766852,0.5,0.4,1.0,0.15,0.9,0.2,0.9,0.15,0.75,0.85,0.0,0.55,0.95,0.8560347581766852,0.7083986052415066
synth/blob/amb0.93,156,1,0.0,0.0,blob,817,0,0.01666259765625,0.0,0.5630565492954858,0.4568937510191613,0.847926375133238,0.3654773207368334,0.3036220993276907,6.0,0.3484301591004564,0.9338310608099224,0.5,0.4,1.0,0.15,0.9,0.2,0.9,0.15,0.75,0.85,0.0,0.55,0.95,0.9338310608099224,0.5641759514207507
synth/blob/amb0.93,157,1,0.0,0.0,blob,817,1,0.1002197265625,0.025795646011829376,0.5630565492954858,0.4568937510191613,0.847926375133238,0.3654773207368334,0.3036220993276907,6.0,0.3484301591004564,0.9338310608099224,0.5,0.4,1.0,0.15,0.9,0.2,0.9,0.15,0.75,0.85,0.0,0.55,0.95,0.9338310608099224,0.5641759514207507
synth/blob/amb0.93,158,1,0.4158075749874115,0.4158075749874115,blob,817,2,0.01422119140625,0.05211726327737173,0.5630565492954858,0.4568937510191613,0.847926375133238,0.3654773207368334,0.3036220993276907,6.0,0.3484301591004564,0.9338310608099224,0.5,0.4,1.0,0.15,0.9,0.2,0.9,0.15,0.75,0.85,0.0,0.55,0.95,0.9338310608099224,0.5641759514207507
synth/blob/amb0.93,159,1,0.0,0.0,blob,817,3,0.00927734375,0.0,0.5630565492954858,0.4568937510191613,0.847926375133238,0.3654773207368334,0.3036220993276907,6.0,0.3484301591004564,0.9338310608099224,0.5,0.4,1.0,0.15,0.9,0.2,0.9,0.15,0.75,0.85,0.0,0.55,0.95,0.9338310608099224,0.5641759514207507
synth/annular/amb0.86,160,1,0.05982246249914169,0.05982246249914169,annular,828,0,0.2784423828125,0.05038577566544215,0.7255930052745322,0.863788296504203,0.44740587850528984,0.5843637558559244,0.7919726716019322,19.0,0.29917986564151744,0.8629321603334335,0.5,0.4,1.0,0.15,0.9,0.2,0.9,0.15,0.75,0.85,0.0,0.55,0.95,0.8629321603334335,0.6638527552373179
synth/annular/amb0.86,161,1,0.22189781069755554,0.22189781069755554,annular,828,1,0.01611328125,0.20981773237387338,0.7255930052745322,0.863788296504203,0.44740587850528984,0.5843637558559244,0.7919726716019322,19.0,0.29917986564151744,0.8629321603334335,0.5,0.4,1.0,0.15,0.9,0.2,0.9,0.15,0.75,0.85,0.0,0.55,0.95,0.8629321603334335,0.6638527552373179
synth/annular/amb0.86,162,1,0.12753623723983765,0.12753623723983765,annular,828,2,0.04437255859375,0.06719311357786258,0.7255930052745322,0.863788296504203,0.44740587850528984,0.5843637558559244,0.7919726716019322,19.0,0.29917986564151744,0.8629321603334335,0.5,0.4,1.0,0.15,0.9,0.2,0.9,0.15,0.75,0.85,0.0,0.55,0.95,0.8629321603334335,0.6638527552373179
synth/annular/amb0.86,163,1,0.036363635212183,0.036363635212183,annular,828,3,0.127197265625,0.12613923063812157,0.7255930052745322,0.863788296504203,0.44740587850528984,0.5843637558559244,0.7919726716019322,19.0,0.29917986564151744,0.8629321603334335,0.5,0.4,1.0,0.15,0.9,0.2,0.9,0.15,0.75,0.85,0.0,0.55,0.95,0.8629321603334335,0.6638527552373179
synth/blob/amb0.93,164,1,0.0,0.0,blob,841,0,0.02947998046875,0.0,0.7532450559980932,0.4254624269007259,0.8657563300232498,0.28445413140661574,0.5224837685062029,15.0,0.23374111326647717,0.9138398529056994,0.5,0.4,1.0,0.15,0.9,0.2,0.9,0.15,0.75,0.85,0.0,0.55,0.95,0.9138398529056994,0.6382150090433646
synth/blob/amb0.93,165,1,0.0,0.0,blob,841,1,0.0113525390625,0.0,0.7532450559980932,0.4254624269007259,0.8657563300232498,0.28445413140661574,0.5224837685062029,15.0,0.23374111326647717,0.9138398529056994,0.5,0.4,1.0,0.15,0.9,0.2,0.9,0.15,0.75,0.85,0.0,0.55,0.95,0.9138398529056994,0.6382150090433646
synth/blob/amb0.93,166,1,0.0,0.0,blob,841,2,0.00543212890625,0.0,0.7532450559980932,0.4254624269007259,0.8657563300232498,0.28445413140661574,0.5224837685062029,15.0,0.23374111326647717,0.9138398529056994,0.5,0.4,1.0,0.15,0.9,0.2,0.9,0.15,0.75,0.85,0.0,0.55,0.95,0.9138398529056994,0.6382150090433646
synth/blob/amb0.93,167,1,0.0,0.0,blob,841,3,0.0140380859375,0.005641749128699303,0.7532450559980932,0.4254624269007259,0.8657563300232498,0.28445413140661574,0.5224837685062029,15.0,0.23374111326647717,0.9138398529056994,0.5,0.4,1.0,0.15,0.9,0.2,0.9,0.15,0.75,0.85,0.0,0.55,0.95,0.9138398529056994,0.6382150090433646
synth/tubular/amb0.90,168,1,0.1541425883769989,0.1541425883769989,tubular,846,0,0.0472412109375,0.03178644428650538,0.37147520738199247,0.23340422777319753,0.87164373038359,0.17545222311308722,0.5089804983251607,10.0,0.44810254577933706,0.9002667375095339,0.5,0.4,1.0,0.15,0.9,0.2,0.9,0.15,0.75,0.85,0.0,0.55,0.95,0.9002667375095339,1.0
synth/tubular/amb0.90,169,1,0.05355191230773926,0.05355191230773926,tubular,846,1,0.07861328125,0.037977825151756406,0.37147520738199247,0.23340422777319753,0.87164373038359,0.17545222311308722,0.5089804983251607,10.0,0.44810254577933706,0.9002667375095339,0.5,0.4,1.0,0.15,0.9,0.2,0.9,0.15,0.75,0.85,0.0,0.55,0.95,0.9002667375095339,1.0
synth/tubular/amb0.90,170,1,0.06935123354196548,0.06935123354196548,tubular,846,2,0.02789306640625,0.028297916675607365,0.37147520738199247,0.23340422777319753,0.87164373038359,0.17545222311308722,0.5089804983251607,10.0,0.44810254577933706,0.9002667375095339,0.5,0.4,1.0,0.15,0.9,0.2,0.9,0.15,0.75,0.85,0.0,0.55,0.95,0.9002667375095339,1.0
synth/tubular/amb0.90,171,1,0.033627573400735855,0.033627573400735855,tubular,846,3,0.1080322265625,0.07003640073041122,0.37147520738199247,0.23340422777319753,0.87164373038359,0.17545222311308722,0.5089804983251607,10.0,0.44810254577933706,0.9002667375095339,0.5,0.4,1.0,0.15,0.9,0.2,0.9,0.15,0.75,0.85,0.0,0.55,0.95,0.9002667375095339,1.0
synth/elongated/amb0.86,172,1,0.0,0.0,elongated,865,0,0.05352783203125,0.0,0.8390597331911087,0.5173084736503208,0.6854241563653465,0.49089082573094817,0.34318594287536164,16.0,0.4830376561282921,0.8648327947740939,0.5,0.4,1.0,0.15,0.9,0.2,0.9,0.15,0.75,0.85,0.0,0.55,0.95,0.8648327947740939,0.5550098629302062
synth/elongated/amb0.86,173,1,0.0,0.0,elongated,865,1,0.0087890625,0.0,0.8390597331911087,0.5173084736503208,0.6854241563653465,0.49089082573094817,0.34318594287536164,16.0,0.4830376561282921,0.8648327947740939,0.5,0.4,1.0,0.15,0.9,0.2,0.9,0.15,0.75,0.85,0.0,0.55,0.95,0.8648327947740939,0.5550098629302062
synth/elongated/amb0.86,174,1,0.0,0.0,elongated,865,2,0.06005859375,0.0,0.8390597331911087,0.5173084736503208,0.6854241563653465,0.49089082573094817,0.34318594287536164,16.0,0.4830376561282921,0.8648327947740939,0.5,0.4,1.0,0.15,0.9,0.2,0.9,0.15,0.75,0.85,0.0,0.55,0.95,0.8648327947740939,0.5550098629302062
synth/elongated/amb0.86,175,1,0.0,0.0,elongated,865,3,0.0101318359375,0.0,0.8390597331911087,0.5173084736503208,0.6854241563653465,0.49089082573094817,0.34318594287536164,16.0,0.4830376561282921,0.8648327947740939,0.5,0.4,1.0,0.15,0.9,0.2,0.9,0.15,0.75,0.85,0.0,0.55,0.95,0.8648327947740939,0.5550098629302062
synth/blob/amb0.90,176,1,0.0,0.0,blob,869,0,0.04058837890625,0.0,0.5262271751013676,0.7728579431929414,0.36873775349012683,0.562037128477716,0.5963299505206934,8.0,0.872867027007308,0.903654862809074,0.5,0.4,1.0,0.15,0.9,0.2,0.9,0.15,0.75,0.85,0.0,0.55,0.95,0.903654862809074,0.6123648890332112
synth/blob/amb0.90,177,1,0.3117760717868805,0.3117760717868805,blob,869,1,0.07733154296875,0.14563738306363425,0.5262271751013676,0.7728579431929414,0.36873775349012683,0.562037128477716,0.5963299505206934,8.0,0.872867027007308,0.903654862809074,0.5,0.4,1.0,0.15,0.9,0.2,0.9,0.15,0.75,0.85,0.0,0.55,0.95,0.903654862809074,0.6123648890332112
synth/blob/amb0.90,178,1,0.25127965211868286,0.25127965211868286,blob,869,2,0.09588623046875,0.2327804553012053,0.5262271751013676,0.7728579431929414,0.36873775349012683,0.562037128477716,0.5963299505206934,8.0,0.872867027007308,0.903654862809074,0.5,0.4,1.0,0.15,0.9,0.2,0.9,0.15,0.75,0.85,0.0,0.55,0.95,0.903654862809074,0.6123648890332112
synth/blob/amb0.90,179,1,0.23835615813732147,0.23835615813732147,blob,869,3,0.0245361328125,0.0,0.5262271751013676,0.7728579431929414,0.36873775349012683,0.562037128477716,0.5963299505206934,8.0,0.872867027007308,0.903654862809074,0.5,0.4,1.0,0.15,0.9,0.2,0.9,0.15,0.75,0.85,0.0,0.55,0.95,0.903654862809074,0.6123648890332112
synth/elongated/amb0.90,180,1,0.0,0.0,elongated,891,0,0.00146484375,0.0,0.49410833693146183,0.3135572391176569,0.33492357135611867,0.2478074873310161,0.8333132355847053,21.0,0.0706205884994926,0.9036070999869381,0.5,0.4,1.0,0.15,0.9,0.2,0.9,0.15,0.75,0.85,0.0,0.55,0.95,0.9036070999869381,0.7343414250276745
synth/elongated/amb0.90,181,1,0.04205607622861862,0.04205607622861862,elongated,891,1,0.02362060546875,0.0,0.49410833693146183,0.3135572391176569,0.33492357135611867,0.2478074873310161,0.8333132355847053,21.0,0.0706205884994926,0.9036070999869381,0.5,0.4,1.0,0.15,0.9,0.2,0.9,0.15,0.75,0.85,0.0,0.55,0.95,0.9036070999869381,0.7343414250276745
synth/elongated/amb0.90,182,1,0.0,0.0,elongated,891,2,0.002197265625,0.0,0.49410833693146183,0.3135572391176569,0.33492357135611867,0.2478074873310161,0.8333132355847053,21.0,0.0706205884994926,0.9036070999869381,0.5,0.4,1.0,0.15,0.9,0.2,0.9,0.15,0.75,0.85,0.0,0.55,0.95,0.9036070999869381,0.7343414250276745
synth/elongated/amb0.90,183,1,0.0,0.0,elongated,891,3,0.00360107421875,0.0,0.49410833693146183,0.3135572391176569,0.33492357135611867,0.2478074873310161,0.8333132355847053,21.0,0.0706205884994926,0.9036070999869381,0.5,0.4,1.0,0.15,0.9,0.2,0.9,0.15,0.75,0.85,0.0,0.55,0.95,0.9036070999869381,0.7343414250276745
synth/blob/amb0.93,184,1,0.0,0.0,blob,909,0,0.02569580078125,0.0,0.88282205249404,0.20949872334631603,0.8856274315395758,0.46404481615638205,0.8372177252995809,15.0,0.6626050358939646,0.9314389212734808,0.5,0.4,1.0,0.15,0.9,0.2,0.9,0.15,0.75,0.85,0.0,0.55,0.95,0.9314389212734808,0.7087952031855791
synth/blob/amb0.93,185,1,0.0,0.0,blob,909,1,0.10455322265625,0.0,0.88282205249404,0.20949872334631603,0.8856274315395758,0.46404481615638205,0.8372177252995809,15.0,0.6626050358939646,0.9314389212734808,0.5,0.4,1.0,0.15,0.9,0.2,0.9,0.15,0.75,0.85,0.0,0.55,0.95,0.9314389212734808,0.7087952031855791
synth/blob/amb0.93,186,1,0.0,0.0,blob,909,2,0.04608154296875,0.0,0.88282205249404,0.20949872334631603,0.8856274315395758,0.46404481615638205,0.8372177252995809,15.0,0.6626050358939646,0.9314389212734808,0.5,0.4,1.0,0.15,0.9,0.2,0.9,0.15,0.75,0.85,0.0,0.55,0.95,0.9314389212734808,0.7087952031855791
synth/blob/amb0.93,187,1,0.0,0.0,blob,909,3,0.0323486328125,0.0,0.88282205249404,0.20949872334631603,0.8856274315395758,0.46404481615638205,0.8372177252995809,15.0,0.6626050358939646,0.9314389212734808,0.5,0.4,1.0,0.15,0.9,0.2,0.9,0.15,0.75,0.85,0.0,0.55,0.95,0.9314389212734808,0.7087952031855791
synth/tubular/amb0.98,188,1,0.03940886631608009,0.03940886631608009,tubular,913,0,0.01898193359375,0.023415977756182354,0.32463278436336857,0.7988677235272765,0.4903241083529011,0.1974010794010515,0.8548254182097859,10.0,0.4527681957861217,0.9844648296326005,0.5,0.4,1.0,0.15,0.9,0.2,0.9,0.15,0.75,0.85,0.0,0.55,0.95,0.9844648296326005,1.0
synth/tubular/amb0.98,189,1,0.24273504316806793,0.24273504316806793,tubular,913,1,0.02587890625,0.06136145691076914,0.32463278436336857,0.7988677235272765,0.4903241083529011,0.1974010794010515,0.8548254182097859,10.0,0.4527681957861217,0.9844648296326005,0.5,0.4,1.0,0.15,0.9,0.2,0.9,0.15,0.75,0.85,0.0,0.55,0.95,0.9844648296326005,1.0
synth/tubular/amb0.98,190,1,0.0,0.0,tubular,913,2,0.0059814453125,0.0,0.32463278436336857,0.7988677235272765,0.4903241083529011,0.1974010794010515,0.8548254182097859,10.0,0.4527681957861217,0.9844648296326005,0.5,0.4,1.0,0.15,0.9,0.2,0.9,0.15,0.75,0.85,0.0,0.55,0.95,0.9844648296326005,1.0
synth/tubular/amb0.98,191,1,0.1409395933151245,0.1409395933151245,tubular,913,3,0.009765625,0.0,0.32463278436336857,0.7988677235272765,0.4903241083529011,0.1974010794010515,0.8548254182097859,10.0,0.4527681957861217,0.9844648296326005,0.5,0.4,1.0,0.15,0.9,0.2,0.9,0.15,0.75,0.85,0.0,0.55,0.95,0.9844648296326005,1.0
synth/tubular/amb0.86,192,1,0.3393612802028656,0.3393612802028656,tubular,966,0,0.09423828125,0.09468710670868556,0.7108175013564968,0.8118723645931802,0.42679882387785684,0.5845761520853879,0.38808496492769495,9.0,0.44055767763402187,0.8531224759642902,0.5,0.4,1.0,0.15,0.9,0.2,0.9,0.15,0.75,0.85,0.0,0.55,0.95,0.8531224759642902,1.0
synth/tubular/amb0.86,193,1,0.0015735641354694963,0.0015735641354694963,tubular,966,1,0.0526123046875,0.0005333333198602,0.7108175013564968,0.8118723645931802,0.42679882387785684,0.5845761520853879,0.38808496492769495,9.0,0.44055767763402187,0.8531224759642902,0.5,0.4,1.0,0.15,0.9,0.2,0.9,0.15,0.75,0.85,0.0,0.55,0.95,0.8531224759642902,1.0
synth/tubular/amb0.86,194,1,0.29638412594795227,0.29638412594795227,tubular,966,2,0.06365966796875,0.16291322062412897,0.7108175013564968,0.8118723645931802,0.42679882387785684,0.5845761520853879,0.38808496492769495,9.0,0.44055767763402187,0.8531224759642902,0.5,0.4,1.0,0.15,0.9,0.2,0.9,0.15,0.75,0.85,0.0,0.55,0.95,0.8531224759642902,1.0
synth/tubular/amb0.86,195,1,0.03870967775583267,0.03870967775583267,tubular,966,3,0.05828857421875,0.03612907603383064,0.7108175013564968,0.8118723645931802,0.42679882387785684,0.5845761520853879,0.38808496492769495,9.0,0.44055767763402187,0.8531224759642902,0.5,0.4,1.0,0.15,0.9,0.2,0.9,0.15,0.75,0.85,0.0,0.55,0.95,0.8531224759642902,1.0
synth/elongated/amb0.98,196,1,0.0,0.0,elongated,978,0,0.00030517578125,0.0,0.7157891270678522,0.3641869868854629,0.3074488524486953,0.17398744584003956,0.5876369291894527,22.0,0.03621324957905914,0.9740213508742055,0.5,0.4,1.0,0.15,0.9,0.2,0.9,0.15,0.75,0.85,0.0,0.55,0.95,0.9740213508742055,0.665149547166093
synth/elongated/amb0.98,197,1,0.0,0.0,elongated,978,1,0.0045166015625,0.012345679104328156,0.7157891270678522,0.3641869868854629,0.3074488524486953,0.17398744584003956,0.5876369291894527,22.0,0.03621324957905914,0.9740213508742055,0.5,0.4,1.0,0.15,0.9,0.2,0.9,0.15,0.75,0.85,0.0,0.55,0.95,0.9740213508742055,0.665149547166093
synth/elongated/amb0.98,198,1,0.0,0.0,elongated,978,2,0.005126953125,0.0,0.7157891270678522,0.3641869868854629,0.3074488524486953,0.17398744584003956,0.5876369291894527,22.0,0.03621324957905914,0.9740213508742055,0.5,0.4,1.0,0.15,0.9,0.2,0.9,0.15,0.75,0.85,0.0,0.55,0.95,0.9740213508742055,0.665149547166093
synth/elongated/amb0.98,199,1,0.0,0.0,elongated,978,3,0.00732421875,0.0,0.7157891270678522,0.3641869868854629,0.3074488524486953,0.17398744584003956,0.5876369291894527,22.0,0.03621324957905914,0.9740213508742055,0.5,0.4,1.0,0.15,0.9,0.2,0.9,0.15,0.75,0.85,0.0,0.55,0.95,0.9740213508742055,0.665149547166093
synth/elongated/amb0.86,200,1,0.0,0.0,elongated,1025,0,0.01507568359375,0.0,0.38619403544693287,0.8373854520499431,0.4359810417082183,0.17516592771903833,0.6192570960952241,15.0,0.48280400858489825,0.8709362179842667,0.5,0.4,1.0,0.15,0.9,0.2,0.9,0.15,0.75,0.85,0.0,0.55,0.95,0.8709362179842667,0.6745749665487325
synth/elongated/amb0.86,201,1,0.0,0.0,elongated,1025,1,0.0028076171875,0.0,0.38619403544693287,0.8373854520499431,0.4359810417082183,0.17516592771903833,0.6192570960952241,15.0,0.48280400858489825,0.8709362179842667,0.5,0.4,1.0,0.15,0.9,0.2,0.9,0.15,0.75,0.85,0.0,0.55,0.95,0.8709362179842667,0.6745749665487325
synth/elongated/amb0.86,202,1,0.0,0.0,elongated,1025,2,0.01239013671875,0.06199930111567179,0.38619403544693287,0.8373854520499431,0.4359810417082183,0.17516592771903833,0.6192570960952241,15.0,0.48280400858489825,0.8709362179842667,0.5,0.4,1.0,0.15,0.9,0.2,0.9,0.15,0.75,0.85,0.0,0.55,0.95,0.8709362179842667,0.6745749665487325
synth/elongated/amb0.86,203,1,0.0,0.0,elongated,1025,3,0.016845703125,0.0,0.38619403544693287,0.8373854520499431,0.4359810417082183,0.17516592771903833,0.6192570960952241,15.0,0.48280400858489825,0.8709362179842667,0.5,0.4,1.0,0.15,0.9,0.2,0.9,0.15,0.75,0.85,0.0,0.55,0.95,0.8709362179842667,0.6745749665487325
synth/elongated/amb0.86,204,1,0.0,0.0,elongated,1039,0,0.0150146484375,0.0,0.48713936202632047,0.7707790668855079,0.5589233800687173,0.24415652755094247,0.45633033651536337,19.0,0.5836132587056241,0.8589292471678698,0.5,0.4,1.0,0.15,0.9,0.2,0.9,0.15,0.75,0.85,0.0,0.55,0.95,0.8589292471678698,0.6215075260772752
synth/elongated/amb0.86,205,1,0.0,0.0,elongated,1039,1,0.0078125,0.0,0.48713936202632047,0.7707790668855079,0.5589233800687173,0.24415652755094247,0.45633033651536337,19.0,0.5836132587056241,0.8589292471678698,0.5,0.4,1.0,0.15,0.9,0.2,0.9,0.15,0.75,0.85,0.0,0.55,0.95,0.8589292471678698,0.6215075260772752
synth/elongated/amb0.86,206,1,0.42401501536369324,0.42401501536369324,elongated,1039,2,0.0252685546875,0.00611620768904686,0.48713936202632047,0.7707790668855079,0.5589233800687173,0.24415652755094247,0.45633033651536337,19.0,0.5836132587056241,0.8589292471678698,0.5,0.4,1.0,0.15,0.9,0.2,0.9,0.15,0.75,0.85,0.0,0.55,0.95,0.8589292471678698,0.6215075260772752
synth/elongated/amb0.86,207,1,0.05614714324474335,0.05614714324474335,elongated,1039,3,0.05499267578125,0.05096296469370524,0.48713936202632047,0.7707790668855079,0.5589233800687173,0.24415652755094247,0.45633033651536337,19.0,0.5836132587056241,0.8589292471678698,0.5,0.4,1.0,0.15,0.9,0.2,0.9,0.15,0.75,0.85,0.0,0.55,0.95,0.8589292471678698,0.6215075260772752
synth/elongated/amb0.98,208,1,0.0,0.0,elongated,1068,0,0.13140869140625,0.08747678995132446,0.3621200492879346,0.506413431537716,0.7387402205256569,0.528764542521553,0.3271861319511,8.0,0.7836512583802164,0.9923519982140314,0.5,0.4,1.0,0.15,0.9,0.2,0.9,0.15,0.75,0.85,0.0,0.55,0.95,0.9923519982140314,0.5410738516567566
synth/elongated/amb0.98,209,1,0.0,0.0,elongated,1068,1,0.04766845703125,0.04302185277144114,0.3621200492879346,0.506413431537716,0.7387402205256569,0.528764542521553,0.3271861319511,8.0,0.7836512583802164,0.9923519982140314,0.5,0.4,1.0,0.15,0.9,0.2,0.9,0.15,0.75,0.85,0.0,0.55,0.95,0.9923519982140314,0.5410738516567566
synth/elongated/amb0.98,210,1,0.0,0.0,elongated,1068,2,0.01116943359375,0.0,0.3621200492879346,0.506413431537716,0.7387402205256569,0.528764542521553,0.3271861319511,8.0,0.7836512583802164,0.9923519982140314,0.5,0.4,1.0,0.15,0.9,0.2,0.9,0.15,0.75,0.85,0.0,0.55,0.95,0.9923519982140314,0.5410738516567566
synth/elongated/amb0.98,211,1,0.0,0.0,elongated,1068,3,0.01141357421875,0.0,0.3621200492879346,0.506413431537716,0.7387402205256569,0.528764542521553,0.3271861319511,8.0,0.7836512583802164,0.9923519982140314,0.5,0.4,1.0,0.15,0.9,0.2,0.9,0.15,0.75,0.85,0.0,0.55,0.95,0.9923519982140314,0.5410738516567566
synth/tubular/amb0.93,212,1,0.3475409746170044,0.3475409746170044,tubular,1081,0,0.17132568359375,0.18260732595808804,0.32981003234012923,0.23944954936429277,0.5345091398103873,0.49012664521022803,0.7097363799893106,11.0,0.2178588298097336,0.9365854155543918,0.5,0.4,1.0,0.15,0.9,0.2,0.9,0.15,0.75,0.85,0.0,0.55,0.95,0.9365854155543918,1.0
synth/tubular/amb0.93,213,1,0.030084235593676567,0.030084235593676567,tubular,1081,1,0.05108642578125,0.030384475986162823,0.32981003234012923,0.23944954936429277,0.5345091398103873,0.49012664521022803,0.7097363799893106,11.0,0.2178588298097336,0.9365854155543918,0.5,0.4,1.0,0.15,0.9,0.2,0.9,0.15,0.75,0.85,0.0,0.55,0.95,0.9365854155543918,1.0
synth/tubular/amb0.93,214,1,0.17324690520763397,0.17324690520763397,tubular,1081,2,0.0755615234375,0.15029931316773096,0.32981003234012923,0.23944954936429277,0.5345091398103873,0.49012664521022803,0.7097363799893106,11.0,0.2178588298097336,0.9365854155543918,0.5,0.4,1.0,0.15,0.9,0.2,0.9,0.15,0.75,0.85,0.0,0.55,0.95,0.9365854155543918,1.0
synth/tubular/amb0.93,215,1,0.15276311337947845,0.15276311337947845,tubular,1081,3,0.07635498046875,0.18142926196257272,0.32981003234012923,0.23944954936429277,0.5345091398103873,0.49012664521022803,0.7097363799893106,11.0,0.2178588298097336,0.9365854155543918,0.5,0.4,1.0,0.15,0.9,0.2,0.9,0.15,0.75,0.85,0.0,0.55,0.95,0.9365854155543918,1.0
synth/blob/amb0.95,216,1,0.0,0.0,blob,1083,0,0.10992431640625,0.009757797544201216,0.4553481813091046,0.3030683642823013,0.7342804997851191,0.5633713993436854,0.7384895677179523,20.0,0.33806364025709734,0.9500072533565597,0.5,0.4,1.0,0.15,0.9,0.2,0.9,0.15,0.75,0.85,0.0,0.55,0.95,0.9500072533565597,0.6546026938957805
synth/blob/amb0.95,217,1,0.0,0.0,blob,1083,1,0.00634765625,0.0,0.4553481813091046,0.3030683642823013,0.7342804997851191,0.5633713993436854,0.7384895677179523,20.0,0.33806364025709734,0.9500072533565597,0.5,0.4,1.0,0.15,0.9,0.2,0.9,0.15,0.75,0.85,0.0,0.55,0.95,0.9500072533565597,0.6546026938957805
synth/blob/amb0.95,218,1,0.5896551609039307,0.5896551609039307,blob,1083,2,0.0118408203125,0.0,0.4553481813091046,0.3030683642823013,0.7342804997851191,0.5633713993436854,0.7384895677179523,20.0,0.33806364025709734,0.9500072533565597,0.5,0.4,1.0,0.15,0.9,0.2,0.9,0.15,0.75,0.85,0.0,0.55,0.95,0.9500072533565597,0.6546026938957805
synth/blob/amb0.95,219,1,0.26283368468284607,0.26283368468284607,blob,1083,3,0.01544189453125,0.07676767806212108,0.4553481813091046,0.3030683642823013,0.7342804997851191,0.5633713993436854,0.7384895677179523,20.0,0.33806364025709734,0.9500072533565597,0.5,0.4,1.0,0.15,0.9,0.2,0.9,0.15,0.75,0.85,0.0,0.55,0.95,0.9500072533565597,0.6546026938957805
synth/tubular/amb0.98,220,1,0.0,0.0,tubular,1090,0,0.28857421875,0.012304149490470687,0.5532082878863536,0.5345329376301651,0.5794929651420295,0.17916599504603214,0.4579104034478358,16.0,0.6894729195446422,0.990113849040376,0.5,0.4,1.0,0.15,0.9,0.2,0.9,0.15,0.75,0.85,0.0,0.55,0.95,0.990113849040376,1.0
synth/tubular/amb0.98,221,1,0.016169782727956772,0.016169782727956772,tubular,1090,1,0.071044921875,0.019846559191743534,0.5532082878863536,0.5345329376301651,0.5794929651420295,0.17916599504603214,0.4579104034478358,16.0,0.6894729195446422,0.990113849040376,0.5,0.4,1.0,0.15,0.9,0.2,0.9,0.15,0.75,0.85,0.0,0.55,0.95,0.990113849040376,1.0
synth/tubular/amb0.98,222,1,0.02250351570546627,0.02250351570546627,tubular,1090,2,0.113037109375,0.0141185379276673,0.5532082878863536,0.5345329376301651,0.5794929651420295,0.17916599504603214,0.4579104034478358,16.0,0.6894729195446422,0.990113849040376,0.5,0.4,1.0,0.15,0.9,0.2,0.9,0.15,0.75,0.85,0.0,0.55,0.95,0.990113849040376,1.0
synth/tubular/amb0.98,223,1,0.30257028341293335,0.30257028341293335,tubular,1090,3,0.26458740234375,0.2451330373684565,0.5532082878863536,0.5345329376301651,0.5794929651420295,0.17916599504603214,0.4579104034478358,16.0,0.6894729195446422,0.990113849040376,0.5,0.4,1.0,0.15,0.9,0.2,0.9,0.15,0.75,0.85,0.0,0.55,0.95,0.990113849040376,1.0
synth/blob/amb0.86,224,1,0.0,0.0,blob,1103,0,0.03948974609375,0.03990024824937185,0.5505476753606393,0.2539808104690376,0.5862344139050552,0.1279514125661167,0.9253385768732654,19.0,0.8233197056886711,0.8510672469660485,0.5,0.4,1.0,0.15,0.9,0.2,0.9,0.15,0.75,0.85,0.0,0.55,0.95,0.8510672469660485,0.7685885012887921
synth/blob/amb0.86,225,1,0.0,0.0,blob,1103,1,0.00164794921875,0.0,0.5505476753606393,0.2539808104690376,0.5862344139050552,0.1279514125661167,0.9253385768732654,19.0,0.8233197056886711,0.8510672469660485,0.5,0.4,1.0,0.15,0.9,0.2,0.9,0.15,0.75,0.85,0.0,0.55,0.95,0.8510672469660485,0.7685885012887921
synth/blob/amb0.86,226,1,0.0,0.0,blob,1103,2,0.00311279296875,0.0,0.5505476753606393,0.2539808104690376,0.5862344139050552,0.1279514125661167,0.9253385768732654,19.0,0.8233197056886711,0.8510672469660485,0.5,0.4,1.0,0.15,0.9,0.2,0.9,0.15,0.75,0.85,0.0,0.55,0.95,0.8510672469660485,0.7685885012887921
synth/blob/amb0.86,227,1,0.027210883796215057,0.027210883796215057,blob,1103,3,0.0089111328125,0.0872274140516917,0.5505476753606393,0.2539808104690376,0.5862344139050552,0.1279514125661167,0.9253385768732654,19.0,0.8233197056886711,0.8510672469660485,0.5,0.4,1.0,0.15,0.9,0.2,0.9,0.15,0.75,0.85,0.0,0.55,0.95,0.8510672469660485,0.7685885012887921
synth/annular/amb0.90,228,1,0.01522359624505043,0.01522359624505043,annular,1120,0,0.0494384765625,0.021313505868117016,0.6394932742580153,0.21398296268598938,0.525426777271526,0.230017065046268,0.9682258789530533,17.0,0.9502937135115594,0.9006466160963242,0.5,0.4,1.0,0.15,0.9,0.2,0.9,0.15,0.75,0.85,0.0,0.55,0.95,0.9006466160963242,0.7760464728824558
synth/annular/amb0.90,229,1,0.0,0.0,annular,1120,1,0.00341796875,0.0447284330924352,0.6394932742580153,0.21398296268598938,0.525426777271526,0.230017065046268,0.9682258789530533,17.0,0.9502937135115594,0.9006466160963242,0.5,0.4,1.0,0.15,0.9,0.2,0.9,0.15,0.75,0.85,0.0,0.55,0.95,0.9006466160963242,0.7760464728824558
synth/annular/amb0.90,230,1,0.045045044273138046,0.045045044273138046,annular,1120,2,0.0648193359375,0.05585901687542597,0.6394932742580153,0.21398296268598938,0.525426777271526,0.230017065046268,0.9682258789530533,17.0,0.9502937135115594,0.9006466160963242,0.5,0.4,1.0,0.15,0.9,0.2,0.9,0.15,0.75,0.85,0.0,0.55,0.95,0.9006466160963242,0.7760464728824558
synth/annular/amb0.90,231,1,0.0,0.0,annular,1120,3,0.0142822265625,0.0,0.6394932742580153,0.21398296268598938,0.525426777271526,0.230017065046268,0.9682258789530533,17.0,0.9502937135115594,0.9006466160963242,0.5,0.4,1.0,0.15,0.9,0.2,0.9,0.15,0.75,0.85,0.0,0.55,0.95,0.9006466160963242,0.7760464728824558
synth/annular/amb0.90,232,1,0.023668639361858368,0.023668639361858368,annular,1125,0,0.1478271484375,0.0049782249455650645,0.3068909218132936,0.3173897010506589,0.3574579678564993,0.39678213605775037,0.4622554005091992,23.0,0.5233471627815441,0.8973815422228981,0.5,0.4,1.0,0.15,0.9,0.2,0.9,0.15,0.75,0.85,0.0,0.55,0.95,0.8973815422228981,0.6075928079495068
synth/annular/amb0.90,233,1,0.0,0.0,annular,1125,1,0.0130615234375,0.0,0.3068909218132936,0.3173897010506589,0.3574579678564993,0.39678213605775037,0.4622554005091992,23.0,0.5233471627815441,0.8973815422228981,0.5,0.4,1.0,0.15,0.9,0.2,0.9,0.15,0.75,0.85,0.0,0.55,0.95,0.8973815422228981,0.6075928079495068
synth/annular/amb0.90,234,1,0.0,0.0,annular,1125,2,0.0638427734375,0.0,0.3068909218132936,0.3173897010506589,0.3574579678564993,0.39678213605775037,0.4622554005091992,23.0,0.5233471627815441,0.8973815422228981,0.5,0.4,1.0,0.15,0.9,0.2,0.9,0.15,0.75,0.85,0.0,0.55,0.95,0.8973815422228981,0.6075928079495068
synth/annular/amb0.90,235,1,0.0,0.0,annular,1125,3,0.049560546875,0.09856136639912923,0.3068909218132936,0.3173897010506589,0.3574579678564993,0.39678213605775037,0.4622554005091992,23.0,0.5233471627815441,0.8973815422228981,0.5,0.4,1.0,0.15,0.9,0.2,0.9,0.15,0.75,0.85,0.0,0.55,0.95,0.8973815422228981,0.6075928079495068
synth/elongated/amb0.95,236,1,0.0,0.0,elongated,1128,0,0.03729248046875,0.0,0.43224101009122806,0.23104134522061506,0.6422376273451259,0.3462338988008034,0.8202782853932504,8.0,0.1739462902799821,0.9582355645812314,0.5,0.4,1.0,0.15,0.9,0.2,0.9,0.15,0.75,0.85,0.0,0.55,0.95,0.9582355645812314,0.7214549946903266
synth/elongated/amb0.95,237,1,0.0,0.0,elongated,1128,1,0.02325439453125,0.0,0.43224101009122806,0.23104134522061506,0.6422376273451259,0.3462338988008034,0.8202782853932504,8.0,0.1739462902799821,0.9582355645812314,0.5,0.4,1.0,0.15,0.9,0.2,0.9,0.15,0.75,0.85,0.0,0.55,0.95,0.9582355645812314,0.7214549946903266
synth/elongated/amb0.95,238,1,0.0,0.0,elongated,1128,2,0.00408935546875,0.0,0.43224101009122806,0.23104134522061506,0.6422376273451259,0.3462338988008034,0.8202782853932504,8.0,0.1739462902799821,0.9582355645812314,0.5,0.4,1.0,0.15,0.9,0.2,0.9,0.15,0.75,0.85,0.0,0.55,0.95,0.9582355645812314,0.7214549946903266
synth/elongated/amb0.95,239,1,0.0,0.0,elongated,1128,3,0.00860595703125,0.03155927608410517,0.43224101009122806,0.23104134522061506,0.6422376273451259,0.3462338988008034,0.8202782853932504,8.0,0.1739462902799821,0.9582355645812314,0.5,0.4,1.0,0.15,0.9,0.2,0.9,0.15,0.75,0.85,0.0,0.55,0.95,0.9582355645812314,0.7214549946903266
synth/blob/amb0.98,240,1,0.2658548951148987,0.2658548951148987,blob,1133,0,0.10430908203125,0.03303695532182852,0.30231103653446745,0.4227980954372983,0.8762521667644079,0.5161952680541484,0.31071146170337627,16.0,0.019077117266827703,0.97247289589106,0.5,0.4,1.0,0.15,0.9,0.2,0.9,0.15,0.75,0.85,0.0,0.55,0.95,0.97247289589106,0.5393417558912299
synth/blob/amb0.98,241,1,0.24461153149604797,0.24461153149604797,blob,1133,1,0.1068115234375,0.09511122107505798,0.30231103653446745,0.4227980954372983,0.8762521667644079,0.5161952680541484,0.31071146170337627,16.0,0.019077117266827703,0.97247289589106,0.5,0.4,1.0,0.15,0.9,0.2,0.9,0.15,0.75,0.85,0.0,0.55,0.95,0.97247289589106,0.5393417558912299
synth/blob/amb0.98,242,1,0.2699868977069855,0.2699868977069855,blob,1133,2,0.0169677734375,0.053242708245913185,0.30231103653446745,0.4227980954372983,0.8762521667644079,0.5161952680541484,0.31071146170337627,16.0,0.019077117266827703,0.97247289589106,0.5,0.4,1.0,0.15,0.9,0.2,0.9,0.15,0.75,0.85,0.0,0.55,0.95,0.97247289589106,0.5393417558912299
synth/blob/amb0.98,243,1,0.19327731430530548,0.19327731430530548,blob,1133,3,0.0152587890625,0.06349206467469533,0.30231103653446745,0.4227980954372983,0.8762521667644079,0.5161952680541484,0.31071146170337627,16.0,0.019077117266827703,0.97247289589106,0.5,0.4,1.0,0.15,0.9,0.2,0.9,0.15,0.75,0.85,0.0,0.55,0.95,0.97247289589106,0.5393417558912299
synth/blob/amb0.86,244,1,0.0,0.0,blob,1159,0,0.0401611328125,0.1488779385884603,0.8422311294516496,0.2867236877819186,0.3698479364607853,0.48149200364537836,0.6650946430791518,9.0,0.4348942610850295,0.8763880137528294,0.5,0.4,1.0,0.15,0.9,0.2,0.9,0.15,0.75,0.85,0.0,0.55,0.95,0.8763880137528294,0.6536134539287625
synth/blob/amb0.86,245,1,0.07698744535446167,0.07698744535446167,blob,1159,1,0.0311279296875,0.08864239106575648,0.8422311294516496,0.2867236877819186,0.3698479364607853,0.48149200364537836,0.6650946430791518,9.0,0.4348942610850295,0.8763880137528294,0.5,0.4,1.0,0.15,0.9,0.2,0.9,0.15,0.75,0.85,0.0,0.55,0.95,0.8763880137528294,0.6536134539287625
synth/blob/amb0.86,246,1,0.11178861558437347,0.11178861558437347,blob,1159,2,0.10174560546875,0.09674222519000371,0.8422311294516496,0.2867236877819186,0.3698479364607853,0.48149200364537836,0.6650946430791518,9.0,0.4348942610850295,0.8763880137528294,0.5,0.4,1.0,0.15,0.9,0.2,0.9,0.15,0.75,0.85,0.0,0.55,0.95,0.8763880137528294,0.6536134539287625
synth/blob/amb0.86,247,1,0.0,0.0,blob,1159,3,0.06298828125,0.0,0.8422311294516496,0.2867236877819186,0.3698479364607853,0.48149200364537836,0.6650946430791518,9.0,0.4348942610850295,0.8763880137528294,0.5,0.4,1.0,0.15,0.9,0.2,0.9,0.15,0.75,0.85,0.0,0.55,0.95,0.8763880137528294,0.6536134539287625
synth/scattered/amb0.93,248,1,0.0,0.0,scattered,1185,0,0.05657958984375,0.010942414170131087,0.6972310427991868,0.6134917594619942,0.3248196472200168,0.3301212157071824,0.31627551329050707,9.0,0.0429700372795917,0.9332599783290937,0.5,0.4,1.0,0.15,0.9,0.2,0.9,0.15,0.75,0.85,0.0,0.55,0.95,1.0,0.8720154831802229
synth/scattered/amb0.93,249,1,0.0,0.0,scattered,1185,1,0.00384521484375,0.022371364136536915,0.6972310427991868,0.6134917594619942,0.3248196472200168,0.3301212157071824,0.31627551329050707,9.0,0.0429700372795917,0.9332599783290937,0.5,0.4,1.0,0.15,0.9,0.2,0.9,0.15,0.75,0.85,0.0,0.55,0.95,1.0,0.8720154831802229
synth/scattered/amb0.93,250,1,0.0,0.0,scattered,1185,2,0.0714111328125,0.0260121813043952,0.6972310427991868,0.6134917594619942,0.3248196472200168,0.3301212157071824,0.31627551329050707,9.0,0.0429700372795917,0.9332599783290937,0.5,0.4,1.0,0.15,0.9,0.2,0.9,0.15,0.75,0.85,0.0,0.55,0.95,1.0,0.8720154831802229
synth/scattered/amb0.93,251,1,0.0,0.0,scattered,1185,3,0.02764892578125,0.017777778208255768,0.6972310427991868,0.6134917594619942,0.3248196472200168,0.3301212157071824,0.31627551329050707,9.0,0.0429700372795917,0.9332599783290937,0.5,0.4,1.0,0.15,0.9,0.2,0.9,0.15,0.75,0.85,0.0,0.55,0.95,1.0,0.8720154831802229
synth/annular/amb0.86,252,1,0.0,0.0,annular,1268,0,0.014892578125,0.057587167248129845,0.6391908423372805,0.4436238324649088,0.8729261654917069,0.21370421906256598,0.7396539413385153,14.0,0.8678234715883154,0.8795191306833215,0.5,0.4,1.0,0.15,0.9,0.2,0.9,0.15,0.75,0.85,0.0,0.55,0.95,0.8795191306833215,0.7085185751205632
synth/annular/amb0.86,253,1,0.0,0.0,annular,1268,1,0.00921630859375,0.10735586285591125,0.6391908423372805,0.4436238324649088,0.8729261654917069,0.21370421906256598,0.7396539413385153,14.0,0.8678234715883154,0.8795191306833215,0.5,0.4,1.0,0.15,0.9,0.2,0.9,0.15,0.75,0.85,0.0,0.55,0.95,0.8795191306833215,0.7085185751205632
synth/annular/amb0.86,254,1,0.0,0.0,annular,1268,2,0.00311279296875,0.0,0.6391908423372805,0.4436238324649088,0.8729261654917069,0.21370421906256598,0.7396539413385153,14.0,0.8678234715883154,0.8795191306833215,0.5,0.4,1.0,0.15,0.9,0.2,0.9,0.15,0.75,0.85,0.0,0.55,0.95,0.8795191306833215,0.7085185751205632
synth/annular/amb0.86,255,1,0.0,0.0,annular,1268,3,0.011474609375,0.0,0.6391908423372805,0.4436238324649088,0.8729261654917069,0.21370421906256598,0.7396539413385153,14.0,0.8678234715883154,0.8795191306833215,0.5,0.4,1.0,0.15,0.9,0.2,0.9,0.15,0.75,0.85,0.0,0.55,0.95,0.8795191306833215,0.7085185751205632
synth/blob/amb0.90,256,1,0.0,0.0,blob,1284,0,0.00531005859375,0.0,0.5960118465142507,0.7680586831492879,0.556887308478611,0.45807796893126934,0.6515796075745146,23.0,0.9920101374916229,0.9082452960645404,0.5,0.4,1.0,0.15,0.9,0.2,0.9,0.15,0.75,0.85,0.0,0.55,0.95,0.9082452960645404,0.6542521781053761
synth/blob/amb0.90,257,1,0.022689076140522957,0.022689076140522957,blob,1284,1,0.1231689453125,0.16171642144521078,0.5960118465142507,0.7680586831492879,0.556887308478611,0.45807796893126934,0.6515796075745146,23.0,0.9920101374916229,0.9082452960645404,0.5,0.4,1.0,0.15,0.9,0.2,0.9,0.15,0.75,0.85,0.0,0.55,0.95,0.9082452960645404,0.6542521781053761
synth/blob/amb0.90,258,1,0.0,0.0,blob,1284,2,0.03289794921875,0.0,0.5960118465142507,0.7680586831492879,0.556887308478611,0.45807796893126934,0.6515796075745146,23.0,0.9920101374916229,0.9082452960645404,0.5,0.4,1.0,0.15,0.9,0.2,0.9,0.15,0.75,0.85,0.0,0.55,0.95,0.9082452960645404,0.6542521781053761
synth/blob/amb0.90,259,1,0.15297450125217438,0.15297450125217438,blob,1284,3,0.02197265625,0.1591836710770925,0.5960118465142507,0.7680586831492879,0.556887308478611,0.45807796893126934,0.6515796075745146,23.0,0.9920101374916229,0.9082452960645404,0.5,0.4,1.0,0.15,0.9,0.2,0.9,0.15,0.75,0.85,0.0,0.55,0.95,0.9082452960645404,0.6542521781053761
synth/blob/amb0.95,260,1,0.0,0.0,blob,1290,0,0.001708984375,0.0,0.659398638731229,0.24561985635094358,0.5867785902306757,0.1813430956373292,0.6021559510602805,8.0,0.8720867627854478,0.9632648189585219,0.5,0.4,1.0,0.15,0.9,0.2,0.9,0.15,0.75,0.85,0.0,0.55,0.95,0.9632648189585219,0.6691213803107678
synth/blob/amb0.95,261,1,0.0,0.0,blob,1290,1,0.00634765625,0.0,0.659398638731229,0.24561985635094358,0.5867785902306757,0.1813430956373292,0.6021559510602805,8.0,0.8720867627854478,0.9632648189585219,0.5,0.4,1.0,0.15,0.9,0.2,0.9,0.15,0.75,0.85,0.0,0.55,0.95,0.9632648189585219,0.6691213803107678
synth/blob/amb0.95,262,1,0.0,0.0,blob,1290,2,0.0015869140625,0.0,0.659398638731229,0.24561985635094358,0.5867785902306757,0.1813430956373292,0.6021559510602805,8.0,0.8720867627854478,0.9632648189585219,0.5,0.4,1.0,0.15,0.9,0.2,0.9,0.15,0.75,0.85,0.0,0.55,0.95,0.9632648189585219,0.6691213803107678
synth/blob/amb0.95,263,1,0.0,0.0,blob,1290,3,0.00750732421875,0.0,0.659398638731229,0.24561985635094358,0.5867785902306757,0.1813430956373292,0.6021559510602805,8.0,0.8720867627854478,0.9632648189585219,0.5,0.4,1.0,0.15,0.9,0.2,0.9,0.15,0.75,0.85,0.0,0.55,0.95,0.9632648189585219,0.6691213803107678
synth/blob/amb0.93,264,1,0.2005208283662796,0.2005208283662796,blob,1302,0,0.03338623046875,0.14228758588433266,0.7587455227695181,0.33184060104398605,0.6391885082346422,0.42622311368819543,0.788952408748444,15.0,0.09783792246490564,0.9299802732017592,0.5,0.4,1.0,0.15,0.9,0.2,0.9,0.15,0.75,0.85,0.0,0.55,0.95,0.9299802732017592,0.7010884904058273
synth/blob/amb0.93,265,1,0.0,0.0,blob,1302,1,0.0047607421875,0.0,0.7587455227695181,0.33184060104398605,0.6391885082346422,0.42622311368819543,0.788952408748444,15.0,0.09783792246490564,0.9299802732017592,0.5,0.4,1.0,0.15,0.9,0.2,0.9,0.15,0.75,0.85,0.0,0.55,0.95,0.9299802732017592,0.7010884904058273
synth/blob/amb0.93,266,1,0.0,0.0,blob,1302,2,0.0052490234375,0.01115251611918211,0.7587455227695181,0.33184060104398605,0.6391885082346422,0.42622311368819543,0.788952408748444,15.0,0.09783792246490564,0.9299802732017592,0.5,0.4,1.0,0.15,0.9,0.2,0.9,0.15,0.75,0.85,0.0,0.55,0.95,0.9299802732017592,0.7010884904058273
synth/blob/amb0.93,267,1,0.0,0.0,blob,1302,3,0.0101318359375,0.0,0.7587455227695181,0.33184060104398605,0.6391885082346422,0.42622311368819543,0.788952408748444,15.0,0.09783792246490564,0.9299802732017592,0.5,0.4,1.0,0.15,0.9,0.2,0.9,0.15,0.75,0.85,0.0,0.55,0.95,0.9299802732017592,0.7010884904058273
synth/tubular/amb0.90,268,1,0.0046701692044734955,0.0046701692044734955,tubular,1365,0,0.07464599609375,0.07169184337059657,0.4825180779662701,0.3110601931871043,0.8957028363905475,0.20513164189401478,0.39733526895810417,17.0,0.7315847840924049,0.9088180727826622,0.5,0.4,1.0,0.15,0.9,0.2,0.9,0.15,0.75,0.85,0.0,0.55,0.95,0.9088180727826622,1.0
synth/tubular/amb0.90,269,1,0.08641063421964645,0.08641063421964645,tubular,1365,1,0.08197021484375,0.036941549430290856,0.4825180779662701,0.3110601931871043,0.8957028363905475,0.20513164189401478,0.39733526895810417,17.0,0.7315847840924049,0.9088180727826622,0.5,0.4,1.0,0.15,0.9,0.2,0.9,0.15,0.75,0.85,0.0,0.55,0.95,0.9088180727826622,1.0
synth/tubular/amb0.90,270,1,0.07636237144470215,0.07636237144470215,tubular,1365,2,0.08282470703125,0.1257428377866745,0.4825180779662701,0.3110601931871043,0.8957028363905475,0.20513164189401478,0.39733526895810417,17.0,0.7315847840924049,0.9088180727826622,0.5,0.4,1.0,0.15,0.9,0.2,0.9,0.15,0.75,0.85,0.0,0.55,0.95,0.9088180727826622,1.0
synth/tubular/amb0.90,271,1,0.18909454345703125,0.18909454345703125,tubular,1365,3,0.0667724609375,0.05946780120333036,0.4825180779662701,0.3110601931871043,0.8957028363905475,0.20513164189401478,0.39733526895810417,17.0,0.7315847840924049,0.9088180727826622,0.5,0.4,1.0,0.15,0.9,0.2,0.9,0.15,0.75,0.85,0.0,0.55,0.95,0.9088180727826622,1.0
synth/scattered/amb0.90,272,1,0.0,0.0,scattered,1367,0,0.00616455078125,0.02406175558765729,0.3953231444352987,0.8042996728093301,0.81898999168681,0.3253934901628559,0.706512110844798,24.0,0.6333534875262973,0.8875806761384332,0.5,0.4,1.0,0.15,0.9,0.2,0.9,0.15,0.75,0.85,0.0,0.55,0.95,1.0,0.9895789454298174
synth/scattered/amb0.90,273,1,0.004123711492866278,0.004123711492866278,scattered,1367,1,0.0224609375,0.008758308521161476,0.3953231444352987,0.8042996728093301,0.81898999168681,0.3253934901628559,0.706512110844798,24.0,0.6333534875262973,0.8875806761384332,0.5,0.4,1.0,0.15,0.9,0.2,0.9,0.15,0.75,0.85,0.0,0.55,0.95,1.0,0.9895789454298174
synth/scattered/amb0.90,274,1,0.006666666828095913,0.006666666828095913,scattered,1367,2,0.03265380859375,0.063756063580513,0.3953231444352987,0.8042996728093301,0.81898999168681,0.3253934901628559,0.706512110844798,24.0,0.6333534875262973,0.8875806761384332,0.5,0.4,1.0,0.15,0.9,0.2,0.9,0.15,0.75,0.85,0.0,0.55,0.95,1.0,0.9895789454298174
synth/scattered/amb0.90,275,1,0.0,0.0,scattered,1367,3,0.00579833984375,0.012313105165958405,0.3953231444352987,0.8042996728093301,0.81898999168681,0.3253934901628559,0.706512110844798,24.0,0.6333534875262973,0.8875806761384332,0.5,0.4,1.0,0.15,0.9,0.2,0.9,0.15,0.75,0.85,0.0,0.55,0.95,1.0,0.9895789454298174
synth/tubular/amb0.90,276,1,0.060094885528087616,0.060094885528087616,tubular,1389,0,0.08660888671875,0.13301502354443073,0.755856517118245,0.7240240959137443,0.390508034088981,0.2580414092700148,0.4322928855383417,23.0,0.003367059859035293,0.8997203714047433,0.5,0.4,1.0,0.15,0.9,0.2,0.9,0.15,0.75,0.85,0.0,0.55,0.95,0.8997203714047433,1.0
synth/tubular/amb0.90,277,1,0.0496780127286911,0.0496780127286911,tubular,1389,1,0.03857421875,0.028277267546703417,0.755856517118245,0.7240240959137443,0.390508034088981,0.2580414092700148,0.4322928855383417,23.0,0.003367059859035293,0.8997203714047433,0.5,0.4,1.0,0.15,0.9,0.2,0.9,0.15,0.75,0.85,0.0,0.55,0.95,0.8997203714047433,1.0
synth/tubular/amb0.90,278,1,0.0,0.0,tubular,1389,2,0.07781982421875,0.04256292494634787,0.755856517118245,0.7240240959137443,0.390508034088981,0.2580414092700148,0.4322928855383417,23.0,0.003367059859035293,0.8997203714047433,0.5,0.4,1.0,0.15,0.9,0.2,0.9,0.15,0.75,0.85,0.0,0.55,0.95,0.8997203714047433,1.0
synth/tubular/amb0.90,279,1,0.012324930168688297,0.012324930168688297,tubular,1389,3,0.04931640625,0.023901903070509434,0.755856517118245,0.7240240959137443,0.390508034088981,0.2580414092700148,0.4322928855383417,23.0,0.003367059859035293,0.8997203714047433,0.5,0.4,1.0,0.15,0.9,0.2,0.9,0.15,0.75,0.85,0.0,0.55,0.95,0.8997203714047433,1.0
synth/scattered/amb0.93,280,1,0.0,0.0,scattered,1407,0,0.0028076171875,0.0,0.7313334192391934,0.822551109089666,0.3133356959399405,0.1999089780802234,0.5103501174534633,20.0,0.8769033926383881,0.9399533412997104,0.5,0.4,1.0,0.15,0.9,0.2,0.9,0.15,0.75,0.85,0.0,0.55,0.95,1.0,0.9405508665304225
synth/scattered/amb0.93,281,1,0.0,0.0,scattered,1407,1,0.00653076171875,0.030905077854792278,0.7313334192391934,0.822551109089666,0.3133356959399405,0.1999089780802234,0.5103501174534633,20.0,0.8769033926383881,0.9399533412997104,0.5,0.4,1.0,0.15,0.9,0.2,0.9,0.15,0.75,0.85,0.0,0.55,0.95,1.0,0.9405508665304225
synth/scattered/amb0.93,282,1,0.0,0.0,scattered,1407,2,0.000244140625,0.0,0.7313334192391934,0.822551109089666,0.3133356959399405,0.1999089780802234,0.5103501174534633,20.0,0.8769033926383881,0.9399533412997104,0.5,0.4,1.0,0.15,0.9,0.2,0.9,0.15,0.75,0.85,0.0,0.55,0.95,1.0,0.9405508665304225
synth/scattered/amb0.93,283,1,0.0,0.0,scattered,1407,3,0.00152587890625,0.0,0.7313334192391934,0.822551109089666,0.3133356959399405,0.1999089780802234,0.5103501174534633,20.0,0.8769033926383881,0.9399533412997104,0.5,0.4,1.0,0.15,0.9,0.2,0.9,0.15,0.75,0.85,0.0,0.55,0.95,1.0,0.9405508665304225
synth/annular/amb0.86,284,1,0.033557046204805374,0.033557046204805374,annular,1423,0,0.01043701171875,0.0029112081974744797,0.5318824199446247,0.6697230035572994,0.5824628982136759,0.49525012248709077,0.7734183267867134,12.0,0.9145655846544941,0.8706572467386564,0.5,0.4,1.0,0.15,0.9,0.2,0.9,0.15,0.75,0.85,0.0,0.55,0.95,0.8706572467386564,0.6831073227033262
synth/annular/amb0.86,285,1,0.0,0.0,annular,1423,1,0.03765869140625,0.022471909721692402,0.5318824199446247,0.6697230035572994,0.5824628982136759,0.49525012248709077,0.7734183267867134,12.0,0.9145655846544941,0.8706572467386564,0.5,0.4,1.0,0.15,0.9,0.2,0.9,0.15,0.75,0.85,0.0,0.55,0.95,0.8706572467386564,0.6831073227033262
synth/annular/amb0.86,286,1,0.1307443380355835,0.1307443380355835,annular,1423,2,0.06634521484375,0.06643180549144745,0.5318824199446247,0.6697230035572994,0.5824628982136759,0.49525012248709077,0.7734183267867134,12.0,0.9145655846544941,0.8706572467386564,0.5,0.4,1.0,0.15,0.9,0.2,0.9,0.15,0.75,0.85,0.0,0.55,0.95,0.8706572467386564,0.6831073227033262
synth/annular/amb0.86,287,1,0.0,0.0,annular,1423,3,0.0140380859375,0.0,0.5318824199446247,0.6697230035572994,0.5824628982136759,0.49525012248709077,0.7734183267867134,12.0,0.9145655846544941,0.8706572467386564,0.5,0.4,1.0,0.15,0.9,0.2,0.9,0.15,0.75,0.85,0.0,0.55,0.95,0.8706572467386564,0.6831073227033262
synth/blob/amb0.95,288,1,0.0,0.0,blob,1428,0,0.01611328125,0.14589244251449904,0.803210259721538,0.7378966032195087,0.606827239392715,0.38666822802979117,0.6009297058165509,17.0,0.6562943410876336,0.9475787424759723,0.5,0.4,1.0,0.15,0.9,0.2,0.9,0.15,0.75,0.85,0.0,0.55,0.95,0.9475787424759723,0.6506096690999373
synth/blob/amb0.95,289,1,0.34597155451774597,0.34597155451774597,blob,1428,1,0.00506591796875,0.013225128253300985,0.803210259721538,0.7378966032195087,0.606827239392715,0.38666822802979117,0.6009297058165509,17.0,0.6562943410876336,0.9475787424759723,0.5,0.4,1.0,0.15,0.9,0.2,0.9,0.15,0.75,0.85,0.0,0.55,0.95,0.9475787424759723,0.6506096690999373
synth/blob/amb0.95,290,1,0.0,0.0,blob,1428,2,0.0181884765625,0.047078604499499,0.803210259721538,0.7378966032195087,0.606827239392715,0.38666822802979117,0.6009297058165509,17.0,0.6562943410876336,0.9475787424759723,0.5,0.4,1.0,0.15,0.9,0.2,0.9,0.15,0.75,0.85,0.0,0.55,0.95,0.9475787424759723,0.6506096690999373
synth/blob/amb0.95,291,1,0.0,0.0,blob,1428,3,0.0030517578125,0.0,0.803210259721538,0.7378966032195087,0.606827239392715,0.38666822802979117,0.6009297058165509,17.0,0.6562943410876336,0.9475787424759723,0.5,0.4,1.0,0.15,0.9,0.2,0.9,0.15,0.75,0.85,0.0,0.55,0.95,0.9475787424759723,0.6506096690999373
synth/scattered/amb0.90,292,1,0.0,0.0,scattered,1430,0,0.00262451171875,0.0,0.8197871162187298,0.5807004205883601,0.7577854243025995,0.3515188902854797,0.9049598819381528,8.0,0.2569291101108575,0.8983937711878945,0.5,0.4,1.0,0.15,0.9,0.2,0.9,0.15,0.75,0.85,0.0,0.55,0.95,1.0,1.0
synth/scattered/amb0.90,293,1,0.06686332076787949,0.06686332076787949,scattered,1430,1,0.0343017578125,0.015770546160638332,0.8197871162187298,0.5807004205883601,0.7577854243025995,0.3515188902854797,0.9049598819381528,8.0,0.2569291101108575,0.8983937711878945,0.5,0.4,1.0,0.15,0.9,0.2,0.9,0.15,0.75,0.85,0.0,0.55,0.95,1.0,1.0
synth/scattered/amb0.90,294,1,0.04987531155347824,0.04987531155347824,scattered,1430,2,0.05377197265625,0.0023707918201883635,0.8197871162187298,0.5807004205883601,0.7577854243025995,0.3515188902854797,0.9049598819381528,8.0,0.2569291101108575,0.8983937711878945,0.5,0.4,1.0,0.15,0.9,0.2,0.9,0.15,0.75,0.85,0.0,0.55,0.95,1.0,1.0
synth/scattered/amb0.90,295,1,0.0,0.0,scattered,1430,3,0.00811767578125,0.007699510703484218,0.8197871162187298,0.5807004205883601,0.7577854243025995,0.3515188902854797,0.9049598819381528,8.0,0.2569291101108575,0.8983937711878945,0.5,0.4,1.0,0.15,0.9,0.2,0.9,0.15,0.75,0.85,0.0,0.55,0.95,1.0,1.0
synth/tubular/amb0.95,296,1,0.2295081913471222,0.2295081913471222,tubular,1446,0,0.2625732421875,0.11628045762578647,0.44100360247647796,0.46198115316593075,0.3129455663512761,0.14400240299065586,0.9466874290174516,9.0,0.8704851449576155,0.9567124332158583,0.5,0.4,1.0,0.15,0.9,0.2,0.9,0.15,0.75,0.85,0.0,0.55,0.95,0.9567124332158583,1.0
synth/tubular/amb0.95,297,1,0.1962950974702835,0.1962950974702835,tubular,1446,1,0.07049560546875,0.07368164416402578,0.44100360247647796,0.46198115316593075,0.3129455663512761,0.14400240299065586,0.9466874290174516,9.0,0.8704851449576155,0.9567124332158583,0.5,0.4,1.0,0.15,0.9,0.2,0.9,0.15,0.75,0.85,0.0,0.55,0.95,0.9567124332158583,1.0
synth/tubular/amb0.95,298,1,0.4654672145843506,0.4654672145843506,tubular,1446,2,0.13134765625,0.1395081082979838,0.44100360247647796,0.46198115316593075,0.3129455663512761,0.14400240299065586,0.9466874290174516,9.0,0.8704851449576155,0.9567124332158583,0.5,0.4,1.0,0.15,0.9,0.2,0.9,0.15,0.75,0.85,0.0,0.55,0.95,0.9567124332158583,1.0
synth/tubular/amb0.95,299,1,0.3145900368690491,0.3145900368690491,tubular,1446,3,0.0989990234375,0.12212749818960826,0.44100360247647796,0.46198115316593075,0.3129455663512761,0.14400240299065586,0.9466874290174516,9.0,0.8704851449576155,0.9567124332158583,0.5,0.4,1.0,0.15,0.9,0.2,0.9,0.15,0.75,0.85,0.0,0.55,0.95,0.9567124332158583,1.0
synth/elongated/amb0.98,300,1,0.39553073048591614,0.39553073048591614,elongated,1465,0,0.03900146484375,0.1275295913219452,0.46689802569743943,0.38837160751455846,0.37189609250233663,0.1497108561159013,0.7797451723413381,15.0,0.1699477760556437,0.9951494384596589,0.5,0.4,1.0,0.15,0.9,0.2,0.9,0.15,0.75,0.85,0.0,0.55,0.95,0.9951494384596589,0.7239605153127258
synth/elongated/amb0.98,301,1,0.0,0.0,elongated,1465,1,0.01470947265625,0.0,0.46689802569743943,0.38837160751455846,0.37189609250233663,0.1497108561159013,0.7797451723413381,15.0,0.1699477760556437,0.9951494384596589,0.5,0.4,1.0,0.15,0.9,0.2,0.9,0.15,0.75,0.85,0.0,0.55,0.95,0.9951494384596589,0.7239605153127258
synth/elongated/amb0.98,302,1,0.0,0.0,elongated,1465,2,0.0028076171875,0.0,0.46689802569743943,0.38837160751455846,0.37189609250233663,0.1497108561159013,0.7797451723413381,15.0,0.1699477760556437,0.9951494384596589,0.5,0.4,1.0,0.15,0.9,0.2,0.9,0.15,0.75,0.85,0.0,0.55,0.95,0.9951494384596589,0.7239605153127258
synth/elongated/amb0.98,303,1,0.0,0.0,elongated,1465,3,0.00360107421875,0.058558558424313865,0.46689802569743943,0.38837160751455846,0.37189609250233663,0.1497108561159013,0.7797451723413381,15.0,0.1699477760556437,0.9951494384596589,0.5,0.4,1.0,0.15,0.9,0.2,0.9,0.15,0.75,0.85,0.0,0.55,0.95,0.9951494384596589,0.7239605153127258
synth/elongated/amb0.90,304,1,0.0,0.0,elongated,1468,0,0.00396728515625,0.0013097577417890232,0.34326303504595707,0.8546779561763793,0.8916206779291258,0.3707937214846279,0.3911753645911438,14.0,0.23108104266819995,0.9077823660464102,0.5,0.4,1.0,0.15,0.9,0.2,0.9,0.15,0.75,0.85,0.0,0.55,0.95,0.9077823660464102,0.5897749471962008
synth/elongated/amb0.90,305,1,0.0,0.0,elongated,1468,1,0.01885986328125,0.0,0.34326303504595707,0.8546779561763793,0.8916206779291258,0.3707937214846279,0.3911753645911438,14.0,0.23108104266819995,0.9077823660464102,0.5,0.4,1.0,0.15,0.9,0.2,0.9,0.15,0.75,0.85,0.0,0.55,0.95,0.9077823660464102,0.5897749471962008
synth/elongated/amb0.90,306,1,0.0,0.0,elongated,1468,2,0.02801513671875,0.0,0.34326303504595707,0.8546779561763793,0.8916206779291258,0.3707937214846279,0.3911753645911438,14.0,0.23108104266819995,0.9077823660464102,0.5,0.4,1.0,0.15,0.9,0.2,0.9,0.15,0.75,0.85,0.0,0.55,0.95,0.9077823660464102,0.5897749471962008
synth/elongated/amb0.90,307,1,0.0,0.0,elongated,1468,3,0.01422119140625,0.0,0.34326303504595707,0.8546779561763793,0.8916206779291258,0.3707937214846279,0.3911753645911438,14.0,0.23108104266819995,0.9077823660464102,0.5,0.4,1.0,0.15,0.9,0.2,0.9,0.15,0.75,0.85,0.0,0.55,0.95,0.9077823660464102,0.5897749471962008
synth/blob/amb0.95,308,1,0.0,0.0,blob,1509,0,0.08544921875,0.14990702271461487,0.4460816192805729,0.36711417554440245,0.539060122078685,0.5714577865848598,0.5139419720855665,10.0,0.4783414391188885,0.9618863203388018,0.5,0.4,1.0,0.15,0.9,0.2,0.9,0.15,0.75,0.85,0.0,0.55,0.95,0.9618863203388018,0.5846984690887376
synth/blob/amb0.95,309,1,0.12429752200841904,0.12429752200841904,blob,1509,1,0.17279052734375,0.05220632875959078,0.4460816192805729,0.36711417554440245,0.539060122078685,0.5714577865848598,0.5139419720855665,10.0,0.4783414391188885,0.9618863203388018,0.5,0.4,1.0,0.15,0.9,0.2,0.9,0.15,0.75,0.85,0.0,0.55,0.95,0.9618863203388018,0.5846984690887376
synth/blob/amb0.95,310,1,0.0,0.0,blob,1509,2,0.0570068359375,0.20251304904619852,0.4460816192805729,0.36711417554440245,0.539060122078685,0.5714577865848598,0.5139419720855665,10.0,0.4783414391188885,0.9618863203388018,0.5,0.4,1.0,0.15,0.9,0.2,0.9,0.15,0.75,0.85,0.0,0.55,0.95,0.9618863203388018,0.5846984690887376
synth/blob/amb0.95,311,1,0.0,0.0,blob,1509,3,0.05810546875,0.0,0.4460816192805729,0.36711417554440245,0.539060122078685,0.5714577865848598,0.5139419720855665,10.0,0.4783414391188885,0.9618863203388018,0.5,0.4,1.0,0.15,0.9,0.2,0.9,0.15,0.75,0.85,0.0,0.55,0.95,0.9618863203388018,0.5846984690887376
synth/scattered/amb0.93,312,1,0.0,0.0,scattered,1525,0,0.00543212890625,0.0,0.6256575797558777,0.5804546277756328,0.6587912859458823,0.18229447378664254,0.5457050211706037,17.0,0.9703869128193242,0.9303160189426595,0.5,0.4,1.0,0.15,0.9,0.2,0.9,0.15,0.75,0.85,0.0,0.55,0.95,1.0,0.9521354947884004
synth/scattered/amb0.93,313,1,0.0,0.0,scattered,1525,1,0.01104736328125,0.06499999761581421,0.6256575797558777,0.5804546277756328,0.6587912859458823,0.18229447378664254,0.5457050211706037,17.0,0.9703869128193242,0.9303160189426595,0.5,0.4,1.0,0.15,0.9,0.2,0.9,0.15,0.75,0.85,0.0,0.55,0.95,1.0,0.9521354947884004
synth/scattered/amb0.93,314,1,0.5110732316970825,0.5110732316970825,scattered,1525,2,0.01708984375,0.0,0.6256575797558777,0.5804546277756328,0.6587912859458823,0.18229447378664254,0.5457050211706037,17.0,0.9703869128193242,0.9303160189426595,0.5,0.4,1.0,0.15,0.9,0.2,0.9,0.15,0.75,0.85,0.0,0.55,0.95,1.0,0.9521354947884004
synth/scattered/amb0.93,315,1,0.006451612804085016,0.006451612804085016,scattered,1525,3,0.00750732421875,0.03550295780102412,0.6256575797558777,0.5804546277756328,0.6587912859458823,0.18229447378664254,0.5457050211706037,17.0,0.9703869128193242,0.9303160189426595,0.5,0.4,1.0,0.15,0.9,0.2,0.9,0.15,0.75,0.85,0.0,0.55,0.95,1.0,0.9521354947884004
synth/blob/amb0.86,316,1,0.04172099009156227,0.04172099009156227,blob,1540,0,0.03363037109375,0.0,0.5233063209433402,0.4573127193691687,0.42530508050635185,0.3183559328721691,0.5713757235713733,7.0,0.27987531190794035,0.863776723614837,0.5,0.4,1.0,0.15,0.9,0.2,0.9,0.15,0.75,0.85,0.0,0.55,0.95,0.863776723614837,0.6497515491011732
synth/blob/amb0.86,317,1,0.30612245202064514,0.30612245202064514,blob,1540,1,0.01239013671875,0.13832199573516846,0.5233063209433402,0.4573127193691687,0.42530508050635185,0.3183559328721691,0.5713757235713733,7.0,0.27987531190794035,0.863776723614837,0.5,0.4,1.0,0.15,0.9,0.2,0.9,0.15,0.75,0.85,0.0,0.55,0.95,0.863776723614837,0.6497515491011732
synth/blob/amb0.86,318,1,0.0,0.0,blob,1540,2,0.00543212890625,0.0,0.5233063209433402,0.4573127193691687,0.42530508050635185,0.3183559328721691,0.5713757235713733,7.0,0.27987531190794035,0.863776723614837,0.5,0.4,1.0,0.15,0.9,0.2,0.9,0.15,0.75,0.85,0.0,0.55,0.95,0.863776723614837,0.6497515491011732
synth/blob/amb0.86,319,1,0.07973422110080719,0.07973422110080719,blob,1540,3,0.006103515625,0.0,0.5233063209433402,0.4573127193691687,0.42530508050635185,0.3183559328721691,0.5713757235713733,7.0,0.27987531190794035,0.863776723614837,0.5,0.4,1.0,0.15,0.9,0.2,0.9,0.15,0.75,0.85,0.0,0.55,0.95,0.863776723614837,0.6497515491011732
synth/annular/amb0.95,320,1,0.3708609342575073,0.3708609342575073,annular,1546,0,0.02880859375,0.05194805065790812,0.4373444024193211,0.5408848972543062,0.7176519221348718,0.5269491125857211,0.7486599121695744,21.0,0.008139646272769197,0.9443846986350124,0.5,0.4,1.0,0.15,0.9,0.2,0.9,0.15,0.75,0.85,0.0,0.55,0.95,0.9443846986350124,0.6679912225641504
synth/annular/amb0.95,321,1,0.0,0.0,annular,1546,1,0.073974609375,0.04730189715822538,0.4373444024193211,0.5408848972543062,0.7176519221348718,0.5269491125857211,0.7486599121695744,21.0,0.008139646272769197,0.9443846986350124,0.5,0.4,1.0,0.15,0.9,0.2,0.9,0.15,0.75,0.85,0.0,0.55,0.95,0.9443846986350124,0.6679912225641504
synth/annular/amb0.95,322,1,0.0,0.0,annular,1546,2,0.0128173828125,0.0,0.4373444024193211,0.5408848972543062,0.7176519221348718,0.5269491125857211,0.7486599121695744,21.0,0.008139646272769197,0.9443846986350124,0.5,0.4,1.0,0.15,0.9,0.2,0.9,0.15,0.75,0.85,0.0,0.55,0.95,0.9443846986350124,0.6679912225641504
synth/annular/amb0.95,323,1,0.0,0.0,annular,1546,3,0.00726318359375,0.0,0.4373444024193211,0.5408848972543062,0.7176519221348718,0.5269491125857211,0.7486599121695744,21.0,0.008139646272769197,0.9443846986350124,0.5,0.4,1.0,0.15,0.9,0.2,0.9,0.15,0.75,0.85,0.0,0.55,0.95,0.9443846986350124,0.6679912225641504
synth/blob/amb0.86,324,1,0.0,0.0,blob,1555,0,0.0081787109375,0.0,0.6145353535831237,0.8827511400638919,0.8316841348594848,0.524901357447327,0.7475215509651256,15.0,0.052273254075770326,0.876686069174992,0.5,0.4,1.0,0.15,0.9,0.2,0.9,0.15,0.75,0.85,0.0,0.55,0.95,0.876686069174992,0.6681810215142165
synth/blob/amb0.86,325,1,0.0,0.0,blob,1555,1,0.04620361328125,0.012300122529268265,0.6145353535831237,0.8827511400638919,0.8316841348594848,0.524901357447327,0.7475215509651256,15.0,0.052273254075770326,0.876686069174992,0.5,0.4,1.0,0.15,0.9,0.2,0.9,0.15,0.75,0.85,0.0,0.55,0.95,0.876686069174992,0.6681810215142165
synth/blob/amb0.86,326,1,0.004581901710480452,0.004581901710480452,blob,1555,2,0.0196533203125,0.0,0.6145353535831237,0.8827511400638919,0.8316841348594848,0.524901357447327,0.7475215509651256,15.0,0.052273254075770326,0.876686069174992,0.5,0.4,1.0,0.15,0.9,0.2,0.9,0.15,0.75,0.85,0.0,0.55,0.95,0.876686069174992,0.6681810215142165
synth/blob/amb0.86,327,1,0.030560271814465523,0.030560271814465523,blob,1555,3,0.05352783203125,0.0,0.6145353535831237,0.8827511400638919,0.8316841348594848,0.524901357447327,0.7475215509651256,15.0,0.052273254075770326,0.876686069174992,0.5,0.4,1.0,0.15,0.9,0.2,0.9,0.15,0.75,0.85,0.0,0.55,0.95,0.876686069174992,0.6681810215142165
synth/annular/amb0.93,328,1,0.0,0.0,annular,1563,0,0.00262451171875,0.0,0.8499600157117715,0.6380016863504814,0.7015075944624778,0.25970231220823115,0.5039532441252129,17.0,0.8035432133151863,0.9262512188738314,0.5,0.4,1.0,0.15,0.9,0.2,0.9,0.15,0.75,0.85,0.0,0.55,0.95,0.9262512188738314,0.634652099044008
synth/annular/amb0.93,329,1,0.0,0.0,annular,1563,1,0.02325439453125,0.0,0.8499600157117715,0.6380016863504814,0.7015075944624778,0.25970231220823115,0.5039532441252129,17.0,0.8035432133151863,0.9262512188738314,0.5,0.4,1.0,0.15,0.9,0.2,0.9,0.15,0.75,0.85,0.0,0.55,0.95,0.9262512188738314,0.634652099044008
synth/annular/amb0.93,330,1,0.12295082211494446,0.12295082211494446,annular,1563,2,0.0145263671875,0.11360618968804677,0.8499600157117715,0.6380016863504814,0.7015075944624778,0.25970231220823115,0.5039532441252129,17.0,0.8035432133151863,0.9262512188738314,0.5,0.4,1.0,0.15,0.9,0.2,0.9,0.15,0.75,0.85,0.0,0.55,0.95,0.9262512188738314,0.634652099044008
synth/annular/amb0.93,331,1,0.0,0.0,annular,1563,3,0.01556396484375,0.0,0.8499600157117715,0.6380016863504814,0.7015075944624778,0.25970231220823115,0.5039532441252129,17.0,0.8035432133151863,0.9262512188738314,0.5,0.4,1.0,0.15,0.9,0.2,0.9,0.15,0.75,0.85,0.0,0.55,0.95,0.9262512188738314,0.634652099044008
synth/elongated/amb0.98,332,1,0.03999999910593033,0.03999999910593033,elongated,1567,0,0.01171875,0.05107526977856954,0.5535403514943824,0.43714727264597325,0.8568951629872241,0.5996350921431333,0.46217773087449443,8.0,0.24552613415888347,0.9715094469581476,0.5,0.4,1.0,0.15,0.9,0.2,0.9,0.15,0.75,0.85,0.0,0.55,0.95,0.9715094469581476,0.5595417155115141
synth/elongated/amb0.98,333,1,0.0,0.0,elongated,1567,1,0.0372314453125,0.08148592213789622,0.5535403514943824,0.43714727264597325,0.8568951629872241,0.5996350921431333,0.46217773087449443,8.0,0.24552613415888347,0.9715094469581476,0.5,0.4,1.0,0.15,0.9,0.2,0.9,0.15,0.75,0.85,0.0,0.55,0.95,0.9715094469581476,0.5595417155115141
synth/elongated/amb0.98,334,1,0.0,0.0,elongated,1567,2,0.02642822265625,0.0,0.5535403514943824,0.43714727264597325,0.8568951629872241,0.5996350921431333,0.46217773087449443,8.0,0.24552613415888347,0.9715094469581476,0.5,0.4,1.0,0.15,0.9,0.2,0.9,0.15,0.75,0.85,0.0,0.55,0.95,0.9715094469581476,0.5595417155115141
synth/elongated/amb0.98,335,1,0.2714177370071411,0.2714177370071411,elongated,1567,3,0.0552978515625,0.01989176496863365,0.5535403514943824,0.43714727264597325,0.8568951629872241,0.5996350921431333,0.46217773087449443,8.0,0.24552613415888347,0.9715094469581476,0.5,0.4,1.0,0.15,0.9,0.2,0.9,0.15,0.75,0.85,0.0,0.55,0.95,0.9715094469581476,0.5595417155115141
synth/scattered/amb0.86,336,1,0.0,0.0,scattered,1604,0,0.01593017578125,0.004385964944958687,0.5847349869029224,0.8981739658878791,0.3100257334684293,0.5634295046696257,0.7625985200105567,15.0,0.5699812548691395,0.8587634831944124,0.5,0.4,1.0,0.15,0.9,0.2,0.9,0.15,0.75,0.85,0.0,0.55,0.95,1.0,0.9618174639349553
synth/scattered/amb0.86,337,1,0.0,0.0,scattered,1604,1,0.0283203125,0.0018648019370933373,0.5847349869029224,0.8981739658878791,0.3100257334684293,0.5634295046696257,0.7625985200105567,15.0,0.5699812548691395,0.8587634831944124,0.5,0.4,1.0,0.15,0.9,0.2,0.9,0.15,0.75,0.85,0.0,0.55,0.95,1.0,0.9618174639349553
synth/scattered/amb0.86,338,1,0.010810811072587967,0.010810811072587967,scattered,1604,2,0.0384521484375,0.06283233438928922,0.5847349869029224,0.8981739658878791,0.3100257334684293,0.5634295046696257,0.7625985200105567,15.0,0.5699812548691395,0.8587634831944124,0.5,0.4,1.0,0.15,0.9,0.2,0.9,0.15,0.75,0.85,0.0,0.55,0.95,1.0,0.9618174639349553
synth/scattered/amb0.86,339,1,0.11739130318164825,0.11739130318164825,scattered,1604,3,0.0052490234375,0.0,0.5847349869029224,0.8981739658878791,0.3100257334684293,0.5634295046696257,0.7625985200105567,15.0,0.5699812548691395,0.8587634831944124,0.5,0.4,1.0,0.15,0.9,0.2,0.9,0.15,0.75,0.85,0.0,0.55,0.95,1.0,0.9618174639349553
synth/annular/amb0.98,340,1,0.0,0.0,annular,1658,0,0.008544921875,0.0,0.7143281774734662,0.7057200933424645,0.838622379527493,0.25103815581134437,0.5865375914777167,17.0,0.4083236846257101,0.9849459913647505,0.5,0.4,1.0,0.15,0.9,0.2,0.9,0.15,0.75,0.85,0.0,0.55,0.95,0.9849459913647505,0.6600741157385046
synth/annular/amb0.98,341,1,0.0,0.0,annular,1658,1,0.0084228515625,0.0,0.7143281774734662,0.7057200933424645,0.838622379527493,0.25103815581134437,0.5865375914777167,17.0,0.4083236846257101,0.9849459913647505,0.5,0.4,1.0,0.15,0.9,0.2,0.9,0.15,0.75,0.85,0.0,0.55,0.95,0.9849459913647505,0.6600741157385046
synth/annular/amb0.98,342,1,0.0,0.0,annular,1658,2,0.0084228515625,0.0,0.7143281774734662,0.7057200933424645,0.838622379527493,0.25103815581134437,0.5865375914777167,17.0,0.4083236846257101,0.9849459913647505,0.5,0.4,1.0,0.15,0.9,0.2,0.9,0.15,0.75,0.85,0.0,0.55,0.95,0.9849459913647505,0.6600741157385046
synth/annular/amb0.98,343,1,0.0,0.0,annular,1658,3,0.00982666015625,0.0,0.7143281774734662,0.7057200933424645,0.838622379527493,0.25103815581134437,0.5865375914777167,17.0,0.4083236846257101,0.9849459913647505,0.5,0.4,1.0,0.15,0.9,0.2,0.9,0.15,0.75,0.85,0.0,0.55,0.95,0.9849459913647505,0.6600741157385046
synth/annular/amb0.98,344,1,0.0,0.0,annular,1661,0,0.0013427734375,0.01926782230536143,0.8125517558608144,0.8371666594580351,0.8467074535948254,0.14489133338811544,0.5741215798455915,16.0,0.37959173524238354,0.9832766751677771,0.5,0.4,1.0,0.15,0.9,0.2,0.9,0.15,0.75,0.85,0.0,0.55,0.95,0.9832766751677771,0.6624921285208685
synth/annular/amb0.98,345,1,0.0,0.0,annular,1661,1,0.00689697265625,0.0,0.8125517558608144,0.8371666594580351,0.8467074535948254,0.14489133338811544,0.5741215798455915,16.0,0.37959173524238354,0.9832766751677771,0.5,0.4,1.0,0.15,0.9,0.2,0.9,0.15,0.75,0.85,0.0,0.55,0.95,0.9832766751677771,0.6624921285208685
synth/annular/amb0.98,346,1,0.0,0.0,annular,1661,2,0.00384521484375,0.06116207937399546,0.8125517558608144,0.8371666594580351,0.8467074535948254,0.14489133338811544,0.5741215798455915,16.0,0.37959173524238354,0.9832766751677771,0.5,0.4,1.0,0.15,0.9,0.2,0.9,0.15,0.75,0.85,0.0,0.55,0.95,0.9832766751677771,0.6624921285208685
synth/annular/amb0.98,347,1,0.0,0.0,annular,1661,3,0.00531005859375,0.0,0.8125517558608144,0.8371666594580351,0.8467074535948254,0.14489133338811544,0.5741215798455915,16.0,0.37959173524238354,0.9832766751677771,0.5,0.4,1.0,0.15,0.9,0.2,0.9,0.15,0.75,0.85,0.0,0.55,0.95,0.9832766751677771,0.6624921285208685
synth/tubular/amb0.86,348,1,0.25760114192962646,0.25760114192962646,tubular,1685,0,0.100830078125,0.08109988396366437,0.5148074841509731,0.8428141180177671,0.6690873179311965,0.4540978601999336,0.42676061433123286,11.0,0.265232464787188,0.8701479922173185,0.5,0.4,1.0,0.15,0.9,0.2,0.9,0.15,0.75,0.85,0.0,0.55,0.95,0.8701479922173185,1.0
synth/tubular/amb0.86,349,1,0.06242118403315544,0.06242118403315544,tubular,1685,1,0.16070556640625,0.03448244836181402,0.5148074841509731,0.8428141180177671,0.6690873179311965,0.4540978601999336,0.42676061433123286,11.0,0.265232464787188,0.8701479922173185,0.5,0.4,1.0,0.15,0.9,0.2,0.9,0.15,0.75,0.85,0.0,0.55,0.95,0.8701479922173185,1.0
synth/tubular/amb0.86,350,1,0.2706374228000641,0.2706374228000641,tubular,1685,2,0.2498779296875,0.12713060403863588,0.5148074841509731,0.8428141180177671,0.6690873179311965,0.4540978601999336,0.42676061433123286,11.0,0.265232464787188,0.8701479922173185,0.5,0.4,1.0,0.15,0.9,0.2,0.9,0.15,0.75,0.85,0.0,0.55,0.95,0.8701479922173185,1.0
synth/tubular/amb0.86,351,1,0.3194444477558136,0.3194444477558136,tubular,1685,3,0.05828857421875,0.09193801259001096,0.5148074841509731,0.8428141180177671,0.6690873179311965,0.4540978601999336,0.42676061433123286,11.0,0.265232464787188,0.8701479922173185,0.5,0.4,1.0,0.15,0.9,0.2,0.9,0.15,0.75,0.85,0.0,0.55,0.95,0.8701479922173185,1.0
synth/elongated/amb0.90,352,1,0.0,0.0,elongated,1698,0,0.058349609375,0.0,0.7331490624637054,0.5008856981296868,0.31429865502963156,0.44496057932563815,0.33955973134311335,16.0,0.5456075583821733,0.8840222347703053,0.5,0.4,1.0,0.15,0.9,0.2,0.9,0.15,0.75,0.85,0.0,0.55,0.95,0.8840222347703053,0.5630626088849192
synth/elongated/amb0.90,353,1,0.0016963528469204903,0.0016963528469204903,elongated,1698,1,0.134033203125,0.016277423749367397,0.7331490624637054,0.5008856981296868,0.31429865502963156,0.44496057932563815,0.33955973134311335,16.0,0.5456075583821733,0.8840222347703053,0.5,0.4,1.0,0.15,0.9,0.2,0.9,0.15,0.75,0.85,0.0,0.55,0.95,0.8840222347703053,0.5630626088849192
synth/elongated/amb0.90,354,1,0.0,0.0,elongated,1698,2,0.103515625,0.0,0.7331490624637054,0.5008856981296868,0.31429865502963156,0.44496057932563815,0.33955973134311335,16.0,0.5456075583821733,0.8840222347703053,0.5,0.4,1.0,0.15,0.9,0.2,0.9,0.15,0.75,0.85,0.0,0.55,0.95,0.8840222347703053,0.5630626088849192
synth/elongated/amb0.90,355,1,0.0,0.0,elongated,1698,3,0.01837158203125,0.04234704996148745,0.7331490624637054,0.5008856981296868,0.31429865502963156,0.44496057932563815,0.33955973134311335,16.0,0.5456075583821733,0.8840222347703053,0.5,0.4,1.0,0.15,0.9,0.2,0.9,0.15,0.75,0.85,0.0,0.55,0.95,0.8840222347703053,0.5630626088849192
synth/tubular/amb0.86,356,1,0.2289213389158249,0.2289213389158249,tubular,1700,0,0.08416748046875,0.11529049649834633,0.3186264212524295,0.87319892641808,0.4844111669657743,0.1383900619156913,0.5026564324307521,7.0,0.5243240153165838,0.8760805251399061,0.5,0.4,1.0,0.15,0.9,0.2,0.9,0.15,0.75,0.85,0.0,0.55,0.95,0.8760805251399061,1.0
synth/tubular/amb0.86,357,1,0.041763342916965485,0.041763342916965485,tubular,1700,1,0.107666015625,0.0879982424279054,0.3186264212524295,0.87319892641808,0.4844111669657743,0.1383900619156913,0.5026564324307521,7.0,0.5243240153165838,0.8760805251399061,0.5,0.4,1.0,0.15,0.9,0.2,0.9,0.15,0.75,0.85,0.0,0.55,0.95,0.8760805251399061,1.0
synth/tubular/amb0.86,358,1,0.24255140125751495,0.24255140125751495,tubular,1700,2,0.095947265625,0.18307526161273321,0.3186264212524295,0.87319892641808,0.4844111669657743,0.1383900619156913,0.5026564324307521,7.0,0.5243240153165838,0.8760805251399061,0.5,0.4,1.0,0.15,0.9,0.2,0.9,0.15,0.75,0.85,0.0,0.55,0.95,0.8760805251399061,1.0
synth/tubular/amb0.86,359,1,0.025619834661483765,0.025619834661483765,tubular,1700,3,0.1007080078125,0.03774911832685272,0.3186264212524295,0.87319892641808,0.4844111669657743,0.1383900619156913,0.5026564324307521,7.0,0.5243240153165838,0.8760805251399061,0.5,0.4,1.0,0.15,0.9,0.2,0.9,0.15,0.75,0.85,0.0,0.55,0.95,0.8760805251399061,1.0
synth/elongated/amb0.86,360,1,0.6973365545272827,0.6973365545272827,elongated,1728,0,0.0396728515625,0.07230951388676961,0.3618993455160723,0.4445796339996637,0.6330584662722052,0.4504128540005597,0.5242601845302756,8.0,0.9527058569099937,0.8525946762958677,0.5,0.4,1.0,0.15,0.9,0.2,0.9,0.15,0.75,0.85,0.0,0.55,0.95,0.8525946762958677,0.6174860604523693
synth/elongated/amb0.86,361,1,0.0,0.0,elongated,1728,1,0.0093994140625,0.0,0.3618993455160723,0.4445796339996637,0.6330584662722052,0.4504128540005597,0.5242601845302756,8.0,0.9527058569099937,0.8525946762958677,0.5,0.4,1.0,0.15,0.9,0.2,0.9,0.15,0.75,0.85,0.0,0.55,0.95,0.8525946762958677,0.6174860604523693
synth/elongated/amb0.86,362,1,0.160530686378479,0.160530686378479,elongated,1728,2,0.15533447265625,0.13965208331743875,0.3618993455160723,0.4445796339996637,0.6330584662722052,0.4504128540005597,0.5242601845302756,8.0,0.9527058569099937,0.8525946762958677,0.5,0.4,1.0,0.15,0.9,0.2,0.9,0.15,0.75,0.85,0.0,0.55,0.95,0.8525946762958677,0.6174860604523693
synth/elongated/amb0.86,363,1,0.0,0.0,elongated,1728,3,0.00616455078125,0.027894002695878346,0.3618993455160723,0.4445796339996637,0.6330584662722052,0.4504128540005597,0.5242601845302756,8.0,0.9527058569099937,0.8525946762958677,0.5,0.4,1.0,0.15,0.9,0.2,0.9,0.15,0.75,0.85,0.0,0.55,0.95,0.8525946762958677,0.6174860604523693
synth/annular/amb0.86,364,1,0.0,0.0,annular,1786,0,0.005126953125,0.08775270481904347,0.308998787563556,0.6247851846423891,0.6136952961258774,0.4963554300356324,0.3029159093611391,16.0,0.04611678552652432,0.866748575368351,0.5,0.4,1.0,0.15,0.9,0.2,0.9,0.15,0.75,0.85,0.0,0.55,0.95,0.866748575368351,0.541706962837409
synth/annular/amb0.86,365,1,0.0,0.0,annular,1786,1,0.02850341796875,0.015214384843905767,0.308998787563556,0.6247851846423891,0.6136952961258774,0.4963554300356324,0.3029159093611391,16.0,0.04611678552652432,0.866748575368351,0.5,0.4,1.0,0.15,0.9,0.2,0.9,0.15,0.75,0.85,0.0,0.55,0.95,0.866748575368351,0.541706962837409
synth/annular/amb0.86,366,1,0.1313779354095459,0.1313779354095459,annular,1786,2,0.185791015625,0.048263683915138245,0.308998787563556,0.6247851846423891,0.6136952961258774,0.4963554300356324,0.3029159093611391,16.0,0.04611678552652432,0.866748575368351,0.5,0.4,1.0,0.15,0.9,0.2,0.9,0.15,0.75,0.85,0.0,0.55,0.95,0.866748575368351,0.541706962837409
synth/annular/amb0.86,367,1,0.0,0.0,annular,1786,3,0.01361083984375,0.0,0.308998787563556,0.6247851846423891,0.6136952961258774,0.4963554300356324,0.3029159093611391,16.0,0.04611678552652432,0.866748575368351,0.5,0.4,1.0,0.15,0.9,0.2,0.9,0.15,0.75,0.85,0.0,0.55,0.95,0.866748575368351,0.541706962837409
synth/elongated/amb0.86,368,1,0.0,0.0,elongated,1791,0,0.00616455078125,0.0,0.7148372331419446,0.7525354567785301,0.6752653572686345,0.12748151359639937,0.43723781498092135,10.0,0.8310401766688342,0.8728245548642087,0.5,0.4,1.0,0.15,0.9,0.2,0.9,0.15,0.75,0.85,0.0,0.55,0.95,0.8728245548642087,0.6221777556027398
synth/elongated/amb0.86,369,1,0.0,0.0,elongated,1791,1,0.001953125,0.0,0.7148372331419446,0.7525354567785301,0.6752653572686345,0.12748151359639937,0.43723781498092135,10.0,0.8310401766688342,0.8728245548642087,0.5,0.4,1.0,0.15,0.9,0.2,0.9,0.15,0.75,0.85,0.0,0.55,0.95,0.8728245548642087,0.6221777556027398
synth/elongated/amb0.86,370,1,0.3636363744735718,0.3636363744735718,elongated,1791,2,0.00439453125,0.09498347838719685,0.7148372331419446,0.7525354567785301,0.6752653572686345,0.12748151359639937,0.43723781498092135,10.0,0.8310401766688342,0.8728245548642087,0.5,0.4,1.0,0.15,0.9,0.2,0.9,0.15,0.75,0.85,0.0,0.55,0.95,0.8728245548642087,0.6221777556027398
synth/elongated/amb0.86,371,1,0.0,0.0,elongated,1791,3,0.0194091796875,0.0,0.7148372331419446,0.7525354567785301,0.6752653572686345,0.12748151359639937,0.43723781498092135,10.0,0.8310401766688342,0.8728245548642087,0.5,0.4,1.0,0.15,0.9,0.2,0.9,0.15,0.75,0.85,0.0,0.55,0.95,0.8728245548642087,0.6221777556027398
synth/tubular/amb0.86,372,1,0.33038148283958435,0.33038148283958435,tubular,1799,0,0.11822509765625,0.18121305108070374,0.8320431046327832,0.3130210703980229,0.5893599362224553,0.29287270598116605,0.629296327268478,11.0,0.7067203143942357,0.8760505124219828,0.5,0.4,1.0,0.15,0.9,0.2,0.9,0.15,0.75,0.85,0.0,0.55,0.95,0.8760505124219828,1.0
synth/tubular/amb0.86,373,1,0.0,0.0,tubular,1799,1,0.24188232421875,0.03495911198357741,0.8320431046327832,0.3130210703980229,0.5893599362224553,0.29287270598116605,0.629296327268478,11.0,0.7067203143942357,0.8760505124219828,0.5,0.4,1.0,0.15,0.9,0.2,0.9,0.15,0.75,0.85,0.0,0.55,0.95,0.8760505124219828,1.0
synth/tubular/amb0.86,374,1,0.06086956337094307,0.06086956337094307,tubular,1799,2,0.074951171875,0.057543120036522545,0.8320431046327832,0.3130210703980229,0.5893599362224553,0.29287270598116605,0.629296327268478,11.0,0.7067203143942357,0.8760505124219828,0.5,0.4,1.0,0.15,0.9,0.2,0.9,0.15,0.75,0.85,0.0,0.55,0.95,0.8760505124219828,1.0
synth/tubular/amb0.86,375,1,0.09804333746433258,0.09804333746433258,tubular,1799,3,0.1551513671875,0.11985783682515223,0.8320431046327832,0.3130210703980229,0.5893599362224553,0.29287270598116605,0.629296327268478,11.0,0.7067203143942357,0.8760505124219828,0.5,0.4,1.0,0.15,0.9,0.2,0.9,0.15,0.75,0.85,0.0,0.55,0.95,0.8760505124219828,1.0
synth/scattered/amb0.86,376,1,0.0,0.0,scattered,1803,0,0.0133056640625,0.0,0.7906364220380613,0.29260126988750673,0.4407234336980997,0.3126143175751472,0.8768342568221363,13.0,0.8389247580924317,0.8528617190846999,0.5,0.4,1.0,0.15,0.9,0.2,0.9,0.15,0.75,0.85,0.0,0.55,0.95,1.0,1.0
synth/scattered/amb0.86,377,1,0.011299435049295425,0.011299435049295425,scattered,1803,1,0.00335693359375,0.0,0.7906364220380613,0.29260126988750673,0.4407234336980997,0.3126143175751472,0.8768342568221363,13.0,0.8389247580924317,0.8528617190846999,0.5,0.4,1.0,0.15,0.9,0.2,0.9,0.15,0.75,0.85,0.0,0.55,0.95,1.0,1.0
synth/scattered/amb0.86,378,1,0.0,0.0,scattered,1803,2,0.01251220703125,0.0,0.7906364220380613,0.29260126988750673,0.4407234336980997,0.3126143175751472,0.8768342568221363,13.0,0.8389247580924317,0.8528617190846999,0.5,0.4,1.0,0.15,0.9,0.2,0.9,0.15,0.75,0.85,0.0,0.55,0.95,1.0,1.0
synth/scattered/amb0.86,379,1,0.0,0.0,scattered,1803,3,0.00177001953125,0.0,0.7906364220380613,0.29260126988750673,0.4407234336980997,0.3126143175751472,0.8768342568221363,13.0,0.8389247580924317,0.8528617190846999,0.5,0.4,1.0,0.15,0.9,0.2,0.9,0.15,0.75,0.85,0.0,0.55,0.95,1.0,1.0
synth/elongated/amb0.86,380,1,0.0,0.0,elongated,1835,0,0.06671142578125,0.00034346555670102436,0.7262326665822846,0.6182950243270202,0.5122920123637307,0.4348693571948478,0.747855359764712,20.0,0.8229063666752255,0.852202001154403,0.5,0.4,1.0,0.15,0.9,0.2,0.9,0.15,0.75,0.85,0.0,0.55,0.95,0.852202001154403,0.6873133889687447
synth/elongated/amb0.86,381,1,0.05797101557254791,0.05797101557254791,elongated,1835,1,0.065185546875,0.012777855115321776,0.7262326665822846,0.6182950243270202,0.5122920123637307,0.4348693571948478,0.747855359764712,20.0,0.8229063666752255,0.852202001154403,0.5,0.4,1.0,0.15,0.9,0.2,0.9,0.15,0.75,0.85,0.0,0.55,0.95,0.852202001154403,0.6873133889687447
synth/elongated/amb0.86,382,1,0.02466367743909359,0.02466367743909359,elongated,1835,2,0.04608154296875,0.0,0.7262326665822846,0.6182950243270202,0.5122920123637307,0.4348693571948478,0.747855359764712,20.0,0.8229063666752255,0.852202001154403,0.5,0.4,1.0,0.15,0.9,0.2,0.9,0.15,0.75,0.85,0.0,0.55,0.95,0.852202001154403,0.6873133889687447
synth/elongated/amb0.86,383,1,0.0,0.0,elongated,1835,3,0.0042724609375,0.039720880488554634,0.7262326665822846,0.6182950243270202,0.5122920123637307,0.4348693571948478,0.747855359764712,20.0,0.8229063666752255,0.852202001154403,0.5,0.4,1.0,0.15,0.9,0.2,0.9,0.15,0.75,0.85,0.0,0.55,0.95,0.852202001154403,0.6873133889687447
synth/blob/amb0.86,384,1,0.0,0.0,blob,1854,0,0.0030517578125,0.0,0.6686945829661697,0.23430662514593836,0.8911490352485567,0.3935064671949097,0.9841443594936703,20.0,0.9508184898075693,0.8663692003267845,0.5,0.4,1.0,0.15,0.9,0.2,0.9,0.15,0.75,0.85,0.0,0.55,0.95,0.8663692003267845,0.7646248763809903
synth/blob/amb0.86,385,1,0.46373364329338074,0.46373364329338074,blob,1854,1,0.03277587890625,0.0683072356817623,0.6686945829661697,0.23430662514593836,0.8911490352485567,0.3935064671949097,0.9841443594936703,20.0,0.9508184898075693,0.8663692003267845,0.5,0.4,1.0,0.15,0.9,0.2,0.9,0.15,0.75,0.85,0.0,0.55,0.95,0.8663692003267845,0.7646248763809903
synth/blob/amb0.86,386,1,0.0,0.0,blob,1854,2,0.07666015625,0.0,0.6686945829661697,0.23430662514593836,0.8911490352485567,0.3935064671949097,0.9841443594936703,20.0,0.9508184898075693,0.8663692003267845,0.5,0.4,1.0,0.15,0.9,0.2,0.9,0.15,0.75,0.85,0.0,0.55,0.95,0.8663692003267845,0.7646248763809903
synth/blob/amb0.86,387,1,0.0,0.0,blob,1854,3,0.0050048828125,0.03870967775583267,0.6686945829661697,0.23430662514593836,0.8911490352485567,0.3935064671949097,0.9841443594936703,20.0,0.9508184898075693,0.8663692003267845,0.5,0.4,1.0,0.15,0.9,0.2,0.9,0.15,0.75,0.85,0.0,0.55,0.95,0.8663692003267845,0.7646248763809903
synth/annular/amb0.95,388,1,0.0,0.0,annular,1858,0,0.00091552734375,0.0,0.40167209312341917,0.3519408581702997,0.8962248200766934,0.17359876542667463,0.5615280700504256,18.0,0.3283455018083363,0.9545779279566269,0.5,0.4,1.0,0.15,0.9,0.2,0.9,0.15,0.75,0.85,0.0,0.55,0.95,0.9545779279566269,0.6573368142538903
synth/annular/amb0.95,389,1,0.0,0.0,annular,1858,1,0.00640869140625,0.0,0.40167209312341917,0.3519408581702997,0.8962248200766934,0.17359876542667463,0.5615280700504256,18.0,0.3283455018083363,0.9545779279566269,0.5,0.4,1.0,0.15,0.9,0.2,0.9,0.15,0.75,0.85,0.0,0.55,0.95,0.9545779279566269,0.6573368142538903
synth/annular/amb0.95,390,1,0.2600536048412323,0.2600536048412323,annular,1858,2,0.0228271484375,0.0,0.40167209312341917,0.3519408581702997,0.8962248200766934,0.17359876542667463,0.5615280700504256,18.0,0.3283455018083363,0.9545779279566269,0.5,0.4,1.0,0.15,0.9,0.2,0.9,0.15,0.75,0.85,0.0,0.55,0.95,0.9545779279566269,0.6573368142538903
synth/annular/amb0.95,391,1,0.0,0.0,annular,1858,3,0.0020751953125,0.0,0.40167209312341917,0.3519408581702997,0.8962248200766934,0.17359876542667463,0.5615280700504256,18.0,0.3283455018083363,0.9545779279566269,0.5,0.4,1.0,0.15,0.9,0.2,0.9,0.15,0.75,0.85,0.0,0.55,0.95,0.9545779279566269,0.6573368142538903
synth/tubular/amb0.95,392,1,0.16842900216579437,0.16842900216579437,tubular,1880,0,0.10455322265625,0.10336387529969215,0.8226191167869903,0.4453958369043357,0.7665768608934543,0.16368083832697705,0.9256234194064374,10.0,0.7053354058488064,0.9674954508100362,0.5,0.4,1.0,0.15,0.9,0.2,0.9,0.15,0.75,0.85,0.0,0.55,0.95,0.9674954508100362,1.0
synth/tubular/amb0.95,393,1,0.0,0.0,tubular,1880,1,0.04644775390625,0.03958307392895222,0.8226191167869903,0.4453958369043357,0.7665768608934543,0.16368083832697705,0.9256234194064374,10.0,0.7053354058488064,0.9674954508100362,0.5,0.4,1.0,0.15,0.9,0.2,0.9,0.15,0.75,0.85,0.0,0.55,0.95,0.9674954508100362,1.0
synth/tubular/amb0.95,394,1,0.14917732775211334,0.14917732775211334,tubular,1880,2,0.10748291015625,0.08161446382291615,0.8226191167869903,0.4453958369043357,0.7665768608934543,0.16368083832697705,0.9256234194064374,10.0,0.7053354058488064,0.9674954508100362,0.5,0.4,1.0,0.15,0.9,0.2,0.9,0.15,0.75,0.85,0.0,0.55,0.95,0.9674954508100362,1.0
synth/tubular/amb0.95,395,1,0.12117502838373184,0.12117502838373184,tubular,1880,3,0.05926513671875,0.05165373254567385,0.8226191167869903,0.4453958369043357,0.7665768608934543,0.16368083832697705,0.9256234194064374,10.0,0.7053354058488064,0.9674954508100362,0.5,0.4,1.0,0.15,0.9,0.2,0.9,0.15,0.75,0.85,0.0,0.55,0.95,0.9674954508100362,1.0
synth/annular/amb0.93,396,1,0.0,0.0,annular,1886,0,0.006103515625,0.0,0.5185016409043193,0.642499830558201,0.5662030502483826,0.20990755654286442,0.7227118009276254,23.0,0.929860636714086,0.930881349451586,0.5,0.4,1.0,0.15,0.9,0.2,0.9,0.15,0.75,0.85,0.0,0.55,0.95,0.930881349451586,0.7036677978874413
synth/annular/amb0.93,397,1,0.0,0.0,annular,1886,1,0.002197265625,0.0,0.5185016409043193,0.642499830558201,0.5662030502483826,0.20990755654286442,0.7227118009276254,23.0,0.929860636714086,0.930881349451586,0.5,0.4,1.0,0.15,0.9,0.2,0.9,0.15,0.75,0.85,0.0,0.55,0.95,0.930881349451586,0.7036677978874413
synth/annular/amb0.93,398,1,0.0,0.0,annular,1886,2,0.00848388671875,0.0,0.5185016409043193,0.642499830558201,0.5662030502483826,0.20990755654286442,0.7227118009276254,23.0,0.929860636714086,0.930881349451586,0.5,0.4,1.0,0.15,0.9,0.2,0.9,0.15,0.75,0.85,0.0,0.55,0.95,0.930881349451586,0.7036677978874413
synth/annular/amb0.93,399,1,0.02266288921236992,0.02266288921236992,annular,1886,3,0.009765625,0.0,0.5185016409043193,0.642499830558201,0.5662030502483826,0.20990755654286442,0.7227118009276254,23.0,0.929860636714086,0.930881349451586,0.5,0.4,1.0,0.15,0.9,0.2,0.9,0.15,0.75,0.85,0.0,0.55,0.95,0.930881349451586,0.7036677978874413
synth/scattered/amb0.90,400,1,0.0,0.0,scattered,1896,0,0.02593994140625,0.004887078578273456,0.3719173137678777,0.7101705930888225,0.7391401981361894,0.40419851036458565,0.9650398846073196,21.0,0.15638728512308275,0.9010802705429921,0.5,0.4,1.0,0.15,0.9,0.2,0.9,0.15,0.75,0.85,0.0,0.55,0.95,1.0,1.0
synth/scattered/amb0.90,401,1,0.35982009768486023,0.35982009768486023,scattered,1896,1,0.0313720703125,0.014805948051313559,0.3719173137678777,0.7101705930888225,0.7391401981361894,0.40419851036458565,0.9650398846073196,21.0,0.15638728512308275,0.9010802705429921,0.5,0.4,1.0,0.15,0.9,0.2,0.9,0.15,0.75,0.85,0.0,0.55,0.95,1.0,1.0
synth/scattered/amb0.90,402,1,0.0,0.0,scattered,1896,2,0.0325927734375,0.047966634233792625,0.3719173137678777,0.7101705930888225,0.7391401981361894,0.40419851036458565,0.9650398846073196,21.0,0.15638728512308275,0.9010802705429921,0.5,0.4,1.0,0.15,0.9,0.2,0.9,0.15,0.75,0.85,0.0,0.55,0.95,1.0,1.0
synth/scattered/amb0.90,403,1,0.23115578293800354,0.23115578293800354,scattered,1896,3,0.01312255859375,0.012734724674373865,0.3719173137678777,0.7101705930888225,0.7391401981361894,0.40419851036458565,0.9650398846073196,21.0,0.15638728512308275,0.9010802705429921,0.5,0.4,1.0,0.15,0.9,0.2,0.9,0.15,0.75,0.85,0.0,0.55,0.95,1.0,1.0
synth/tubular/amb0.86,404,1,0.027624309062957764,0.027624309062957764,tubular,1906,0,0.13873291015625,0.10069116080800693,0.353406847580054,0.4833897241332757,0.8616526422853632,0.4987707520371643,0.6945800549479774,7.0,0.09665654863696838,0.8791282898272547,0.5,0.4,1.0,0.15,0.9,0.2,0.9,0.15,0.75,0.85,0.0,0.55,0.95,0.8791282898272547,1.0
synth/tubular/amb0.86,405,1,0.20959410071372986,0.20959410071372986,tubular,1906,1,0.04144287109375,0.12642758587996164,0.353406847580054,0.4833897241332757,0.8616526422853632,0.4987707520371643,0.6945800549479774,7.0,0.09665654863696838,0.8791282898272547,0.5,0.4,1.0,0.15,0.9,0.2,0.9,0.15,0.75,0.85,0.0,0.55,0.95,0.8791282898272547,1.0
synth/tubular/amb0.86,406,1,0.5099321007728577,0.5099321007728577,tubular,1906,2,0.1444091796875,0.21163940926392874,0.353406847580054,0.4833897241332757,0.8616526422853632,0.4987707520371643,0.6945800549479774,7.0,0.09665654863696838,0.8791282898272547,0.5,0.4,1.0,0.15,0.9,0.2,0.9,0.15,0.75,0.85,0.0,0.55,0.95,0.8791282898272547,1.0
synth/tubular/amb0.86,407,1,0.21283979713916779,0.21283979713916779,tubular,1906,3,0.04541015625,0.0782516747713089,0.353406847580054,0.4833897241332757,0.8616526422853632,0.4987707520371643,0.6945800549479774,7.0,0.09665654863696838,0.8791282898272547,0.5,0.4,1.0,0.15,0.9,0.2,0.9,0.15,0.75,0.85,0.0,0.55,0.95,0.8791282898272547,1.0
synth/annular/amb0.95,408,1,0.4115432798862457,0.4115432798862457,annular,1912,0,0.0697021484375,0.21165149410565695,0.741977323770711,0.6207594145368343,0.47985532303680434,0.2959695583035909,0.780706384284469,8.0,0.60586483006904,0.9556782161471142,0.5,0.4,1.0,0.15,0.9,0.2,0.9,0.15,0.75,0.85,0.0,0.55,0.95,0.9556782161471142,0.7146726098871826
synth/annular/amb0.95,409,1,0.0,0.0,annular,1912,1,0.00225830078125,0.009363296131292978,0.741977323770711,0.6207594145368343,0.47985532303680434,0.2959695583035909,0.780706384284469,8.0,0.60586483006904,0.9556782161471142,0.5,0.4,1.0,0.15,0.9,0.2,0.9,0.15,0.75,0.85,0.0,0.55,0.95,0.9556782161471142,0.7146726098871826
synth/annular/amb0.95,410,1,0.02259887009859085,0.02259887009859085,annular,1912,2,0.0198974609375,0.029935740244885285,0.741977323770711,0.6207594145368343,0.47985532303680434,0.2959695583035909,0.780706384284469,8.0,0.60586483006904,0.9556782161471142,0.5,0.4,1.0,0.15,0.9,0.2,0.9,0.15,0.75,0.85,0.0,0.55,0.95,0.9556782161471142,0.7146726098871826
synth/annular/amb0.95,411,1,0.0,0.0,annular,1912,3,0.05535888671875,0.001205545539657275,0.741977323770711,0.6207594145368343,0.47985532303680434,0.2959695583035909,0.780706384284469,8.0,0.60586483006904,0.9556782161471142,0.5,0.4,1.0,0.15,0.9,0.2,0.9,0.15,0.75,0.85,0.0,0.55,0.95,0.9556782161471142,0.7146726098871826
synth/tubular/amb0.90,412,1,0.19502487778663635,0.19502487778663635,tubular,1943,0,0.0941162109375,0.08923071871201198,0.6506183567036545,0.7683212953464087,0.861546444931899,0.38622552820237366,0.398609751192907,12.0,0.9472738900328643,0.9002150482798605,0.5,0.4,1.0,0.15,0.9,0.2,0.9,0.15,0.75,0.85,0.0,0.55,0.95,0.9002150482798605,1.0
synth/tubular/amb0.90,413,1,0.3411028981208801,0.3411028981208801,tubular,1943,1,0.14398193359375,0.07918614870868623,0.6506183567036545,0.7683212953464087,0.861546444931899,0.38622552820237366,0.398609751192907,12.0,0.9472738900328643,0.9002150482798605,0.5,0.4,1.0,0.15,0.9,0.2,0.9,0.15,0.75,0.85,0.0,0.55,0.95,0.9002150482798605,1.0
synth/tubular/amb0.90,414,1,0.2929548919200897,0.2929548919200897,tubular,1943,2,0.0914306640625,0.1354727248350779,0.6506183567036545,0.7683212953464087,0.861546444931899,0.38622552820237366,0.398609751192907,12.0,0.9472738900328643,0.9002150482798605,0.5,0.4,1.0,0.15,0.9,0.2,0.9,0.15,0.75,0.85,0.0,0.55,0.95,0.9002150482798605,1.0
synth/tubular/amb0.90,415,1,0.13486237823963165,0.13486237823963165,tubular,1943,3,0.11114501953125,0.09247562242671847,0.6506183567036545,0.7683212953464087,0.861546444931899,0.38622552820237366,0.398609751192907,12.0,0.9472738900328643,0.9002150482798605,0.5,0.4,1.0,0.15,0.9,0.2,0.9,0.15,0.75,0.85,0.0,0.55,0.95,0.9002150482798605,1.0
synth/tubular/amb0.93,416,1,0.2640480101108551,0.2640480101108551,tubular,1954,0,0.16448974609375,0.26091768095890683,0.7517383044854636,0.7933186978018645,0.3401599099628617,0.24609102365745955,0.3589003047481174,19.0,0.9690581113621429,0.931411109000187,0.5,0.4,1.0,0.15,0.9,0.2,0.9,0.15,0.75,0.85,0.0,0.55,0.95,0.931411109000187,1.0
synth/tubular/amb0.93,417,1,0.0,0.0,tubular,1954,1,0.0703125,0.07568007645507653,0.7517383044854636,0.7933186978018645,0.3401599099628617,0.24609102365745955,0.3589003047481174,19.0,0.9690581113621429,0.931411109000187,0.5,0.4,1.0,0.15,0.9,0.2,0.9,0.15,0.75,0.85,0.0,0.55,0.95,0.931411109000187,1.0
synth/tubular/amb0.93,418,1,0.041273586452007294,0.041273586452007294,tubular,1954,2,0.07537841796875,0.1368987075984478,0.7517383044854636,0.7933186978018645,0.3401599099628617,0.24609102365745955,0.3589003047481174,19.0,0.9690581113621429,0.931411109000187,0.5,0.4,1.0,0.15,0.9,0.2,0.9,0.15,0.75,0.85,0.0,0.55,0.95,0.931411109000187,1.0
synth/tubular/amb0.93,419,1,0.003189792623743415,0.003189792623743415,tubular,1954,3,0.01251220703125,0.01115066014851133,0.7517383044854636,0.7933186978018645,0.3401599099628617,0.24609102365745955,0.3589003047481174,19.0,0.9690581113621429,0.931411109000187,0.5,0.4,1.0,0.15,0.9,0.2,0.9,0.15,0.75,0.85,0.0,0.55,0.95,0.931411109000187,1.0
synth/elongated/amb0.86,420,1,0.0,0.0,elongated,1956,0,0.00164794921875,0.0,0.8115482376656273,0.6099649122695907,0.4074543061589498,0.12531156717091124,0.3776724331083281,10.0,0.8503211698353819,0.8686762032777302,0.5,0.4,1.0,0.15,0.9,0.2,0.9,0.15,0.75,0.85,0.0,0.55,0.95,0.8686762032777302,0.6043975661725798
synth/elongated/amb0.86,421,1,0.0,0.0,elongated,1956,1,0.00048828125,0.0,0.8115482376656273,0.6099649122695907,0.4074543061589498,0.12531156717091124,0.3776724331083281,10.0,0.8503211698353819,0.8686762032777302,0.5,0.4,1.0,0.15,0.9,0.2,0.9,0.15,0.75,0.85,0.0,0.55,0.95,0.8686762032777302,0.6043975661725798
synth/elongated/amb0.86,422,1,0.0,0.0,elongated,1956,2,0.00146484375,0.0,0.8115482376656273,0.6099649122695907,0.4074543061589498,0.12531156717091124,0.3776724331083281,10.0,0.8503211698353819,0.8686762032777302,0.5,0.4,1.0,0.15,0.9,0.2,0.9,0.15,0.75,0.85,0.0,0.55,0.95,0.8686762032777302,0.6043975661725798
synth/elongated/amb0.86,423,1,0.0,0.0,elongated,1956,3,0.00543212890625,0.0,0.8115482376656273,0.6099649122695907,0.4074543061589498,0.12531156717091124,0.3776724331083281,10.0,0.8503211698353819,0.8686762032777302,0.5,0.4,1.0,0.15,0.9,0.2,0.9,0.15,0.75,0.85,0.0,0.55,0.95,0.8686762032777302,0.6043975661725798
synth/tubular/amb0.98,424,1,0.0,0.0,tubular,1967,0,0.0125732421875,0.03172271295140187,0.783689559044731,0.249811118862727,0.541412120028233,0.4360624710990103,0.8829413080641799,14.0,0.44426119680831,0.9745383576082003,0.5,0.4,1.0,0.15,0.9,0.2,0.9,0.15,0.75,0.85,0.0,0.55,0.95,0.9745383576082003,1.0
synth/tubular/amb0.98,425,1,0.01702127605676651,0.01702127605676651,tubular,1967,1,0.0093994140625,0.022808927421768505,0.783689559044731,0.249811118862727,0.541412120028233,0.4360624710990103,0.8829413080641799,14.0,0.44426119680831,0.9745383576082003,0.5,0.4,1.0,0.15,0.9,0.2,0.9,0.15,0.75,0.85,0.0,0.55,0.95,0.9745383576082003,1.0
synth/tubular/amb0.98,426,1,0.02750491164624691,0.02750491164624691,tubular,1967,2,0.04278564453125,0.011658060364425182,0.783689559044731,0.249811118862727,0.541412120028233,0.4360624710990103,0.8829413080641799,14.0,0.44426119680831,0.9745383576082003,0.5,0.4,1.0,0.15,0.9,0.2,0.9,0.15,0.75,0.85,0.0,0.55,0.95,0.9745383576082003,1.0
synth/tubular/amb0.98,427,1,0.0,0.0,tubular,1967,3,0.0225830078125,0.007978756291170916,0.783689559044731,0.249811118862727,0.541412120028233,0.4360624710990103,0.8829413080641799,14.0,0.44426119680831,0.9745383576082003,0.5,0.4,1.0,0.15,0.9,0.2,0.9,0.15,0.75,0.85,0.0,0.55,0.95,0.9745383576082003,1.0
synth/annular/amb0.98,428,1,0.31561997532844543,0.31561997532844543,annular,1979,0,0.12469482421875,0.07416588068008423,0.8777810041926286,0.3595239763991612,0.8210601549072316,0.5950570959469448,0.7712172850518979,19.0,0.36526167349318905,0.9946848639405932,0.5,0.4,1.0,0.15,0.9,0.2,0.9,0.15,0.75,0.85,0.0,0.55,0.95,0.9946848639405932,0.6539039898676302
synth/annular/amb0.98,429,1,0.02454991824924946,0.02454991824924946,annular,1979,1,0.128662109375,0.07203930368026097,0.8777810041926286,0.3595239763991612,0.8210601549072316,0.5950570959469448,0.7712172850518979,19.0,0.36526167349318905,0.9946848639405932,0.5,0.4,1.0,0.15,0.9,0.2,0.9,0.15,0.75,0.85,0.0,0.55,0.95,0.9946848639405932,0.6539039898676302
synth/annular/amb0.98,430,1,0.0,0.0,annular,1979,2,0.02508544921875,0.02030812328060468,0.8777810041926286,0.3595239763991612,0.8210601549072316,0.5950570959469448,0.7712172850518979,19.0,0.36526167349318905,0.9946848639405932,0.5,0.4,1.0,0.15,0.9,0.2,0.9,0.15,0.75,0.85,0.0,0.55,0.95,0.9946848639405932,0.6539039898676302
synth/annular/amb0.98,431,1,0.445061057806015,0.445061057806015,annular,1979,3,0.087158203125,0.11735064718717088,0.8777810041926286,0.3595239763991612,0.8210601549072316,0.5950570959469448,0.7712172850518979,19.0,0.36526167349318905,0.9946848639405932,0.5,0.4,1.0,0.15,0.9,0.2,0.9,0.15,0.75,0.85,0.0,0.55,0.95,0.9946848639405932,0.6539039898676302
synth/tubular/amb0.98,432,1,0.02298850566148758,0.02298850566148758,tubular,2019,0,0.1512451171875,0.11856761326392491,0.3773500936128478,0.7171918712138623,0.5240465747318113,0.44095704938204006,0.304005321194167,15.0,0.049057419386601464,0.9709648186367523,0.5,0.4,1.0,0.15,0.9,0.2,0.9,0.15,0.75,0.85,0.0,0.55,0.95,0.9709648186367523,0.9663102099627969
synth/tubular/amb0.98,433,1,0.0,0.0,tubular,2019,1,0.11834716796875,0.02736480627208948,0.3773500936128478,0.7171918712138623,0.5240465747318113,0.44095704938204006,0.304005321194167,15.0,0.049057419386601464,0.9709648186367523,0.5,0.4,1.0,0.15,0.9,0.2,0.9,0.15,0.75,0.85,0.0,0.55,0.95,0.9709648186367523,0.9663102099627969
synth/tubular/amb0.98,434,1,0.17134928703308105,0.17134928703308105,tubular,2019,2,0.10986328125,0.06836956987778346,0.3773500936128478,0.7171918712138623,0.5240465747318113,0.44095704938204006,0.304005321194167,15.0,0.049057419386601464,0.9709648186367523,0.5,0.4,1.0,0.15,0.9,0.2,0.9,0.15,0.75,0.85,0.0,0.55,0.95,0.9709648186367523,0.9663102099627969
synth/tubular/amb0.98,435,1,0.07066795974969864,0.07066795974969864,tubular,2019,3,0.10369873046875,0.09983652457594872,0.3773500936128478,0.7171918712138623,0.5240465747318113,0.44095704938204006,0.304005321194167,15.0,0.049057419386601464,0.9709648186367523,0.5,0.4,1.0,0.15,0.9,0.2,0.9,0.15,0.75,0.85,0.0,0.55,0.95,0.9709648186367523,0.9663102099627969
synth/blob/amb0.93,436,1,0.0,0.0,blob,2021,0,0.01800537109375,0.0734834826240937,0.8107169190421595,0.5451331426131157,0.6039925959591163,0.5358774196037017,0.3219748172063047,18.0,0.808742010245554,0.9248983226030231,0.5,0.4,1.0,0.15,0.9,0.2,0.9,0.15,0.75,0.85,0.0,0.55,0.95,0.9248983226030231,0.5376097187395203
synth/blob/amb0.93,437,1,0.0,0.0,blob,2021,1,0.12664794921875,0.0,0.8107169190421595,0.5451331426131157,0.6039925959591163,0.5358774196037017,0.3219748172063047,18.0,0.808742010245554,0.9248983226030231,0.5,0.4,1.0,0.15,0.9,0.2,0.9,0.15,0.75,0.85,0.0,0.55,0.95,0.9248983226030231,0.5376097187395203
synth/blob/amb0.93,438,1,0.0,0.0,blob,2021,2,0.03143310546875,0.08678032209475835,0.8107169190421595,0.5451331426131157,0.6039925959591163,0.5358774196037017,0.3219748172063047,18.0,0.808742010245554,0.9248983226030231,0.5,0.4,1.0,0.15,0.9,0.2,0.9,0.15,0.75,0.85,0.0,0.55,0.95,0.9248983226030231,0.5376097187395203
synth/blob/amb0.93,439,1,0.08887200802564621,0.08887200802564621,blob,2021,3,0.1475830078125,0.1789315789937973,0.8107169190421595,0.5451331426131157,0.6039925959591163,0.5358774196037017,0.3219748172063047,18.0,0.808742010245554,0.9248983226030231,0.5,0.4,1.0,0.15,0.9,0.2,0.9,0.15,0.75,0.85,0.0,0.55,0.95,0.9248983226030231,0.5376097187395203
synth/tubular/amb0.86,440,1,0.13591159880161285,0.13591159880161285,tubular,2060,0,0.3203125,0.06532818203171094,0.5931045873017365,0.49631826645030175,0.4002914994216077,0.4261141459439236,0.9538885105681467,12.0,0.7373658213372163,0.8714711097179658,0.5,0.4,1.0,0.15,0.9,0.2,0.9,0.15,0.75,0.85,0.0,0.55,0.95,0.8714711097179658,1.0
synth/tubular/amb0.86,441,1,0.5768784284591675,0.5768784284591675,tubular,2060,1,0.1708984375,0.12830006090613702,0.5931045873017365,0.49631826645030175,0.4002914994216077,0.4261141459439236,0.9538885105681467,12.0,0.7373658213372163,0.8714711097179658,0.5,0.4,1.0,0.15,0.9,0.2,0.9,0.15,0.75,0.85,0.0,0.55,0.95,0.8714711097179658,1.0
synth/tubular/amb0.86,442,1,0.41928571462631226,0.41928571462631226,tubular,2060,2,0.197509765625,0.24166855541989207,0.5931045873017365,0.49631826645030175,0.4002914994216077,0.4261141459439236,0.9538885105681467,12.0,0.7373658213372163,0.8714711097179658,0.5,0.4,1.0,0.15,0.9,0.2,0.9,0.15,0.75,0.85,0.0,0.55,0.95,0.8714711097179658,1.0
synth/tubular/amb0.86,443,1,0.39269405603408813,0.39269405603408813,tubular,2060,3,0.079833984375,0.1736192094782988,0.5931045873017365,0.49631826645030175,0.4002914994216077,0.4261141459439236,0.9538885105681467,12.0,0.7373658213372163,0.8714711097179658,0.5,0.4,1.0,0.15,0.9,0.2,0.9,0.15,0.75,0.85,0.0,0.55,0.95,0.8714711097179658,1.0
synth/annular/amb0.98,444,1,0.0,0.0,annular,2086,0,0.00445556640625,0.0,0.5426319166557836,0.5272169465564989,0.7328028544853278,0.14523319757876774,0.5622518006606432,24.0,0.6205533815809554,0.9970908026529317,0.5,0.4,1.0,0.15,0.9,0.2,0.9,0.15,0.75,0.85,0.0,0.55,0.95,0.9970908026529317,0.6589158417432325
synth/annular/amb0.98,445,1,0.0,0.0,annular,2086,1,0.02044677734375,0.0,0.5426319166557836,0.5272169465564989,0.7328028544853278,0.14523319757876774,0.5622518006606432,24.0,0.6205533815809554,0.9970908026529317,0.5,0.4,1.0,0.15,0.9,0.2,0.9,0.15,0.75,0.85,0.0,0.55,0.95,0.9970908026529317,0.6589158417432325
synth/annular/amb0.98,446,1,0.0,0.0,annular,2086,2,0.0059814453125,0.0,0.5426319166557836,0.5272169465564989,0.7328028544853278,0.14523319757876774,0.5622518006606432,24.0,0.6205533815809554,0.9970908026529317,0.5,0.4,1.0,0.15,0.9,0.2,0.9,0.15,0.75,0.85,0.0,0.55,0.95,0.9970908026529317,0.6589158417432325
synth/annular/amb0.98,447,1,0.0,0.0,annular,2086,3,0.001708984375,0.0,0.5426319166557836,0.5272169465564989,0.7328028544853278,0.14523319757876774,0.5622518006606432,24.0,0.6205533815809554,0.9970908026529317,0.5,0.4,1.0,0.15,0.9,0.2,0.9,0.15,0.75,0.85,0.0,0.55,0.95,0.9970908026529317,0.6589158417432325
synth/scattered/amb0.95,448,1,0.0,0.0,scattered,2112,0,0.007080078125,0.0,0.5237285931571749,0.44915228475409863,0.4328274886369178,0.15537603861490223,0.9900163301795954,16.0,0.895943952562542,0.9688959836437053,0.5,0.4,1.0,0.15,0.9,0.2,0.9,0.15,0.75,0.85,0.0,0.55,0.95,1.0,1.0
synth/scattered/amb0.95,449,1,0.0,0.0,scattered,2112,1,0.00787353515625,0.01457919180393219,0.5237285931571749,0.44915228475409863,0.4328274886369178,0.15537603861490223,0.9900163301795954,16.0,0.895943952562542,0.9688959836437053,0.5,0.4,1.0,0.15,0.9,0.2,0.9,0.15,0.75,0.85,0.0,0.55,0.95,1.0,1.0
synth/scattered/amb0.95,450,1,0.0,0.0,scattered,2112,2,0.00360107421875,0.0,0.5237285931571749,0.44915228475409863,0.4328274886369178,0.15537603861490223,0.9900163301795954,16.0,0.895943952562542,0.9688959836437053,0.5,0.4,1.0,0.15,0.9,0.2,0.9,0.15,0.75,0.85,0.0,0.55,0.95,1.0,1.0
synth/scattered/amb0.95,451,1,0.1340206116437912,0.1340206116437912,scattered,2112,3,0.01104736328125,0.0,0.5237285931571749,0.44915228475409863,0.4328274886369178,0.15537603861490223,0.9900163301795954,16.0,0.895943952562542,0.9688959836437053,0.5,0.4,1.0,0.15,0.9,0.2,0.9,0.15,0.75,0.85,0.0,0.55,0.95,1.0,1.0
synth/elongated/amb0.90,452,1,0.0,0.0,elongated,2118,0,0.0277099609375,0.017301037907600403,0.4562587636213564,0.38832675001686145,0.7798369966233882,0.23007040884140934,0.5384416359753212,22.0,0.9751985681348457,0.8902584860343598,0.5,0.4,1.0,0.15,0.9,0.2,0.9,0.15,0.75,0.85,0.0,0.55,0.95,0.8902584860343598,0.647107656859244
synth/elongated/amb0.90,453,1,0.0,0.0,elongated,2118,1,0.01226806640625,0.0,0.4562587636213564,0.38832675001686145,0.7798369966233882,0.23007040884140934,0.5384416359753212,22.0,0.9751985681348457,0.8902584860343598,0.5,0.4,1.0,0.15,0.9,0.2,0.9,0.15,0.75,0.85,0.0,0.55,0.95,0.8902584860343598,0.647107656859244
synth/elongated/amb0.90,454,1,0.0,0.0,elongated,2118,2,0.0032958984375,0.0,0.4562587636213564,0.38832675001686145,0.7798369966233882,0.23007040884140934,0.5384416359753212,22.0,0.9751985681348457,0.8902584860343598,0.5,0.4,1.0,0.15,0.9,0.2,0.9,0.15,0.75,0.85,0.0,0.55,0.95,0.8902584860343598,0.647107656859244
synth/elongated/amb0.90,455,1,0.3162393271923065,0.3162393271923065,elongated,2118,3,0.007080078125,0.0,0.4562587636213564,0.38832675001686145,0.7798369966233882,0.23007040884140934,0.5384416359753212,22.0,0.9751985681348457,0.8902584860343598,0.5,0.4,1.0,0.15,0.9,0.2,0.9,0.15,0.75,0.85,0.0,0.55,0.95,0.8902584860343598,0.647107656859244
synth/annular/amb0.95,456,1,0.09302325546741486,0.09302325546741486,annular,2119,0,0.01263427734375,0.05341551204522451,0.380066381208748,0.731152361960578,0.3236950002202699,0.5029458435541114,0.32817386394900083,12.0,0.34434368900198997,0.9425008612409136,0.5,0.4,1.0,0.15,0.9,0.2,0.9,0.15,0.75,0.85,0.0,0.55,0.95,0.9425008612409136,0.5477692317785964
synth/annular/amb0.95,457,1,0.1424657553434372,0.1424657553434372,annular,2119,1,0.0068359375,0.0,0.380066381208748,0.731152361960578,0.3236950002202699,0.5029458435541114,0.32817386394900083,12.0,0.34434368900198997,0.9425008612409136,0.5,0.4,1.0,0.15,0.9,0.2,0.9,0.15,0.75,0.85,0.0,0.55,0.95,0.9425008612409136,0.5477692317785964
synth/annular/amb0.95,458,1,0.17293232679367065,0.17293232679367065,annular,2119,2,0.00885009765625,0.0768386721611023,0.380066381208748,0.731152361960578,0.3236950002202699,0.5029458435541114,0.32817386394900083,12.0,0.34434368900198997,0.9425008612409136,0.5,0.4,1.0,0.15,0.9,0.2,0.9,0.15,0.75,0.85,0.0,0.55,0.95,0.9425008612409136,0.5477692317785964
synth/annular/amb0.95,459,1,0.0,0.0,annular,2119,3,0.00634765625,0.0,0.380066381208748,0.731152361960578,0.3236950002202699,0.5029458435541114,0.32817386394900083,12.0,0.34434368900198997,0.9425008612409136,0.5,0.4,1.0,0.15,0.9,0.2,0.9,0.15,0.75,0.85,0.0,0.55,0.95,0.9425008612409136,0.5477692317785964
synth/tubular/amb0.95,460,1,0.02505592815577984,0.02505592815577984,tubular,2167,0,0.11285400390625,0.07739105510214965,0.4223483982620852,0.2458909657612029,0.7166129767269409,0.23438499798058493,0.5014677612822226,9.0,0.838881033548315,0.9665002758136386,0.5,0.4,1.0,0.15,0.9,0.2,0.9,0.15,0.75,0.85,0.0,0.55,0.95,0.9665002758136386,1.0
synth/tubular/amb0.95,461,1,0.0,0.0,tubular,2167,1,0.04766845703125,0.036151143411795296,0.4223483982620852,0.2458909657612029,0.7166129767269409,0.23438499798058493,0.5014677612822226,9.0,0.838881033548315,0.9665002758136386,0.5,0.4,1.0,0.15,0.9,0.2,0.9,0.15,0.75,0.85,0.0,0.55,0.95,0.9665002758136386,1.0
synth/tubular/amb0.95,462,1,0.02161100134253502,0.02161100134253502,tubular,2167,2,0.040771484375,0.05625348576965431,0.4223483982620852,0.2458909657612029,0.7166129767269409,0.23438499798058493,0.5014677612822226,9.0,0.838881033548315,0.9665002758136386,0.5,0.4,1.0,0.15,0.9,0.2,0.9,0.15,0.75,0.85,0.0,0.55,0.95,0.9665002758136386,1.0
synth/tubular/amb0.95,463,1,0.13537955284118652,0.13537955284118652,tubular,2167,3,0.168701171875,0.09325744739423196,0.4223483982620852,0.2458909657612029,0.7166129767269409,0.23438499798058493,0.5014677612822226,9.0,0.838881033548315,0.9665002758136386,0.5,0.4,1.0,0.15,0.9,0.2,0.9,0.15,0.75,0.85,0.0,0.55,0.95,0.9665002758136386,1.0
synth/annular/amb0.90,464,1,0.0,0.0,annular,2174,0,0.0369873046875,0.004930966533720493,0.3488380691265246,0.8993254971791824,0.8277706154492999,0.37420860717452514,0.609620982643821,13.0,0.9929501873861541,0.8844741696168721,0.5,0.4,1.0,0.15,0.9,0.2,0.9,0.15,0.75,0.85,0.0,0.55,0.95,0.8844741696168721,0.654871514639517
synth/annular/amb0.90,465,1,0.0,0.0,annular,2174,1,0.012939453125,0.0,0.3488380691265246,0.8993254971791824,0.8277706154492999,0.37420860717452514,0.609620982643821,13.0,0.9929501873861541,0.8844741696168721,0.5,0.4,1.0,0.15,0.9,0.2,0.9,0.15,0.75,0.85,0.0,0.55,0.95,0.8844741696168721,0.654871514639517
synth/annular/amb0.90,466,1,0.0,0.0,annular,2174,2,0.00439453125,0.0,0.3488380691265246,0.8993254971791824,0.8277706154492999,0.37420860717452514,0.609620982643821,13.0,0.9929501873861541,0.8844741696168721,0.5,0.4,1.0,0.15,0.9,0.2,0.9,0.15,0.75,0.85,0.0,0.55,0.95,0.8844741696168721,0.654871514639517
synth/annular/amb0.90,467,1,0.0,0.0,annular,2174,3,0.0032958984375,0.0,0.3488380691265246,0.8993254971791824,0.8277706154492999,0.37420860717452514,0.609620982643821,13.0,0.9929501873861541,0.8844741696168721,0.5,0.4,1.0,0.15,0.9,0.2,0.9,0.15,0.75,0.85,0.0,0.55,0.95,0.8844741696168721,0.654871514639517
synth/blob/amb0.98,468,1,0.08127208799123764,0.08127208799123764,blob,2176,0,0.0140380859375,0.11051050821940105,0.5820561764121157,0.8518160704568649,0.5586285757546325,0.566032295425692,0.3007242336592223,13.0,0.22504664586543244,0.9718659791629276,0.5,0.4,1.0,0.15,0.9,0.2,0.9,0.15,0.75,0.85,0.0,0.55,0.95,0.9718659791629276,0.52244772114039
synth/blob/amb0.98,469,1,0.0,0.0,blob,2176,1,0.083984375,0.004259850829839706,0.5820561764121157,0.8518160704568649,0.5586285757546325,0.566032295425692,0.3007242336592223,13.0,0.22504664586543244,0.9718659791629276,0.5,0.4,1.0,0.15,0.9,0.2,0.9,0.15,0.75,0.85,0.0,0.55,0.95,0.9718659791629276,0.52244772114039
synth/blob/amb0.98,470,1,0.0,0.0,blob,2176,2,0.00457763671875,0.0,0.5820561764121157,0.8518160704568649,0.5586285757546325,0.566032295425692,0.3007242336592223,13.0,0.22504664586543244,0.9718659791629276,0.5,0.4,1.0,0.15,0.9,0.2,0.9,0.15,0.75,0.85,0.0,0.55,0.95,0.9718659791629276,0.52244772114039
synth/blob/amb0.98,471,1,0.16358157992362976,0.16358157992362976,blob,2176,3,0.10833740234375,0.15322385976711908,0.5820561764121157,0.8518160704568649,0.5586285757546325,0.566032295425692,0.3007242336592223,13.0,0.22504664586543244,0.9718659791629276,0.5,0.4,1.0,0.15,0.9,0.2,0.9,0.15,0.75,0.85,0.0,0.55,0.95,0.9718659791629276,0.52244772114039
synth/tubular/amb0.98,472,1,0.024429967626929283,0.024429967626929283,tubular,2188,0,0.10015869140625,0.07451425399631262,0.3573046099169552,0.6955480167227766,0.8205974614841589,0.1717832782877849,0.47524145320922917,8.0,0.9641763681501565,0.9994335452881858,0.5,0.4,1.0,0.15,0.9,0.2,0.9,0.15,0.75,0.85,0.0,0.55,0.95,0.9994335452881858,1.0
synth/tubular/amb0.98,473,1,0.15335051715373993,0.15335051715373993,tubular,2188,1,0.08111572265625,0.057843138774236046,0.3573046099169552,0.6955480167227766,0.8205974614841589,0.1717832782877849,0.47524145320922917,8.0,0.9641763681501565,0.9994335452881858,0.5,0.4,1.0,0.15,0.9,0.2,0.9,0.15,0.75,0.85,0.0,0.55,0.95,0.9994335452881858,1.0
synth/tubular/amb0.98,474,1,0.16338028013706207,0.16338028013706207,tubular,2188,2,0.154296875,0.07712358733018239,0.3573046099169552,0.6955480167227766,0.8205974614841589,0.1717832782877849,0.47524145320922917,8.0,0.9641763681501565,0.9994335452881858,0.5,0.4,1.0,0.15,0.9,0.2,0.9,0.15,0.75,0.85,0.0,0.55,0.95,0.9994335452881858,1.0
synth/tubular/amb0.98,475,1,0.25965726375579834,0.25965726375579834,tubular,2188,3,0.1383056640625,0.141766261930267,0.3573046099169552,0.6955480167227766,0.8205974614841589,0.1717832782877849,0.47524145320922917,8.0,0.9641763681501565,0.9994335452881858,0.5,0.4,1.0,0.15,0.9,0.2,0.9,0.15,0.75,0.85,0.0,0.55,0.95,0.9994335452881858,1.0
synth/blob/amb0.95,476,1,0.0,0.0,blob,2204,0,0.01165771484375,0.0,0.8276643529057075,0.50081322092725,0.4344145230461639,0.5177289378853367,0.5145880278177206,16.0,0.34582211795861917,0.9520505341521226,0.5,0.4,1.0,0.15,0.9,0.2,0.9,0.15,0.75,0.85,0.0,0.55,0.95,0.9520505341521226,0.6001228934180924
synth/blob/amb0.95,477,1,0.0,0.0,blob,2204,1,0.03375244140625,0.05033238232135773,0.8276643529057075,0.50081322092725,0.4344145230461639,0.5177289378853367,0.5145880278177206,16.0,0.34582211795861917,0.9520505341521226,0.5,0.4,1.0,0.15,0.9,0.2,0.9,0.15,0.75,0.85,0.0,0.55,0.95,0.9520505341521226,0.6001228934180924
synth/blob/amb0.95,478,1,0.31683167815208435,0.31683167815208435,blob,2204,2,0.0286865234375,0.17153996229171753,0.8276643529057075,0.50081322092725,0.4344145230461639,0.5177289378853367,0.5145880278177206,16.0,0.34582211795861917,0.9520505341521226,0.5,0.4,1.0,0.15,0.9,0.2,0.9,0.15,0.75,0.85,0.0,0.55,0.95,0.9520505341521226,0.6001228934180924
synth/blob/amb0.95,479,1,0.0,0.0,blob,2204,3,0.0078125,0.0,0.8276643529057075,0.50081322092725,0.4344145230461639,0.5177289378853367,0.5145880278177206,16.0,0.34582211795861917,0.9520505341521226,0.5,0.4,1.0,0.15,0.9,0.2,0.9,0.15,0.75,0.85,0.0,0.55,0.95,0.9520505341521226,0.6001228934180924
synth/tubular/amb0.90,480,1,0.0,0.0,tubular,2249,0,0.040771484375,0.05042205952728788,0.5098108646131436,0.552562973985502,0.3857696590943446,0.29883964893881826,0.7815808610164612,12.0,0.5222724303203656,0.8868574913315361,0.5,0.4,1.0,0.15,0.9,0.2,0.9,0.15,0.75,0.85,0.0,0.55,0.95,0.8868574913315361,1.0
synth/tubular/amb0.90,481,1,0.0,0.0,tubular,2249,1,0.02276611328125,0.00788954645395279,0.5098108646131436,0.552562973985502,0.3857696590943446,0.29883964893881826,0.7815808610164612,12.0,0.5222724303203656,0.8868574913315361,0.5,0.4,1.0,0.15,0.9,0.2,0.9,0.15,0.75,0.85,0.0,0.55,0.95,0.8868574913315361,1.0
synth/tubular/amb0.90,482,1,0.4076809585094452,0.4076809585094452,tubular,2249,2,0.0643310546875,0.1722939262787501,0.5098108646131436,0.552562973985502,0.3857696590943446,0.29883964893881826,0.7815808610164612,12.0,0.5222724303203656,0.8868574913315361,0.5,0.4,1.0,0.15,0.9,0.2,0.9,0.15,0.75,0.85,0.0,0.55,0.95,0.8868574913315361,1.0
synth/tubular/amb0.90,483,1,0.0,0.0,tubular,2249,3,0.0238037109375,0.007448789353171985,0.5098108646131436,0.552562973985502,0.3857696590943446,0.29883964893881826,0.7815808610164612,12.0,0.5222724303203656,0.8868574913315361,0.5,0.4,1.0,0.15,0.9,0.2,0.9,0.15,0.75,0.85,0.0,0.55,0.95,0.8868574913315361,1.0
synth/tubular/amb0.98,484,1,0.11706512421369553,0.11706512421369553,tubular,2254,0,0.04608154296875,0.05891946408276757,0.7009716126320825,0.7427796366556232,0.7141779784206902,0.36369911676377165,0.30503702291292756,11.0,0.9302272268511464,0.9974095458120075,0.5,0.4,1.0,0.15,0.9,0.2,0.9,0.15,0.75,0.85,0.0,0.55,0.95,0.9974095458120075,1.0
synth/tubular/amb0.98,485,1,0.09559279680252075,0.09559279680252075,tubular,2254,1,0.07928466796875,0.07113905002673467,0.7009716126320825,0.7427796366556232,0.7141779784206902,0.36369911676377165,0.30503702291292756,11.0,0.9302272268511464,0.9974095458120075,0.5,0.4,1.0,0.15,0.9,0.2,0.9,0.15,0.75,0.85,0.0,0.55,0.95,0.9974095458120075,1.0
synth/tubular/amb0.98,486,1,0.0,0.0,tubular,2254,2,0.035888671875,0.007892073132097721,0.7009716126320825,0.7427796366556232,0.7141779784206902,0.36369911676377165,0.30503702291292756,11.0,0.9302272268511464,0.9974095458120075,0.5,0.4,1.0,0.15,0.9,0.2,0.9,0.15,0.75,0.85,0.0,0.55,0.95,0.9974095458120075,1.0
synth/tubular/amb0.98,487,1,0.22805429995059967,0.22805429995059967,tubular,2254,3,0.03125,0.056472536797324814,0.7009716126320825,0.7427796366556232,0.7141779784206902,0.36369911676377165,0.30503702291292756,11.0,0.9302272268511464,0.9974095458120075,0.5,0.4,1.0,0.15,0.9,0.2,0.9,0.15,0.75,0.85,0.0,0.55,0.95,0.9974095458120075,1.0
synth/blob/amb0.86,488,1,0.0,0.0,blob,2270,0,0.02313232421875,0.0,0.4594898805532158,0.8381221989914898,0.7597743439203712,0.4756789456813249,0.5283705083116186,8.0,0.9710245881121755,0.8794676436143665,0.5,0.4,1.0,0.15,0.9,0.2,0.9,0.15,0.75,0.85,0.0,0.55,0.95,0.8794676436143665,0.6138090555865932
synth/blob/amb0.86,489,1,0.0,0.0,blob,2270,1,0.03497314453125,0.12566761175791422,0.4594898805532158,0.8381221989914898,0.7597743439203712,0.4756789456813249,0.5283705083116186,8.0,0.9710245881121755,0.8794676436143665,0.5,0.4,1.0,0.15,0.9,0.2,0.9,0.15,0.75,0.85,0.0,0.55,0.95,0.8794676436143665,0.6138090555865932
synth/blob/amb0.86,490,1,0.37383177876472473,0.37383177876472473,blob,2270,2,0.039306640625,0.10754463573296864,0.4594898805532158,0.8381221989914898,0.7597743439203712,0.4756789456813249,0.5283705083116186,8.0,0.9710245881121755,0.8794676436143665,0.5,0.4,1.0,0.15,0.9,0.2,0.9,0.15,0.75,0.85,0.0,0.55,0.95,0.8794676436143665,0.6138090555865932
synth/blob/amb0.86,491,1,0.0,0.0,blob,2270,3,0.0185546875,0.19889782865842184,0.4594898805532158,0.8381221989914898,0.7597743439203712,0.4756789456813249,0.5283705083116186,8.0,0.9710245881121755,0.8794676436143665,0.5,0.4,1.0,0.15,0.9,0.2,0.9,0.15,0.75,0.85,0.0,0.55,0.95,0.8794676436143665,0.6138090555865932
synth/annular/amb0.90,492,1,0.0,0.0,annular,2279,0,0.0003662109375,0.0,0.6356887936064415,0.7841317542370998,0.8431438338325734,0.20757652373785712,0.8935846366994249,11.0,0.845946945061102,0.9002575830575438,0.5,0.4,1.0,0.15,0.9,0.2,0.9,0.15,0.75,0.85,0.0,0.55,0.95,0.9002575830575438,0.7550700108426036
synth/annular/amb0.90,493,1,0.0,0.0,annular,2279,1,0.0042724609375,0.015686274816592533,0.6356887936064415,0.7841317542370998,0.8431438338325734,0.20757652373785712,0.8935846366994249,11.0,0.845946945061102,0.9002575830575438,0.5,0.4,1.0,0.15,0.9,0.2,0.9,0.15,0.75,0.85,0.0,0.55,0.95,0.9002575830575438,0.7550700108426036
synth/annular/amb0.90,494,1,0.0,0.0,annular,2279,2,0.0008544921875,0.0,0.6356887936064415,0.7841317542370998,0.8431438338325734,0.20757652373785712,0.8935846366994249,11.0,0.845946945061102,0.9002575830575438,0.5,0.4,1.0,0.15,0.9,0.2,0.9,0.15,0.75,0.85,0.0,0.55,0.95,0.9002575830575438,0.7550700108426036
synth/annular/amb0.90,495,1,0.0,0.0,annular,2279,3,0.0052490234375,0.0,0.6356887936064415,0.7841317542370998,0.8431438338325734,0.20757652373785712,0.8935846366994249,11.0,0.845946945061102,0.9002575830575438,0.5,0.4,1.0,0.15,0.9,0.2,0.9,0.15,0.75,0.85,0.0,0.55,0.95,0.9002575830575438,0.7550700108426036
synth/tubular/amb0.98,496,1,0.04304932802915573,0.04304932802915573,tubular,2307,0,0.02972412109375,0.06402442546095699,0.7237860734714698,0.7816360561215943,0.44952735381736486,0.5967663380895128,0.3059605110242317,7.0,0.7070523064343684,0.9780065299421529,0.5,0.4,1.0,0.15,0.9,0.2,0.9,0.15,0.75,0.85,0.0,0.55,0.95,0.9780065299421529,1.0
synth/tubular/amb0.98,497,1,0.10829268395900726,0.10829268395900726,tubular,2307,1,0.10198974609375,0.08085499765972297,0.7237860734714698,0.7816360561215943,0.44952735381736486,0.5967663380895128,0.3059605110242317,7.0,0.7070523064343684,0.9780065299421529,0.5,0.4,1.0,0.15,0.9,0.2,0.9,0.15,0.75,0.85,0.0,0.55,0.95,0.9780065299421529,1.0
synth/tubular/amb0.98,498,1,0.035227272659540176,0.035227272659540176,tubular,2307,2,0.08612060546875,0.0834627238412698,0.7237860734714698,0.7816360561215943,0.44952735381736486,0.5967663380895128,0.3059605110242317,7.0,0.7070523064343684,0.9780065299421529,0.5,0.4,1.0,0.15,0.9,0.2,0.9,0.15,0.75,0.85,0.0,0.55,0.95,0.9780065299421529,1.0
synth/tubular/amb0.98,499,1,0.06800445914268494,0.06800445914268494,tubular,2307,3,0.0909423828125,0.067662812769413,0.7237860734714698,0.7816360561215943,0.44952735381736486,0.5967663380895128,0.3059605110242317,7.0,0.7070523064343684,0.9780065299421529,0.5,0.4,1.0,0.15,0.9,0.2,0.9,0.15,0.75,0.85,0.0,0.55,0.95,0.9780065299421529,1.0
synth/scattered/amb0.93,500,1,0.10539523512125015,0.10539523512125015,scattered,2334,0,0.03802490234375,0.0008417508409669002,0.5307035830551532,0.21047605576086786,0.6480439116130755,0.4044913090956178,0.9705366815710317,12.0,0.6252810168241163,0.9354127302519897,0.5,0.4,1.0,0.15,0.9,0.2,0.9,0.15,0.75,0.85,0.0,0.55,0.95,1.0,1.0
synth/scattered/amb0.93,501,1,0.04968944191932678,0.04968944191932678,scattered,2334,1,0.02880859375,0.0,0.5307035830551532,0.21047605576086786,0.6480439116130755,0.4044913090956178,0.9705366815710317,12.0,0.6252810168241163,0.9354127302519897,0.5,0.4,1.0,0.15,0.9,0.2,0.9,0.15,0.75,0.85,0.0,0.55,0.95,1.0,1.0
synth/scattered/amb0.93,502,1,0.019165726378560066,0.019165726378560066,scattered,2334,2,0.0667724609375,0.039859835213671126,0.5307035830551532,0.21047605576086786,0.6480439116130755,0.4044913090956178,0.9705366815710317,12.0,0.6252810168241163,0.9354127302519897,0.5,0.4,1.0,0.15,0.9,0.2,0.9,0.15,0.75,0.85,0.0,0.55,0.95,1.0,1.0
synth/scattered/amb0.93,503,1,0.0,0.0,scattered,2334,3,0.019287109375,0.004756242657701175,0.5307035830551532,0.21047605576086786,0.6480439116130755,0.4044913090956178,0.9705366815710317,12.0,0.6252810168241163,0.9354127302519897,0.5,0.4,1.0,0.15,0.9,0.2,0.9,0.15,0.75,0.85,0.0,0.55,0.95,1.0,1.0
synth/elongated/amb0.93,504,1,0.6184971332550049,0.6184971332550049,elongated,2353,0,0.01239013671875,0.07526881496111552,0.46958047891591537,0.8533324380361558,0.8960680810664661,0.35330674963791475,0.8140173253722249,11.0,0.3989121341513202,0.9363313052673526,0.5,0.4,1.0,0.15,0.9,0.2,0.9,0.15,0.75,0.85,0.0,0.55,0.95,0.9363313052673526,0.7187613079478476
synth/elongated/amb0.93,505,1,0.0,0.0,elongated,2353,1,0.10382080078125,0.07412711344659328,0.46958047891591537,0.8533324380361558,0.8960680810664661,0.35330674963791475,0.8140173253722249,11.0,0.3989121341513202,0.9363313052673526,0.5,0.4,1.0,0.15,0.9,0.2,0.9,0.15,0.75,0.85,0.0,0.55,0.95,0.9363313052673526,0.7187613079478476
synth/elongated/amb0.93,506,1,0.01494396012276411,0.01494396012276411,elongated,2353,2,0.09716796875,0.010895884285370508,0.46958047891591537,0.8533324380361558,0.8960680810664661,0.35330674963791475,0.8140173253722249,11.0,0.3989121341513202,0.9363313052673526,0.5,0.4,1.0,0.15,0.9,0.2,0.9,0.15,0.75,0.85,0.0,0.55,0.95,0.9363313052673526,0.7187613079478476
synth/elongated/amb0.93,507,1,0.0,0.0,elongated,2353,3,0.08001708984375,0.027448519133031368,0.46958047891591537,0.8533324380361558,0.8960680810664661,0.35330674963791475,0.8140173253722249,11.0,0.3989121341513202,0.9363313052673526,0.5,0.4,1.0,0.15,0.9,0.2,0.9,0.15,0.75,0.85,0.0,0.55,0.95,0.9363313052673526,0.7187613079478476
synth/blob/amb0.98,508,1,0.0,0.0,blob,2356,0,0.00067138671875,0.0,0.401769974312839,0.6576143983032738,0.5277130895215179,0.12537358781044666,0.7492655263754917,7.0,0.4024103981651195,0.9835404844158189,0.5,0.4,1.0,0.15,0.9,0.2,0.9,0.15,0.75,0.85,0.0,0.55,0.95,0.9835404844158189,0.7158729506214344
synth/blob/amb0.98,509,1,0.0,0.0,blob,2356,1,0.00390625,0.0,0.401769974312839,0.6576143983032738,0.5277130895215179,0.12537358781044666,0.7492655263754917,7.0,0.4024103981651195,0.9835404844158189,0.5,0.4,1.0,0.15,0.9,0.2,0.9,0.15,0.75,0.85,0.0,0.55,0.95,0.9835404844158189,0.7158729506214344
synth/blob/amb0.98,510,1,0.0,0.0,blob,2356,2,0.00201416015625,0.0,0.401769974312839,0.6576143983032738,0.5277130895215179,0.12537358781044666,0.7492655263754917,7.0,0.4024103981651195,0.9835404844158189,0.5,0.4,1.0,0.15,0.9,0.2,0.9,0.15,0.75,0.85,0.0,0.55,0.95,0.9835404844158189,0.7158729506214344
synth/blob/amb0.98,511,1,0.0,0.0,blob,2356,3,0.00164794921875,0.0,0.401769974312839,0.6576143983032738,0.5277130895215179,0.12537358781044666,0.7492655263754917,7.0,0.4024103981651195,0.9835404844158189,0.5,0.4,1.0,0.15,0.9,0.2,0.9,0.15,0.75,0.85,0.0,0.55,0.95,0.9835404844158189,0.7158729506214344
synth/elongated/amb0.98,512,1,0.0,0.0,elongated,2366,0,0.00396728515625,0.0,0.5702756554354782,0.7638621616050933,0.49767720482328587,0.1730203730016629,0.33819694308269704,18.0,0.025487274182062758,0.9862049483695465,0.5,0.4,1.0,0.15,0.9,0.2,0.9,0.15,0.75,0.85,0.0,0.55,0.95,0.9862049483695465,0.5903670602084101
synth/elongated/amb0.98,513,1,0.0,0.0,elongated,2366,1,0.01544189453125,0.0,0.5702756554354782,0.7638621616050933,0.49767720482328587,0.1730203730016629,0.33819694308269704,18.0,0.025487274182062758,0.9862049483695465,0.5,0.4,1.0,0.15,0.9,0.2,0.9,0.15,0.75,0.85,0.0,0.55,0.95,0.9862049483695465,0.5903670602084101
synth/elongated/amb0.98,514,1,0.0,0.0,elongated,2366,2,0.01812744140625,0.0,0.5702756554354782,0.7638621616050933,0.49767720482328587,0.1730203730016629,0.33819694308269704,18.0,0.025487274182062758,0.9862049483695465,0.5,0.4,1.0,0.15,0.9,0.2,0.9,0.15,0.75,0.85,0.0,0.55,0.95,0.9862049483695465,0.5903670602084101
synth/elongated/amb0.98,515,1,0.0,0.0,elongated,2366,3,0.0006103515625,0.009523809577027956,0.5702756554354782,0.7638621616050933,0.49767720482328587,0.1730203730016629,0.33819694308269704,18.0,0.025487274182062758,0.9862049483695465,0.5,0.4,1.0,0.15,0.9,0.2,0.9,0.15,0.75,0.85,0.0,0.55,0.95,0.9862049483695465,0.5903670602084101
synth/annular/amb0.98,516,1,0.0,0.0,annular,2370,0,0.01324462890625,0.0,0.3149405586158502,0.8021041260134032,0.5742182920916741,0.2540995928401819,0.9841732032614567,19.0,0.49960039709590787,0.9704487533835631,0.5,0.4,1.0,0.15,0.9,0.2,0.9,0.15,0.75,0.85,0.0,0.55,0.95,0.9704487533835631,0.7791392287410475
synth/annular/amb0.98,517,1,0.0,0.0,annular,2370,1,0.00933837890625,0.0,0.3149405586158502,0.8021041260134032,0.5742182920916741,0.2540995928401819,0.9841732032614567,19.0,0.49960039709590787,0.9704487533835631,0.5,0.4,1.0,0.15,0.9,0.2,0.9,0.15,0.75,0.85,0.0,0.55,0.95,0.9704487533835631,0.7791392287410475
synth/annular/amb0.98,518,1,0.0,0.0,annular,2370,2,0.067138671875,0.0,0.3149405586158502,0.8021041260134032,0.5742182920916741,0.2540995928401819,0.9841732032614567,19.0,0.49960039709590787,0.9704487533835631,0.5,0.4,1.0,0.15,0.9,0.2,0.9,0.15,0.75,0.85,0.0,0.55,0.95,0.9704487533835631,0.7791392287410475
synth/annular/amb0.98,519,1,0.013005780056118965,0.013005780056118965,annular,2370,3,0.0631103515625,0.0510366807381312,0.3149405586158502,0.8021041260134032,0.5742182920916741,0.2540995928401819,0.9841732032614567,19.0,0.49960039709590787,0.9704487533835631,0.5,0.4,1.0,0.15,0.9,0.2,0.9,0.15,0.75,0.85,0.0,0.55,0.95,0.9704487533835631,0.7791392287410475
synth/tubular/amb0.86,520,1,0.18827161192893982,0.18827161192893982,tubular,2380,0,0.068603515625,0.05088434709856907,0.37173163884568894,0.5779768865183001,0.4035591711393285,0.24911744087985754,0.3154632262030488,11.0,0.7050346867075067,0.8531570737431943,0.5,0.4,1.0,0.15,0.9,0.2,0.9,0.15,0.75,0.85,0.0,0.55,0.95,0.8531570737431943,0.9904112035758356
synth/tubular/amb0.86,521,1,0.2156948745250702,0.2156948745250702,tubular,2380,1,0.092041015625,0.08461819837490718,0.37173163884568894,0.5779768865183001,0.4035591711393285,0.24911744087985754,0.3154632262030488,11.0,0.7050346867075067,0.8531570737431943,0.5,0.4,1.0,0.15,0.9,0.2,0.9,0.15,0.75,0.85,0.0,0.55,0.95,0.8531570737431943,0.9904112035758356
synth/tubular/amb0.86,522,1,0.15328200161457062,0.15328200161457062,tubular,2380,2,0.127197265625,0.08142912636200587,0.37173163884568894,0.5779768865183001,0.4035591711393285,0.24911744087985754,0.3154632262030488,11.0,0.7050346867075067,0.8531570737431943,0.5,0.4,1.0,0.15,0.9,0.2,0.9,0.15,0.75,0.85,0.0,0.55,0.95,0.8531570737431943,0.9904112035758356
synth/tubular/amb0.86,523,1,0.13462470471858978,0.13462470471858978,tubular,2380,3,0.062255859375,0.05129741227331882,0.37173163884568894,0.5779768865183001,0.4035591711393285,0.24911744087985754,0.3154632262030488,11.0,0.7050346867075067,0.8531570737431943,0.5,0.4,1.0,0.15,0.9,0.2,0.9,0.15,0.75,0.85,0.0,0.55,0.95,0.8531570737431943,0.9904112035758356
synth/scattered/amb0.95,524,1,0.08135592937469482,0.08135592937469482,scattered,2402,0,0.010986328125,0.0211175587028265,0.757149850059603,0.5243133321956576,0.38981132474464447,0.3414615241278521,0.5754987930199713,24.0,0.30529918286282154,0.9514720451180415,0.5,0.4,1.0,0.15,0.9,0.2,0.9,0.15,0.75,0.85,0.0,0.55,0.95,1.0,0.9485565174133372
synth/scattered/amb0.95,525,1,0.0,0.0,scattered,2402,1,0.040283203125,0.01781528318921725,0.757149850059603,0.5243133321956576,0.38981132474464447,0.3414615241278521,0.5754987930199713,24.0,0.30529918286282154,0.9514720451180415,0.5,0.4,1.0,0.15,0.9,0.2,0.9,0.15,0.75,0.85,0.0,0.55,0.95,1.0,0.9485565174133372
synth/scattered/amb0.95,526,1,0.0,0.0,scattered,2402,2,0.0037841796875,0.006944444651405017,0.757149850059603,0.5243133321956576,0.38981132474464447,0.3414615241278521,0.5754987930199713,24.0,0.30529918286282154,0.9514720451180415,0.5,0.4,1.0,0.15,0.9,0.2,0.9,0.15,0.75,0.85,0.0,0.55,0.95,1.0,0.9485565174133372
synth/scattered/amb0.95,527,1,0.0,0.0,scattered,2402,3,0.021240234375,0.0030097818622986474,0.757149850059603,0.5243133321956576,0.38981132474464447,0.3414615241278521,0.5754987930199713,24.0,0.30529918286282154,0.9514720451180415,0.5,0.4,1.0,0.15,0.9,0.2,0.9,0.15,0.75,0.85,0.0,0.55,0.95,1.0,0.9485565174133372
synth/blob/amb0.90,528,1,0.0,0.0,blob,2406,0,0.0009765625,0.0,0.805319565682262,0.3204968966224323,0.5682080221521217,0.14166626964608264,0.38133121444793966,11.0,0.23693231771089185,0.8916999251797967,0.5,0.4,1.0,0.15,0.9,0.2,0.9,0.15,0.75,0.85,0.0,0.55,0.95,0.8916999251797967,0.604798672194604
synth/blob/amb0.90,529,1,0.12060301750898361,0.12060301750898361,blob,2406,1,0.0081787109375,0.0,0.805319565682262,0.3204968966224323,0.5682080221521217,0.14166626964608264,0.38133121444793966,11.0,0.23693231771089185,0.8916999251797967,0.5,0.4,1.0,0.15,0.9,0.2,0.9,0.15,0.75,0.85,0.0,0.55,0.95,0.8916999251797967,0.604798672194604
synth/blob/amb0.90,530,1,0.0,0.0,blob,2406,2,0.0040283203125,0.0,0.805319565682262,0.3204968966224323,0.5682080221521217,0.14166626964608264,0.38133121444793966,11.0,0.23693231771089185,0.8916999251797967,0.5,0.4,1.0,0.15,0.9,0.2,0.9,0.15,0.75,0.85,0.0,0.55,0.95,0.8916999251797967,0.604798672194604
synth/blob/amb0.90,531,1,0.0,0.0,blob,2406,3,0.0050048828125,0.0,0.805319565682262,0.3204968966224323,0.5682080221521217,0.14166626964608264,0.38133121444793966,11.0,0.23693231771089185,0.8916999251797967,0.5,0.4,1.0,0.15,0.9,0.2,0.9,0.15,0.75,0.85,0.0,0.55,0.95,0.8916999251797967,0.604798672194604
synth/blob/amb0.98,532,1,0.0,0.0,blob,2417,0,0.01055908203125,0.0,0.6188262975390869,0.6097246548419801,0.5312542968512441,0.2503032263903445,0.8760984746864748,17.0,0.5898024908049443,0.9842099792055947,0.5,0.4,1.0,0.15,0.9,0.2,0.9,0.15,0.75,0.85,0.0,0.55,0.95,0.9842099792055947,0.7469960595151277
synth/blob/amb0.98,533,1,0.6613546013832092,0.6613546013832092,blob,2417,1,0.01007080078125,0.12280701597531636,0.6188262975390869,0.6097246548419801,0.5312542968512441,0.2503032263903445,0.8760984746864748,17.0,0.5898024908049443,0.9842099792055947,0.5,0.4,1.0,0.15,0.9,0.2,0.9,0.15,0.75,0.85,0.0,0.55,0.95,0.9842099792055947,0.7469960595151277
synth/blob/amb0.98,534,1,0.0,0.0,blob,2417,2,0.042236328125,0.0,0.6188262975390869,0.6097246548419801,0.5312542968512441,0.2503032263903445,0.8760984746864748,17.0,0.5898024908049443,0.9842099792055947,0.5,0.4,1.0,0.15,0.9,0.2,0.9,0.15,0.75,0.85,0.0,0.55,0.95,0.9842099792055947,0.7469960595151277
synth/blob/amb0.98,535,1,0.0,0.0,blob,2417,3,0.00225830078125,0.0,0.6188262975390869,0.6097246548419801,0.5312542968512441,0.2503032263903445,0.8760984746864748,17.0,0.5898024908049443,0.9842099792055947,0.5,0.4,1.0,0.15,0.9,0.2,0.9,0.15,0.75,0.85,0.0,0.55,0.95,0.9842099792055947,0.7469960595151277
synth/elongated/amb0.90,536,1,0.02214650809764862,0.02214650809764862,elongated,2437,0,0.04632568359375,0.18643165628115335,0.6529052797023064,0.41649170949221226,0.4670799839836714,0.4791937113876625,0.9460947108938804,19.0,0.6202511133288633,0.9098779568787995,0.5,0.4,1.0,0.15,0.9,0.2,0.9,0.15,0.75,0.85,0.0,0.55,0.95,0.9098779568787995,0.7383968765425203
synth/elongated/amb0.90,537,1,0.0,0.0,elongated,2437,1,0.01177978515625,0.09477652112642924,0.6529052797023064,0.41649170949221226,0.4670799839836714,0.4791937113876625,0.9460947108938804,19.0,0.6202511133288633,0.9098779568787995,0.5,0.4,1.0,0.15,0.9,0.2,0.9,0.15,0.75,0.85,0.0,0.55,0.95,0.9098779568787995,0.7383968765425203
synth/elongated/amb0.90,538,1,0.37396883964538574,0.37396883964538574,elongated,2437,2,0.0440673828125,0.1135387731095155,0.6529052797023064,0.41649170949221226,0.4670799839836714,0.4791937113876625,0.9460947108938804,19.0,0.6202511133288633,0.9098779568787995,0.5,0.4,1.0,0.15,0.9,0.2,0.9,0.15,0.75,0.85,0.0,0.55,0.95,0.9098779568787995,0.7383968765425203
synth/elongated/amb0.90,539,1,0.265593558549881,0.265593558549881,elongated,2437,3,0.0142822265625,0.0,0.6529052797023064,0.41649170949221226,0.4670799839836714,0.4791937113876625,0.9460947108938804,19.0,0.6202511133288633,0.9098779568787995,0.5,0.4,1.0,0.15,0.9,0.2,0.9,0.15,0.75,0.85,0.0,0.55,0.95,0.9098779568787995,0.7383968765425203
synth/tubular/amb0.90,540,1,0.24688008427619934,0.24688008427619934,tubular,2449,0,0.36602783203125,0.08948573361461361,0.3147002743873711,0.5337642176711409,0.6648575297210757,0.16735052440710174,0.5923222980515974,10.0,0.3066563067197361,0.8971276903764506,0.5,0.4,1.0,0.15,0.9,0.2,0.9,0.15,0.75,0.85,0.0,0.55,0.95,0.8971276903764506,1.0
synth/tubular/amb0.90,541,1,0.28981468081474304,0.28981468081474304,tubular,2449,1,0.224609375,0.16929892854144177,0.3147002743873711,0.5337642176711409,0.6648575297210757,0.16735052440710174,0.5923222980515974,10.0,0.3066563067197361,0.8971276903764506,0.5,0.4,1.0,0.15,0.9,0.2,0.9,0.15,0.75,0.85,0.0,0.55,0.95,0.8971276903764506,1.0
synth/tubular/amb0.90,542,1,0.2714194357395172,0.2714194357395172,tubular,2449,2,0.189208984375,0.1590167060494423,0.3147002743873711,0.5337642176711409,0.6648575297210757,0.16735052440710174,0.5923222980515974,10.0,0.3066563067197361,0.8971276903764506,0.5,0.4,1.0,0.15,0.9,0.2,0.9,0.15,0.75,0.85,0.0,0.55,0.95,0.8971276903764506,1.0
synth/tubular/amb0.90,543,1,0.25077900290489197,0.25077900290489197,tubular,2449,3,0.26898193359375,0.11286872970716406,0.3147002743873711,0.5337642176711409,0.6648575297210757,0.16735052440710174,0.5923222980515974,10.0,0.3066563067197361,0.8971276903764506,0.5,0.4,1.0,0.15,0.9,0.2,0.9,0.15,0.75,0.85,0.0,0.55,0.95,0.8971276903764506,1.0
synth/tubular/amb0.95,544,1,0.2476857602596283,0.2476857602596283,tubular,2507,0,0.17962646484375,0.22725366552670798,0.7204399568357165,0.6586442518113347,0.5165969546017459,0.605233806676726,0.6593814263963076,6.0,0.3281958247548,0.9503721083810172,0.5,0.4,1.0,0.15,0.9,0.2,0.9,0.15,0.75,0.85,0.0,0.55,0.95,0.9503721083810172,1.0
synth/tubular/amb0.95,545,1,0.2729342579841614,0.2729342579841614,tubular,2507,1,0.3397216796875,0.23660831650098166,0.7204399568357165,0.6586442518113347,0.5165969546017459,0.605233806676726,0.6593814263963076,6.0,0.3281958247548,0.9503721083810172,0.5,0.4,1.0,0.15,0.9,0.2,0.9,0.15,0.75,0.85,0.0,0.55,0.95,0.9503721083810172,1.0
synth/tubular/amb0.95,546,1,0.0772426500916481,0.0772426500916481,tubular,2507,2,0.36083984375,0.11605725313226382,0.7204399568357165,0.6586442518113347,0.5165969546017459,0.605233806676726,0.6593814263963076,6.0,0.3281958247548,0.9503721083810172,0.5,0.4,1.0,0.15,0.9,0.2,0.9,0.15,0.75,0.85,0.0,0.55,0.95,0.9503721083810172,1.0
synth/tubular/amb0.95,547,1,0.16724738478660583,0.16724738478660583,tubular,2507,3,0.2642822265625,0.17601369818051657,0.7204399568357165,0.6586442518113347,0.5165969546017459,0.605233806676726,0.6593814263963076,6.0,0.3281958247548,0.9503721083810172,0.5,0.4,1.0,0.15,0.9,0.2,0.9,0.15,0.75,0.85,0.0,0.55,0.95,0.9503721083810172,1.0
synth/tubular/amb0.90,548,1,0.26710817217826843,0.26710817217826843,tubular,2528,0,0.2393798828125,0.2428444946805636,0.34340613274712334,0.8824704961912728,0.44907463142481774,0.3179603199978205,0.36677257700920923,7.0,0.20977387579604778,0.8964910722615486,0.5,0.4,1.0,0.15,0.9,0.2,0.9,0.15,0.75,0.85,0.0,0.55,0.95,0.8964910722615486,0.9914318727451349
synth/tubular/amb0.90,549,1,0.15487094223499298,0.15487094223499298,tubular,2528,1,0.1192626953125,0.12457277315358321,0.34340613274712334,0.8824704961912728,0.44907463142481774,0.3179603199978205,0.36677257700920923,7.0,0.20977387579604778,0.8964910722615486,0.5,0.4,1.0,0.15,0.9,0.2,0.9,0.15,0.75,0.85,0.0,0.55,0.95,0.8964910722615486,0.9914318727451349
synth/tubular/amb0.90,550,1,0.31025201082229614,0.31025201082229614,tubular,2528,2,0.1702880859375,0.1827980081240336,0.34340613274712334,0.8824704961912728,0.44907463142481774,0.3179603199978205,0.36677257700920923,7.0,0.20977387579604778,0.8964910722615486,0.5,0.4,1.0,0.15,0.9,0.2,0.9,0.15,0.75,0.85,0.0,0.55,0.95,0.8964910722615486,0.9914318727451349
synth/tubular/amb0.90,551,1,0.125,0.125,tubular,2528,3,0.08642578125,0.25684880713621777,0.34340613274712334,0.8824704961912728,0.44907463142481774,0.3179603199978205,0.36677257700920923,7.0,0.20977387579604778,0.8964910722615486,0.5,0.4,1.0,0.15,0.9,0.2,0.9,0.15,0.75,0.85,0.0,0.55,0.95,0.8964910722615486,0.9914318727451349
synth/tubular/amb0.90,552,1,0.1452067643404007,0.1452067643404007,tubular,2574,0,0.11669921875,0.10850033241634567,0.47271634190219947,0.7453378874285268,0.7862633446065136,0.526331017169874,0.8570934560556318,18.0,0.6421887856201167,0.9079052632871539,0.5,0.4,1.0,0.15,0.9,0.2,0.9,0.15,0.75,0.85,0.0,0.55,0.95,0.9079052632871539,1.0
synth/tubular/amb0.90,553,1,0.11785928905010223,0.11785928905010223,tubular,2574,1,0.06170654296875,0.14005239742497602,0.47271634190219947,0.7453378874285268,0.7862633446065136,0.526331017169874,0.8570934560556318,18.0,0.6421887856201167,0.9079052632871539,0.5,0.4,1.0,0.15,0.9,0.2,0.9,0.15,0.75,0.85,0.0,0.55,0.95,0.9079052632871539,1.0
synth/tubular/amb0.90,554,1,0.0,0.0,tubular,2574,2,0.05963134765625,0.049665709336598717,0.47271634190219947,0.7453378874285268,0.7862633446065136,0.526331017169874,0.8570934560556318,18.0,0.6421887856201167,0.9079052632871539,0.5,0.4,1.0,0.15,0.9,0.2,0.9,0.15,0.75,0.85,0.0,0.55,0.95,0.9079052632871539,1.0
synth/tubular/amb0.90,555,1,0.2573851943016052,0.2573851943016052,tubular,2574,3,0.10699462890625,0.1344860134025415,0.47271634190219947,0.7453378874285268,0.7862633446065136,0.526331017169874,0.8570934560556318,18.0,0.6421887856201167,0.9079052632871539,0.5,0.4,1.0,0.15,0.9,0.2,0.9,0.15,0.75,0.85,0.0,0.55,0.95,0.9079052632871539,1.0
synth/blob/amb0.90,556,1,0.09677419066429138,0.09677419066429138,blob,2618,0,0.00146484375,0.035087719559669495,0.5355526865836931,0.8551765767239479,0.897763359531728,0.2725208006186349,0.9015654891042142,18.0,0.5964815822664528,0.8997626473734842,0.5,0.4,1.0,0.15,0.9,0.2,0.9,0.15,0.75,0.85,0.0,0.55,0.95,0.8997626473734842,0.7529303730202539
synth/blob/amb0.90,557,1,0.0,0.0,blob,2618,1,0.00372314453125,0.035902850329875946,0.5355526865836931,0.8551765767239479,0.897763359531728,0.2725208006186349,0.9015654891042142,18.0,0.5964815822664528,0.8997626473734842,0.5,0.4,1.0,0.15,0.9,0.2,0.9,0.15,0.75,0.85,0.0,0.55,0.95,0.8997626473734842,0.7529303730202539
synth/blob/amb0.90,558,1,0.0,0.0,blob,2618,2,0.00347900390625,0.0,0.5355526865836931,0.8551765767239479,0.897763359531728,0.2725208006186349,0.9015654891042142,18.0,0.5964815822664528,0.8997626473734842,0.5,0.4,1.0,0.15,0.9,0.2,0.9,0.15,0.75,0.85,0.0,0.55,0.95,0.8997626473734842,0.7529303730202539
synth/blob/amb0.90,559,1,0.0,0.0,blob,2618,3,0.0009765625,0.0,0.5355526865836931,0.8551765767239479,0.897763359531728,0.2725208006186349,0.9015654891042142,18.0,0.5964815822664528,0.8997626473734842,0.5,0.4,1.0,0.15,0.9,0.2,0.9,0.15,0.75,0.85,0.0,0.55,0.95,0.8997626473734842,0.7529303730202539
synth/blob/amb0.95,560,1,0.0,0.0,blob,2627,0,0.0428466796875,0.005616399769981702,0.32698935224844394,0.21135373416967665,0.38853054895476696,0.38274997561587276,0.7113571114435,16.0,0.8699102922508263,0.9530711171734292,0.5,0.4,1.0,0.15,0.9,0.2,0.9,0.15,0.75,0.85,0.0,0.55,0.95,0.9530711171734292,0.6842684479653037
synth/blob/amb0.95,561,1,0.0,0.0,blob,2627,1,0.01190185546875,0.0,0.32698935224844394,0.21135373416967665,0.38853054895476696,0.38274997561587276,0.7113571114435,16.0,0.8699102922508263,0.9530711171734292,0.5,0.4,1.0,0.15,0.9,0.2,0.9,0.15,0.75,0.85,0.0,0.55,0.95,0.9530711171734292,0.6842684479653037
synth/blob/amb0.95,562,1,0.0,0.0,blob,2627,2,0.00384521484375,0.0,0.32698935224844394,0.21135373416967665,0.38853054895476696,0.38274997561587276,0.7113571114435,16.0,0.8699102922508263,0.9530711171734292,0.5,0.4,1.0,0.15,0.9,0.2,0.9,0.15,0.75,0.85,0.0,0.55,0.95,0.9530711171734292,0.6842684479653037
synth/blob/amb0.95,563,1,0.0,0.0,blob,2627,3,0.0213623046875,0.0,0.32698935224844394,0.21135373416967665,0.38853054895476696,0.38274997561587276,0.7113571114435,16.0,0.8699102922508263,0.9530711171734292,0.5,0.4,1.0,0.15,0.9,0.2,0.9,0.15,0.75,0.85,0.0,0.55,0.95,0.9530711171734292,0.6842684479653037
synth/annular/amb0.90,564,1,0.0,0.0,annular,2645,0,0.01470947265625,0.0,0.8013092457136592,0.3337595780544216,0.5520082774182138,0.3641702047007037,0.7006038675104225,10.0,0.19520067236682248,0.8813161207529905,0.5,0.4,1.0,0.15,0.9,0.2,0.9,0.15,0.75,0.85,0.0,0.55,0.95,0.8813161207529905,0.6834319839156134
synth/annular/amb0.90,565,1,0.0,0.0,annular,2645,1,0.0086669921875,0.0,0.8013092457136592,0.3337595780544216,0.5520082774182138,0.3641702047007037,0.7006038675104225,10.0,0.19520067236682248,0.8813161207529905,0.5,0.4,1.0,0.15,0.9,0.2,0.9,0.15,0.75,0.85,0.0,0.55,0.95,0.8813161207529905,0.6834319839156134
synth/annular/amb0.90,566,1,0.08376963436603546,0.08376963436603546,annular,2645,2,0.1231689453125,0.08914372821648915,0.8013092457136592,0.3337595780544216,0.5520082774182138,0.3641702047007037,0.7006038675104225,10.0,0.19520067236682248,0.8813161207529905,0.5,0.4,1.0,0.15,0.9,0.2,0.9,0.15,0.75,0.85,0.0,0.55,0.95,0.8813161207529905,0.6834319839156134
synth/annular/amb0.90,567,1,0.0,0.0,annular,2645,3,0.00787353515625,0.0,0.8013092457136592,0.3337595780544216,0.5520082774182138,0.3641702047007037,0.7006038675104225,10.0,0.19520067236682248,0.8813161207529905,0.5,0.4,1.0,0.15,0.9,0.2,0.9,0.15,0.75,0.85,0.0,0.55,0.95,0.8813161207529905,0.6834319839156134
synth/scattered/amb0.95,568,1,0.0,0.0,scattered,2699,0,0.04193115234375,0.010441767672697702,0.6043542319527766,0.35148950002521484,0.7334798461104739,0.3647838902967739,0.6746952095693612,13.0,0.07791330274245867,0.9564728440765748,0.5,0.4,1.0,0.15,0.9,0.2,0.9,0.15,0.75,0.85,0.0,0.55,0.95,1.0,0.9755836830508098
synth/scattered/amb0.95,569,1,0.02448979578912258,0.02448979578912258,scattered,2699,1,0.02264404296875,0.007721711182966828,0.6043542319527766,0.35148950002521484,0.7334798461104739,0.3647838902967739,0.6746952095693612,13.0,0.07791330274245867,0.9564728440765748,0.5,0.4,1.0,0.15,0.9,0.2,0.9,0.15,0.75,0.85,0.0,0.55,0.95,1.0,0.9755836830508098
synth/scattered/amb0.95,570,1,0.0,0.0,scattered,2699,2,0.03411865234375,0.05266072601079941,0.6043542319527766,0.35148950002521484,0.7334798461104739,0.3647838902967739,0.6746952095693612,13.0,0.07791330274245867,0.9564728440765748,0.5,0.4,1.0,0.15,0.9,0.2,0.9,0.15,0.75,0.85,0.0,0.55,0.95,1.0,0.9755836830508098
synth/scattered/amb0.95,571,1,0.0,0.0,scattered,2699,3,0.04718017578125,0.010330578312277794,0.6043542319527766,0.35148950002521484,0.7334798461104739,0.3647838902967739,0.6746952095693612,13.0,0.07791330274245867,0.9564728440765748,0.5,0.4,1.0,0.15,0.9,0.2,0.9,0.15,0.75,0.85,0.0,0.55,0.95,1.0,0.9755836830508098
synth/scattered/amb0.95,572,1,0.025641025975346565,0.025641025975346565,scattered,2701,0,0.0093994140625,0.003508772080143293,0.6584251151460574,0.4985542302411252,0.3210581976059907,0.5143705707074395,0.5062571240552978,19.0,0.38718163811351725,0.9665474643529259,0.5,0.4,1.0,0.15,0.9,0.2,0.9,0.15,0.75,0.85,0.0,0.55,0.95,1.0,0.8984562439453161
synth/scattered/amb0.95,573,1,0.0,0.0,scattered,2701,1,0.01495361328125,0.0,0.6584251151460574,0.4985542302411252,0.3210581976059907,0.5143705707074395,0.5062571240552978,19.0,0.38718163811351725,0.9665474643529259,0.5,0.4,1.0,0.15,0.9,0.2,0.9,0.15,0.75,0.85,0.0,0.55,0.95,1.0,0.8984562439453161
synth/scattered/amb0.95,574,1,0.0,0.0,scattered,2701,2,0.0216064453125,0.0,0.6584251151460574,0.4985542302411252,0.3210581976059907,0.5143705707074395,0.5062571240552978,19.0,0.38718163811351725,0.9665474643529259,0.5,0.4,1.0,0.15,0.9,0.2,0.9,0.15,0.75,0.85,0.0,0.55,0.95,1.0,0.8984562439453161
synth/scattered/amb0.95,575,1,0.0,0.0,scattered,2701,3,0.00994873046875,0.018033364787697792,0.6584251151460574,0.4985542302411252,0.3210581976059907,0.5143705707074395,0.5062571240552978,19.0,0.38718163811351725,0.9665474643529259,0.5,0.4,1.0,0.15,0.9,0.2,0.9,0.15,0.75,0.85,0.0,0.55,0.95,1.0,0.8984562439453161
synth/tubular/amb0.95,576,1,0.30335214734077454,0.30335214734077454,tubular,2721,0,0.12908935546875,0.17520191272099814,0.47040652648521597,0.46788049610135607,0.5810407488609248,0.6129804897305231,0.4346670244675232,22.0,0.7004722738727783,0.9529750383746596,0.5,0.4,1.0,0.15,0.9,0.2,0.9,0.15,0.75,0.85,0.0,0.55,0.95,0.9529750383746596,0.9873959211470335
synth/tubular/amb0.95,577,1,0.3040473759174347,0.3040473759174347,tubular,2721,1,0.05230712890625,0.14788024251659712,0.47040652648521597,0.46788049610135607,0.5810407488609248,0.6129804897305231,0.4346670244675232,22.0,0.7004722738727783,0.9529750383746596,0.5,0.4,1.0,0.15,0.9,0.2,0.9,0.15,0.75,0.85,0.0,0.55,0.95,0.9529750383746596,0.9873959211470335
synth/tubular/amb0.95,578,1,0.40717947483062744,0.40717947483062744,tubular,2721,2,0.1343994140625,0.19269816080729166,0.47040652648521597,0.46788049610135607,0.5810407488609248,0.6129804897305231,0.4346670244675232,22.0,0.7004722738727783,0.9529750383746596,0.5,0.4,1.0,0.15,0.9,0.2,0.9,0.15,0.75,0.85,0.0,0.55,0.95,0.9529750383746596,0.9873959211470335
synth/tubular/amb0.95,579,1,0.19073113799095154,0.19073113799095154,tubular,2721,3,0.28814697265625,0.07592140821119149,0.47040652648521597,0.46788049610135607,0.5810407488609248,0.6129804897305231,0.4346670244675232,22.0,0.7004722738727783,0.9529750383746596,0.5,0.4,1.0,0.15,0.9,0.2,0.9,0.15,0.75,0.85,0.0,0.55,0.95,0.9529750383746596,0.9873959211470335
synth/annular/amb0.98,580,1,0.0,0.0,annular,2725,0,0.00054931640625,0.0,0.7715194635628512,0.6905677204573928,0.6936227530187145,0.1372751805498924,0.36849509742212344,21.0,0.06546037045480857,0.988504873724438,0.5,0.4,1.0,0.15,0.9,0.2,0.9,0.15,0.75,0.85,0.0,0.55,0.95,0.988504873724438,0.6011400297424483
synth/annular/amb0.98,581,1,0.0,0.0,annular,2725,1,0.0015869140625,0.0,0.7715194635628512,0.6905677204573928,0.6936227530187145,0.1372751805498924,0.36849509742212344,21.0,0.06546037045480857,0.988504873724438,0.5,0.4,1.0,0.15,0.9,0.2,0.9,0.15,0.75,0.85,0.0,0.55,0.95,0.988504873724438,0.6011400297424483
synth/annular/amb0.98,582,1,0.0,0.0,annular,2725,2,0.0057373046875,0.0,0.7715194635628512,0.6905677204573928,0.6936227530187145,0.1372751805498924,0.36849509742212344,21.0,0.06546037045480857,0.988504873724438,0.5,0.4,1.0,0.15,0.9,0.2,0.9,0.15,0.75,0.85,0.0,0.55,0.95,0.988504873724438,0.6011400297424483
synth/annular/amb0.98,583,1,0.0,0.0,annular,2725,3,0.007568359375,0.0,0.7715194635628512,0.6905677204573928,0.6936227530187145,0.1372751805498924,0.36849509742212344,21.0,0.06546037045480857,0.988504873724438,0.5,0.4,1.0,0.15,0.9,0.2,0.9,0.15,0.75,0.85,0.0,0.55,0.95,0.988504873724438,0.6011400297424483
synth/tubular/amb0.95,584,1,0.2788395881652832,0.2788395881652832,tubular,2750,0,0.2115478515625,0.13260616113742194,0.41035650361992004,0.27012099313860305,0.8313391145694728,0.5940791555755152,0.5018910209232612,10.0,0.6613977438451207,0.9495606596670422,0.5,0.4,1.0,0.15,0.9,0.2,0.9,0.15,0.75,0.85,0.0,0.55,0.95,0.9495606596670422,0.996561130183491
synth/tubular/amb0.95,585,1,0.18903738260269165,0.18903738260269165,tubular,2750,1,0.12249755859375,0.27033058802286786,0.41035650361992004,0.27012099313860305,0.8313391145694728,0.5940791555755152,0.5018910209232612,10.0,0.6613977438451207,0.9495606596670422,0.5,0.4,1.0,0.15,0.9,0.2,0.9,0.15,0.75,0.85,0.0,0.55,0.95,0.9495606596670422,0.996561130183491
synth/tubular/amb0.95,586,1,0.15908192098140717,0.15908192098140717,tubular,2750,2,0.22454833984375,0.07800004755457242,0.41035650361992004,0.27012099313860305,0.8313391145694728,0.5940791555755152,0.5018910209232612,10.0,0.6613977438451207,0.9495606596670422,0.5,0.4,1.0,0.15,0.9,0.2,0.9,0.15,0.75,0.85,0.0,0.55,0.95,0.9495606596670422,0.996561130183491
synth/tubular/amb0.95,587,1,0.26573601365089417,0.26573601365089417,tubular,2750,3,0.3619384765625,0.10853601604079206,0.41035650361992004,0.27012099313860305,0.8313391145694728,0.5940791555755152,0.5018910209232612,10.0,0.6613977438451207,0.9495606596670422,0.5,0.4,1.0,0.15,0.9,0.2,0.9,0.15,0.75,0.85,0.0,0.55,0.95,0.9495606596670422,0.996561130183491
synth/annular/amb0.86,588,1,0.0,0.0,annular,2757,0,0.003173828125,0.0,0.44739272252465334,0.504190485543031,0.4688241293254778,0.27489017751372935,0.49788491366315984,20.0,0.02682102633833927,0.8684798820145587,0.5,0.4,1.0,0.15,0.9,0.2,0.9,0.15,0.75,0.85,0.0,0.55,0.95,0.8684798820145587,0.6316337747343294
synth/annular/amb0.86,589,1,0.0,0.0,annular,2757,1,0.0086669921875,0.0,0.44739272252465334,0.504190485543031,0.4688241293254778,0.27489017751372935,0.49788491366315984,20.0,0.02682102633833927,0.8684798820145587,0.5,0.4,1.0,0.15,0.9,0.2,0.9,0.15,0.75,0.85,0.0,0.55,0.95,0.8684798820145587,0.6316337747343294
synth/annular/amb0.86,590,1,0.0,0.0,annular,2757,2,0.02288818359375,0.0,0.44739272252465334,0.504190485543031,0.4688241293254778,0.27489017751372935,0.49788491366315984,20.0,0.02682102633833927,0.8684798820145587,0.5,0.4,1.0,0.15,0.9,0.2,0.9,0.15,0.75,0.85,0.0,0.55,0.95,0.8684798820145587,0.6316337747343294
synth/annular/amb0.86,591,1,0.0,0.0,annular,2757,3,0.0206298828125,0.0,0.44739272252465334,0.504190485543031,0.4688241293254778,0.27489017751372935,0.49788491366315984,20.0,0.02682102633833927,0.8684798820145587,0.5,0.4,1.0,0.15,0.9,0.2,0.9,0.15,0.75,0.85,0.0,0.55,0.95,0.8684798820145587,0.6316337747343294
synth/blob/amb0.98,592,1,0.0,0.0,blob,2773,0,0.00262451171875,0.0,0.7711668242738805,0.3123333935185454,0.6167997452790634,0.21484820151529205,0.7665742362876904,21.0,0.31710937738389966,0.9768206014774021,0.5,0.4,1.0,0.15,0.9,0.2,0.9,0.15,0.75,0.85,0.0,0.55,0.95,0.9768206014774021,0.7165240012719256
synth/blob/amb0.98,593,1,0.0,0.0,blob,2773,1,0.0030517578125,0.0,0.7711668242738805,0.3123333935185454,0.6167997452790634,0.21484820151529205,0.7665742362876904,21.0,0.31710937738389966,0.9768206014774021,0.5,0.4,1.0,0.15,0.9,0.2,0.9,0.15,0.75,0.85,0.0,0.55,0.95,0.9768206014774021,0.7165240012719256
synth/blob/amb0.98,594,1,0.0,0.0,blob,2773,2,0.0054931640625,0.0,0.7711668242738805,0.3123333935185454,0.6167997452790634,0.21484820151529205,0.7665742362876904,21.0,0.31710937738389966,0.9768206014774021,0.5,0.4,1.0,0.15,0.9,0.2,0.9,0.15,0.75,0.85,0.0,0.55,0.95,0.9768206014774021,0.7165240012719256
synth/blob/amb0.98,595,1,0.0,0.0,blob,2773,3,0.005126953125,0.0,0.7711668242738805,0.3123333935185454,0.6167997452790634,0.21484820151529205,0.7665742362876904,21.0,0.31710937738389966,0.9768206014774021,0.5,0.4,1.0,0.15,0.9,0.2,0.9,0.15,0.75,0.85,0.0,0.55,0.95,0.9768206014774021,0.7165240012719256
synth/scattered/amb0.86,596,1,0.19120879471302032,0.19120879471302032,scattered,2788,0,0.03131103515625,0.02176933487256368,0.7106806155691774,0.7775228173539577,0.4027576862557311,0.5185424748746402,0.31474651004899323,12.0,0.5359549339557793,0.8691153023515314,0.5,0.4,1.0,0.15,0.9,0.2,0.9,0.15,0.75,0.85,0.0,0.55,0.95,1.0,0.839966797350838
synth/scattered/amb0.86,597,1,0.008605851791799068,0.008605851791799068,scattered,2788,1,0.0582275390625,0.033543508499860764,0.7106806155691774,0.7775228173539577,0.4027576862557311,0.5185424748746402,0.31474651004899323,12.0,0.5359549339557793,0.8691153023515314,0.5,0.4,1.0,0.15,0.9,0.2,0.9,0.15,0.75,0.85,0.0,0.55,0.95,1.0,0.839966797350838
synth/scattered/amb0.86,598,1,0.03835616260766983,0.03835616260766983,scattered,2788,2,0.04132080078125,0.042514028338094555,0.7106806155691774,0.7775228173539577,0.4027576862557311,0.5185424748746402,0.31474651004899323,12.0,0.5359549339557793,0.8691153023515314,0.5,0.4,1.0,0.15,0.9,0.2,0.9,0.15,0.75,0.85,0.0,0.55,0.95,1.0,0.839966797350838
synth/scattered/amb0.86,599,1,0.04640371352434158,0.04640371352434158,scattered,2788,3,0.011474609375,0.00977944714638094,0.7106806155691774,0.7775228173539577,0.4027576862557311,0.5185424748746402,0.31474651004899323,12.0,0.5359549339557793,0.8691153023515314,0.5,0.4,1.0,0.15,0.9,0.2,0.9,0.15,0.75,0.85,0.0,0.55,0.95,1.0,0.839966797350838
synth/annular/amb0.95,600,1,0.0,0.0,annular,2806,0,0.029541015625,0.07650384555260341,0.8342887263418692,0.2253936166140003,0.6414730053956939,0.5293879930104806,0.4668210207376439,12.0,0.16661705479379119,0.9601057412275263,0.5,0.4,1.0,0.15,0.9,0.2,0.9,0.15,0.75,0.85,0.0,0.55,0.95,0.9601057412275263,0.582800194953951
synth/annular/amb0.95,601,1,0.0,0.0,annular,2806,1,0.0069580078125,0.0,0.8342887263418692,0.2253936166140003,0.6414730053956939,0.5293879930104806,0.4668210207376439,12.0,0.16661705479379119,0.9601057412275263,0.5,0.4,1.0,0.15,0.9,0.2,0.9,0.15,0.75,0.85,0.0,0.55,0.95,0.9601057412275263,0.582800194953951
synth/annular/amb0.95,602,1,0.0,0.0,annular,2806,2,0.072998046875,0.005623721828063329,0.8342887263418692,0.2253936166140003,0.6414730053956939,0.5293879930104806,0.4668210207376439,12.0,0.16661705479379119,0.9601057412275263,0.5,0.4,1.0,0.15,0.9,0.2,0.9,0.15,0.75,0.85,0.0,0.55,0.95,0.9601057412275263,0.582800194953951
synth/annular/amb0.95,603,1,0.12794612348079681,0.12794612348079681,annular,2806,3,0.0501708984375,0.013490725308656693,0.8342887263418692,0.2253936166140003,0.6414730053956939,0.5293879930104806,0.4668210207376439,12.0,0.16661705479379119,0.9601057412275263,0.5,0.4,1.0,0.15,0.9,0.2,0.9,0.15,0.75,0.85,0.0,0.55,0.95,0.9601057412275263,0.582800194953951
synth/blob/amb0.86,604,1,0.0,0.0,blob,2814,0,0.0086669921875,0.033970276514689125,0.3663218262909542,0.6633928878637121,0.7041824486842327,0.5885114733341799,0.8674872322585427,23.0,0.43049268384545547,0.8506928741897155,0.5,0.4,1.0,0.15,0.9,0.2,0.9,0.15,0.75,0.85,0.0,0.55,0.95,0.8506928741897155,0.6850851002183648
synth/blob/amb0.86,605,1,0.0,0.0,blob,2814,1,0.07025146484375,0.13517755270004272,0.3663218262909542,0.6633928878637121,0.7041824486842327,0.5885114733341799,0.8674872322585427,23.0,0.43049268384545547,0.8506928741897155,0.5,0.4,1.0,0.15,0.9,0.2,0.9,0.15,0.75,0.85,0.0,0.55,0.95,0.8506928741897155,0.6850851002183648
synth/blob/amb0.86,606,1,0.0,0.0,blob,2814,2,0.09912109375,0.19202928990125656,0.3663218262909542,0.6633928878637121,0.7041824486842327,0.5885114733341799,0.8674872322585427,23.0,0.43049268384545547,0.8506928741897155,0.5,0.4,1.0,0.15,0.9,0.2,0.9,0.15,0.75,0.85,0.0,0.55,0.95,0.8506928741897155,0.6850851002183648
synth/blob/amb0.86,607,1,0.12332439422607422,0.12332439422607422,blob,2814,3,0.05230712890625,0.15473010142644247,0.3663218262909542,0.6633928878637121,0.7041824486842327,0.5885114733341799,0.8674872322585427,23.0,0.43049268384545547,0.8506928741897155,0.5,0.4,1.0,0.15,0.9,0.2,0.9,0.15,0.75,0.85,0.0,0.55,0.95,0.8506928741897155,0.6850851002183648
synth/scattered/amb0.95,608,1,0.08695652335882187,0.08695652335882187,scattered,2838,0,0.016357421875,0.0,0.35915464281466575,0.8088061651535841,0.6005031786280532,0.12862909682730678,0.8982426904929128,9.0,0.9271655951252689,0.9593657396185753,0.5,0.4,1.0,0.15,0.9,0.2,0.9,0.15,0.75,0.85,0.0,0.55,0.95,1.0,1.0
synth/scattered/amb0.95,609,1,0.0,0.0,scattered,2838,1,0.01495361328125,0.03364879141251246,0.35915464281466575,0.8088061651535841,0.6005031786280532,0.12862909682730678,0.8982426904929128,9.0,0.9271655951252689,0.9593657396185753,0.5,0.4,1.0,0.15,0.9,0.2,0.9,0.15,0.75,0.85,0.0,0.55,0.95,1.0,1.0
synth/scattered/amb0.95,610,1,0.0,0.0,scattered,2838,2,0.012451171875,0.0,0.35915464281466575,0.8088061651535841,0.6005031786280532,0.12862909682730678,0.8982426904929128,9.0,0.9271655951252689,0.9593657396185753,0.5,0.4,1.0,0.15,0.9,0.2,0.9,0.15,0.75,0.85,0.0,0.55,0.95,1.0,1.0
synth/scattered/amb0.95,611,1,0.0,0.0,scattered,2838,3,0.0125732421875,0.0025062657271822295,0.35915464281466575,0.8088061651535841,0.6005031786280532,0.12862909682730678,0.8982426904929128,9.0,0.9271655951252689,0.9593657396185753,0.5,0.4,1.0,0.15,0.9,0.2,0.9,0.15,0.75,0.85,0.0,0.55,0.95,1.0,1.0
synth/scattered/amb0.90,612,1,0.0,0.0,scattered,2844,0,0.0023193359375,0.0,0.7559754334025586,0.23199319559083548,0.5523781946145981,0.2799993654632676,0.4596325850424038,11.0,0.37012775039651,0.8947949452899531,0.5,0.4,1.0,0.15,0.9,0.2,0.9,0.15,0.75,0.85,0.0,0.55,0.95,1.0,0.919735925822559
synth/scattered/amb0.90,613,1,0.10179640352725983,0.10179640352725983,scattered,2844,1,0.01934814453125,0.037475345035394035,0.7559754334025586,0.23199319559083548,0.5523781946145981,0.2799993654632676,0.4596325850424038,11.0,0.37012775039651,0.8947949452899531,0.5,0.4,1.0,0.15,0.9,0.2,0.9,0.15,0.75,0.85,0.0,0.55,0.95,1.0,0.919735925822559
synth/scattered/amb0.90,614,1,0.0,0.0,scattered,2844,2,0.00384521484375,0.08262108266353607,0.7559754334025586,0.23199319559083548,0.5523781946145981,0.2799993654632676,0.4596325850424038,11.0,0.37012775039651,0.8947949452899531,0.5,0.4,1.0,0.15,0.9,0.2,0.9,0.15,0.75,0.85,0.0,0.55,0.95,1.0,0.919735925822559
synth/scattered/amb0.90,615,1,0.6593406796455383,0.6593406796455383,scattered,2844,3,0.0047607421875,0.0,0.7559754334025586,0.23199319559083548,0.5523781946145981,0.2799993654632676,0.4596325850424038,11.0,0.37012775039651,0.8947949452899531,0.5,0.4,1.0,0.15,0.9,0.2,0.9,0.15,0.75,0.85,0.0,0.55,0.95,1.0,0.919735925822559
synth/scattered/amb0.93,616,1,0.0,0.0,scattered,2862,0,0.00787353515625,0.02793172871073087,0.7584048951364982,0.6229052679867981,0.3502226057002728,0.38772694736059193,0.44299935179557115,11.0,0.26986603035802925,0.9134306609333321,0.5,0.4,1.0,0.15,0.9,0.2,0.9,0.15,0.75,0.85,0.0,0.55,0.95,1.0,0.9030855548354171
synth/scattered/amb0.93,617,1,0.0,0.0,scattered,2862,1,0.021728515625,0.016933207710584004,0.7584048951364982,0.6229052679867981,0.3502226057002728,0.38772694736059193,0.44299935179557115,11.0,0.26986603035802925,0.9134306609333321,0.5,0.4,1.0,0.15,0.9,0.2,0.9,0.15,0.75,0.85,0.0,0.55,0.95,1.0,0.9030855548354171
synth/scattered/amb0.93,618,1,0.0,0.0,scattered,2862,2,0.00726318359375,0.0036455808828274408,0.7584048951364982,0.6229052679867981,0.3502226057002728,0.38772694736059193,0.44299935179557115,11.0,0.26986603035802925,0.9134306609333321,0.5,0.4,1.0,0.15,0.9,0.2,0.9,0.15,0.75,0.85,0.0,0.55,0.95,1.0,0.9030855548354171
synth/scattered/amb0.93,619,1,0.0,0.0,scattered,2862,3,0.03662109375,0.009680541853109995,0.7584048951364982,0.6229052679867981,0.3502226057002728,0.38772694736059193,0.44299935179557115,11.0,0.26986603035802925,0.9134306609333321,0.5,0.4,1.0,0.15,0.9,0.2,0.9,0.15,0.75,0.85,0.0,0.55,0.95,1.0,0.9030855548354171
synth/blob/amb0.90,620,1,0.0,0.0,blob,2867,0,0.0587158203125,0.007482993106047313,0.5907869822382592,0.8912570887450573,0.8764934191462028,0.5378643142350734,0.3439257804260933,10.0,0.0486450985697765,0.8996918722542203,0.5,0.4,1.0,0.15,0.9,0.2,0.9,0.15,0.75,0.85,0.0,0.55,0.95,0.8996918722542203,0.5436528398391659
synth/blob/amb0.90,621,1,0.0,0.0,blob,2867,1,0.075439453125,0.0,0.5907869822382592,0.8912570887450573,0.8764934191462028,0.5378643142350734,0.3439257804260933,10.0,0.0486450985697765,0.8996918722542203,0.5,0.4,1.0,0.15,0.9,0.2,0.9,0.15,0.75,0.85,0.0,0.55,0.95,0.8996918722542203,0.5436528398391659
synth/blob/amb0.90,622,1,0.0,0.0,blob,2867,2,0.05401611328125,0.0,0.5907869822382592,0.8912570887450573,0.8764934191462028,0.5378643142350734,0.3439257804260933,10.0,0.0486450985697765,0.8996918722542203,0.5,0.4,1.0,0.15,0.9,0.2,0.9,0.15,0.75,0.85,0.0,0.55,0.95,0.8996918722542203,0.5436528398391659
synth/blob/amb0.90,623,1,0.0,0.0,blob,2867,3,0.0206298828125,0.0,0.5907869822382592,0.8912570887450573,0.8764934191462028,0.5378643142350734,0.3439257804260933,10.0,0.0486450985697765,0.8996918722542203,0.5,0.4,1.0,0.15,0.9,0.2,0.9,0.15,0.75,0.85,0.0,0.55,0.95,0.8996918722542203,0.5436528398391659
synth/elongated/amb0.86,624,1,0.0,0.0,elongated,2940,0,0.004638671875,0.001709401762733857,0.5944276876342932,0.6602615147935638,0.47734984288036764,0.35589817826072134,0.6646201888654724,17.0,0.7247447857915233,0.8524506251545629,0.5,0.4,1.0,0.15,0.9,0.2,0.9,0.15,0.75,0.85,0.0,0.55,0.95,0.8524506251545629,0.6736367013002962
synth/elongated/amb0.86,625,1,0.1925133615732193,0.1925133615732193,elongated,2940,1,0.00885009765625,0.0,0.5944276876342932,0.6602615147935638,0.47734984288036764,0.35589817826072134,0.6646201888654724,17.0,0.7247447857915233,0.8524506251545629,0.5,0.4,1.0,0.15,0.9,0.2,0.9,0.15,0.75,0.85,0.0,0.55,0.95,0.8524506251545629,0.6736367013002962
synth/elongated/amb0.86,626,1,0.0,0.0,elongated,2940,2,0.0106201171875,0.0,0.5944276876342932,0.6602615147935638,0.47734984288036764,0.35589817826072134,0.6646201888654724,17.0,0.7247447857915233,0.8524506251545629,0.5,0.4,1.0,0.15,0.9,0.2,0.9,0.15,0.75,0.85,0.0,0.55,0.95,0.8524506251545629,0.6736367013002962
synth/elongated/amb0.86,627,1,0.0,0.0,elongated,2940,3,0.00531005859375,0.0,0.5944276876342932,0.6602615147935638,0.47734984288036764,0.35589817826072134,0.6646201888654724,17.0,0.7247447857915233,0.8524506251545629,0.5,0.4,1.0,0.15,0.9,0.2,0.9,0.15,0.75,0.85,0.0,0.55,0.95,0.8524506251545629,0.6736367013002962
synth/annular/amb0.93,628,1,0.0,0.0,annular,2960,0,0.03338623046875,0.0,0.5235988826855204,0.8017400818916702,0.4969321597742381,0.4589921770996113,0.3129079674745272,11.0,0.7313241495166316,0.9215054466319286,0.5,0.4,1.0,0.15,0.9,0.2,0.9,0.15,0.75,0.85,0.0,0.55,0.95,0.9215054466319286,0.5524767733933063
synth/annular/amb0.93,629,1,0.0,0.0,annular,2960,1,0.015625,0.03558718909819921,0.5235988826855204,0.8017400818916702,0.4969321597742381,0.4589921770996113,0.3129079674745272,11.0,0.7313241495166316,0.9215054466319286,0.5,0.4,1.0,0.15,0.9,0.2,0.9,0.15,0.75,0.85,0.0,0.55,0.95,0.9215054466319286,0.5524767733933063
synth/annular/amb0.93,630,1,0.2901376187801361,0.2901376187801361,annular,2960,2,0.07861328125,0.05451830103993416,0.5235988826855204,0.8017400818916702,0.4969321597742381,0.4589921770996113,0.3129079674745272,11.0,0.7313241495166316,0.9215054466319286,0.5,0.4,1.0,0.15,0.9,0.2,0.9,0.15,0.75,0.85,0.0,0.55,0.95,0.9215054466319286,0.5524767733933063
synth/annular/amb0.93,631,1,0.0,0.0,annular,2960,3,0.01129150390625,0.0,0.5235988826855204,0.8017400818916702,0.4969321597742381,0.4589921770996113,0.3129079674745272,11.0,0.7313241495166316,0.9215054466319286,0.5,0.4,1.0,0.15,0.9,0.2,0.9,0.15,0.75,0.85,0.0,0.55,0.95,0.9215054466319286,0.5524767733933063
synth/scattered/amb0.95,632,1,0.0,0.0,scattered,2963,0,0.05535888671875,0.06799186766147614,0.5825205304217531,0.49849054787196206,0.504660809690068,0.4611592450008124,0.5694940492042255,17.0,0.935119550604881,0.9685676905662876,0.5,0.4,1.0,0.15,0.9,0.2,0.9,0.15,0.75,0.85,0.0,0.55,0.95,1.0,0.9290374131247605
synth/scattered/amb0.95,633,1,0.0,0.0,scattered,2963,1,0.02276611328125,0.01900943337629239,0.5825205304217531,0.49849054787196206,0.504660809690068,0.4611592450008124,0.5694940492042255,17.0,0.935119550604881,0.9685676905662876,0.5,0.4,1.0,0.15,0.9,0.2,0.9,0.15,0.75,0.85,0.0,0.55,0.95,1.0,0.9290374131247605
synth/scattered/amb0.95,634,1,0.0,0.0,scattered,2963,2,0.03863525390625,0.0010116337798535824,0.5825205304217531,0.49849054787196206,0.504660809690068,0.4611592450008124,0.5694940492042255,17.0,0.935119550604881,0.9685676905662876,0.5,0.4,1.0,0.15,0.9,0.2,0.9,0.15,0.75,0.85,0.0,0.55,0.95,1.0,0.9290374131247605
synth/scattered/amb0.95,635,1,0.0,0.0,scattered,2963,3,0.0198974609375,0.0,0.5825205304217531,0.49849054787196206,0.504660809690068,0.4611592450008124,0.5694940492042255,17.0,0.935119550604881,0.9685676905662876,0.5,0.4,1.0,0.15,0.9,0.2,0.9,0.15,0.75,0.85,0.0,0.55,0.95,1.0,0.9290374131247605
synth/annular/amb0.93,636,1,0.013544018380343914,0.013544018380343914,annular,2965,0,0.088623046875,0.0698337418337663,0.8976369031893778,0.5915935656316957,0.5081864529546083,0.5664157350477811,0.48565028197972765,13.0,0.2832400137211284,0.9204441172832094,0.5,0.4,1.0,0.15,0.9,0.2,0.9,0.15,0.75,0.85,0.0,0.55,0.95,0.9204441172832094,0.5778057621302175
synth/annular/amb0.93,637,1,0.10740203410387039,0.10740203410387039,annular,2965,1,0.11578369140625,0.053244548539320626,0.8976369031893778,0.5915935656316957,0.5081864529546083,0.5664157350477811,0.48565028197972765,13.0,0.2832400137211284,0.9204441172832094,0.5,0.4,1.0,0.15,0.9,0.2,0.9,0.15,0.75,0.85,0.0,0.55,0.95,0.9204441172832094,0.5778057621302175
synth/annular/amb0.93,638,1,0.24523693323135376,0.24523693323135376,annular,2965,2,0.084716796875,0.06357388198375702,0.8976369031893778,0.5915935656316957,0.5081864529546083,0.5664157350477811,0.48565028197972765,13.0,0.2832400137211284,0.9204441172832094,0.5,0.4,1.0,0.15,0.9,0.2,0.9,0.15,0.75,0.85,0.0,0.55,0.95,0.9204441172832094,0.5778057621302175
synth/annular/amb0.93,639,1,0.010409889742732048,0.010409889742732048,annular,2965,3,0.08123779296875,0.011729618068784475,0.8976369031893778,0.5915935656316957,0.5081864529546083,0.5664157350477811,0.48565028197972765,13.0,0.2832400137211284,0.9204441172832094,0.5,0.4,1.0,0.15,0.9,0.2,0.9,0.15,0.75,0.85,0.0,0.55,0.95,0.9204441172832094,0.5778057621302175
synth/blob/amb0.98,640,1,0.06750000268220901,0.06750000268220901,blob,2983,0,0.025634765625,0.022727273404598236,0.8866721680094747,0.8326618287183538,0.33742749413367634,0.4196113639751921,0.6450860072983529,23.0,0.9600867151964718,0.9980499711332388,0.5,0.4,1.0,0.15,0.9,0.2,0.9,0.15,0.75,0.85,0.0,0.55,0.95,0.9980499711332388,0.6589961079819454
synth/blob/amb0.98,641,1,0.0,0.0,blob,2983,1,0.00665283203125,0.0,0.8866721680094747,0.8326618287183538,0.33742749413367634,0.4196113639751921,0.6450860072983529,23.0,0.9600867151964718,0.9980499711332388,0.5,0.4,1.0,0.15,0.9,0.2,0.9,0.15,0.75,0.85,0.0,0.55,0.95,0.9980499711332388,0.6589961079819454
synth/blob/amb0.98,642,1,0.2134387344121933,0.2134387344121933,blob,2983,2,0.00762939453125,0.0,0.8866721680094747,0.8326618287183538,0.33742749413367634,0.4196113639751921,0.6450860072983529,23.0,0.9600867151964718,0.9980499711332388,0.5,0.4,1.0,0.15,0.9,0.2,0.9,0.15,0.75,0.85,0.0,0.55,0.95,0.9980499711332388,0.6589961079819454
synth/blob/amb0.98,643,1,0.0,0.0,blob,2983,3,0.00335693359375,0.0,0.8866721680094747,0.8326618287183538,0.33742749413367634,0.4196113639751921,0.6450860072983529,23.0,0.9600867151964718,0.9980499711332388,0.5,0.4,1.0,0.15,0.9,0.2,0.9,0.15,0.75,0.85,0.0,0.55,0.95,0.9980499711332388,0.6589961079819454
synth/annular/amb0.95,644,1,0.0,0.0,annular,3007,0,0.0091552734375,0.0,0.48530360766307734,0.6557561865524042,0.39596032030465383,0.18505510936375458,0.5285487557825991,13.0,0.40274181276009136,0.9499953307589787,0.5,0.4,1.0,0.15,0.9,0.2,0.9,0.15,0.75,0.85,0.0,0.55,0.95,0.9499953307589787,0.646840507594978
synth/annular/amb0.95,645,1,0.0,0.0,annular,3007,1,0.00079345703125,0.0,0.48530360766307734,0.6557561865524042,0.39596032030465383,0.18505510936375458,0.5285487557825991,13.0,0.40274181276009136,0.9499953307589787,0.5,0.4,1.0,0.15,0.9,0.2,0.9,0.15,0.75,0.85,0.0,0.55,0.95,0.9499953307589787,0.646840507594978
synth/annular/amb0.95,646,1,0.0,0.0,annular,3007,2,0.00421142578125,0.021231422821680706,0.48530360766307734,0.6557561865524042,0.39596032030465383,0.18505510936375458,0.5285487557825991,13.0,0.40274181276009136,0.9499953307589787,0.5,0.4,1.0,0.15,0.9,0.2,0.9,0.15,0.75,0.85,0.0,0.55,0.95,0.9499953307589787,0.646840507594978
synth/annular/amb0.95,647,1,0.0,0.0,annular,3007,3,0.00555419921875,0.0,0.48530360766307734,0.6557561865524042,0.39596032030465383,0.18505510936375458,0.5285487557825991,13.0,0.40274181276009136,0.9499953307589787,0.5,0.4,1.0,0.15,0.9,0.2,0.9,0.15,0.75,0.85,0.0,0.55,0.95,0.9499953307589787,0.646840507594978
synth/tubular/amb0.93,648,1,0.0,0.0,tubular,3027,0,0.1328125,0.028265771145621937,0.8723948162776995,0.20615276528200555,0.6758106659781882,0.456607754436009,0.9129317536993065,21.0,0.9061688483011635,0.921612920725159,0.5,0.4,1.0,0.15,0.9,0.2,0.9,0.15,0.75,0.85,0.0,0.55,0.95,0.921612920725159,1.0
synth/tubular/amb0.93,649,1,0.03940886631608009,0.03940886631608009,tubular,3027,1,0.04949951171875,0.030475730697313946,0.8723948162776995,0.20615276528200555,0.6758106659781882,0.456607754436009,0.9129317536993065,21.0,0.9061688483011635,0.921612920725159,0.5,0.4,1.0,0.15,0.9,0.2,0.9,0.15,0.75,0.85,0.0,0.55,0.95,0.921612920725159,1.0
synth/tubular/amb0.93,650,1,0.03991130739450455,0.03991130739450455,tubular,3027,2,0.07330322265625,0.03195387745896975,0.8723948162776995,0.20615276528200555,0.6758106659781882,0.456607754436009,0.9129317536993065,21.0,0.9061688483011635,0.921612920725159,0.5,0.4,1.0,0.15,0.9,0.2,0.9,0.15,0.75,0.85,0.0,0.55,0.95,0.921612920725159,1.0
synth/tubular/amb0.93,651,1,0.005610098131000996,0.005610098131000996,tubular,3027,3,0.03851318359375,0.041193963338931404,0.8723948162776995,0.20615276528200555,0.6758106659781882,0.456607754436009,0.9129317536993065,21.0,0.9061688483011635,0.921612920725159,0.5,0.4,1.0,0.15,0.9,0.2,0.9,0.15,0.75,0.85,0.0,0.55,0.95,0.921612920725159,1.0
synth/annular/amb0.86,652,1,0.0,0.0,annular,3029,0,0.00140380859375,0.0,0.5558994589912656,0.655989246926036,0.5923575753750732,0.22578057718217082,0.4677765490333655,11.0,0.8462644749544416,0.850263711792524,0.5,0.4,1.0,0.15,0.9,0.2,0.9,0.15,0.75,0.85,0.0,0.55,0.95,0.850263711792524,0.626190302822524
synth/annular/amb0.86,653,1,0.0,0.0,annular,3029,1,0.001953125,0.0,0.5558994589912656,0.655989246926036,0.5923575753750732,0.22578057718217082,0.4677765490333655,11.0,0.8462644749544416,0.850263711792524,0.5,0.4,1.0,0.15,0.9,0.2,0.9,0.15,0.75,0.85,0.0,0.55,0.95,0.850263711792524,0.626190302822524
synth/annular/amb0.86,654,1,0.0,0.0,annular,3029,2,0.03759765625,0.0,0.5558994589912656,0.655989246926036,0.5923575753750732,0.22578057718217082,0.4677765490333655,11.0,0.8462644749544416,0.850263711792524,0.5,0.4,1.0,0.15,0.9,0.2,0.9,0.15,0.75,0.85,0.0,0.55,0.95,0.850263711792524,0.626190302822524
synth/annular/amb0.86,655,1,0.004884005058556795,0.004884005058556795,annular,3029,3,0.04901123046875,0.01827411229411761,0.5558994589912656,0.655989246926036,0.5923575753750732,0.22578057718217082,0.4677765490333655,11.0,0.8462644749544416,0.850263711792524,0.5,0.4,1.0,0.15,0.9,0.2,0.9,0.15,0.75,0.85,0.0,0.55,0.95,0.850263711792524,0.626190302822524
synth/scattered/amb0.93,656,1,0.07887323945760727,0.07887323945760727,scattered,3074,0,0.07843017578125,0.02858055227746566,0.37252772387640687,0.37581890648492317,0.37929442728893714,0.5036477517167623,0.5022927215441075,21.0,0.034933744884921736,0.9351495353645405,0.5,0.4,1.0,0.15,0.9,0.2,0.9,0.15,0.75,0.85,0.0,0.55,0.95,1.0,0.8998407961663242
synth/scattered/amb0.93,657,1,0.0,0.0,scattered,3074,1,0.03643798828125,0.0021734091763695083,0.37252772387640687,0.37581890648492317,0.37929442728893714,0.5036477517167623,0.5022927215441075,21.0,0.034933744884921736,0.9351495353645405,0.5,0.4,1.0,0.15,0.9,0.2,0.9,0.15,0.75,0.85,0.0,0.55,0.95,1.0,0.8998407961663242
synth/scattered/amb0.93,658,1,0.0,0.0,scattered,3074,2,0.02813720703125,0.009480369510129094,0.37252772387640687,0.37581890648492317,0.37929442728893714,0.5036477517167623,0.5022927215441075,21.0,0.034933744884921736,0.9351495353645405,0.5,0.4,1.0,0.15,0.9,0.2,0.9,0.15,0.75,0.85,0.0,0.55,0.95,1.0,0.8998407961663242
synth/scattered/amb0.93,659,1,0.0946027860045433,0.0946027860045433,scattered,3074,3,0.07330322265625,0.09783527255058289,0.37252772387640687,0.37581890648492317,0.37929442728893714,0.5036477517167623,0.5022927215441075,21.0,0.034933744884921736,0.9351495353645405,0.5,0.4,1.0,0.15,0.9,0.2,0.9,0.15,0.75,0.85,0.0,0.55,0.95,1.0,0.8998407961663242
synth/annular/amb0.90,660,1,0.20757363736629486,0.20757363736629486,annular,3077,0,0.09808349609375,0.07829759518305461,0.4558951407912137,0.23831666293918208,0.5300221670740708,0.4174960037660478,0.8564830884856711,7.0,0.1328878394481664,0.8970814605601404,0.5,0.4,1.0,0.15,0.9,0.2,0.9,0.15,0.75,0.85,0.0,0.55,0.95,0.8970814605601404,0.7227499734886809
synth/annular/amb0.90,661,1,0.061248525977134705,0.061248525977134705,annular,3077,1,0.076171875,0.01880877713362376,0.4558951407912137,0.23831666293918208,0.5300221670740708,0.4174960037660478,0.8564830884856711,7.0,0.1328878394481664,0.8970814605601404,0.5,0.4,1.0,0.15,0.9,0.2,0.9,0.15,0.75,0.85,0.0,0.55,0.95,0.8970814605601404,0.7227499734886809
synth/annular/amb0.90,662,1,0.0,0.0,annular,3077,2,0.05401611328125,0.09569150457779567,0.4558951407912137,0.23831666293918208,0.5300221670740708,0.4174960037660478,0.8564830884856711,7.0,0.1328878394481664,0.8970814605601404,0.5,0.4,1.0,0.15,0.9,0.2,0.9,0.15,0.75,0.85,0.0,0.55,0.95,0.8970814605601404,0.7227499734886809
synth/annular/amb0.90,663,1,0.0,0.0,annular,3077,3,0.00927734375,0.0,0.4558951407912137,0.23831666293918208,0.5300221670740708,0.4174960037660478,0.8564830884856711,7.0,0.1328878394481664,0.8970814605601404,0.5,0.4,1.0,0.15,0.9,0.2,0.9,0.15,0.75,0.85,0.0,0.55,0.95,0.8970814605601404,0.7227499734886809
synth/tubular/amb0.98,664,1,0.24229606986045837,0.24229606986045837,tubular,3080,0,0.0699462890625,0.19325308501720428,0.47469129527243825,0.40804143882943233,0.4034360151355114,0.40921368556531723,0.5957354644309667,22.0,0.16567420387628418,0.9892476829675384,0.5,0.4,1.0,0.15,0.9,0.2,0.9,0.15,0.75,0.85,0.0,0.55,0.95,0.9892476829675384,1.0
synth/tubular/amb0.98,665,1,0.01604278013110161,0.01604278013110161,tubular,3080,1,0.19891357421875,0.11722430835167567,0.47469129527243825,0.40804143882943233,0.4034360151355114,0.40921368556531723,0.5957354644309667,22.0,0.16567420387628418,0.9892476829675384,0.5,0.4,1.0,0.15,0.9,0.2,0.9,0.15,0.75,0.85,0.0,0.55,0.95,0.9892476829675384,1.0
synth/tubular/amb0.98,666,1,0.28022539615631104,0.28022539615631104,tubular,3080,2,0.14044189453125,0.16539395103851953,0.47469129527243825,0.40804143882943233,0.4034360151355114,0.40921368556531723,0.5957354644309667,22.0,0.16567420387628418,0.9892476829675384,0.5,0.4,1.0,0.15,0.9,0.2,0.9,0.15,0.75,0.85,0.0,0.55,0.95,0.9892476829675384,1.0
synth/tubular/amb0.98,667,1,0.17670899629592896,0.17670899629592896,tubular,3080,3,0.09295654296875,0.11576164226668577,0.47469129527243825,0.40804143882943233,0.4034360151355114,0.40921368556531723,0.5957354644309667,22.0,0.16567420387628418,0.9892476829675384,0.5,0.4,1.0,0.15,0.9,0.2,0.9,0.15,0.75,0.85,0.0,0.55,0.95,0.9892476829675384,1.0
synth/blob/amb0.90,668,1,0.0,0.0,blob,3096,0,0.000732421875,0.0,0.8945064892712538,0.259514293709976,0.85574125566597,0.23107999355451114,0.7343151384538592,14.0,0.6660840421328963,0.8891763434256198,0.5,0.4,1.0,0.15,0.9,0.2,0.9,0.15,0.75,0.85,0.0,0.55,0.95,0.8891763434256198,0.7058024859404376
synth/blob/amb0.90,669,1,0.0,0.0,blob,3096,1,0.00860595703125,0.0,0.8945064892712538,0.259514293709976,0.85574125566597,0.23107999355451114,0.7343151384538592,14.0,0.6660840421328963,0.8891763434256198,0.5,0.4,1.0,0.15,0.9,0.2,0.9,0.15,0.75,0.85,0.0,0.55,0.95,0.8891763434256198,0.7058024859404376
synth/blob/amb0.90,670,1,0.0,0.0,blob,3096,2,0.01580810546875,0.0,0.8945064892712538,0.259514293709976,0.85574125566597,0.23107999355451114,0.7343151384538592,14.0,0.6660840421328963,0.8891763434256198,0.5,0.4,1.0,0.15,0.9,0.2,0.9,0.15,0.75,0.85,0.0,0.55,0.95,0.8891763434256198,0.7058024859404376
synth/blob/amb0.90,671,1,0.0,0.0,blob,3096,3,0.01446533203125,0.0,0.8945064892712538,0.259514293709976,0.85574125566597,0.23107999355451114,0.7343151384538592,14.0,0.6660840421328963,0.8891763434256198,0.5,0.4,1.0,0.15,0.9,0.2,0.9,0.15,0.75,0.85,0.0,0.55,0.95,0.8891763434256198,0.7058024859404376
synth/annular/amb0.86,672,1,0.0,0.0,annular,3104,0,0.0025634765625,0.0,0.7908199491334781,0.562045427078026,0.8045970252098003,0.2340619658750543,0.6815528597468572,15.0,0.9146561249226927,0.864220268568777,0.5,0.4,1.0,0.15,0.9,0.2,0.9,0.15,0.75,0.85,0.0,0.55,0.95,0.864220268568777,0.6897734175776753
synth/annular/amb0.86,673,1,0.0,0.0,annular,3104,1,0.00054931640625,0.0,0.7908199491334781,0.562045427078026,0.8045970252098003,0.2340619658750543,0.6815528597468572,15.0,0.9146561249226927,0.864220268568777,0.5,0.4,1.0,0.15,0.9,0.2,0.9,0.15,0.75,0.85,0.0,0.55,0.95,0.864220268568777,0.6897734175776753
synth/annular/amb0.86,674,1,0.0,0.0,annular,3104,2,0.0040283203125,0.0,0.7908199491334781,0.562045427078026,0.8045970252098003,0.2340619658750543,0.6815528597468572,15.0,0.9146561249226927,0.864220268568777,0.5,0.4,1.0,0.15,0.9,0.2,0.9,0.15,0.75,0.85,0.0,0.55,0.95,0.864220268568777,0.6897734175776753
synth/annular/amb0.86,675,1,0.0,0.0,annular,3104,3,0.00042724609375,0.0,0.7908199491334781,0.562045427078026,0.8045970252098003,0.2340619658750543,0.6815528597468572,15.0,0.9146561249226927,0.864220268568777,0.5,0.4,1.0,0.15,0.9,0.2,0.9,0.15,0.75,0.85,0.0,0.55,0.95,0.864220268568777,0.6897734175776753
synth/annular/amb0.95,676,1,0.0,0.0,annular,3120,0,0.02545166015625,0.07815008858839671,0.8368297206750535,0.6948628602915585,0.7245200384966053,0.5112378668997597,0.861582513603214,20.0,0.1160123716838195,0.9468267516340003,0.5,0.4,1.0,0.15,0.9,0.2,0.9,0.15,0.75,0.85,0.0,0.55,0.95,0.9468267516340003,0.7058190119458196
synth/annular/amb0.95,677,1,0.0,0.0,annular,3120,1,0.02642822265625,0.003401360474526882,0.8368297206750535,0.6948628602915585,0.7245200384966053,0.5112378668997597,0.861582513603214,20.0,0.1160123716838195,0.9468267516340003,0.5,0.4,1.0,0.15,0.9,0.2,0.9,0.15,0.75,0.85,0.0,0.55,0.95,0.9468267516340003,0.7058190119458196
synth/annular/amb0.95,678,1,0.04430379718542099,0.04430379718542099,annular,3120,2,0.008056640625,0.02654115917781989,0.8368297206750535,0.6948628602915585,0.7245200384966053,0.5112378668997597,0.861582513603214,20.0,0.1160123716838195,0.9468267516340003,0.5,0.4,1.0,0.15,0.9,0.2,0.9,0.15,0.75,0.85,0.0,0.55,0.95,0.9468267516340003,0.7058190119458196
synth/annular/amb0.95,679,1,0.19522777199745178,0.19522777199745178,annular,3120,3,0.01910400390625,0.08649033308029175,0.8368297206750535,0.6948628602915585,0.7245200384966053,0.5112378668997597,0.861582513603214,20.0,0.1160123716838195,0.9468267516340003,0.5,0.4,1.0,0.15,0.9,0.2,0.9,0.15,0.75,0.85,0.0,0.55,0.95,0.9468267516340003,0.7058190119458196
synth/elongated/amb0.95,680,1,0.146163210272789,0.146163210272789,elongated,3219,0,0.01953125,0.03890462716420492,0.7775269628288163,0.5919124006740754,0.8893408986883371,0.5727290567187355,0.8804352299903486,18.0,0.26291872990281673,0.9590665838807612,0.5,0.4,1.0,0.15,0.9,0.2,0.9,0.15,0.75,0.85,0.0,0.55,0.95,0.9590665838807612,0.6942384644660262
synth/elongated/amb0.95,681,1,0.006785411387681961,0.006785411387681961,elongated,3219,1,0.034423828125,0.09239346782366435,0.7775269628288163,0.5919124006740754,0.8893408986883371,0.5727290567187355,0.8804352299903486,18.0,0.26291872990281673,0.9590665838807612,0.5,0.4,1.0,0.15,0.9,0.2,0.9,0.15,0.75,0.85,0.0,0.55,0.95,0.9590665838807612,0.6942384644660262
synth/elongated/amb0.95,682,1,0.048701297491788864,0.048701297491788864,elongated,3219,2,0.05694580078125,0.16816113392512003,0.7775269628288163,0.5919124006740754,0.8893408986883371,0.5727290567187355,0.8804352299903486,18.0,0.26291872990281673,0.9590665838807612,0.5,0.4,1.0,0.15,0.9,0.2,0.9,0.15,0.75,0.85,0.0,0.55,0.95,0.9590665838807612,0.6942384644660262
synth/elongated/amb0.95,683,1,0.0,0.0,elongated,3219,3,0.0152587890625,0.0038188761100172997,0.7775269628288163,0.5919124006740754,0.8893408986883371,0.5727290567187355,0.8804352299903486,18.0,0.26291872990281673,0.9590665838807612,0.5,0.4,1.0,0.15,0.9,0.2,0.9,0.15,0.75,0.85,0.0,0.55,0.95,0.9590665838807612,0.6942384644660262
synth/scattered/amb0.95,684,1,0.05681818351149559,0.05681818351149559,scattered,3233,0,0.0208740234375,0.11304340076943238,0.6487729986969617,0.3933599211154923,0.367008036821605,0.13133285939832107,0.3714939316087851,18.0,0.7618061410485288,0.9633737895879163,0.5,0.4,1.0,0.15,0.9,0.2,0.9,0.15,0.75,0.85,0.0,0.55,0.95,1.0,0.9022936564196262
synth/scattered/amb0.95,685,1,0.0074349441565573215,0.0074349441565573215,scattered,3233,1,0.0111083984375,0.0,0.6487729986969617,0.3933599211154923,0.367008036821605,0.13133285939832107,0.3714939316087851,18.0,0.7618061410485288,0.9633737895879163,0.5,0.4,1.0,0.15,0.9,0.2,0.9,0.15,0.75,0.85,0.0,0.55,0.95,1.0,0.9022936564196262
synth/scattered/amb0.95,686,1,0.0,0.0,scattered,3233,2,0.00860595703125,0.0,0.6487729986969617,0.3933599211154923,0.367008036821605,0.13133285939832107,0.3714939316087851,18.0,0.7618061410485288,0.9633737895879163,0.5,0.4,1.0,0.15,0.9,0.2,0.9,0.15,0.75,0.85,0.0,0.55,0.95,1.0,0.9022936564196262
synth/scattered/amb0.95,687,1,0.0,0.0,scattered,3233,3,0.00616455078125,0.01709401731689771,0.6487729986969617,0.3933599211154923,0.367008036821605,0.13133285939832107,0.3714939316087851,18.0,0.7618061410485288,0.9633737895879163,0.5,0.4,1.0,0.15,0.9,0.2,0.9,0.15,0.75,0.85,0.0,0.55,0.95,1.0,0.9022936564196262
synth/scattered/amb0.95,688,1,0.0,0.0,scattered,3235,0,0.071044921875,0.016149049974046648,0.38155116090249364,0.40333077297291414,0.8054570428083636,0.496435397813943,0.34794548233085404,20.0,0.23361313633435865,0.9412302326924956,0.5,0.4,1.0,0.15,0.9,0.2,0.9,0.15,0.75,0.85,0.0,0.55,0.95,1.0,0.855197724599088
synth/scattered/amb0.95,689,1,0.018801409751176834,0.018801409751176834,scattered,3235,1,0.025634765625,0.05277551462252935,0.38155116090249364,0.40333077297291414,0.8054570428083636,0.496435397813943,0.34794548233085404,20.0,0.23361313633435865,0.9412302326924956,0.5,0.4,1.0,0.15,0.9,0.2,0.9,0.15,0.75,0.85,0.0,0.55,0.95,1.0,0.855197724599088
synth/scattered/amb0.95,690,1,0.0,0.0,scattered,3235,2,0.0120849609375,0.049484350408116974,0.38155116090249364,0.40333077297291414,0.8054570428083636,0.496435397813943,0.34794548233085404,20.0,0.23361313633435865,0.9412302326924956,0.5,0.4,1.0,0.15,0.9,0.2,0.9,0.15,0.75,0.85,0.0,0.55,0.95,1.0,0.855197724599088
synth/scattered/amb0.95,691,1,0.0,0.0,scattered,3235,3,0.05462646484375,0.04993215575814247,0.38155116090249364,0.40333077297291414,0.8054570428083636,0.496435397813943,0.34794548233085404,20.0,0.23361313633435865,0.9412302326924956,0.5,0.4,1.0,0.15,0.9,0.2,0.9,0.15,0.75,0.85,0.0,0.55,0.95,1.0,0.855197724599088
synth/tubular/amb0.90,692,1,0.15731166303157806,0.15731166303157806,tubular,3238,0,0.11669921875,0.07611868126938741,0.6597627422916346,0.4078944889244287,0.5519421711967923,0.23663962242811926,0.858188195698109,13.0,0.6680598836080014,0.887433930043245,0.5,0.4,1.0,0.15,0.9,0.2,0.9,0.15,0.75,0.85,0.0,0.55,0.95,0.887433930043245,1.0
synth/tubular/amb0.90,693,1,0.218464657664299,0.218464657664299,tubular,3238,1,0.09381103515625,0.15137466539939246,0.6597627422916346,0.4078944889244287,0.5519421711967923,0.23663962242811926,0.858188195698109,13.0,0.6680598836080014,0.887433930043245,0.5,0.4,1.0,0.15,0.9,0.2,0.9,0.15,0.75,0.85,0.0,0.55,0.95,0.887433930043245,1.0
synth/tubular/amb0.90,694,1,0.05990265682339668,0.05990265682339668,tubular,3238,2,0.11175537109375,0.07729115709662437,0.6597627422916346,0.4078944889244287,0.5519421711967923,0.23663962242811926,0.858188195698109,13.0,0.6680598836080014,0.887433930043245,0.5,0.4,1.0,0.15,0.9,0.2,0.9,0.15,0.75,0.85,0.0,0.55,0.95,0.887433930043245,1.0
synth/tubular/amb0.90,695,1,0.02592971734702587,0.02592971734702587,tubular,3238,3,0.1497802734375,0.06389429233968258,0.6597627422916346,0.4078944889244287,0.5519421711967923,0.23663962242811926,0.858188195698109,13.0,0.6680598836080014,0.887433930043245,0.5,0.4,1.0,0.15,0.9,0.2,0.9,0.15,0.75,0.85,0.0,0.55,0.95,0.887433930043245,1.0
synth/scattered/amb0.90,696,1,0.0,0.0,scattered,3245,0,0.0029296875,0.003375527448952198,0.6341876113728417,0.4029458094326893,0.7107603662068585,0.318675458461525,0.3397448754789562,13.0,0.23849823779313784,0.8878120406225048,0.5,0.4,1.0,0.15,0.9,0.2,0.9,0.15,0.75,0.85,0.0,0.55,0.95,1.0,0.880230397458591
synth/scattered/amb0.90,697,1,0.0,0.0,scattered,3245,1,0.00811767578125,0.0,0.6341876113728417,0.4029458094326893,0.7107603662068585,0.318675458461525,0.3397448754789562,13.0,0.23849823779313784,0.8878120406225048,0.5,0.4,1.0,0.15,0.9,0.2,0.9,0.15,0.75,0.85,0.0,0.55,0.95,1.0,0.880230397458591
synth/scattered/amb0.90,698,1,0.0,0.0,scattered,3245,2,0.00421142578125,0.027881868183612823,0.6341876113728417,0.4029458094326893,0.7107603662068585,0.318675458461525,0.3397448754789562,13.0,0.23849823779313784,0.8878120406225048,0.5,0.4,1.0,0.15,0.9,0.2,0.9,0.15,0.75,0.85,0.0,0.55,0.95,1.0,0.880230397458591
synth/scattered/amb0.90,699,1,0.0,0.0,scattered,3245,3,0.013671875,0.02068965509533882,0.6341876113728417,0.4029458094326893,0.7107603662068585,0.318675458461525,0.3397448754789562,13.0,0.23849823779313784,0.8878120406225048,0.5,0.4,1.0,0.15,0.9,0.2,0.9,0.15,0.75,0.85,0.0,0.55,0.95,1.0,0.880230397458591
synth/tubular/amb0.90,700,1,0.0,0.0,tubular,3253,0,0.034912109375,0.03432745051880678,0.6929947053168162,0.45939659493790697,0.5230445664504758,0.4991546347576447,0.5286690073762463,14.0,0.13151198835882305,0.8804446192724835,0.5,0.4,1.0,0.15,0.9,0.2,0.9,0.15,0.75,0.85,0.0,0.55,0.95,0.8804446192724835,1.0
synth/tubular/amb0.90,701,1,0.03141361102461815,0.03141361102461815,tubular,3253,1,0.0767822265625,0.0694372554620107,0.6929947053168162,0.45939659493790697,0.5230445664504758,0.4991546347576447,0.5286690073762463,14.0,0.13151198835882305,0.8804446192724835,0.5,0.4,1.0,0.15,0.9,0.2,0.9,0.15,0.75,0.85,0.0,0.55,0.95,0.8804446192724835,1.0
synth/tubular/amb0.90,702,1,0.0,0.0,tubular,3253,2,0.01226806640625,0.012349684800331792,0.6929947053168162,0.45939659493790697,0.5230445664504758,0.4991546347576447,0.5286690073762463,14.0,0.13151198835882305,0.8804446192724835,0.5,0.4,1.0,0.15,0.9,0.2,0.9,0.15,0.75,0.85,0.0,0.55,0.95,0.8804446192724835,1.0
synth/tubular/amb0.90,703,1,0.054811205714941025,0.054811205714941025,tubular,3253,3,0.06622314453125,0.01288952740530173,0.6929947053168162,0.45939659493790697,0.5230445664504758,0.4991546347576447,0.5286690073762463,14.0,0.13151198835882305,0.8804446192724835,0.5,0.4,1.0,0.15,0.9,0.2,0.9,0.15,0.75,0.85,0.0,0.55,0.95,0.8804446192724835,1.0
synth/scattered/amb0.90,704,1,0.0,0.0,scattered,3258,0,0.01458740234375,0.04641437095900377,0.3302600731985948,0.2603962254315838,0.4282200127155711,0.3318399389695733,0.9787191492639582,9.0,0.29039739418829547,0.8983347721731444,0.5,0.4,1.0,0.15,0.9,0.2,0.9,0.15,0.75,0.85,0.0,0.55,0.95,1.0,1.0
synth/scattered/amb0.90,705,1,0.0,0.0,scattered,3258,1,0.011474609375,0.012882447491089502,0.3302600731985948,0.2603962254315838,0.4282200127155711,0.3318399389695733,0.9787191492639582,9.0,0.29039739418829547,0.8983347721731444,0.5,0.4,1.0,0.15,0.9,0.2,0.9,0.15,0.75,0.85,0.0,0.55,0.95,1.0,1.0
synth/scattered/amb0.90,706,1,0.10369068384170532,0.10369068384170532,scattered,3258,2,0.06268310546875,0.05592845752835274,0.3302600731985948,0.2603962254315838,0.4282200127155711,0.3318399389695733,0.9787191492639582,9.0,0.29039739418829547,0.8983347721731444,0.5,0.4,1.0,0.15,0.9,0.2,0.9,0.15,0.75,0.85,0.0,0.55,0.95,1.0,1.0
synth/scattered/amb0.90,707,1,0.0,0.0,scattered,3258,3,0.01885986328125,0.085319761497279,0.3302600731985948,0.2603962254315838,0.4282200127155711,0.3318399389695733,0.9787191492639582,9.0,0.29039739418829547,0.8983347721731444,0.5,0.4,1.0,0.15,0.9,0.2,0.9,0.15,0.75,0.85,0.0,0.55,0.95,1.0,1.0
synth/tubular/amb0.86,708,1,0.4074714779853821,0.4074714779853821,tubular,3265,0,0.08514404296875,0.14448345887164274,0.7996606214490458,0.7852165484007072,0.8983118087841888,0.49277657292480204,0.8029762087826264,10.0,0.11979020824738407,0.8730197600356112,0.5,0.4,1.0,0.15,0.9,0.2,0.9,0.15,0.75,0.85,0.0,0.55,0.95,0.8730197600356112,1.0
synth/tubular/amb0.86,709,1,0.34345048666000366,0.34345048666000366,tubular,3265,1,0.0355224609375,0.18275799602270126,0.7996606214490458,0.7852165484007072,0.8983118087841888,0.49277657292480204,0.8029762087826264,10.0,0.11979020824738407,0.8730197600356112,0.5,0.4,1.0,0.15,0.9,0.2,0.9,0.15,0.75,0.85,0.0,0.55,0.95,0.8730197600356112,1.0
synth/tubular/amb0.86,710,1,0.16673828661441803,0.16673828661441803,tubular,3265,2,0.09796142578125,0.19605586181084314,0.7996606214490458,0.7852165484007072,0.8983118087841888,0.49277657292480204,0.8029762087826264,10.0,0.11979020824738407,0.8730197600356112,0.5,0.4,1.0,0.15,0.9,0.2,0.9,0.15,0.75,0.85,0.0,0.55,0.95,0.8730197600356112,1.0
synth/tubular/amb0.86,711,1,0.0008350730640813708,0.0008350730640813708,tubular,3265,3,0.14337158203125,0.014733543852344155,0.7996606214490458,0.7852165484007072,0.8983118087841888,0.49277657292480204,0.8029762087826264,10.0,0.11979020824738407,0.8730197600356112,0.5,0.4,1.0,0.15,0.9,0.2,0.9,0.15,0.75,0.85,0.0,0.55,0.95,0.8730197600356112,1.0
synth/blob/amb0.90,712,1,0.0,0.0,blob,3314,0,0.00885009765625,0.0,0.30514553514814974,0.32054868998910435,0.5682692223696558,0.3033104384159595,0.3995782287263038,15.0,0.1461711896280209,0.8837525556540036,0.5,0.4,1.0,0.15,0.9,0.2,0.9,0.15,0.75,0.85,0.0,0.55,0.95,0.8837525556540036,0.5996623253238261
synth/blob/amb0.90,713,1,0.0,0.0,blob,3314,1,0.021484375,0.0,0.30514553514814974,0.32054868998910435,0.5682692223696558,0.3033104384159595,0.3995782287263038,15.0,0.1461711896280209,0.8837525556540036,0.5,0.4,1.0,0.15,0.9,0.2,0.9,0.15,0.75,0.85,0.0,0.55,0.95,0.8837525556540036,0.5996623253238261
synth/blob/amb0.90,714,1,0.0,0.0,blob,3314,2,0.004638671875,0.0,0.30514553514814974,0.32054868998910435,0.5682692223696558,0.3033104384159595,0.3995782287263038,15.0,0.1461711896280209,0.8837525556540036,0.5,0.4,1.0,0.15,0.9,0.2,0.9,0.15,0.75,0.85,0.0,0.55,0.95,0.8837525556540036,0.5996623253238261
synth/blob/amb0.90,715,1,0.0,0.0,blob,3314,3,0.00982666015625,0.0,0.30514553514814974,0.32054868998910435,0.5682692223696558,0.3033104384159595,0.3995782287263038,15.0,0.1461711896280209,0.8837525556540036,0.5,0.4,1.0,0.15,0.9,0.2,0.9,0.15,0.75,0.85,0.0,0.55,0.95,0.8837525556540036,0.5996623253238261
synth/elongated/amb0.90,716,1,0.0,0.0,elongated,3320,0,0.01318359375,0.0,0.36051372168745743,0.862283479655469,0.8594618307700892,0.2743783445987056,0.7411334640079097,6.0,0.8528625138371108,0.8964020486373245,0.5,0.4,1.0,0.15,0.9,0.2,0.9,0.15,0.75,0.85,0.0,0.55,0.95,0.8964020486373245,0.7046500856122193
synth/elongated/amb0.90,717,1,0.0,0.0,elongated,3320,1,0.01513671875,0.0,0.36051372168745743,0.862283479655469,0.8594618307700892,0.2743783445987056,0.7411334640079097,6.0,0.8528625138371108,0.8964020486373245,0.5,0.4,1.0,0.15,0.9,0.2,0.9,0.15,0.75,0.85,0.0,0.55,0.95,0.8964020486373245,0.7046500856122193
synth/elongated/amb0.90,718,1,0.0,0.0,elongated,3320,2,0.00299072265625,0.0,0.36051372168745743,0.862283479655469,0.8594618307700892,0.2743783445987056,0.7411334640079097,6.0,0.8528625138371108,0.8964020486373245,0.5,0.4,1.0,0.15,0.9,0.2,0.9,0.15,0.75,0.85,0.0,0.55,0.95,0.8964020486373245,0.7046500856122193
synth/elongated/amb0.90,719,1,0.0,0.0,elongated,3320,3,0.01348876953125,0.0,0.36051372168745743,0.862283479655469,0.8594618307700892,0.2743783445987056,0.7411334640079097,6.0,0.8528625138371108,0.8964020486373245,0.5,0.4,1.0,0.15,0.9,0.2,0.9,0.15,0.75,0.85,0.0,0.55,0.95,0.8964020486373245,0.7046500856122193
synth/elongated/amb0.90,720,1,0.11682242900133133,0.11682242900133133,elongated,3340,0,0.01422119140625,0.1705543672045072,0.7244188434615579,0.22414728976326304,0.8409079905679384,0.2989268495308831,0.9169186382057528,14.0,0.5342941947950917,0.9040132965610047,0.5,0.4,1.0,0.15,0.9,0.2,0.9,0.15,0.75,0.85,0.0,0.55,0.95,0.9040132965610047,0.7552683633410155
synth/elongated/amb0.90,721,1,0.0,0.0,elongated,3340,1,0.0047607421875,0.0,0.7244188434615579,0.22414728976326304,0.8409079905679384,0.2989268495308831,0.9169186382057528,14.0,0.5342941947950917,0.9040132965610047,0.5,0.4,1.0,0.15,0.9,0.2,0.9,0.15,0.75,0.85,0.0,0.55,0.95,0.9040132965610047,0.7552683633410155
synth/elongated/amb0.90,722,1,0.0,0.0,elongated,3340,2,0.06365966796875,0.10246679186820984,0.7244188434615579,0.22414728976326304,0.8409079905679384,0.2989268495308831,0.9169186382057528,14.0,0.5342941947950917,0.9040132965610047,0.5,0.4,1.0,0.15,0.9,0.2,0.9,0.15,0.75,0.85,0.0,0.55,0.95,0.9040132965610047,0.7552683633410155
synth/elongated/amb0.90,723,1,0.0,0.0,elongated,3340,3,0.0234375,0.0016750418581068516,0.7244188434615579,0.22414728976326304,0.8409079905679384,0.2989268495308831,0.9169186382057528,14.0,0.5342941947950917,0.9040132965610047,0.5,0.4,1.0,0.15,0.9,0.2,0.9,0.15,0.75,0.85,0.0,0.55,0.95,0.9040132965610047,0.7552683633410155
synth/tubular/amb0.90,724,1,0.30293160676956177,0.30293160676956177,tubular,3392,0,0.0726318359375,0.2964076101779938,0.40296503660845806,0.2588587123050522,0.6672017565918209,0.15432070884116172,0.68441335382239,17.0,0.5792590271141119,0.8895360329551572,0.5,0.4,1.0,0.15,0.9,0.2,0.9,0.15,0.75,0.85,0.0,0.55,0.95,0.8895360329551572,1.0
synth/tubular/amb0.90,725,1,0.4284563660621643,0.4284563660621643,tubular,3392,1,0.11212158203125,0.18759691715240479,0.40296503660845806,0.2588587123050522,0.6672017565918209,0.15432070884116172,0.68441335382239,17.0,0.5792590271141119,0.8895360329551572,0.5,0.4,1.0,0.15,0.9,0.2,0.9,0.15,0.75,0.85,0.0,0.55,0.95,0.8895360329551572,1.0
synth/tubular/amb0.90,726,1,0.26080891489982605,0.26080891489982605,tubular,3392,2,0.10626220703125,0.24797065556049347,0.40296503660845806,0.2588587123050522,0.6672017565918209,0.15432070884116172,0.68441335382239,17.0,0.5792590271141119,0.8895360329551572,0.5,0.4,1.0,0.15,0.9,0.2,0.9,0.15,0.75,0.85,0.0,0.55,0.95,0.8895360329551572,1.0
synth/tubular/amb0.90,727,1,0.138364776968956,0.138364776968956,tubular,3392,3,0.11639404296875,0.14642281830310822,0.40296503660845806,0.2588587123050522,0.6672017565918209,0.15432070884116172,0.68441335382239,17.0,0.5792590271141119,0.8895360329551572,0.5,0.4,1.0,0.15,0.9,0.2,0.9,0.15,0.75,0.85,0.0,0.55,0.95,0.8895360329551572,1.0
synth/elongated/amb0.95,728,1,0.0,0.0,elongated,3401,0,0.00653076171875,0.0,0.6878521101680743,0.7483730144679848,0.7171303624336001,0.28074700804325625,0.46298783668612553,22.0,0.6469741402060929,0.9415237065517703,0.5,0.4,1.0,0.15,0.9,0.2,0.9,0.15,0.75,0.85,0.0,0.55,0.95,0.9415237065517703,0.6206798894991102
synth/elongated/amb0.95,729,1,0.0,0.0,elongated,3401,1,0.026611328125,0.0,0.6878521101680743,0.7483730144679848,0.7171303624336001,0.28074700804325625,0.46298783668612553,22.0,0.6469741402060929,0.9415237065517703,0.5,0.4,1.0,0.15,0.9,0.2,0.9,0.15,0.75,0.85,0.0,0.55,0.95,0.9415237065517703,0.6206798894991102
synth/elongated/amb0.95,730,1,0.0,0.0,elongated,3401,2,0.0028076171875,0.030612245202064514,0.6878521101680743,0.7483730144679848,0.7171303624336001,0.28074700804325625,0.46298783668612553,22.0,0.6469741402060929,0.9415237065517703,0.5,0.4,1.0,0.15,0.9,0.2,0.9,0.15,0.75,0.85,0.0,0.55,0.95,0.9415237065517703,0.6206798894991102
synth/elongated/amb0.95,731,1,0.25648701190948486,0.25648701190948486,elongated,3401,3,0.1033935546875,0.053417677680651345,0.6878521101680743,0.7483730144679848,0.7171303624336001,0.28074700804325625,0.46298783668612553,22.0,0.6469741402060929,0.9415237065517703,0.5,0.4,1.0,0.15,0.9,0.2,0.9,0.15,0.75,0.85,0.0,0.55,0.95,0.9415237065517703,0.6206798894991102
synth/scattered/amb0.93,732,1,0.05452292412519455,0.05452292412519455,scattered,3406,0,0.013427734375,0.05146020899216334,0.5581826722279892,0.423833773008512,0.6385643718447472,0.4809649221188609,0.6553500271506781,20.0,0.9771083995251134,0.9310207394257651,0.5,0.4,1.0,0.15,0.9,0.2,0.9,0.15,0.75,0.85,0.0,0.55,0.95,1.0,0.9508013833365581
synth/scattered/amb0.93,733,1,0.19213539361953735,0.19213539361953735,scattered,3406,1,0.08758544921875,0.1610466092824936,0.5581826722279892,0.423833773008512,0.6385643718447472,0.4809649221188609,0.6553500271506781,20.0,0.9771083995251134,0.9310207394257651,0.5,0.4,1.0,0.15,0.9,0.2,0.9,0.15,0.75,0.85,0.0,0.55,0.95,1.0,0.9508013833365581
synth/scattered/amb0.93,734,1,0.04846225678920746,0.04846225678920746,scattered,3406,2,0.114990234375,0.06328733017047246,0.5581826722279892,0.423833773008512,0.6385643718447472,0.4809649221188609,0.6553500271506781,20.0,0.9771083995251134,0.9310207394257651,0.5,0.4,1.0,0.15,0.9,0.2,0.9,0.15,0.75,0.85,0.0,0.55,0.95,1.0,0.9508013833365581
synth/scattered/amb0.93,735,1,0.03200000151991844,0.03200000151991844,scattered,3406,3,0.00579833984375,0.04240370790163676,0.5581826722279892,0.423833773008512,0.6385643718447472,0.4809649221188609,0.6553500271506781,20.0,0.9771083995251134,0.9310207394257651,0.5,0.4,1.0,0.15,0.9,0.2,0.9,0.15,0.75,0.85,0.0,0.55,0.95,1.0,0.9508013833365581
synth/elongated/amb0.95,736,1,0.0,0.0,elongated,3409,0,0.0078125,0.0,0.6900086033896848,0.7886333664065994,0.7102875465212286,0.20065934472231906,0.5353454901013783,17.0,0.04930992654769584,0.9605186146457125,0.5,0.4,1.0,0.15,0.9,0.2,0.9,0.15,0.75,0.85,0.0,0.55,0.95,0.9605186146457125,0.6480060215244657
synth/elongated/amb0.95,737,1,0.0,0.0,elongated,3409,1,0.010986328125,0.0,0.6900086033896848,0.7886333664065994,0.7102875465212286,0.20065934472231906,0.5353454901013783,17.0,0.04930992654769584,0.9605186146457125,0.5,0.4,1.0,0.15,0.9,0.2,0.9,0.15,0.75,0.85,0.0,0.55,0.95,0.9605186146457125,0.6480060215244657
synth/elongated/amb0.95,738,1,0.0,0.0,elongated,3409,2,0.00665283203125,0.1004016101360321,0.6900086033896848,0.7886333664065994,0.7102875465212286,0.20065934472231906,0.5353454901013783,17.0,0.04930992654769584,0.9605186146457125,0.5,0.4,1.0,0.15,0.9,0.2,0.9,0.15,0.75,0.85,0.0,0.55,0.95,0.9605186146457125,0.6480060215244657
synth/elongated/amb0.95,739,1,0.0,0.0,elongated,3409,3,0.03106689453125,0.0,0.6900086033896848,0.7886333664065994,0.7102875465212286,0.20065934472231906,0.5353454901013783,17.0,0.04930992654769584,0.9605186146457125,0.5,0.4,1.0,0.15,0.9,0.2,0.9,0.15,0.75,0.85,0.0,0.55,0.95,0.9605186146457125,0.6480060215244657
synth/scattered/amb0.95,740,1,0.0,0.0,scattered,3417,0,0.025146484375,0.0,0.5022535018634711,0.4186860623681905,0.49345272511331956,0.24649686313951308,0.6630190505437001,14.0,0.32308893145268736,0.9552540662627134,0.5,0.4,1.0,0.15,0.9,0.2,0.9,0.15,0.75,0.85,0.0,0.55,0.95,1.0,0.9833473582317485
synth/scattered/amb0.95,741,1,0.0,0.0,scattered,3417,1,0.0045166015625,0.004206098926564057,0.5022535018634711,0.4186860623681905,0.49345272511331956,0.24649686313951308,0.6630190505437001,14.0,0.32308893145268736,0.9552540662627134,0.5,0.4,1.0,0.15,0.9,0.2,0.9,0.15,0.75,0.85,0.0,0.55,0.95,1.0,0.9833473582317485
synth/scattered/amb0.95,742,1,0.0,0.0,scattered,3417,2,0.0152587890625,0.005089058540761471,0.5022535018634711,0.4186860623681905,0.49345272511331956,0.24649686313951308,0.6630190505437001,14.0,0.32308893145268736,0.9552540662627134,0.5,0.4,1.0,0.15,0.9,0.2,0.9,0.15,0.75,0.85,0.0,0.55,0.95,1.0,0.9833473582317485
synth/scattered/amb0.95,743,1,0.0,0.0,scattered,3417,3,0.002685546875,0.0,0.5022535018634711,0.4186860623681905,0.49345272511331956,0.24649686313951308,0.6630190505437001,14.0,0.32308893145268736,0.9552540662627134,0.5,0.4,1.0,0.15,0.9,0.2,0.9,0.15,0.75,0.85,0.0,0.55,0.95,1.0,0.9833473582317485
synth/tubular/amb0.86,744,1,0.18141096830368042,0.18141096830368042,tubular,3472,0,0.10284423828125,0.18077301730712256,0.702860614939237,0.3843697902992027,0.8329465326802186,0.1292174550982188,0.45464526227369495,16.0,0.0256320626081169,0.8687951581992688,0.5,0.4,1.0,0.15,0.9,0.2,0.9,0.15,0.75,0.85,0.0,0.55,0.95,0.8687951581992688,1.0
synth/tubular/amb0.86,745,1,0.07427535951137543,0.07427535951137543,tubular,3472,1,0.0859375,0.057012595081080995,0.702860614939237,0.3843697902992027,0.8329465326802186,0.1292174550982188,0.45464526227369495,16.0,0.0256320626081169,0.8687951581992688,0.5,0.4,1.0,0.15,0.9,0.2,0.9,0.15,0.75,0.85,0.0,0.55,0.95,0.8687951581992688,1.0
synth/tubular/amb0.86,746,1,0.0,0.0,tubular,3472,2,0.13134765625,0.06025309984882673,0.702860614939237,0.3843697902992027,0.8329465326802186,0.1292174550982188,0.45464526227369495,16.0,0.0256320626081169,0.8687951581992688,0.5,0.4,1.0,0.15,0.9,0.2,0.9,0.15,0.75,0.85,0.0,0.55,0.95,0.8687951581992688,1.0
synth/tubular/amb0.86,747,1,0.03238341957330704,0.03238341957330704,tubular,3472,3,0.040283203125,0.06017005195220312,0.702860614939237,0.3843697902992027,0.8329465326802186,0.1292174550982188,0.45464526227369495,16.0,0.0256320626081169,0.8687951581992688,0.5,0.4,1.0,0.15,0.9,0.2,0.9,0.15,0.75,0.85,0.0,0.55,0.95,0.8687951581992688,1.0
synth/tubular/amb0.93,748,1,0.1876906454563141,0.1876906454563141,tubular,3476,0,0.2689208984375,0.22689573963483176,0.422717395681352,0.37143403861959,0.7504658083483724,0.5857171563951371,0.7147288230271058,23.0,0.4505045254493689,0.9360723012814344,0.5,0.4,1.0,0.15,0.9,0.2,0.9,0.15,0.75,0.85,0.0,0.55,0.95,0.9360723012814344,1.0
synth/tubular/amb0.93,749,1,0.5957522988319397,0.5957522988319397,tubular,3476,1,0.139892578125,0.23314898212750754,0.422717395681352,0.37143403861959,0.7504658083483724,0.5857171563951371,0.7147288230271058,23.0,0.4505045254493689,0.9360723012814344,0.5,0.4,1.0,0.15,0.9,0.2,0.9,0.15,0.75,0.85,0.0,0.55,0.95,0.9360723012814344,1.0
synth/tubular/amb0.93,750,1,0.30368441343307495,0.30368441343307495,tubular,3476,2,0.0699462890625,0.12055268386999766,0.422717395681352,0.37143403861959,0.7504658083483724,0.5857171563951371,0.7147288230271058,23.0,0.4505045254493689,0.9360723012814344,0.5,0.4,1.0,0.15,0.9,0.2,0.9,0.15,0.75,0.85,0.0,0.55,0.95,0.9360723012814344,1.0
synth/tubular/amb0.93,751,1,0.3896057605743408,0.3896057605743408,tubular,3476,3,0.54010009765625,0.21688373386859894,0.422717395681352,0.37143403861959,0.7504658083483724,0.5857171563951371,0.7147288230271058,23.0,0.4505045254493689,0.9360723012814344,0.5,0.4,1.0,0.15,0.9,0.2,0.9,0.15,0.75,0.85,0.0,0.55,0.95,0.9360723012814344,1.0
synth/elongated/amb0.93,752,1,0.03675675764679909,0.03675675764679909,elongated,3480,0,0.04302978515625,0.04451958338419596,0.538489401425329,0.8848535440716967,0.560316515360078,0.3912072750648976,0.34582418759122546,19.0,0.3026463538480758,0.9363432560048909,0.5,0.4,1.0,0.15,0.9,0.2,0.9,0.15,0.75,0.85,0.0,0.55,0.95,0.9363432560048909,0.573451307734925
synth/elongated/amb0.93,753,1,0.08751608431339264,0.08751608431339264,elongated,3480,1,0.0419921875,0.07340722034374873,0.538489401425329,0.8848535440716967,0.560316515360078,0.3912072750648976,0.34582418759122546,19.0,0.3026463538480758,0.9363432560048909,0.5,0.4,1.0,0.15,0.9,0.2,0.9,0.15,0.75,0.85,0.0,0.55,0.95,0.9363432560048909,0.573451307734925
synth/elongated/amb0.93,754,1,0.27840909361839294,0.27840909361839294,elongated,3480,2,0.00628662109375,0.04428044458230337,0.538489401425329,0.8848535440716967,0.560316515360078,0.3912072750648976,0.34582418759122546,19.0,0.3026463538480758,0.9363432560048909,0.5,0.4,1.0,0.15,0.9,0.2,0.9,0.15,0.75,0.85,0.0,0.55,0.95,0.9363432560048909,0.573451307734925
synth/elongated/amb0.93,755,1,0.0,0.0,elongated,3480,3,0.01519775390625,0.0,0.538489401425329,0.8848535440716967,0.560316515360078,0.3912072750648976,0.34582418759122546,19.0,0.3026463538480758,0.9363432560048909,0.5,0.4,1.0,0.15,0.9,0.2,0.9,0.15,0.75,0.85,0.0,0.55,0.95,0.9363432560048909,0.573451307734925
synth/scattered/amb0.90,756,1,0.0,0.0,scattered,3487,0,0.00921630859375,0.022625682565073173,0.7942423800521061,0.8535946125332712,0.6443309838060176,0.4919304094780798,0.7789714558423668,12.0,0.15042565657354956,0.8911353909324954,0.5,0.4,1.0,0.15,0.9,0.2,0.9,0.15,0.75,0.85,0.0,0.55,0.95,1.0,0.9855154273100162
synth/scattered/amb0.90,757,1,0.0,0.0,scattered,3487,1,0.0054931640625,0.018087855229775112,0.7942423800521061,0.8535946125332712,0.6443309838060176,0.4919304094780798,0.7789714558423668,12.0,0.15042565657354956,0.8911353909324954,0.5,0.4,1.0,0.15,0.9,0.2,0.9,0.15,0.75,0.85,0.0,0.55,0.95,1.0,0.9855154273100162
synth/scattered/amb0.90,758,1,0.0,0.0,scattered,3487,2,0.0537109375,0.0,0.7942423800521061,0.8535946125332712,0.6443309838060176,0.4919304094780798,0.7789714558423668,12.0,0.15042565657354956,0.8911353909324954,0.5,0.4,1.0,0.15,0.9,0.2,0.9,0.15,0.75,0.85,0.0,0.55,0.95,1.0,0.9855154273100162
synth/scattered/amb0.90,759,1,0.0028208745643496513,0.0028208745643496513,scattered,3487,3,0.0286865234375,0.016067367047071457,0.7942423800521061,0.8535946125332712,0.6443309838060176,0.4919304094780798,0.7789714558423668,12.0,0.15042565657354956,0.8911353909324954,0.5,0.4,1.0,0.15,0.9,0.2,0.9,0.15,0.75,0.85,0.0,0.55,0.95,1.0,0.9855154273100162
synth/scattered/amb0.86,760,1,0.0,0.0,scattered,3659,0,0.00762939453125,0.0,0.6909543410259218,0.5474589434630718,0.4764875708658787,0.36065662137456667,0.8785727379358339,8.0,0.153012296855225,0.8713945932295528,0.5,0.4,1.0,0.15,0.9,0.2,0.9,0.15,0.75,0.85,0.0,0.55,0.95,1.0,1.0
synth/scattered/amb0.86,761,1,0.0,0.0,scattered,3659,1,0.02294921875,0.002024803776293993,0.6909543410259218,0.5474589434630718,0.4764875708658787,0.36065662137456667,0.8785727379358339,8.0,0.153012296855225,0.8713945932295528,0.5,0.4,1.0,0.15,0.9,0.2,0.9,0.15,0.75,0.85,0.0,0.55,0.95,1.0,1.0
synth/scattered/amb0.86,762,1,0.0,0.0,scattered,3659,2,0.031494140625,0.017779699837168057,0.6909543410259218,0.5474589434630718,0.4764875708658787,0.36065662137456667,0.8785727379358339,8.0,0.153012296855225,0.8713945932295528,0.5,0.4,1.0,0.15,0.9,0.2,0.9,0.15,0.75,0.85,0.0,0.55,0.95,1.0,1.0
synth/scattered/amb0.86,763,1,0.0,0.0,scattered,3659,3,0.03692626953125,0.04624782005945841,0.6909543410259218,0.5474589434630718,0.4764875708658787,0.36065662137456667,0.8785727379358339,8.0,0.153012296855225,0.8713945932295528,0.5,0.4,1.0,0.15,0.9,0.2,0.9,0.15,0.75,0.85,0.0,0.55,0.95,1.0,1.0
synth/blob/amb0.98,764,1,0.0,0.0,blob,3666,0,0.00360107421875,0.0,0.6779627793088931,0.7356504515436408,0.8175591384064296,0.5448451732048246,0.6116900952002919,14.0,0.5030903886848062,0.9979268517877827,0.5,0.4,1.0,0.15,0.9,0.2,0.9,0.15,0.75,0.85,0.0,0.55,0.95,0.9979268517877827,0.6220374336990667
synth/blob/amb0.98,765,1,0.2210242599248886,0.2210242599248886,blob,3666,1,0.031005859375,0.0,0.6779627793088931,0.7356504515436408,0.8175591384064296,0.5448451732048246,0.6116900952002919,14.0,0.5030903886848062,0.9979268517877827,0.5,0.4,1.0,0.15,0.9,0.2,0.9,0.15,0.75,0.85,0.0,0.55,0.95,0.9979268517877827,0.6220374336990667
synth/blob/amb0.98,766,1,0.0,0.0,blob,3666,2,0.014892578125,0.0,0.6779627793088931,0.7356504515436408,0.8175591384064296,0.5448451732048246,0.6116900952002919,14.0,0.5030903886848062,0.9979268517877827,0.5,0.4,1.0,0.15,0.9,0.2,0.9,0.15,0.75,0.85,0.0,0.55,0.95,0.9979268517877827,0.6220374336990667
synth/blob/amb0.98,767,1,0.0,0.0,blob,3666,3,0.0601806640625,0.0,0.6779627793088931,0.7356504515436408,0.8175591384064296,0.5448451732048246,0.6116900952002919,14.0,0.5030903886848062,0.9979268517877827,0.5,0.4,1.0,0.15,0.9,0.2,0.9,0.15,0.75,0.85,0.0,0.55,0.95,0.9979268517877827,0.6220374336990667
synth/blob/amb0.86,768,1,0.0,0.0,blob,3677,0,0.02093505859375,0.0,0.5424859573285788,0.47195324318496495,0.848681136589889,0.23595710695180655,0.6285344123901833,15.0,0.6765649701805599,0.8660511413114922,0.5,0.4,1.0,0.15,0.9,0.2,0.9,0.15,0.75,0.85,0.0,0.55,0.95,0.8660511413114922,0.673739094692808
synth/blob/amb0.86,769,1,0.0,0.0,blob,3677,1,0.01055908203125,0.0,0.5424859573285788,0.47195324318496495,0.848681136589889,0.23595710695180655,0.6285344123901833,15.0,0.6765649701805599,0.8660511413114922,0.5,0.4,1.0,0.15,0.9,0.2,0.9,0.15,0.75,0.85,0.0,0.55,0.95,0.8660511413114922,0.673739094692808
synth/blob/amb0.86,770,1,0.08759123831987381,0.08759123831987381,blob,3677,2,0.00164794921875,0.0,0.5424859573285788,0.47195324318496495,0.848681136589889,0.23595710695180655,0.6285344123901833,15.0,0.6765649701805599,0.8660511413114922,0.5,0.4,1.0,0.15,0.9,0.2,0.9,0.15,0.75,0.85,0.0,0.55,0.95,0.8660511413114922,0.673739094692808
synth/blob/amb0.86,771,1,0.0,0.0,blob,3677,3,0.0020751953125,0.0,0.5424859573285788,0.47195324318496495,0.848681136589889,0.23595710695180655,0.6285344123901833,15.0,0.6765649701805599,0.8660511413114922,0.5,0.4,1.0,0.15,0.9,0.2,0.9,0.15,0.75,0.85,0.0,0.55,0.95,0.8660511413114922,0.673739094692808
synth/tubular/amb0.93,772,1,0.20931537449359894,0.20931537449359894,tubular,3678,0,0.13970947265625,0.23965714375178018,0.3429308201826136,0.2701446032643415,0.7929145458008864,0.16675066486894186,0.8759167390232987,12.0,0.8896347116899375,0.9276744700729189,0.5,0.4,1.0,0.15,0.9,0.2,0.9,0.15,0.75,0.85,0.0,0.55,0.95,0.9276744700729189,1.0
synth/tubular/amb0.93,773,1,0.15673981606960297,0.15673981606960297,tubular,3678,1,0.06207275390625,0.058007978523770966,0.3429308201826136,0.2701446032643415,0.7929145458008864,0.16675066486894186,0.8759167390232987,12.0,0.8896347116899375,0.9276744700729189,0.5,0.4,1.0,0.15,0.9,0.2,0.9,0.15,0.75,0.85,0.0,0.55,0.95,0.9276744700729189,1.0
synth/tubular/amb0.93,774,1,0.01498501468449831,0.01498501468449831,tubular,3678,2,0.08685302734375,0.017858904786407948,0.3429308201826136,0.2701446032643415,0.7929145458008864,0.16675066486894186,0.8759167390232987,12.0,0.8896347116899375,0.9276744700729189,0.5,0.4,1.0,0.15,0.9,0.2,0.9,0.15,0.75,0.85,0.0,0.55,0.95,0.9276744700729189,1.0
synth/tubular/amb0.93,775,1,0.04652753844857216,0.04652753844857216,tubular,3678,3,0.1080322265625,0.17572617096205553,0.3429308201826136,0.2701446032643415,0.7929145458008864,0.16675066486894186,0.8759167390232987,12.0,0.8896347116899375,0.9276744700729189,0.5,0.4,1.0,0.15,0.9,0.2,0.9,0.15,0.75,0.85,0.0,0.55,0.95,0.9276744700729189,1.0
synth/blob/amb0.90,776,1,0.0,0.0,blob,3693,0,0.00823974609375,0.0,0.6816227943639832,0.5354456085047723,0.38806402539843277,0.3903064160708284,0.35154077510841847,8.0,0.8146220275512472,0.8926577217232303,0.5,0.4,1.0,0.15,0.9,0.2,0.9,0.15,0.75,0.85,0.0,0.55,0.95,0.8926577217232303,0.575291709683332
synth/blob/amb0.90,777,1,0.0,0.0,blob,3693,1,0.0089111328125,0.0,0.6816227943639832,0.5354456085047723,0.38806402539843277,0.3903064160708284,0.35154077510841847,8.0,0.8146220275512472,0.8926577217232303,0.5,0.4,1.0,0.15,0.9,0.2,0.9,0.15,0.75,0.85,0.0,0.55,0.95,0.8926577217232303,0.575291709683332
synth/blob/amb0.90,778,1,0.0,0.0,blob,3693,2,0.07061767578125,0.0,0.6816227943639832,0.5354456085047723,0.38806402539843277,0.3903064160708284,0.35154077510841847,8.0,0.8146220275512472,0.8926577217232303,0.5,0.4,1.0,0.15,0.9,0.2,0.9,0.15,0.75,0.85,0.0,0.55,0.95,0.8926577217232303,0.575291709683332
synth/blob/amb0.90,779,1,0.0,0.0,blob,3693,3,0.00335693359375,0.0,0.6816227943639832,0.5354456085047723,0.38806402539843277,0.3903064160708284,0.35154077510841847,8.0,0.8146220275512472,0.8926577217232303,0.5,0.4,1.0,0.15,0.9,0.2,0.9,0.15,0.75,0.85,0.0,0.55,0.95,0.8926577217232303,0.575291709683332
synth/tubular/amb0.95,780,1,0.320178359746933,0.320178359746933,tubular,3713,0,0.1470947265625,0.11476678339143594,0.3471976940849029,0.3653785992691795,0.3151660621343019,0.4889382799513967,0.8760605748680115,10.0,0.24398877407548802,0.9562279143889091,0.5,0.4,1.0,0.15,0.9,0.2,0.9,0.15,0.75,0.85,0.0,0.55,0.95,0.9562279143889091,1.0
synth/tubular/amb0.95,781,1,0.18067140877246857,0.18067140877246857,tubular,3713,1,0.25445556640625,0.05648387704665462,0.3471976940849029,0.3653785992691795,0.3151660621343019,0.4889382799513967,0.8760605748680115,10.0,0.24398877407548802,0.9562279143889091,0.5,0.4,1.0,0.15,0.9,0.2,0.9,0.15,0.75,0.85,0.0,0.55,0.95,0.9562279143889091,1.0
synth/tubular/amb0.95,782,1,0.23732423782348633,0.23732423782348633,tubular,3713,2,0.14776611328125,0.12545100320130587,0.3471976940849029,0.3653785992691795,0.3151660621343019,0.4889382799513967,0.8760605748680115,10.0,0.24398877407548802,0.9562279143889091,0.5,0.4,1.0,0.15,0.9,0.2,0.9,0.15,0.75,0.85,0.0,0.55,0.95,0.9562279143889091,1.0
synth/tubular/amb0.95,783,1,0.18743109703063965,0.18743109703063965,tubular,3713,3,0.18292236328125,0.188664843638738,0.3471976940849029,0.3653785992691795,0.3151660621343019,0.4889382799513967,0.8760605748680115,10.0,0.24398877407548802,0.9562279143889091,0.5,0.4,1.0,0.15,0.9,0.2,0.9,0.15,0.75,0.85,0.0,0.55,0.95,0.9562279143889091,1.0
synth/elongated/amb0.93,784,1,0.0,0.0,elongated,3762,0,0.01678466796875,0.0,0.3767541140073859,0.40414823608387507,0.5456462258783533,0.5285554578168229,0.9389242487435419,7.0,0.058168764473263024,0.918913487197524,0.5,0.4,1.0,0.15,0.9,0.2,0.9,0.15,0.75,0.85,0.0,0.55,0.95,0.918913487197524,0.7246502228127951
synth/elongated/amb0.93,785,1,0.4281748831272125,0.4281748831272125,elongated,3762,1,0.109619140625,0.33750079075495404,0.3767541140073859,0.40414823608387507,0.5456462258783533,0.5285554578168229,0.9389242487435419,7.0,0.058168764473263024,0.918913487197524,0.5,0.4,1.0,0.15,0.9,0.2,0.9,0.15,0.75,0.85,0.0,0.55,0.95,0.918913487197524,0.7246502228127951
synth/elongated/amb0.93,786,1,0.11220472306013107,0.11220472306013107,elongated,3762,2,0.0286865234375,0.14325488855441412,0.3767541140073859,0.40414823608387507,0.5456462258783533,0.5285554578168229,0.9389242487435419,7.0,0.058168764473263024,0.918913487197524,0.5,0.4,1.0,0.15,0.9,0.2,0.9,0.15,0.75,0.85,0.0,0.55,0.95,0.918913487197524,0.7246502228127951
synth/elongated/amb0.93,787,1,0.005305039696395397,0.005305039696395397,elongated,3762,3,0.0267333984375,0.028391167521476746,0.3767541140073859,0.40414823608387507,0.5456462258783533,0.5285554578168229,0.9389242487435419,7.0,0.058168764473263024,0.918913487197524,0.5,0.4,1.0,0.15,0.9,0.2,0.9,0.15,0.75,0.85,0.0,0.55,0.95,0.918913487197524,0.7246502228127951
synth/scattered/amb0.93,788,1,0.0,0.0,scattered,3766,0,0.0047607421875,0.0,0.548214932030476,0.24341567768761327,0.7833856573631282,0.18782168569952962,0.33874882291700653,8.0,0.047296759030074464,0.917144762615592,0.5,0.4,1.0,0.15,0.9,0.2,0.9,0.15,0.75,0.85,0.0,0.55,0.95,1.0,0.8897502003585784
synth/scattered/amb0.93,789,1,0.0,0.0,scattered,3766,1,0.0025634765625,0.008853475252787272,0.548214932030476,0.24341567768761327,0.7833856573631282,0.18782168569952962,0.33874882291700653,8.0,0.047296759030074464,0.917144762615592,0.5,0.4,1.0,0.15,0.9,0.2,0.9,0.15,0.75,0.85,0.0,0.55,0.95,1.0,0.8897502003585784
synth/scattered/amb0.93,790,1,0.0,0.0,scattered,3766,2,0.01141357421875,0.011516315241654715,0.548214932030476,0.24341567768761327,0.7833856573631282,0.18782168569952962,0.33874882291700653,8.0,0.047296759030074464,0.917144762615592,0.5,0.4,1.0,0.15,0.9,0.2,0.9,0.15,0.75,0.85,0.0,0.55,0.95,1.0,0.8897502003585784
synth/scattered/amb0.93,791,1,0.0,0.0,scattered,3766,3,0.01129150390625,0.0,0.548214932030476,0.24341567768761327,0.7833856573631282,0.18782168569952962,0.33874882291700653,8.0,0.047296759030074464,0.917144762615592,0.5,0.4,1.0,0.15,0.9,0.2,0.9,0.15,0.75,0.85,0.0,0.55,0.95,1.0,0.8897502003585784
synth/tubular/amb0.90,792,1,0.08625730872154236,0.08625730872154236,tubular,3828,0,0.06585693359375,0.07509948235626022,0.7535217618276173,0.8878361436936189,0.8270661515251887,0.45340616231616193,0.32529735933042714,18.0,0.8581773585844984,0.8873648122310815,0.5,0.4,1.0,0.15,0.9,0.2,0.9,0.15,0.75,0.85,0.0,0.55,0.95,0.8873648122310815,1.0
synth/tubular/amb0.90,793,1,0.2848503291606903,0.2848503291606903,tubular,3828,1,0.0599365234375,0.10378715271751086,0.7535217618276173,0.8878361436936189,0.8270661515251887,0.45340616231616193,0.32529735933042714,18.0,0.8581773585844984,0.8873648122310815,0.5,0.4,1.0,0.15,0.9,0.2,0.9,0.15,0.75,0.85,0.0,0.55,0.95,0.8873648122310815,1.0
synth/tubular/amb0.90,794,1,0.1925254762172699,0.1925254762172699,tubular,3828,2,0.0506591796875,0.10783692573507626,0.7535217618276173,0.8878361436936189,0.8270661515251887,0.45340616231616193,0.32529735933042714,18.0,0.8581773585844984,0.8873648122310815,0.5,0.4,1.0,0.15,0.9,0.2,0.9,0.15,0.75,0.85,0.0,0.55,0.95,0.8873648122310815,1.0
synth/tubular/amb0.90,795,1,0.27180641889572144,0.27180641889572144,tubular,3828,3,0.0811767578125,0.05237241958578428,0.7535217618276173,0.8878361436936189,0.8270661515251887,0.45340616231616193,0.32529735933042714,18.0,0.8581773585844984,0.8873648122310815,0.5,0.4,1.0,0.15,0.9,0.2,0.9,0.15,0.75,0.85,0.0,0.55,0.95,0.8873648122310815,1.0
synth/blob/amb0.95,796,1,0.21153846383094788,0.21153846383094788,blob,3857,0,0.00213623046875,0.0,0.7548727228730799,0.8184328051026821,0.8288420384749968,0.15131112029733917,0.9304071853801379,10.0,0.944584681923185,0.9648777281553103,0.5,0.4,1.0,0.15,0.9,0.2,0.9,0.15,0.75,0.85,0.0,0.55,0.95,0.9648777281553103,0.7690854255293886
synth/blob/amb0.95,797,1,0.0,0.0,blob,3857,1,0.01806640625,0.0,0.7548727228730799,0.8184328051026821,0.8288420384749968,0.15131112029733917,0.9304071853801379,10.0,0.944584681923185,0.9648777281553103,0.5,0.4,1.0,0.15,0.9,0.2,0.9,0.15,0.75,0.85,0.0,0.55,0.95,0.9648777281553103,0.7690854255293886
synth/blob/amb0.95,798,1,0.0,0.0,blob,3857,2,0.002197265625,0.006535947943727176,0.7548727228730799,0.8184328051026821,0.8288420384749968,0.15131112029733917,0.9304071853801379,10.0,0.944584681923185,0.9648777281553103,0.5,0.4,1.0,0.15,0.9,0.2,0.9,0.15,0.75,0.85,0.0,0.55,0.95,0.9648777281553103,0.7690854255293886
synth/blob/amb0.95,799,1,0.0,0.0,blob,3857,3,0.00677490234375,0.1265206833680471,0.7548727228730799,0.8184328051026821,0.8288420384749968,0.15131112029733917,0.9304071853801379,10.0,0.944584681923185,0.9648777281553103,0.5,0.4,1.0,0.15,0.9,0.2,0.9,0.15,0.75,0.85,0.0,0.55,0.95,0.9648777281553103,0.7690854255293886
synth/elongated/amb0.95,800,1,0.0,0.0,elongated,3878,0,0.02899169921875,0.0,0.8437289530474565,0.31421589473085376,0.5913973825029013,0.47480696815209655,0.44223117748619645,23.0,0.1495149158838872,0.9524387816674897,0.5,0.4,1.0,0.15,0.9,0.2,0.9,0.15,0.75,0.85,0.0,0.55,0.95,0.9524387816674897,0.5881464023686925
synth/elongated/amb0.95,801,1,0.0,0.0,elongated,3878,1,0.00372314453125,0.04129793494939804,0.8437289530474565,0.31421589473085376,0.5913973825029013,0.47480696815209655,0.44223117748619645,23.0,0.1495149158838872,0.9524387816674897,0.5,0.4,1.0,0.15,0.9,0.2,0.9,0.15,0.75,0.85,0.0,0.55,0.95,0.9524387816674897,0.5881464023686925
synth/elongated/amb0.95,802,1,0.0,0.0,elongated,3878,2,0.03814697265625,0.019178082545598347,0.8437289530474565,0.31421589473085376,0.5913973825029013,0.47480696815209655,0.44223117748619645,23.0,0.1495149158838872,0.9524387816674897,0.5,0.4,1.0,0.15,0.9,0.2,0.9,0.15,0.75,0.85,0.0,0.55,0.95,0.9524387816674897,0.5881464023686925
synth/elongated/amb0.95,803,1,0.0,0.0,elongated,3878,3,0.02508544921875,0.0,0.8437289530474565,0.31421589473085376,0.5913973825029013,0.47480696815209655,0.44223117748619645,23.0,0.1495149158838872,0.9524387816674897,0.5,0.4,1.0,0.15,0.9,0.2,0.9,0.15,0.75,0.85,0.0,0.55,0.95,0.9524387816674897,0.5881464023686925
synth/elongated/amb0.95,804,1,0.0,0.0,elongated,3955,0,0.00726318359375,0.0,0.4043685496555884,0.2672812391095619,0.6788951891873047,0.4949234463983606,0.6902266926785127,21.0,0.8053727582541454,0.9474073017151152,0.5,0.4,1.0,0.15,0.9,0.2,0.9,0.15,0.75,0.85,0.0,0.55,0.95,0.9474073017151152,0.6582233695956928
synth/elongated/amb0.95,805,1,0.0,0.0,elongated,3955,1,0.01751708984375,0.030434728134423494,0.4043685496555884,0.2672812391095619,0.6788951891873047,0.4949234463983606,0.6902266926785127,21.0,0.8053727582541454,0.9474073017151152,0.5,0.4,1.0,0.15,0.9,0.2,0.9,0.15,0.75,0.85,0.0,0.55,0.95,0.9474073017151152,0.6582233695956928
synth/elongated/amb0.95,806,1,0.0,0.0,elongated,3955,2,0.020751953125,0.0,0.4043685496555884,0.2672812391095619,0.6788951891873047,0.4949234463983606,0.6902266926785127,21.0,0.8053727582541454,0.9474073017151152,0.5,0.4,1.0,0.15,0.9,0.2,0.9,0.15,0.75,0.85,0.0,0.55,0.95,0.9474073017151152,0.6582233695956928
synth/elongated/amb0.95,807,1,0.0,0.0,elongated,3955,3,0.01959228515625,0.06666666766007741,0.4043685496555884,0.2672812391095619,0.6788951891873047,0.4949234463983606,0.6902266926785127,21.0,0.8053727582541454,0.9474073017151152,0.5,0.4,1.0,0.15,0.9,0.2,0.9,0.15,0.75,0.85,0.0,0.55,0.95,0.9474073017151152,0.6582233695956928
synth/annular/amb0.93,808,1,0.0585365854203701,0.0585365854203701,annular,3958,0,0.021728515625,0.06305267413457234,0.40760412836906096,0.23443970355493804,0.4590384533036378,0.31094435866327447,0.8243578025408203,15.0,0.6577342551033722,0.9353154485503834,0.5,0.4,1.0,0.15,0.9,0.2,0.9,0.15,0.75,0.85,0.0,0.55,0.95,0.9353154485503834,0.7263730273565945
synth/annular/amb0.93,809,1,0.0,0.0,annular,3958,1,0.0150146484375,0.0,0.40760412836906096,0.23443970355493804,0.4590384533036378,0.31094435866327447,0.8243578025408203,15.0,0.6577342551033722,0.9353154485503834,0.5,0.4,1.0,0.15,0.9,0.2,0.9,0.15,0.75,0.85,0.0,0.55,0.95,0.9353154485503834,0.7263730273565945
synth/annular/amb0.93,810,1,0.0,0.0,annular,3958,2,0.01812744140625,0.0,0.40760412836906096,0.23443970355493804,0.4590384533036378,0.31094435866327447,0.8243578025408203,15.0,0.6577342551033722,0.9353154485503834,0.5,0.4,1.0,0.15,0.9,0.2,0.9,0.15,0.75,0.85,0.0,0.55,0.95,0.9353154485503834,0.7263730273565945
synth/annular/amb0.93,811,1,0.09044834226369858,0.09044834226369858,annular,3958,3,0.13671875,0.07024615692595641,0.40760412836906096,0.23443970355493804,0.4590384533036378,0.31094435866327447,0.8243578025408203,15.0,0.6577342551033722,0.9353154485503834,0.5,0.4,1.0,0.15,0.9,0.2,0.9,0.15,0.75,0.85,0.0,0.55,0.95,0.9353154485503834,0.7263730273565945
synth/annular/amb0.86,812,1,0.0,0.0,annular,3977,0,0.0732421875,0.006572191293040912,0.655219141805831,0.6813182932801232,0.6064271040548728,0.5228608407296135,0.8559498212979422,15.0,0.32647030957986634,0.863007060626632,0.5,0.4,1.0,0.15,0.9,0.2,0.9,0.15,0.75,0.85,0.0,0.55,0.95,0.863007060626632,0.70123397139516
synth/annular/amb0.86,813,1,0.09647058695554733,0.09647058695554733,annular,3977,1,0.14794921875,0.05929166482140621,0.655219141805831,0.6813182932801232,0.6064271040548728,0.5228608407296135,0.8559498212979422,15.0,0.32647030957986634,0.863007060626632,0.5,0.4,1.0,0.15,0.9,0.2,0.9,0.15,0.75,0.85,0.0,0.55,0.95,0.863007060626632,0.70123397139516
synth/annular/amb0.86,814,1,0.0,0.0,annular,3977,2,0.04266357421875,0.0,0.655219141805831,0.6813182932801232,0.6064271040548728,0.5228608407296135,0.8559498212979422,15.0,0.32647030957986634,0.863007060626632,0.5,0.4,1.0,0.15,0.9,0.2,0.9,0.15,0.75,0.85,0.0,0.55,0.95,0.863007060626632,0.70123397139516
synth/annular/amb0.86,815,1,0.1498897820711136,0.1498897820711136,annular,3977,3,0.07574462890625,0.031922442838549614,0.655219141805831,0.6813182932801232,0.6064271040548728,0.5228608407296135,0.8559498212979422,15.0,0.32647030957986634,0.863007060626632,0.5,0.4,1.0,0.15,0.9,0.2,0.9,0.15,0.75,0.85,0.0,0.55,0.95,0.863007060626632,0.70123397139516
synth/tubular/amb0.90,816,1,0.03470919281244278,0.03470919281244278,tubular,3984,0,0.06915283203125,0.04662398753377298,0.4327134304662116,0.7297516594117275,0.5564907318267823,0.4888064601008477,0.818270274576792,17.0,0.8896045064626918,0.905701993970443,0.5,0.4,1.0,0.15,0.9,0.2,0.9,0.15,0.75,0.85,0.0,0.55,0.95,0.905701993970443,1.0
synth/tubular/amb0.90,817,1,0.1426324099302292,0.1426324099302292,tubular,3984,1,0.07037353515625,0.051476068484286465,0.4327134304662116,0.7297516594117275,0.5564907318267823,0.4888064601008477,0.818270274576792,17.0,0.8896045064626918,0.905701993970443,0.5,0.4,1.0,0.15,0.9,0.2,0.9,0.15,0.75,0.85,0.0,0.55,0.95,0.905701993970443,1.0
synth/tubular/amb0.90,818,1,0.21656565368175507,0.21656565368175507,tubular,3984,2,0.15777587890625,0.2837502857049306,0.4327134304662116,0.7297516594117275,0.5564907318267823,0.4888064601008477,0.818270274576792,17.0,0.8896045064626918,0.905701993970443,0.5,0.4,1.0,0.15,0.9,0.2,0.9,0.15,0.75,0.85,0.0,0.55,0.95,0.905701993970443,1.0
synth/tubular/amb0.90,819,1,0.11745724081993103,0.11745724081993103,tubular,3984,3,0.13134765625,0.16119479884703955,0.4327134304662116,0.7297516594117275,0.5564907318267823,0.4888064601008477,0.818270274576792,17.0,0.8896045064626918,0.905701993970443,0.5,0.4,1.0,0.15,0.9,0.2,0.9,0.15,0.75,0.85,0.0,0.55,0.95,0.905701993970443,1.0
synth/tubular/amb0.86,820,1,0.0,0.0,tubular,3997,0,0.06689453125,0.003774839142958323,0.8846840514085768,0.2680484330758964,0.5751275627969272,0.38054535084747637,0.47712632524714804,13.0,0.6814740747134372,0.8778084276780826,0.5,0.4,1.0,0.15,0.9,0.2,0.9,0.15,0.75,0.85,0.0,0.55,0.95,0.8778084276780826,1.0
synth/tubular/amb0.86,821,1,0.011128775775432587,0.011128775775432587,tubular,3997,1,0.05511474609375,0.0505294359754771,0.8846840514085768,0.2680484330758964,0.5751275627969272,0.38054535084747637,0.47712632524714804,13.0,0.6814740747134372,0.8778084276780826,0.5,0.4,1.0,0.15,0.9,0.2,0.9,0.15,0.75,0.85,0.0,0.55,0.95,0.8778084276780826,1.0
synth/tubular/amb0.86,822,1,0.043895747512578964,0.043895747512578964,tubular,3997,2,0.05780029296875,0.029943423345685005,0.8846840514085768,0.2680484330758964,0.5751275627969272,0.38054535084747637,0.47712632524714804,13.0,0.6814740747134372,0.8778084276780826,0.5,0.4,1.0,0.15,0.9,0.2,0.9,0.15,0.75,0.85,0.0,0.55,0.95,0.8778084276780826,1.0
synth/tubular/amb0.86,823,1,0.0,0.0,tubular,3997,3,0.046630859375,0.0328335619221131,0.8846840514085768,0.2680484330758964,0.5751275627969272,0.38054535084747637,0.47712632524714804,13.0,0.6814740747134372,0.8778084276780826,0.5,0.4,1.0,0.15,0.9,0.2,0.9,0.15,0.75,0.85,0.0,0.55,0.95,0.8778084276780826,1.0
synth/scattered/amb0.95,824,1,0.2430555522441864,0.2430555522441864,scattered,4031,0,0.036376953125,0.056459332505861916,0.6904539982796465,0.5592130471938448,0.47575437921066394,0.336374576572955,0.7664986047364134,14.0,0.323821637760786,0.9616531961020132,0.5,0.4,1.0,0.15,0.9,0.2,0.9,0.15,0.75,0.85,0.0,0.55,0.95,1.0,1.0
synth/scattered/amb0.95,825,1,0.21596243977546692,0.21596243977546692,scattered,4031,1,0.02288818359375,0.09748808667063713,0.6904539982796465,0.5592130471938448,0.47575437921066394,0.336374576572955,0.7664986047364134,14.0,0.323821637760786,0.9616531961020132,0.5,0.4,1.0,0.15,0.9,0.2,0.9,0.15,0.75,0.85,0.0,0.55,0.95,1.0,1.0
synth/scattered/amb0.95,826,1,0.0,0.0,scattered,4031,2,0.01617431640625,0.03288254141807556,0.6904539982796465,0.5592130471938448,0.47575437921066394,0.336374576572955,0.7664986047364134,14.0,0.323821637760786,0.9616531961020132,0.5,0.4,1.0,0.15,0.9,0.2,0.9,0.15,0.75,0.85,0.0,0.55,0.95,1.0,1.0
synth/scattered/amb0.95,827,1,0.0,0.0,scattered,4031,3,0.029052734375,0.09017341335614522,0.6904539982796465,0.5592130471938448,0.47575437921066394,0.336374576572955,0.7664986047364134,14.0,0.323821637760786,0.9616531961020132,0.5,0.4,1.0,0.15,0.9,0.2,0.9,0.15,0.75,0.85,0.0,0.55,0.95,1.0,1.0
synth/elongated/amb0.93,828,1,0.0,0.0,elongated,4044,0,0.010986328125,0.0,0.37680905857598523,0.6293527765184541,0.3256554765385129,0.21218214004677227,0.9727514957919561,18.0,0.9265083170339032,0.9243351519496215,0.5,0.4,1.0,0.15,0.9,0.2,0.9,0.15,0.75,0.85,0.0,0.55,0.95,0.9243351519496215,0.7785412830284549
synth/elongated/amb0.93,829,1,0.0,0.0,elongated,4044,1,0.00604248046875,0.09612403313318889,0.37680905857598523,0.6293527765184541,0.3256554765385129,0.21218214004677227,0.9727514957919561,18.0,0.9265083170339032,0.9243351519496215,0.5,0.4,1.0,0.15,0.9,0.2,0.9,0.15,0.75,0.85,0.0,0.55,0.95,0.9243351519496215,0.7785412830284549
synth/elongated/amb0.93,830,1,0.0,0.0,elongated,4044,2,0.0086669921875,0.0,0.37680905857598523,0.6293527765184541,0.3256554765385129,0.21218214004677227,0.9727514957919561,18.0,0.9265083170339032,0.9243351519496215,0.5,0.4,1.0,0.15,0.9,0.2,0.9,0.15,0.75,0.85,0.0,0.55,0.95,0.9243351519496215,0.7785412830284549
synth/elongated/amb0.93,831,1,0.0,0.0,elongated,4044,3,0.00677490234375,0.0,0.37680905857598523,0.6293527765184541,0.3256554765385129,0.21218214004677227,0.9727514957919561,18.0,0.9265083170339032,0.9243351519496215,0.5,0.4,1.0,0.15,0.9,0.2,0.9,0.15,0.75,0.85,0.0,0.55,0.95,0.9243351519496215,0.7785412830284549
synth/blob/amb0.93,832,1,0.07653909921646118,0.07653909921646118,blob,4051,0,0.03179931640625,0.17251581947008768,0.6655356362788946,0.4849569372644694,0.3764775432311254,0.14273858147022372,0.475403662614203,8.0,0.21247253550309053,0.9371350733713159,0.5,0.4,1.0,0.15,0.9,0.2,0.9,0.15,0.75,0.85,0.0,0.55,0.95,0.9371350733713159,0.6329728794612499
synth/blob/amb0.93,833,1,0.0,0.0,blob,4051,1,0.008544921875,0.0,0.6655356362788946,0.4849569372644694,0.3764775432311254,0.14273858147022372,0.475403662614203,8.0,0.21247253550309053,0.9371350733713159,0.5,0.4,1.0,0.15,0.9,0.2,0.9,0.15,0.75,0.85,0.0,0.55,0.95,0.9371350733713159,0.6329728794612499
synth/blob/amb0.93,834,1,0.0,0.0,blob,4051,2,0.02825927734375,0.0,0.6655356362788946,0.4849569372644694,0.3764775432311254,0.14273858147022372,0.475403662614203,8.0,0.21247253550309053,0.9371350733713159,0.5,0.4,1.0,0.15,0.9,0.2,0.9,0.15,0.75,0.85,0.0,0.55,0.95,0.9371350733713159,0.6329728794612499
synth/blob/amb0.93,835,1,0.0,0.0,blob,4051,3,0.00970458984375,0.0,0.6655356362788946,0.4849569372644694,0.3764775432311254,0.14273858147022372,0.475403662614203,8.0,0.21247253550309053,0.9371350733713159,0.5,0.4,1.0,0.15,0.9,0.2,0.9,0.15,0.75,0.85,0.0,0.55,0.95,0.9371350733713159,0.6329728794612499
synth/elongated/amb0.95,836,1,0.09693053364753723,0.09693053364753723,elongated,4075,0,0.1846923828125,0.10137601817647617,0.5484961377630234,0.5855416045495203,0.8249678933811402,0.60694229340904,0.8659062767744139,22.0,0.9641509854614069,0.9467424628006883,0.5,0.4,1.0,0.15,0.9,0.2,0.9,0.15,0.75,0.85,0.0,0.55,0.95,0.9467424628006883,0.6779528031621559
synth/elongated/amb0.95,837,1,0.4283667504787445,0.4283667504787445,elongated,4075,1,0.05926513671875,0.06940639515717824,0.5484961377630234,0.5855416045495203,0.8249678933811402,0.60694229340904,0.8659062767744139,22.0,0.9641509854614069,0.9467424628006883,0.5,0.4,1.0,0.15,0.9,0.2,0.9,0.15,0.75,0.85,0.0,0.55,0.95,0.9467424628006883,0.6779528031621559
synth/elongated/amb0.95,838,1,0.0,0.0,elongated,4075,2,0.13916015625,0.0,0.5484961377630234,0.5855416045495203,0.8249678933811402,0.60694229340904,0.8659062767744139,22.0,0.9641509854614069,0.9467424628006883,0.5,0.4,1.0,0.15,0.9,0.2,0.9,0.15,0.75,0.85,0.0,0.55,0.95,0.9467424628006883,0.6779528031621559
synth/elongated/amb0.95,839,1,0.0,0.0,elongated,4075,3,0.02789306640625,0.04922770460446676,0.5484961377630234,0.5855416045495203,0.8249678933811402,0.60694229340904,0.8659062767744139,22.0,0.9641509854614069,0.9467424628006883,0.5,0.4,1.0,0.15,0.9,0.2,0.9,0.15,0.75,0.85,0.0,0.55,0.95,0.9467424628006883,0.6779528031621559
synth/tubular/amb0.95,840,1,0.03516028821468353,0.03516028821468353,tubular,4098,0,0.033203125,0.06201427554090818,0.8265188118666813,0.25875792867719766,0.5055547552865358,0.46352340353359384,0.42403245628821223,7.0,0.893900848453648,0.9534622274290177,0.5,0.4,1.0,0.15,0.9,0.2,0.9,0.15,0.75,0.85,0.0,0.55,0.95,0.9534622274290177,1.0
synth/tubular/amb0.95,841,1,0.21298949420452118,0.21298949420452118,tubular,4098,1,0.10223388671875,0.11400536820292473,0.8265188118666813,0.25875792867719766,0.5055547552865358,0.46352340353359384,0.42403245628821223,7.0,0.893900848453648,0.9534622274290177,0.5,0.4,1.0,0.15,0.9,0.2,0.9,0.15,0.75,0.85,0.0,0.55,0.95,0.9534622274290177,1.0
synth/tubular/amb0.95,842,1,0.0,0.0,tubular,4098,2,0.047607421875,0.07445816571513812,0.8265188118666813,0.25875792867719766,0.5055547552865358,0.46352340353359384,0.42403245628821223,7.0,0.893900848453648,0.9534622274290177,0.5,0.4,1.0,0.15,0.9,0.2,0.9,0.15,0.75,0.85,0.0,0.55,0.95,0.9534622274290177,1.0
synth/tubular/amb0.95,843,1,0.04633204638957977,0.04633204638957977,tubular,4098,3,0.04608154296875,0.04882160093014439,0.8265188118666813,0.25875792867719766,0.5055547552865358,0.46352340353359384,0.42403245628821223,7.0,0.893900848453648,0.9534622274290177,0.5,0.4,1.0,0.15,0.9,0.2,0.9,0.15,0.75,0.85,0.0,0.55,0.95,0.9534622274290177,1.0
synth/annular/amb0.90,844,1,0.0,0.0,annular,4122,0,0.00238037109375,0.0,0.41727044408864655,0.6268025951090894,0.7249246654432444,0.29139223903360684,0.32759063349337414,14.0,0.7505808342378312,0.9015895707678211,0.5,0.4,1.0,0.15,0.9,0.2,0.9,0.15,0.75,0.85,0.0,0.55,0.95,0.9015895707678211,0.5791454495098083
synth/annular/amb0.90,845,1,0.0,0.0,annular,4122,1,0.03802490234375,0.04007286081711451,0.41727044408864655,0.6268025951090894,0.7249246654432444,0.29139223903360684,0.32759063349337414,14.0,0.7505808342378312,0.9015895707678211,0.5,0.4,1.0,0.15,0.9,0.2,0.9,0.15,0.75,0.85,0.0,0.55,0.95,0.9015895707678211,0.5791454495098083
synth/annular/amb0.90,846,1,0.05498281866312027,0.05498281866312027,annular,4122,2,0.0032958984375,0.0875420868396759,0.41727044408864655,0.6268025951090894,0.7249246654432444,0.29139223903360684,0.32759063349337414,14.0,0.7505808342378312,0.9015895707678211,0.5,0.4,1.0,0.15,0.9,0.2,0.9,0.15,0.75,0.85,0.0,0.55,0.95,0.9015895707678211,0.5791454495098083
synth/annular/amb0.90,847,1,0.0625,0.0625,annular,4122,3,0.0086669921875,0.0450980414946874,0.41727044408864655,0.6268025951090894,0.7249246654432444,0.29139223903360684,0.32759063349337414,14.0,0.7505808342378312,0.9015895707678211,0.5,0.4,1.0,0.15,0.9,0.2,0.9,0.15,0.75,0.85,0.0,0.55,0.95,0.9015895707678211,0.5791454495098083
synth/tubular/amb0.95,848,1,0.056272756308317184,0.056272756308317184,tubular,4136,0,0.129638671875,0.03843052543622131,0.848958424200972,0.5839490779361199,0.4174218338767592,0.27216991808671526,0.5716712966132049,19.0,0.4228921042707112,0.9661333572538928,0.5,0.4,1.0,0.15,0.9,0.2,0.9,0.15,0.75,0.85,0.0,0.55,0.95,0.9661333572538928,1.0
synth/tubular/amb0.95,849,1,0.023104693740606308,0.023104693740606308,tubular,4136,1,0.146240234375,0.016883610437313717,0.848958424200972,0.5839490779361199,0.4174218338767592,0.27216991808671526,0.5716712966132049,19.0,0.4228921042707112,0.9661333572538928,0.5,0.4,1.0,0.15,0.9,0.2,0.9,0.15,0.75,0.85,0.0,0.55,0.95,0.9661333572538928,1.0
synth/tubular/amb0.95,850,1,0.024188414216041565,0.024188414216041565,tubular,4136,2,0.03125,0.011885019640127817,0.848958424200972,0.5839490779361199,0.4174218338767592,0.27216991808671526,0.5716712966132049,19.0,0.4228921042707112,0.9661333572538928,0.5,0.4,1.0,0.15,0.9,0.2,0.9,0.15,0.75,0.85,0.0,0.55,0.95,0.9661333572538928,1.0
synth/tubular/amb0.95,851,1,0.022535210475325584,0.022535210475325584,tubular,4136,3,0.15380859375,0.09956719353795052,0.848958424200972,0.5839490779361199,0.4174218338767592,0.27216991808671526,0.5716712966132049,19.0,0.4228921042707112,0.9661333572538928,0.5,0.4,1.0,0.15,0.9,0.2,0.9,0.15,0.75,0.85,0.0,0.55,0.95,0.9661333572538928,1.0
synth/scattered/amb0.93,852,1,0.04479999840259552,0.04479999840259552,scattered,4152,0,0.01239013671875,0.04823773012806972,0.32419585682451757,0.4027644761252708,0.3240440682431556,0.5653874290907202,0.5939832232018438,14.0,0.4164614486236575,0.9196854107556194,0.5,0.4,1.0,0.15,0.9,0.2,0.9,0.15,0.75,0.85,0.0,0.55,0.95,1.0,0.9106263759931357
synth/scattered/amb0.93,853,1,0.0,0.0,scattered,4152,1,0.01458740234375,0.02954755226771037,0.32419585682451757,0.4027644761252708,0.3240440682431556,0.5653874290907202,0.5939832232018438,14.0,0.4164614486236575,0.9196854107556194,0.5,0.4,1.0,0.15,0.9,0.2,0.9,0.15,0.75,0.85,0.0,0.55,0.95,1.0,0.9106263759931357
synth/scattered/amb0.93,854,1,0.0,0.0,scattered,4152,2,0.03179931640625,0.011462202295660973,0.32419585682451757,0.4027644761252708,0.3240440682431556,0.5653874290907202,0.5939832232018438,14.0,0.4164614486236575,0.9196854107556194,0.5,0.4,1.0,0.15,0.9,0.2,0.9,0.15,0.75,0.85,0.0,0.55,0.95,1.0,0.9106263759931357
synth/scattered/amb0.93,855,1,0.21914459764957428,0.21914459764957428,scattered,4152,3,0.12188720703125,0.11781164879600207,0.32419585682451757,0.4027644761252708,0.3240440682431556,0.5653874290907202,0.5939832232018438,14.0,0.4164614486236575,0.9196854107556194,0.5,0.4,1.0,0.15,0.9,0.2,0.9,0.15,0.75,0.85,0.0,0.55,0.95,1.0,0.9106263759931357
synth/elongated/amb0.90,856,1,0.0,0.0,elongated,4156,0,0.00848388671875,0.0,0.7374588319775637,0.3499036956337715,0.6176818974804457,0.2534138720573454,0.7520254300724925,8.0,0.48989105005208655,0.8837140081671344,0.5,0.4,1.0,0.15,0.9,0.2,0.9,0.15,0.75,0.85,0.0,0.55,0.95,0.8837140081671344,0.7095456982972915
synth/elongated/amb0.90,857,1,0.018518518656492233,0.018518518656492233,elongated,4156,1,0.00982666015625,0.0,0.7374588319775637,0.3499036956337715,0.6176818974804457,0.2534138720573454,0.7520254300724925,8.0,0.48989105005208655,0.8837140081671344,0.5,0.4,1.0,0.15,0.9,0.2,0.9,0.15,0.75,0.85,0.0,0.55,0.95,0.8837140081671344,0.7095456982972915
synth/elongated/amb0.90,858,1,0.0,0.0,elongated,4156,2,0.00396728515625,0.0,0.7374588319775637,0.3499036956337715,0.6176818974804457,0.2534138720573454,0.7520254300724925,8.0,0.48989105005208655,0.8837140081671344,0.5,0.4,1.0,0.15,0.9,0.2,0.9,0.15,0.75,0.85,0.0,0.55,0.95,0.8837140081671344,0.7095456982972915
synth/elongated/amb0.90,859,1,0.0,0.0,elongated,4156,3,0.0035400390625,0.1017543872197469,0.7374588319775637,0.3499036956337715,0.6176818974804457,0.2534138720573454,0.7520254300724925,8.0,0.48989105005208655,0.8837140081671344,0.5,0.4,1.0,0.15,0.9,0.2,0.9,0.15,0.75,0.85,0.0,0.55,0.95,0.8837140081671344,0.7095456982972915
synth/tubular/amb0.93,860,1,0.2825063467025757,0.2825063467025757,tubular,4158,0,0.1015625,0.16899025440216064,0.795877018765463,0.7266622888496272,0.7500663311931712,0.48748816035758274,0.4460716583157138,10.0,0.8253465226855685,0.9390679183235977,0.5,0.4,1.0,0.15,0.9,0.2,0.9,0.15,0.75,0.85,0.0,0.55,0.95,0.9390679183235977,1.0
synth/tubular/amb0.93,861,1,0.33890488743782043,0.33890488743782043,tubular,4158,1,0.12762451171875,0.15009752536813417,0.795877018765463,0.7266622888496272,0.7500663311931712,0.48748816035758274,0.4460716583157138,10.0,0.8253465226855685,0.9390679183235977,0.5,0.4,1.0,0.15,0.9,0.2,0.9,0.15,0.75,0.85,0.0,0.55,0.95,0.9390679183235977,1.0
synth/tubular/amb0.93,862,1,0.04281098395586014,0.04281098395586014,tubular,4158,2,0.08673095703125,0.11008003602425258,0.795877018765463,0.7266622888496272,0.7500663311931712,0.48748816035758274,0.4460716583157138,10.0,0.8253465226855685,0.9390679183235977,0.5,0.4,1.0,0.15,0.9,0.2,0.9,0.15,0.75,0.85,0.0,0.55,0.95,0.9390679183235977,1.0
synth/tubular/amb0.93,863,1,0.18734988570213318,0.18734988570213318,tubular,4158,3,0.0911865234375,0.09878705131510894,0.795877018765463,0.7266622888496272,0.7500663311931712,0.48748816035758274,0.4460716583157138,10.0,0.8253465226855685,0.9390679183235977,0.5,0.4,1.0,0.15,0.9,0.2,0.9,0.15,0.75,0.85,0.0,0.55,0.95,0.9390679183235977,1.0
synth/tubular/amb0.98,864,1,0.01799100451171398,0.01799100451171398,tubular,4159,0,0.02886962890625,0.04441023866335551,0.8344932411730042,0.5595452369038569,0.3247950603524916,0.4969526451002029,0.3757125710252358,8.0,0.04544509321365153,0.9962136058039207,0.5,0.4,1.0,0.15,0.9,0.2,0.9,0.15,0.75,0.85,0.0,0.55,0.95,0.9962136058039207,1.0
synth/tubular/amb0.98,865,1,0.11894776672124863,0.11894776672124863,tubular,4159,1,0.11541748046875,0.1712116034080585,0.8344932411730042,0.5595452369038569,0.3247950603524916,0.4969526451002029,0.3757125710252358,8.0,0.04544509321365153,0.9962136058039207,0.5,0.4,1.0,0.15,0.9,0.2,0.9,0.15,0.75,0.85,0.0,0.55,0.95,0.9962136058039207,1.0
synth/tubular/amb0.98,866,1,0.03372243791818619,0.03372243791818619,tubular,4159,2,0.0162353515625,0.02015939975778262,0.8344932411730042,0.5595452369038569,0.3247950603524916,0.4969526451002029,0.3757125710252358,8.0,0.04544509321365153,0.9962136058039207,0.5,0.4,1.0,0.15,0.9,0.2,0.9,0.15,0.75,0.85,0.0,0.55,0.95,0.9962136058039207,1.0
synth/tubular/amb0.98,867,1,0.0321500338613987,0.0321500338613987,tubular,4159,3,0.04522705078125,0.029512623169769842,0.8344932411730042,0.5595452369038569,0.3247950603524916,0.4969526451002029,0.3757125710252358,8.0,0.04544509321365153,0.9962136058039207,0.5,0.4,1.0,0.15,0.9,0.2,0.9,0.15,0.75,0.85,0.0,0.55,0.95,0.9962136058039207,1.0
synth/tubular/amb0.95,868,1,0.0,0.0,tubular,4165,0,0.0401611328125,0.048560665299495064,0.4332608158378194,0.7309844445670985,0.5574244526046883,0.20243452832893155,0.5344173090702062,16.0,0.13642409508004683,0.9519763525512663,0.5,0.4,1.0,0.15,0.9,0.2,0.9,0.15,0.75,0.85,0.0,0.55,0.95,0.9519763525512663,1.0
synth/tubular/amb0.95,869,1,0.0,0.0,tubular,4165,1,0.01812744140625,0.0,0.4332608158378194,0.7309844445670985,0.5574244526046883,0.20243452832893155,0.5344173090702062,16.0,0.13642409508004683,0.9519763525512663,0.5,0.4,1.0,0.15,0.9,0.2,0.9,0.15,0.75,0.85,0.0,0.55,0.95,0.9519763525512663,1.0
synth/tubular/amb0.95,870,1,0.018353726714849472,0.018353726714849472,tubular,4165,2,0.17431640625,0.12526598696907362,0.4332608158378194,0.7309844445670985,0.5574244526046883,0.20243452832893155,0.5344173090702062,16.0,0.13642409508004683,0.9519763525512663,0.5,0.4,1.0,0.15,0.9,0.2,0.9,0.15,0.75,0.85,0.0,0.55,0.95,0.9519763525512663,1.0
synth/tubular/amb0.95,871,1,0.0,0.0,tubular,4165,3,0.049560546875,0.0497314582268397,0.4332608158378194,0.7309844445670985,0.5574244526046883,0.20243452832893155,0.5344173090702062,16.0,0.13642409508004683,0.9519763525512663,0.5,0.4,1.0,0.15,0.9,0.2,0.9,0.15,0.75,0.85,0.0,0.55,0.95,0.9519763525512663,1.0
synth/elongated/amb0.95,872,1,0.0,0.0,elongated,4194,0,0.01287841796875,0.0,0.31691157257900965,0.7040219802965775,0.8807042136801853,0.4951816324570833,0.8265704457906449,8.0,0.49381217369322083,0.9430204023638212,0.5,0.4,1.0,0.15,0.9,0.2,0.9,0.15,0.75,0.85,0.0,0.55,0.95,0.9430204023638212,0.6990683851673062
synth/elongated/amb0.95,873,1,0.0,0.0,elongated,4194,1,0.004150390625,0.0,0.31691157257900965,0.7040219802965775,0.8807042136801853,0.4951816324570833,0.8265704457906449,8.0,0.49381217369322083,0.9430204023638212,0.5,0.4,1.0,0.15,0.9,0.2,0.9,0.15,0.75,0.85,0.0,0.55,0.95,0.9430204023638212,0.6990683851673062
synth/elongated/amb0.95,874,1,0.0,0.0,elongated,4194,2,0.0020751953125,0.0,0.31691157257900965,0.7040219802965775,0.8807042136801853,0.4951816324570833,0.8265704457906449,8.0,0.49381217369322083,0.9430204023638212,0.5,0.4,1.0,0.15,0.9,0.2,0.9,0.15,0.75,0.85,0.0,0.55,0.95,0.9430204023638212,0.6990683851673062
synth/elongated/amb0.95,875,1,0.0,0.0,elongated,4194,3,0.00177001953125,0.0,0.31691157257900965,0.7040219802965775,0.8807042136801853,0.4951816324570833,0.8265704457906449,8.0,0.49381217369322083,0.9430204023638212,0.5,0.4,1.0,0.15,0.9,0.2,0.9,0.15,0.75,0.85,0.0,0.55,0.95,0.9430204023638212,0.6990683851673062
synth/annular/amb0.98,876,1,0.0,0.0,annular,4236,0,0.0074462890625,0.0,0.7060328989187599,0.5583663794663227,0.30607158725691713,0.2706927338154173,0.6871119529473593,17.0,0.4742957394364411,0.9787876325534965,0.5,0.4,1.0,0.15,0.9,0.2,0.9,0.15,0.75,0.85,0.0,0.55,0.95,0.9787876325534965,0.6887413477967834
synth/annular/amb0.98,877,1,0.0,0.0,annular,4236,1,0.0361328125,0.0,0.7060328989187599,0.5583663794663227,0.30607158725691713,0.2706927338154173,0.6871119529473593,17.0,0.4742957394364411,0.9787876325534965,0.5,0.4,1.0,0.15,0.9,0.2,0.9,0.15,0.75,0.85,0.0,0.55,0.95,0.9787876325534965,0.6887413477967834
synth/annular/amb0.98,878,1,0.0,0.0,annular,4236,2,0.01080322265625,0.0,0.7060328989187599,0.5583663794663227,0.30607158725691713,0.2706927338154173,0.6871119529473593,17.0,0.4742957394364411,0.9787876325534965,0.5,0.4,1.0,0.15,0.9,0.2,0.9,0.15,0.75,0.85,0.0,0.55,0.95,0.9787876325534965,0.6887413477967834
synth/annular/amb0.98,879,1,0.0,0.0,annular,4236,3,0.00189208984375,0.0,0.7060328989187599,0.5583663794663227,0.30607158725691713,0.2706927338154173,0.6871119529473593,17.0,0.4742957394364411,0.9787876325534965,0.5,0.4,1.0,0.15,0.9,0.2,0.9,0.15,0.75,0.85,0.0,0.55,0.95,0.9787876325534965,0.6887413477967834
synth/annular/amb0.86,880,1,0.0,0.0,annular,4251,0,0.0240478515625,0.007684918120503426,0.7554866895361214,0.3520764307763456,0.5064356511654983,0.44642613814363297,0.8963395967653625,21.0,0.6927672295423809,0.8696180536513447,0.5,0.4,1.0,0.15,0.9,0.2,0.9,0.15,0.75,0.85,0.0,0.55,0.95,0.8696180536513447,0.7298337799345274
synth/annular/amb0.86,881,1,0.0,0.0,annular,4251,1,0.01263427734375,0.017799352606137592,0.7554866895361214,0.3520764307763456,0.5064356511654983,0.44642613814363297,0.8963395967653625,21.0,0.6927672295423809,0.8696180536513447,0.5,0.4,1.0,0.15,0.9,0.2,0.9,0.15,0.75,0.85,0.0,0.55,0.95,0.8696180536513447,0.7298337799345274
synth/annular/amb0.86,882,1,0.04609929025173187,0.04609929025173187,annular,4251,2,0.12255859375,0.09743873092035453,0.7554866895361214,0.3520764307763456,0.5064356511654983,0.44642613814363297,0.8963395967653625,21.0,0.6927672295423809,0.8696180536513447,0.5,0.4,1.0,0.15,0.9,0.2,0.9,0.15,0.75,0.85,0.0,0.55,0.95,0.8696180536513447,0.7298337799345274
synth/annular/amb0.86,883,1,0.27435898780822754,0.27435898780822754,annular,4251,3,0.10235595703125,0.05701016883055369,0.7554866895361214,0.3520764307763456,0.5064356511654983,0.44642613814363297,0.8963395967653625,21.0,0.6927672295423809,0.8696180536513447,0.5,0.4,1.0,0.15,0.9,0.2,0.9,0.15,0.75,0.85,0.0,0.55,0.95,0.8696180536513447,0.7298337799345274
synth/annular/amb0.95,884,1,0.0,0.0,annular,4292,0,0.0057373046875,0.0,0.6475326101562165,0.6480214676861613,0.8950919891208708,0.3951430415839265,0.46187904191043605,13.0,0.298714707422326,0.9648992865567873,0.5,0.4,1.0,0.15,0.9,0.2,0.9,0.15,0.75,0.85,0.0,0.55,0.95,0.9648992865567873,0.6077136472825643
synth/annular/amb0.95,885,1,0.1683168262243271,0.1683168262243271,annular,4292,1,0.00762939453125,0.00913242002328237,0.6475326101562165,0.6480214676861613,0.8950919891208708,0.3951430415839265,0.46187904191043605,13.0,0.298714707422326,0.9648992865567873,0.5,0.4,1.0,0.15,0.9,0.2,0.9,0.15,0.75,0.85,0.0,0.55,0.95,0.9648992865567873,0.6077136472825643
synth/annular/amb0.95,886,1,0.0,0.0,annular,4292,2,0.025146484375,0.025925926864147186,0.6475326101562165,0.6480214676861613,0.8950919891208708,0.3951430415839265,0.46187904191043605,13.0,0.298714707422326,0.9648992865567873,0.5,0.4,1.0,0.15,0.9,0.2,0.9,0.15,0.75,0.85,0.0,0.55,0.95,0.9648992865567873,0.6077136472825643
synth/annular/amb0.95,887,1,0.0,0.0,annular,4292,3,0.00384521484375,0.11214953660964966,0.6475326101562165,0.6480214676861613,0.8950919891208708,0.3951430415839265,0.46187904191043605,13.0,0.298714707422326,0.9648992865567873,0.5,0.4,1.0,0.15,0.9,0.2,0.9,0.15,0.75,0.85,0.0,0.55,0.95,0.9648992865567873,0.6077136472825643
synth/scattered/amb0.93,888,1,0.0,0.0,scattered,4338,0,0.00146484375,0.0,0.3698991001389026,0.20544229387057952,0.479924462763049,0.14634041722940788,0.9480470444722993,6.0,0.9564710089204189,0.921301511411692,0.5,0.4,1.0,0.15,0.9,0.2,0.9,0.15,0.75,0.85,0.0,0.55,0.95,1.0,1.0
synth/scattered/amb0.93,889,1,0.0,0.0,scattered,4338,1,0.024169921875,0.027032605682810146,0.3698991001389026,0.20544229387057952,0.479924462763049,0.14634041722940788,0.9480470444722993,6.0,0.9564710089204189,0.921301511411692,0.5,0.4,1.0,0.15,0.9,0.2,0.9,0.15,0.75,0.85,0.0,0.55,0.95,1.0,1.0
synth/scattered/amb0.93,890,1,0.04444444552063942,0.04444444552063942,scattered,4338,2,0.01177978515625,0.0,0.3698991001389026,0.20544229387057952,0.479924462763049,0.14634041722940788,0.9480470444722993,6.0,0.9564710089204189,0.921301511411692,0.5,0.4,1.0,0.15,0.9,0.2,0.9,0.15,0.75,0.85,0.0,0.55,0.95,1.0,1.0
synth/scattered/amb0.93,891,1,0.0,0.0,scattered,4338,3,0.0042724609375,0.0,0.3698991001389026,0.20544229387057952,0.479924462763049,0.14634041722940788,0.9480470444722993,6.0,0.9564710089204189,0.921301511411692,0.5,0.4,1.0,0.15,0.9,0.2,0.9,0.15,0.75,0.85,0.0,0.55,0.95,1.0,1.0
synth/tubular/amb0.86,892,1,0.0,0.0,tubular,4375,0,0.0977783203125,0.0020512820531924567,0.7873609028586575,0.5153855651437327,0.35705182440421324,0.5285304605791629,0.7890220943757302,16.0,0.7489706607801704,0.8551281017415298,0.5,0.4,1.0,0.15,0.9,0.2,0.9,0.15,0.75,0.85,0.0,0.55,0.95,0.8551281017415298,1.0
synth/tubular/amb0.86,893,1,0.09903381764888763,0.09903381764888763,tubular,4375,1,0.03466796875,0.06288772200544675,0.7873609028586575,0.5153855651437327,0.35705182440421324,0.5285304605791629,0.7890220943757302,16.0,0.7489706607801704,0.8551281017415298,0.5,0.4,1.0,0.15,0.9,0.2,0.9,0.15,0.75,0.85,0.0,0.55,0.95,0.8551281017415298,1.0
synth/tubular/amb0.86,894,1,0.2558356821537018,0.2558356821537018,tubular,4375,2,0.09173583984375,0.2046541670958201,0.7873609028586575,0.5153855651437327,0.35705182440421324,0.5285304605791629,0.7890220943757302,16.0,0.7489706607801704,0.8551281017415298,0.5,0.4,1.0,0.15,0.9,0.2,0.9,0.15,0.75,0.85,0.0,0.55,0.95,0.8551281017415298,1.0
synth/tubular/amb0.86,895,1,0.0,0.0,tubular,4375,3,0.01129150390625,0.0,0.7873609028586575,0.5153855651437327,0.35705182440421324,0.5285304605791629,0.7890220943757302,16.0,0.7489706607801704,0.8551281017415298,0.5,0.4,1.0,0.15,0.9,0.2,0.9,0.15,0.75,0.85,0.0,0.55,0.95,0.8551281017415298,1.0
synth/tubular/amb0.93,896,1,0.0,0.0,tubular,4398,0,0.039306640625,0.03370571819444498,0.6701211099873919,0.3490937966864322,0.6847799471911568,0.4409068883045908,0.940626546052024,23.0,0.6513136034539005,0.9300092914111034,0.5,0.4,1.0,0.15,0.9,0.2,0.9,0.15,0.75,0.85,0.0,0.55,0.95,0.9300092914111034,1.0
synth/tubular/amb0.93,897,1,0.23958106338977814,0.23958106338977814,tubular,4398,1,0.1597900390625,0.22535496236135563,0.6701211099873919,0.3490937966864322,0.6847799471911568,0.4409068883045908,0.940626546052024,23.0,0.6513136034539005,0.9300092914111034,0.5,0.4,1.0,0.15,0.9,0.2,0.9,0.15,0.75,0.85,0.0,0.55,0.95,0.9300092914111034,1.0
synth/tubular/amb0.93,898,1,0.14546284079551697,0.14546284079551697,tubular,4398,2,0.22296142578125,0.07129625603556633,0.6701211099873919,0.3490937966864322,0.6847799471911568,0.4409068883045908,0.940626546052024,23.0,0.6513136034539005,0.9300092914111034,0.5,0.4,1.0,0.15,0.9,0.2,0.9,0.15,0.75,0.85,0.0,0.55,0.95,0.9300092914111034,1.0
synth/tubular/amb0.93,899,1,0.06848287582397461,0.06848287582397461,tubular,4398,3,0.1839599609375,0.16063699622948965,0.6701211099873919,0.3490937966864322,0.6847799471911568,0.4409068883045908,0.940626546052024,23.0,0.6513136034539005,0.9300092914111034,0.5,0.4,1.0,0.15,0.9,0.2,0.9,0.15,0.75,0.85,0.0,0.55,0.95,0.9300092914111034,1.0
synth/blob/amb0.93,900,1,0.0,0.0,blob,4424,0,0.07391357421875,0.058048670490582786,0.49080226317260867,0.7149699395191027,0.38182695522082666,0.4113654048308443,0.7754171392715739,18.0,0.11765944483921353,0.921620722950734,0.5,0.4,1.0,0.15,0.9,0.2,0.9,0.15,0.75,0.85,0.0,0.55,0.95,0.921620722950734,0.6993820955176313
synth/blob/amb0.93,901,1,0.0,0.0,blob,4424,1,0.073486328125,0.04100761003792286,0.49080226317260867,0.7149699395191027,0.38182695522082666,0.4113654048308443,0.7754171392715739,18.0,0.11765944483921353,0.921620722950734,0.5,0.4,1.0,0.15,0.9,0.2,0.9,0.15,0.75,0.85,0.0,0.55,0.95,0.921620722950734,0.6993820955176313
synth/blob/amb0.93,902,1,0.0,0.0,blob,4424,2,0.0430908203125,0.0,0.49080226317260867,0.7149699395191027,0.38182695522082666,0.4113654048308443,0.7754171392715739,18.0,0.11765944483921353,0.921620722950734,0.5,0.4,1.0,0.15,0.9,0.2,0.9,0.15,0.75,0.85,0.0,0.55,0.95,0.921620722950734,0.6993820955176313
synth/blob/amb0.93,903,1,0.0,0.0,blob,4424,3,0.05609130859375,0.0,0.49080226317260867,0.7149699395191027,0.38182695522082666,0.4113654048308443,0.7754171392715739,18.0,0.11765944483921353,0.921620722950734,0.5,0.4,1.0,0.15,0.9,0.2,0.9,0.15,0.75,0.85,0.0,0.55,0.95,0.921620722950734,0.6993820955176313
synth/annular/amb0.86,904,1,0.18390804529190063,0.18390804529190063,annular,4444,0,0.0064697265625,0.07804878056049347,0.7463999421446943,0.7053630301940939,0.6029876657247751,0.20818452380216473,0.4389928798143073,21.0,0.07079397406503896,0.8687493724168666,0.5,0.4,1.0,0.15,0.9,0.2,0.9,0.15,0.75,0.85,0.0,0.55,0.95,0.8687493724168666,0.6186560184172473
synth/annular/amb0.86,905,1,0.0,0.0,annular,4444,1,0.00347900390625,0.0,0.7463999421446943,0.7053630301940939,0.6029876657247751,0.20818452380216473,0.4389928798143073,21.0,0.07079397406503896,0.8687493724168666,0.5,0.4,1.0,0.15,0.9,0.2,0.9,0.15,0.75,0.85,0.0,0.55,0.95,0.8687493724168666,0.6186560184172473
synth/annular/amb0.86,906,1,0.0,0.0,annular,4444,2,0.03326416015625,0.0,0.7463999421446943,0.7053630301940939,0.6029876657247751,0.20818452380216473,0.4389928798143073,21.0,0.07079397406503896,0.8687493724168666,0.5,0.4,1.0,0.15,0.9,0.2,0.9,0.15,0.75,0.85,0.0,0.55,0.95,0.8687493724168666,0.6186560184172473
synth/annular/amb0.86,907,1,0.0,0.0,annular,4444,3,0.00726318359375,0.0,0.7463999421446943,0.7053630301940939,0.6029876657247751,0.20818452380216473,0.4389928798143073,21.0,0.07079397406503896,0.8687493724168666,0.5,0.4,1.0,0.15,0.9,0.2,0.9,0.15,0.75,0.85,0.0,0.55,0.95,0.8687493724168666,0.6186560184172473
synth/tubular/amb0.98,908,1,0.29179519414901733,0.29179519414901733,tubular,4462,0,0.14190673828125,0.24747198323408762,0.3130115992484502,0.5306738144168426,0.8358267556018364,0.38820127578765035,0.6153595322693435,20.0,0.9642285598476525,0.997666343898616,0.5,0.4,1.0,0.15,0.9,0.2,0.9,0.15,0.75,0.85,0.0,0.55,0.95,0.997666343898616,1.0
synth/tubular/amb0.98,909,1,0.5870983600616455,0.5870983600616455,tubular,4462,1,0.15447998046875,0.09723573923110962,0.3130115992484502,0.5306738144168426,0.8358267556018364,0.38820127578765035,0.6153595322693435,20.0,0.9642285598476525,0.997666343898616,0.5,0.4,1.0,0.15,0.9,0.2,0.9,0.15,0.75,0.85,0.0,0.55,0.95,0.997666343898616,1.0
synth/tubular/amb0.98,910,1,0.19241012632846832,0.19241012632846832,tubular,4462,2,0.1446533203125,0.047186638170387596,0.3130115992484502,0.5306738144168426,0.8358267556018364,0.38820127578765035,0.6153595322693435,20.0,0.9642285598476525,0.997666343898616,0.5,0.4,1.0,0.15,0.9,0.2,0.9,0.15,0.75,0.85,0.0,0.55,0.95,0.997666343898616,1.0
synth/tubular/amb0.98,911,1,0.3746478855609894,0.3746478855609894,tubular,4462,3,0.1478271484375,0.1937324379881223,0.3130115992484502,0.5306738144168426,0.8358267556018364,0.38820127578765035,0.6153595322693435,20.0,0.9642285598476525,0.997666343898616,0.5,0.4,1.0,0.15,0.9,0.2,0.9,0.15,0.75,0.85,0.0,0.55,0.95,0.997666343898616,1.0
synth/annular/amb0.95,912,1,0.0,0.0,annular,4494,0,0.005615234375,0.022792023917039234,0.612374659479856,0.5962873729942959,0.5255828641996663,0.2635813639598017,0.5108147390184297,18.0,0.3359175595528541,0.9447088248883865,0.5,0.4,1.0,0.15,0.9,0.2,0.9,0.15,0.75,0.85,0.0,0.55,0.95,0.9447088248883865,0.6364125375973456
synth/annular/amb0.95,913,1,0.06796116381883621,0.06796116381883621,annular,4494,1,0.00506591796875,0.027210883796215057,0.612374659479856,0.5962873729942959,0.5255828641996663,0.2635813639598017,0.5108147390184297,18.0,0.3359175595528541,0.9447088248883865,0.5,0.4,1.0,0.15,0.9,0.2,0.9,0.15,0.75,0.85,0.0,0.55,0.95,0.9447088248883865,0.6364125375973456
synth/annular/amb0.95,914,1,0.2409638613462448,0.2409638613462448,annular,4494,2,0.00177001953125,0.0,0.612374659479856,0.5962873729942959,0.5255828641996663,0.2635813639598017,0.5108147390184297,18.0,0.3359175595528541,0.9447088248883865,0.5,0.4,1.0,0.15,0.9,0.2,0.9,0.15,0.75,0.85,0.0,0.55,0.95,0.9447088248883865,0.6364125375973456
synth/annular/amb0.95,915,1,0.0,0.0,annular,4494,3,0.001220703125,0.0,0.612374659479856,0.5962873729942959,0.5255828641996663,0.2635813639598017,0.5108147390184297,18.0,0.3359175595528541,0.9447088248883865,0.5,0.4,1.0,0.15,0.9,0.2,0.9,0.15,0.75,0.85,0.0,0.55,0.95,0.9447088248883865,0.6364125375973456
synth/annular/amb0.93,916,1,0.0,0.0,annular,4512,0,0.01409912109375,0.0,0.8306833319142726,0.8346615800446855,0.8073675720497735,0.3897069720896299,0.8078424405256268,15.0,0.4193262674007098,0.9318353160474981,0.5,0.4,1.0,0.15,0.9,0.2,0.9,0.15,0.75,0.85,0.0,0.55,0.95,0.9318353160474981,0.7122653814375391
synth/annular/amb0.93,917,1,0.0,0.0,annular,4512,1,0.0234375,0.10893246531486511,0.8306833319142726,0.8346615800446855,0.8073675720497735,0.3897069720896299,0.8078424405256268,15.0,0.4193262674007098,0.9318353160474981,0.5,0.4,1.0,0.15,0.9,0.2,0.9,0.15,0.75,0.85,0.0,0.55,0.95,0.9318353160474981,0.7122653814375391
synth/annular/amb0.93,918,1,0.0,0.0,annular,4512,2,0.01995849609375,0.009677419438958168,0.8306833319142726,0.8346615800446855,0.8073675720497735,0.3897069720896299,0.8078424405256268,15.0,0.4193262674007098,0.9318353160474981,0.5,0.4,1.0,0.15,0.9,0.2,0.9,0.15,0.75,0.85,0.0,0.55,0.95,0.9318353160474981,0.7122653814375391
synth/annular/amb0.93,919,1,0.0,0.0,annular,4512,3,0.007568359375,0.0,0.8306833319142726,0.8346615800446855,0.8073675720497735,0.3897069720896299,0.8078424405256268,15.0,0.4193262674007098,0.9318353160474981,0.5,0.4,1.0,0.15,0.9,0.2,0.9,0.15,0.75,0.85,0.0,0.55,0.95,0.9318353160474981,0.7122653814375391
synth/elongated/amb0.93,920,1,0.0,0.0,elongated,4513,0,0.04833984375,0.0,0.7394924909918659,0.6250146740586981,0.623047603976608,0.32988811149431124,0.5263675284411337,16.0,0.007677538007486051,0.9124594037208954,0.5,0.4,1.0,0.15,0.9,0.2,0.9,0.15,0.75,0.85,0.0,0.55,0.95,0.9124594037208954,0.6350676221094649
synth/elongated/amb0.93,921,1,0.0,0.0,elongated,4513,1,0.0731201171875,0.004205946810543537,0.7394924909918659,0.6250146740586981,0.623047603976608,0.32988811149431124,0.5263675284411337,16.0,0.007677538007486051,0.9124594037208954,0.5,0.4,1.0,0.15,0.9,0.2,0.9,0.15,0.75,0.85,0.0,0.55,0.95,0.9124594037208954,0.6350676221094649
synth/elongated/amb0.93,922,1,0.02278481051325798,0.02278481051325798,elongated,4513,2,0.024658203125,0.15413507322470346,0.7394924909918659,0.6250146740586981,0.623047603976608,0.32988811149431124,0.5263675284411337,16.0,0.007677538007486051,0.9124594037208954,0.5,0.4,1.0,0.15,0.9,0.2,0.9,0.15,0.75,0.85,0.0,0.55,0.95,0.9124594037208954,0.6350676221094649
synth/elongated/amb0.93,923,1,0.0022148394491523504,0.0022148394491523504,elongated,4513,3,0.096923828125,0.13321634382009506,0.7394924909918659,0.6250146740586981,0.623047603976608,0.32988811149431124,0.5263675284411337,16.0,0.007677538007486051,0.9124594037208954,0.5,0.4,1.0,0.15,0.9,0.2,0.9,0.15,0.75,0.85,0.0,0.55,0.95,0.9124594037208954,0.6350676221094649
synth/elongated/amb0.90,924,1,0.36097562313079834,0.36097562313079834,elongated,4514,0,0.02838134765625,0.0,0.3113303542913605,0.86890961902516,0.5299102432325412,0.24985461851669738,0.6522606447429481,12.0,0.013409778965739028,0.8861017955941701,0.5,0.4,1.0,0.15,0.9,0.2,0.9,0.15,0.75,0.85,0.0,0.55,0.95,0.8861017955941701,0.6798773874060001
synth/elongated/amb0.90,925,1,0.0,0.0,elongated,4514,1,0.00653076171875,0.0,0.3113303542913605,0.86890961902516,0.5299102432325412,0.24985461851669738,0.6522606447429481,12.0,0.013409778965739028,0.8861017955941701,0.5,0.4,1.0,0.15,0.9,0.2,0.9,0.15,0.75,0.85,0.0,0.55,0.95,0.8861017955941701,0.6798773874060001
synth/elongated/amb0.90,926,1,0.0,0.0,elongated,4514,2,0.00372314453125,0.0,0.3113303542913605,0.86890961902516,0.5299102432325412,0.24985461851669738,0.6522606447429481,12.0,0.013409778965739028,0.8861017955941701,0.5,0.4,1.0,0.15,0.9,0.2,0.9,0.15,0.75,0.85,0.0,0.55,0.95,0.8861017955941701,0.6798773874060001
synth/elongated/amb0.90,927,1,0.0,0.0,elongated,4514,3,0.0015869140625,0.0,0.3113303542913605,0.86890961902516,0.5299102432325412,0.24985461851669738,0.6522606447429481,12.0,0.013409778965739028,0.8861017955941701,0.5,0.4,1.0,0.15,0.9,0.2,0.9,0.15,0.75,0.85,0.0,0.55,0.95,0.8861017955941701,0.6798773874060001
synth/blob/amb0.95,928,1,0.0,0.0,blob,4520,0,0.00732421875,0.03576983014742533,0.37412636954041073,0.8776895166052461,0.6059277643553321,0.5689901534109504,0.6833977022150208,9.0,0.5224477416146255,0.9661443346877556,0.5,0.4,1.0,0.15,0.9,0.2,0.9,0.15,0.75,0.85,0.0,0.55,0.95,0.9661443346877556,0.6363203271549165
synth/blob/amb0.95,929,1,0.3050445020198822,0.3050445020198822,blob,4520,1,0.084228515625,0.09711442391077678,0.37412636954041073,0.8776895166052461,0.6059277643553321,0.5689901534109504,0.6833977022150208,9.0,0.5224477416146255,0.9661443346877556,0.5,0.4,1.0,0.15,0.9,0.2,0.9,0.15,0.75,0.85,0.0,0.55,0.95,0.9661443346877556,0.6363203271549165
synth/blob/amb0.95,930,1,0.0,0.0,blob,4520,2,0.06488037109375,0.0,0.37412636954041073,0.8776895166052461,0.6059277643553321,0.5689901534109504,0.6833977022150208,9.0,0.5224477416146255,0.9661443346877556,0.5,0.4,1.0,0.15,0.9,0.2,0.9,0.15,0.75,0.85,0.0,0.55,0.95,0.9661443346877556,0.6363203271549165
synth/blob/amb0.95,931,1,0.0,0.0,blob,4520,3,0.08404541015625,0.09134360154469807,0.37412636954041073,0.8776895166052461,0.6059277643553321,0.5689901534109504,0.6833977022150208,9.0,0.5224477416146255,0.9661443346877556,0.5,0.4,1.0,0.15,0.9,0.2,0.9,0.15,0.75,0.85,0.0,0.55,0.95,0.9661443346877556,0.6363203271549165
synth/annular/amb0.86,932,1,0.0,0.0,annular,4535,0,0.0997314453125,0.0,0.8707997700361556,0.2455765409066884,0.5509099761307765,0.33702157684169803,0.9206787457988084,7.0,0.023171904850878722,0.8766216445461247,0.5,0.4,1.0,0.15,0.9,0.2,0.9,0.15,0.75,0.85,0.0,0.55,0.95,0.8766216445461247,0.7525981262320695
synth/annular/amb0.86,933,1,0.0,0.0,annular,4535,1,0.03173828125,0.0,0.8707997700361556,0.2455765409066884,0.5509099761307765,0.33702157684169803,0.9206787457988084,7.0,0.023171904850878722,0.8766216445461247,0.5,0.4,1.0,0.15,0.9,0.2,0.9,0.15,0.75,0.85,0.0,0.55,0.95,0.8766216445461247,0.7525981262320695
synth/annular/amb0.86,934,1,0.08862433582544327,0.08862433582544327,annular,4535,2,0.08734130859375,0.078180526693662,0.8707997700361556,0.2455765409066884,0.5509099761307765,0.33702157684169803,0.9206787457988084,7.0,0.023171904850878722,0.8766216445461247,0.5,0.4,1.0,0.15,0.9,0.2,0.9,0.15,0.75,0.85,0.0,0.55,0.95,0.8766216445461247,0.7525981262320695
synth/annular/amb0.86,935,1,0.0,0.0,annular,4535,3,0.007080078125,0.0,0.8707997700361556,0.2455765409066884,0.5509099761307765,0.33702157684169803,0.9206787457988084,7.0,0.023171904850878722,0.8766216445461247,0.5,0.4,1.0,0.15,0.9,0.2,0.9,0.15,0.75,0.85,0.0,0.55,0.95,0.8766216445461247,0.7525981262320695
synth/elongated/amb0.93,936,1,0.0,0.0,elongated,4536,0,0.00311279296875,0.0,0.5951583392512784,0.8498046444167837,0.7407226970579148,0.13917744781619212,0.7121475598160886,18.0,0.9924938700351548,0.9224246540864356,0.5,0.4,1.0,0.15,0.9,0.2,0.9,0.15,0.75,0.85,0.0,0.55,0.95,0.9224246540864356,0.7041529854454607
synth/elongated/amb0.93,937,1,0.0,0.0,elongated,4536,1,0.001708984375,0.0,0.5951583392512784,0.8498046444167837,0.7407226970579148,0.13917744781619212,0.7121475598160886,18.0,0.9924938700351548,0.9224246540864356,0.5,0.4,1.0,0.15,0.9,0.2,0.9,0.15,0.75,0.85,0.0,0.55,0.95,0.9224246540864356,0.7041529854454607
synth/elongated/amb0.93,938,1,0.0,0.0,elongated,4536,2,0.01043701171875,0.0,0.5951583392512784,0.8498046444167837,0.7407226970579148,0.13917744781619212,0.7121475598160886,18.0,0.9924938700351548,0.9224246540864356,0.5,0.4,1.0,0.15,0.9,0.2,0.9,0.15,0.75,0.85,0.0,0.55,0.95,0.9224246540864356,0.7041529854454607
synth/elongated/amb0.93,939,1,0.0,0.0,elongated,4536,3,0.007568359375,0.0,0.5951583392512784,0.8498046444167837,0.7407226970579148,0.13917744781619212,0.7121475598160886,18.0,0.9924938700351548,0.9224246540864356,0.5,0.4,1.0,0.15,0.9,0.2,0.9,0.15,0.75,0.85,0.0,0.55,0.95,0.9224246540864356,0.7041529854454607
synth/annular/amb0.86,940,1,0.0,0.0,annular,4564,0,0.02520751953125,0.06864321309452255,0.5323003306389291,0.5053580127740818,0.5942773875264569,0.45933322922794795,0.7258758750463064,11.0,0.7379566188539685,0.8521281074544623,0.5,0.4,1.0,0.15,0.9,0.2,0.9,0.15,0.75,0.85,0.0,0.55,0.95,0.8521281074544623,0.6763020784969966
synth/annular/amb0.86,941,1,0.0,0.0,annular,4564,1,0.01641845703125,0.15605749686559042,0.5323003306389291,0.5053580127740818,0.5942773875264569,0.45933322922794795,0.7258758750463064,11.0,0.7379566188539685,0.8521281074544623,0.5,0.4,1.0,0.15,0.9,0.2,0.9,0.15,0.75,0.85,0.0,0.55,0.95,0.8521281074544623,0.6763020784969966
synth/annular/amb0.86,942,1,0.0,0.0,annular,4564,2,0.01226806640625,0.0,0.5323003306389291,0.5053580127740818,0.5942773875264569,0.45933322922794795,0.7258758750463064,11.0,0.7379566188539685,0.8521281074544623,0.5,0.4,1.0,0.15,0.9,0.2,0.9,0.15,0.75,0.85,0.0,0.55,0.95,0.8521281074544623,0.6763020784969966
synth/annular/amb0.86,943,1,0.3379383683204651,0.3379383683204651,annular,4564,3,0.03759765625,0.12293729186058044,0.5323003306389291,0.5053580127740818,0.5942773875264569,0.45933322922794795,0.7258758750463064,11.0,0.7379566188539685,0.8521281074544623,0.5,0.4,1.0,0.15,0.9,0.2,0.9,0.15,0.75,0.85,0.0,0.55,0.95,0.8521281074544623,0.6763020784969966
synth/scattered/amb0.98,944,1,0.2058504819869995,0.2058504819869995,scattered,4581,0,0.0311279296875,0.043158546555787325,0.7437638531725738,0.8584884614227086,0.874104610584713,0.48567417666311047,0.47761963460382906,8.0,0.4124153862396479,0.9784058484806524,0.5,0.4,1.0,0.15,0.9,0.2,0.9,0.15,0.75,0.85,0.0,0.55,0.95,1.0,0.8964780765632758
synth/scattered/amb0.98,945,1,0.257048100233078,0.257048100233078,scattered,4581,1,0.03082275390625,0.1005420262614886,0.7437638531725738,0.8584884614227086,0.874104610584713,0.48567417666311047,0.47761963460382906,8.0,0.4124153862396479,0.9784058484806524,0.5,0.4,1.0,0.15,0.9,0.2,0.9,0.15,0.75,0.85,0.0,0.55,0.95,1.0,0.8964780765632758
synth/scattered/amb0.98,946,1,0.02539682574570179,0.02539682574570179,scattered,4581,2,0.06427001953125,0.02563999903698762,0.7437638531725738,0.8584884614227086,0.874104610584713,0.48567417666311047,0.47761963460382906,8.0,0.4124153862396479,0.9784058484806524,0.5,0.4,1.0,0.15,0.9,0.2,0.9,0.15,0.75,0.85,0.0,0.55,0.95,1.0,0.8964780765632758
synth/scattered/amb0.98,947,1,0.005494505632668734,0.005494505632668734,scattered,4581,3,0.013916015625,0.019845405283073585,0.7437638531725738,0.8584884614227086,0.874104610584713,0.48567417666311047,0.47761963460382906,8.0,0.4124153862396479,0.9784058484806524,0.5,0.4,1.0,0.15,0.9,0.2,0.9,0.15,0.75,0.85,0.0,0.55,0.95,1.0,0.8964780765632758
synth/tubular/amb0.90,948,1,0.3206770420074463,0.3206770420074463,tubular,4600,0,0.16668701171875,0.106529034266714,0.3463387989651511,0.4185643219210602,0.3178213016927634,0.45939148922710216,0.5772766304255138,19.0,0.7772495097299998,0.8950150750030171,0.5,0.4,1.0,0.15,0.9,0.2,0.9,0.15,0.75,0.85,0.0,0.55,0.95,0.8950150750030171,1.0
synth/tubular/amb0.90,949,1,0.2996784448623657,0.2996784448623657,tubular,4600,1,0.11199951171875,0.12428457910815875,0.3463387989651511,0.4185643219210602,0.3178213016927634,0.45939148922710216,0.5772766304255138,19.0,0.7772495097299998,0.8950150750030171,0.5,0.4,1.0,0.15,0.9,0.2,0.9,0.15,0.75,0.85,0.0,0.55,0.95,0.8950150750030171,1.0
synth/tubular/amb0.90,950,1,0.1329001784324646,0.1329001784324646,tubular,4600,2,0.06463623046875,0.07308288617059588,0.3463387989651511,0.4185643219210602,0.3178213016927634,0.45939148922710216,0.5772766304255138,19.0,0.7772495097299998,0.8950150750030171,0.5,0.4,1.0,0.15,0.9,0.2,0.9,0.15,0.75,0.85,0.0,0.55,0.95,0.8950150750030171,1.0
synth/tubular/amb0.90,951,1,0.40976646542549133,0.40976646542549133,tubular,4600,3,0.1585693359375,0.20796494434277216,0.3463387989651511,0.4185643219210602,0.3178213016927634,0.45939148922710216,0.5772766304255138,19.0,0.7772495097299998,0.8950150750030171,0.5,0.4,1.0,0.15,0.9,0.2,0.9,0.15,0.75,0.85,0.0,0.55,0.95,0.8950150750030171,1.0
synth/blob/amb0.95,952,1,0.0,0.0,blob,4630,0,0.03668212890625,0.22004266269505024,0.8514012006673994,0.7366614503405002,0.6342733735896229,0.5406694355060593,0.7250030220686938,12.0,0.09619838563909366,0.9441247023205679,0.5,0.4,1.0,0.15,0.9,0.2,0.9,0.15,0.75,0.85,0.0,0.55,0.95,0.9441247023205679,0.657202078023051
synth/blob/amb0.95,953,1,0.13204747438430786,0.13204747438430786,blob,4630,1,0.05389404296875,0.104595551888148,0.8514012006673994,0.7366614503405002,0.6342733735896229,0.5406694355060593,0.7250030220686938,12.0,0.09619838563909366,0.9441247023205679,0.5,0.4,1.0,0.15,0.9,0.2,0.9,0.15,0.75,0.85,0.0,0.55,0.95,0.9441247023205679,0.657202078023051
synth/blob/amb0.95,954,1,0.28601768612861633,0.28601768612861633,blob,4630,2,0.14617919921875,0.07291407883167267,0.8514012006673994,0.7366614503405002,0.6342733735896229,0.5406694355060593,0.7250030220686938,12.0,0.09619838563909366,0.9441247023205679,0.5,0.4,1.0,0.15,0.9,0.2,0.9,0.15,0.75,0.85,0.0,0.55,0.95,0.9441247023205679,0.657202078023051
synth/blob/amb0.95,955,1,0.0,0.0,blob,4630,3,0.03173828125,0.0,0.8514012006673994,0.7366614503405002,0.6342733735896229,0.5406694355060593,0.7250030220686938,12.0,0.09619838563909366,0.9441247023205679,0.5,0.4,1.0,0.15,0.9,0.2,0.9,0.15,0.75,0.85,0.0,0.55,0.95,0.9441247023205679,0.657202078023051
synth/blob/amb0.95,956,1,0.0,0.0,blob,4697,0,0.00604248046875,0.0,0.6404957544471349,0.38017796008430105,0.7685653237699327,0.49153857502835097,0.602429035432902,12.0,0.6600977589413733,0.9526281451118898,0.5,0.4,1.0,0.15,0.9,0.2,0.9,0.15,0.75,0.85,0.0,0.55,0.95,0.9526281451118898,0.6326395546919799
synth/blob/amb0.95,957,1,0.0,0.0,blob,4697,1,0.02716064453125,0.0,0.6404957544471349,0.38017796008430105,0.7685653237699327,0.49153857502835097,0.602429035432902,12.0,0.6600977589413733,0.9526281451118898,0.5,0.4,1.0,0.15,0.9,0.2,0.9,0.15,0.75,0.85,0.0,0.55,0.95,0.9526281451118898,0.6326395546919799
synth/blob/amb0.95,958,1,0.021169355139136314,0.021169355139136314,blob,4697,2,0.11328125,0.0,0.6404957544471349,0.38017796008430105,0.7685653237699327,0.49153857502835097,0.602429035432902,12.0,0.6600977589413733,0.9526281451118898,0.5,0.4,1.0,0.15,0.9,0.2,0.9,0.15,0.75,0.85,0.0,0.55,0.95,0.9526281451118898,0.6326395546919799
synth/blob/amb0.95,959,1,0.3109374940395355,0.3109374940395355,blob,4697,3,0.06060791015625,0.05163110722787678,0.6404957544471349,0.38017796008430105,0.7685653237699327,0.49153857502835097,0.602429035432902,12.0,0.6600977589413733,0.9526281451118898,0.5,0.4,1.0,0.15,0.9,0.2,0.9,0.15,0.75,0.85,0.0,0.55,0.95,0.9526281451118898,0.6326395546919799
synth/tubular/amb0.93,960,1,0.001320132054388523,0.001320132054388523,tubular,4750,0,0.1171875,0.028235962614417076,0.4717666141548287,0.46366435002701295,0.7969147099961307,0.4799085056748113,0.945793791678293,20.0,0.7022856779866293,0.9346486184345392,0.5,0.4,1.0,0.15,0.9,0.2,0.9,0.15,0.75,0.85,0.0,0.55,0.95,0.9346486184345392,1.0
synth/tubular/amb0.93,961,1,0.4375757575035095,0.4375757575035095,tubular,4750,1,0.10894775390625,0.11943476034017901,0.4717666141548287,0.46366435002701295,0.7969147099961307,0.4799085056748113,0.945793791678293,20.0,0.7022856779866293,0.9346486184345392,0.5,0.4,1.0,0.15,0.9,0.2,0.9,0.15,0.75,0.85,0.0,0.55,0.95,0.9346486184345392,1.0
synth/tubular/amb0.93,962,1,0.0,0.0,tubular,4750,2,0.1116943359375,0.013933057974403104,0.4717666141548287,0.46366435002701295,0.7969147099961307,0.4799085056748113,0.945793791678293,20.0,0.7022856779866293,0.9346486184345392,0.5,0.4,1.0,0.15,0.9,0.2,0.9,0.15,0.75,0.85,0.0,0.55,0.95,0.9346486184345392,1.0
synth/tubular/amb0.93,963,1,0.17835450172424316,0.17835450172424316,tubular,4750,3,0.16131591796875,0.15618490055203438,0.4717666141548287,0.46366435002701295,0.7969147099961307,0.4799085056748113,0.945793791678293,20.0,0.7022856779866293,0.9346486184345392,0.5,0.4,1.0,0.15,0.9,0.2,0.9,0.15,0.75,0.85,0.0,0.55,0.95,0.9346486184345392,1.0
synth/annular/amb0.90,964,1,0.0,0.0,annular,4760,0,0.0032958984375,0.0,0.5944733471100752,0.34221301056674897,0.7249742102907779,0.5749061449629727,0.8659526676241633,13.0,0.015418708770673084,0.8899255038233626,0.5,0.4,1.0,0.15,0.9,0.2,0.9,0.15,0.75,0.85,0.0,0.55,0.95,0.8899255038233626,0.6891894426972286
synth/annular/amb0.90,965,1,0.22527076303958893,0.22527076303958893,annular,4760,1,0.07366943359375,0.08080808321634929,0.5944733471100752,0.34221301056674897,0.7249742102907779,0.5749061449629727,0.8659526676241633,13.0,0.015418708770673084,0.8899255038233626,0.5,0.4,1.0,0.15,0.9,0.2,0.9,0.15,0.75,0.85,0.0,0.55,0.95,0.8899255038233626,0.6891894426972286
synth/annular/amb0.90,966,1,0.0,0.0,annular,4760,2,0.021240234375,0.0,0.5944733471100752,0.34221301056674897,0.7249742102907779,0.5749061449629727,0.8659526676241633,13.0,0.015418708770673084,0.8899255038233626,0.5,0.4,1.0,0.15,0.9,0.2,0.9,0.15,0.75,0.85,0.0,0.55,0.95,0.8899255038233626,0.6891894426972286
synth/annular/amb0.90,967,1,0.0,0.0,annular,4760,3,0.03228759765625,0.0,0.5944733471100752,0.34221301056674897,0.7249742102907779,0.5749061449629727,0.8659526676241633,13.0,0.015418708770673084,0.8899255038233626,0.5,0.4,1.0,0.15,0.9,0.2,0.9,0.15,0.75,0.85,0.0,0.55,0.95,0.8899255038233626,0.6891894426972286
synth/annular/amb0.90,968,1,0.14864864945411682,0.14864864945411682,annular,4772,0,0.0650634765625,0.10777749866247177,0.6753848579885297,0.6793780593245937,0.6340410712159974,0.43654854966498646,0.34556036170042026,20.0,0.4864903948830208,0.9037491623391186,0.5,0.4,1.0,0.15,0.9,0.2,0.9,0.15,0.75,0.85,0.0,0.55,0.95,0.9037491623391186,0.5663373251258408
synth/annular/amb0.90,969,1,0.0,0.0,annular,4772,1,0.01702880859375,0.0608459934592247,0.6753848579885297,0.6793780593245937,0.6340410712159974,0.43654854966498646,0.34556036170042026,20.0,0.4864903948830208,0.9037491623391186,0.5,0.4,1.0,0.15,0.9,0.2,0.9,0.15,0.75,0.85,0.0,0.55,0.95,0.9037491623391186,0.5663373251258408
synth/annular/amb0.90,970,1,0.3216896951198578,0.3216896951198578,annular,4772,2,0.02752685546875,0.03873370587825775,0.6753848579885297,0.6793780593245937,0.6340410712159974,0.43654854966498646,0.34556036170042026,20.0,0.4864903948830208,0.9037491623391186,0.5,0.4,1.0,0.15,0.9,0.2,0.9,0.15,0.75,0.85,0.0,0.55,0.95,0.9037491623391186,0.5663373251258408
synth/annular/amb0.90,971,1,0.0046547711826860905,0.0046547711826860905,annular,4772,3,0.0352783203125,0.04473067928726474,0.6753848579885297,0.6793780593245937,0.6340410712159974,0.43654854966498646,0.34556036170042026,20.0,0.4864903948830208,0.9037491623391186,0.5,0.4,1.0,0.15,0.9,0.2,0.9,0.15,0.75,0.85,0.0,0.55,0.95,0.9037491623391186,0.5663373251258408
synth/annular/amb0.93,972,1,0.0,0.0,annular,4794,0,0.01861572265625,0.0,0.5944443781057921,0.7911138626672694,0.3693069646704909,0.12272625021095435,0.47571881660604154,8.0,0.7011659646653733,0.9392561466978386,0.5,0.4,1.0,0.15,0.9,0.2,0.9,0.15,0.75,0.85,0.0,0.55,0.95,0.9392561466978386,0.6339168640541211
synth/annular/amb0.93,973,1,0.0,0.0,annular,4794,1,0.00238037109375,0.0,0.5944443781057921,0.7911138626672694,0.3693069646704909,0.12272625021095435,0.47571881660604154,8.0,0.7011659646653733,0.9392561466978386,0.5,0.4,1.0,0.15,0.9,0.2,0.9,0.15,0.75,0.85,0.0,0.55,0.95,0.9392561466978386,0.6339168640541211
synth/annular/amb0.93,974,1,0.0,0.0,annular,4794,2,0.00189208984375,0.0,0.5944443781057921,0.7911138626672694,0.3693069646704909,0.12272625021095435,0.47571881660604154,8.0,0.7011659646653733,0.9392561466978386,0.5,0.4,1.0,0.15,0.9,0.2,0.9,0.15,0.75,0.85,0.0,0.55,0.95,0.9392561466978386,0.6339168640541211
synth/annular/amb0.93,975,1,0.0,0.0,annular,4794,3,0.00128173828125,0.0,0.5944443781057921,0.7911138626672694,0.3693069646704909,0.12272625021095435,0.47571881660604154,8.0,0.7011659646653733,0.9392561466978386,0.5,0.4,1.0,0.15,0.9,0.2,0.9,0.15,0.75,0.85,0.0,0.55,0.95,0.9392561466978386,0.6339168640541211
synth/annular/amb0.93,976,1,0.10317825525999069,0.10317825525999069,annular,4834,0,0.0762939453125,0.14195517202218375,0.7822484076742777,0.4280533163516319,0.39658886257385356,0.5890955803954909,0.3070456318214003,19.0,0.9715791013216392,0.9389630536345263,0.5,0.4,1.0,0.15,0.9,0.2,0.9,0.15,0.75,0.85,0.0,0.55,0.95,0.9389630536345263,0.5167501712298916
synth/annular/amb0.93,977,1,0.06730769574642181,0.06730769574642181,annular,4834,1,0.1146240234375,0.04434590041637421,0.7822484076742777,0.4280533163516319,0.39658886257385356,0.5890955803954909,0.3070456318214003,19.0,0.9715791013216392,0.9389630536345263,0.5,0.4,1.0,0.15,0.9,0.2,0.9,0.15,0.75,0.85,0.0,0.55,0.95,0.9389630536345263,0.5167501712298916
synth/annular/amb0.93,978,1,0.0,0.0,annular,4834,2,0.122314453125,0.02760462959607442,0.7822484076742777,0.4280533163516319,0.39658886257385356,0.5890955803954909,0.3070456318214003,19.0,0.9715791013216392,0.9389630536345263,0.5,0.4,1.0,0.15,0.9,0.2,0.9,0.15,0.75,0.85,0.0,0.55,0.95,0.9389630536345263,0.5167501712298916
synth/annular/amb0.93,979,1,0.0,0.0,annular,4834,3,0.09039306640625,0.0,0.7822484076742777,0.4280533163516319,0.39658886257385356,0.5890955803954909,0.3070456318214003,19.0,0.9715791013216392,0.9389630536345263,0.5,0.4,1.0,0.15,0.9,0.2,0.9,0.15,0.75,0.85,0.0,0.55,0.95,0.9389630536345263,0.5167501712298916
synth/annular/amb0.90,980,1,0.08649788796901703,0.08649788796901703,annular,4866,0,0.1104736328125,0.0,0.5577657955303694,0.6882289732736049,0.5973777092168688,0.3137420667066069,0.6096152553634817,7.0,0.10795664082337875,0.882871090854674,0.5,0.4,1.0,0.15,0.9,0.2,0.9,0.15,0.75,0.85,0.0,0.55,0.95,0.882871090854674,0.6616788021629607
synth/annular/amb0.90,981,1,0.0,0.0,annular,4866,1,0.01361083984375,0.0017271156733234723,0.5577657955303694,0.6882289732736049,0.5973777092168688,0.3137420667066069,0.6096152553634817,7.0,0.10795664082337875,0.882871090854674,0.5,0.4,1.0,0.15,0.9,0.2,0.9,0.15,0.75,0.85,0.0,0.55,0.95,0.882871090854674,0.6616788021629607
synth/annular/amb0.90,982,1,0.0,0.0,annular,4866,2,0.011474609375,0.0,0.5577657955303694,0.6882289732736049,0.5973777092168688,0.3137420667066069,0.6096152553634817,7.0,0.10795664082337875,0.882871090854674,0.5,0.4,1.0,0.15,0.9,0.2,0.9,0.15,0.75,0.85,0.0,0.55,0.95,0.882871090854674,0.6616788021629607
synth/annular/amb0.90,983,1,0.1287553608417511,0.1287553608417511,annular,4866,3,0.00933837890625,0.05797101557254791,0.5577657955303694,0.6882289732736049,0.5973777092168688,0.3137420667066069,0.6096152553634817,7.0,0.10795664082337875,0.882871090854674,0.5,0.4,1.0,0.15,0.9,0.2,0.9,0.15,0.75,0.85,0.0,0.55,0.95,0.882871090854674,0.6616788021629607
synth/annular/amb0.86,984,1,0.0,0.0,annular,4868,0,0.00726318359375,0.0,0.5821607023554083,0.8491173332983961,0.8244772080756613,0.2429038228571362,0.9058624430569668,7.0,0.5524773259735691,0.8664825753043895,0.5,0.4,1.0,0.15,0.9,0.2,0.9,0.15,0.75,0.85,0.0,0.55,0.95,0.8664825753043895,0.7564556951506256
synth/annular/amb0.86,985,1,0.30985915660858154,0.30985915660858154,annular,4868,1,0.0091552734375,0.0031897925461332,0.5821607023554083,0.8491173332983961,0.8244772080756613,0.2429038228571362,0.9058624430569668,7.0,0.5524773259735691,0.8664825753043895,0.5,0.4,1.0,0.15,0.9,0.2,0.9,0.15,0.75,0.85,0.0,0.55,0.95,0.8664825753043895,0.7564556951506256
synth/annular/amb0.86,986,1,0.0,0.0,annular,4868,2,0.001708984375,0.0,0.5821607023554083,0.8491173332983961,0.8244772080756613,0.2429038228571362,0.9058624430569668,7.0,0.5524773259735691,0.8664825753043895,0.5,0.4,1.0,0.15,0.9,0.2,0.9,0.15,0.75,0.85,0.0,0.55,0.95,0.8664825753043895,0.7564556951506256
synth/annular/amb0.86,987,1,0.0,0.0,annular,4868,3,0.0068359375,0.0,0.5821607023554083,0.8491173332983961,0.8244772080756613,0.2429038228571362,0.9058624430569668,7.0,0.5524773259735691,0.8664825753043895,0.5,0.4,1.0,0.15,0.9,0.2,0.9,0.15,0.75,0.85,0.0,0.55,0.95,0.8664825753043895,0.7564556951506256
synth/annular/amb0.86,988,1,0.0,0.0,annular,4873,0,0.00604248046875,0.0,0.31585417174764957,0.5709578803588389,0.8759371043957351,0.38121593271962495,0.8423845401155847,18.0,0.9276268995798598,0.870697611596374,0.5,0.4,1.0,0.15,0.9,0.2,0.9,0.15,0.75,0.85,0.0,0.55,0.95,0.870697611596374,0.7237818022328915
synth/annular/amb0.86,989,1,0.0,0.0,annular,4873,1,0.0030517578125,0.0,0.31585417174764957,0.5709578803588389,0.8759371043957351,0.38121593271962495,0.8423845401155847,18.0,0.9276268995798598,0.870697611596374,0.5,0.4,1.0,0.15,0.9,0.2,0.9,0.15,0.75,0.85,0.0,0.55,0.95,0.870697611596374,0.7237818022328915
synth/annular/amb0.86,990,1,0.0,0.0,annular,4873,2,0.0010986328125,0.03784570594628652,0.31585417174764957,0.5709578803588389,0.8759371043957351,0.38121593271962495,0.8423845401155847,18.0,0.9276268995798598,0.870697611596374,0.5,0.4,1.0,0.15,0.9,0.2,0.9,0.15,0.75,0.85,0.0,0.55,0.95,0.870697611596374,0.7237818022328915
synth/annular/amb0.86,991,1,0.0,0.0,annular,4873,3,0.0262451171875,0.0,0.31585417174764957,0.5709578803588389,0.8759371043957351,0.38121593271962495,0.8423845401155847,18.0,0.9276268995798598,0.870697611596374,0.5,0.4,1.0,0.15,0.9,0.2,0.9,0.15,0.75,0.85,0.0,0.55,0.95,0.870697611596374,0.7237818022328915
synth/tubular/amb0.95,992,1,0.45324426889419556,0.45324426889419556,tubular,4955,0,0.10162353515625,0.07121624584154536,0.6008815579979963,0.7554052970039644,0.5376549278274046,0.26669375160413133,0.9874596199292696,8.0,0.15040250991502013,0.9473849058631871,0.5,0.4,1.0,0.15,0.9,0.2,0.9,0.15,0.75,0.85,0.0,0.55,0.95,0.9473849058631871,1.0
synth/tubular/amb0.95,993,1,0.20101284980773926,0.20101284980773926,tubular,4955,1,0.22662353515625,0.2747909314930439,0.6008815579979963,0.7554052970039644,0.5376549278274046,0.26669375160413133,0.9874596199292696,8.0,0.15040250991502013,0.9473849058631871,0.5,0.4,1.0,0.15,0.9,0.2,0.9,0.15,0.75,0.85,0.0,0.55,0.95,0.9473849058631871,1.0
synth/tubular/amb0.95,994,1,0.16370902955532074,0.16370902955532074,tubular,4955,2,0.32696533203125,0.13429162899653116,0.6008815579979963,0.7554052970039644,0.5376549278274046,0.26669375160413133,0.9874596199292696,8.0,0.15040250991502013,0.9473849058631871,0.5,0.4,1.0,0.15,0.9,0.2,0.9,0.15,0.75,0.85,0.0,0.55,0.95,0.9473849058631871,1.0
synth/tubular/amb0.95,995,1,0.20581795275211334,0.20581795275211334,tubular,4955,3,0.2718505859375,0.1891592045625051,0.6008815579979963,0.7554052970039644,0.5376549278274046,0.26669375160413133,0.9874596199292696,8.0,0.15040250991502013,0.9473849058631871,0.5,0.4,1.0,0.15,0.9,0.2,0.9,0.15,0.75,0.85,0.0,0.55,0.95,0.9473849058631871,1.0
synth/annular/amb0.95,996,1,0.0,0.0,annular,4967,0,0.04437255859375,0.0,0.5293899320391873,0.8770431897348678,0.6022122966204899,0.38272319765720886,0.9628477023538871,7.0,0.030678322360253474,0.9644488513426576,0.5,0.4,1.0,0.15,0.9,0.2,0.9,0.15,0.75,0.85,0.0,0.55,0.95,0.9644488513426576,0.7597192183138048
synth/annular/amb0.95,997,1,0.0,0.0,annular,4967,1,0.04150390625,0.0,0.5293899320391873,0.8770431897348678,0.6022122966204899,0.38272319765720886,0.9628477023538871,7.0,0.030678322360253474,0.9644488513426576,0.5,0.4,1.0,0.15,0.9,0.2,0.9,0.15,0.75,0.85,0.0,0.55,0.95,0.9644488513426576,0.7597192183138048
synth/annular/amb0.95,998,1,0.03658536449074745,0.03658536449074745,annular,4967,2,0.02911376953125,0.06270955006281535,0.5293899320391873,0.8770431897348678,0.6022122966204899,0.38272319765720886,0.9628477023538871,7.0,0.030678322360253474,0.9644488513426576,0.5,0.4,1.0,0.15,0.9,0.2,0.9,0.15,0.75,0.85,0.0,0.55,0.95,0.9644488513426576,0.7597192183138048
synth/annular/amb0.95,999,1,0.0676470622420311,0.0676470622420311,annular,4967,3,0.0640869140625,0.06991260747114818,0.5293899320391873,0.8770431897348678,0.6022122966204899,0.38272319765720886,0.9628477023538871,7.0,0.030678322360253474,0.9644488513426576,0.5,0.4,1.0,0.15,0.9,0.2,0.9,0.15,0.75,0.85,0.0,0.55,0.95,0.9644488513426576,0.7597192183138048
